fact_id,doc_id,regle,source_concept,normalized_concept,source_unit,period_start,period_end,raw_value,source_pointer,entry_sha256
0001326160-0001326160-19-000151-us-gaap:Assets-USD--2018-12-31,0001326160-0001326160-19-000151,R2,us-gaap:Assets,total_assets,USD,,2018-12-31,145392000000,facts/us-gaap/Assets/units/USD/89,9ea2d4116bc7b6351d69a7707ef6ab073fe2dc0c95eb32fd8b3edcd1cd08e270
0001326160-0001326160-19-000151-us-gaap:Assets-USD--2019-03-31,0001326160-0001326160-19-000151,R2,us-gaap:Assets,total_assets,USD,,2019-03-31,151136000000,facts/us-gaap/Assets/units/USD/94,080e00d4ab0e7c7eab35b70f286f225d2593f55cb81ce5be5dc6a7a215cb0e5d
0001326160-0001326160-19-000151-us-gaap:RegulatedAndUnregulatedOperatingRevenue-USD-2018-01-01-2018-03-31,0001326160-0001326160-19-000151,R0b,us-gaap:RegulatedAndUnregulatedOperatingRevenue,total_revenue,USD,2018-01-01,2018-03-31,6135000000,facts/us-gaap/RegulatedAndUnregulatedOperatingRevenue/units/USD/46,ad865c46368e9f2b03d77459bdea2ac15d0020a716b83f22e1eb8cc8811919a0
0001326160-0001326160-19-000151-us-gaap:RegulatedAndUnregulatedOperatingRevenue-USD-2019-01-01-2019-03-31,0001326160-0001326160-19-000151,R0b,us-gaap:RegulatedAndUnregulatedOperatingRevenue,total_revenue,USD,2019-01-01,2019-03-31,6163000000,facts/us-gaap/RegulatedAndUnregulatedOperatingRevenue/units/USD/65,e25882fd95ae0d4b28018e5f8a3e28dcb6b0d8311cc371caecaf56d5729a9463
0001326160-0001326160-19-000151-us-gaap:RevenueFromContractWithCustomerIncludingAssessedTax-USD-2018-01-01-2018-03-31,0001326160-0001326160-19-000151,R1b,us-gaap:RevenueFromContractWithCustomerIncludingAssessedTax,revenue_from_contracts_with_customers_including_assessed_tax,USD,2018-01-01,2018-03-31,5928000000,facts/us-gaap/RevenueFromContractWithCustomerIncludingAssessedTax/units/USD/0,2ab3979f5b591e064153bc87595130f1825f0a2ad0a689fc12f0f8faf0810035
0001326160-0001326160-19-000151-us-gaap:RevenueFromContractWithCustomerIncludingAssessedTax-USD-2019-01-01-2019-03-31,0001326160-0001326160-19-000151,R1b,us-gaap:RevenueFromContractWithCustomerIncludingAssessedTax,revenue_from_contracts_with_customers_including_assessed_tax,USD,2019-01-01,2019-03-31,5998000000,facts/us-gaap/RevenueFromContractWithCustomerIncludingAssessedTax/units/USD/12,c70e27dba1207928b958260c42d28cc21a508974ec7a16be5565c3a219043421
0001326160-0001326160-19-000189-us-gaap:Assets-USD--2018-12-31,0001326160-0001326160-19-000189,R2,us-gaap:Assets,total_assets,USD,,2018-12-31,145392000000,facts/us-gaap/Assets/units/USD/90,0c576e74cfdd533318098e7869f1fbbf3658af7feaf5bac3e7553360d3ac41ac
0001326160-0001326160-19-000189-us-gaap:Assets-USD--2019-06-30,0001326160-0001326160-19-000189,R2,us-gaap:Assets,total_assets,USD,,2019-06-30,153449000000,facts/us-gaap/Assets/units/USD/95,5ba3fcdd99339ce7fbe6da30242207b781f415577379d15cdd5e68648aafac37
0001326160-0001326160-19-000189-us-gaap:RegulatedAndUnregulatedOperatingRevenue-USD-2018-01-01-2018-06-30,0001326160-0001326160-19-000189,R0b,us-gaap:RegulatedAndUnregulatedOperatingRevenue,total_revenue,USD,2018-01-01,2018-06-30,11778000000,facts/us-gaap/RegulatedAndUnregulatedOperatingRevenue/units/USD/49,426541682c13733dc78f27d04daa3873bef26ad5d0de89f7fdf752cb6d536f83
0001326160-0001326160-19-000189-us-gaap:RegulatedAndUnregulatedOperatingRevenue-USD-2018-04-01-2018-06-30,0001326160-0001326160-19-000189,R0b,us-gaap:RegulatedAndUnregulatedOperatingRevenue,total_revenue,USD,2018-04-01,2018-06-30,5643000000,facts/us-gaap/RegulatedAndUnregulatedOperatingRevenue/units/USD/52,2427f227ba0f715ead06b5f68c4a0f49492cbd17780def55fecee39c5ccc0203
0001326160-0001326160-19-000189-us-gaap:RegulatedAndUnregulatedOperatingRevenue-USD-2019-01-01-2019-06-30,0001326160-0001326160-19-000189,R0b,us-gaap:RegulatedAndUnregulatedOperatingRevenue,total_revenue,USD,2019-01-01,2019-06-30,12036000000,facts/us-gaap/RegulatedAndUnregulatedOperatingRevenue/units/USD/68,8692ae45a426371eac04ae16ffe8d0088df611b0b86ba17744fb23aaa3e9d374
0001326160-0001326160-19-000189-us-gaap:RegulatedAndUnregulatedOperatingRevenue-USD-2019-04-01-2019-06-30,0001326160-0001326160-19-000189,R0b,us-gaap:RegulatedAndUnregulatedOperatingRevenue,total_revenue,USD,2019-04-01,2019-06-30,5873000000,facts/us-gaap/RegulatedAndUnregulatedOperatingRevenue/units/USD/70,d803bbea6e9837b01d59a8f0d966d7f6a9978af95aad4d7e9cdf47df377a0788
0001326160-0001326160-19-000189-us-gaap:RevenueFromContractWithCustomerIncludingAssessedTax-USD-2018-01-01-2018-06-30,0001326160-0001326160-19-000189,R1b,us-gaap:RevenueFromContractWithCustomerIncludingAssessedTax,revenue_from_contracts_with_customers_including_assessed_tax,USD,2018-01-01,2018-06-30,11394000000,facts/us-gaap/RevenueFromContractWithCustomerIncludingAssessedTax/units/USD/2,bbb9ea265400ba5f17e80d0488bfec3c649164b1f6c5720c831efda98dad69eb
0001326160-0001326160-19-000189-us-gaap:RevenueFromContractWithCustomerIncludingAssessedTax-USD-2018-04-01-2018-06-30,0001326160-0001326160-19-000189,R1b,us-gaap:RevenueFromContractWithCustomerIncludingAssessedTax,revenue_from_contracts_with_customers_including_assessed_tax,USD,2018-04-01,2018-06-30,5467000000,facts/us-gaap/RevenueFromContractWithCustomerIncludingAssessedTax/units/USD/4,9b3ea9165058bf45bb4b5385df47b3f6fbe99ed806dae25961de49deb760ec9f
0001326160-0001326160-19-000189-us-gaap:RevenueFromContractWithCustomerIncludingAssessedTax-USD-2019-01-01-2019-06-30,0001326160-0001326160-19-000189,R1b,us-gaap:RevenueFromContractWithCustomerIncludingAssessedTax,revenue_from_contracts_with_customers_including_assessed_tax,USD,2019-01-01,2019-06-30,11693000000,facts/us-gaap/RevenueFromContractWithCustomerIncludingAssessedTax/units/USD/14,26a359752fdda9ed69f3ce710b979e81ea3f9d7519302ce69e48644040fa643e
0001326160-0001326160-19-000189-us-gaap:RevenueFromContractWithCustomerIncludingAssessedTax-USD-2019-04-01-2019-06-30,0001326160-0001326160-19-000189,R1b,us-gaap:RevenueFromContractWithCustomerIncludingAssessedTax,revenue_from_contracts_with_customers_including_assessed_tax,USD,2019-04-01,2019-06-30,5695000000,facts/us-gaap/RevenueFromContractWithCustomerIncludingAssessedTax/units/USD/16,a93fc6a4e02db12c4b9c1beda226199b27957a8107961d1418865ee5eafa6023
0001326160-0001326160-19-000229-us-gaap:Assets-USD--2018-12-31,0001326160-0001326160-19-000229,R2,us-gaap:Assets,total_assets,USD,,2018-12-31,145392000000,facts/us-gaap/Assets/units/USD/91,de5fd74666e1b59d1ef870018b49a1eafaec8af9d4d35ce7c1ad37c70df56c88
0001326160-0001326160-19-000229-us-gaap:Assets-USD--2019-09-30,0001326160-0001326160-19-000229,R2,us-gaap:Assets,total_assets,USD,,2019-09-30,155917000000,facts/us-gaap/Assets/units/USD/96,36d9826a5b59119b0752cf3b7ee04e7e5d72ee2462b23cf5069eb387ce0273b6
0001326160-0001326160-19-000229-us-gaap:RegulatedAndUnregulatedOperatingRevenue-USD-2018-01-01-2018-09-30,0001326160-0001326160-19-000229,R0b,us-gaap:RegulatedAndUnregulatedOperatingRevenue,total_revenue,USD,2018-01-01,2018-09-30,18406000000,facts/us-gaap/RegulatedAndUnregulatedOperatingRevenue/units/USD/55,fb6bea2f9e62231dcb01ba82f66715e6f58ff787b4affa3f70a36d7b1e6118f2
0001326160-0001326160-19-000229-us-gaap:RegulatedAndUnregulatedOperatingRevenue-USD-2018-07-01-2018-09-30,0001326160-0001326160-19-000229,R0b,us-gaap:RegulatedAndUnregulatedOperatingRevenue,total_revenue,USD,2018-07-01,2018-09-30,6628000000,facts/us-gaap/RegulatedAndUnregulatedOperatingRevenue/units/USD/58,5fbeb75b0bcf77a7a28f2cd1fb4d6346e70148a7004f34785e230fbf45f33b37
0001326160-0001326160-19-000229-us-gaap:RegulatedAndUnregulatedOperatingRevenue-USD-2019-01-01-2019-09-30,0001326160-0001326160-19-000229,R0b,us-gaap:RegulatedAndUnregulatedOperatingRevenue,total_revenue,USD,2019-01-01,2019-09-30,18976000000,facts/us-gaap/RegulatedAndUnregulatedOperatingRevenue/units/USD/73,5c6e610d0cdf11f072040609e5df4ec1a0dcf4c240f31ae108dd4886a0246c19
0001326160-0001326160-19-000229-us-gaap:RegulatedAndUnregulatedOperatingRevenue-USD-2019-07-01-2019-09-30,0001326160-0001326160-19-000229,R0b,us-gaap:RegulatedAndUnregulatedOperatingRevenue,total_revenue,USD,2019-07-01,2019-09-30,6940000000,facts/us-gaap/RegulatedAndUnregulatedOperatingRevenue/units/USD/75,c27fbbc9b8701d9de9dec3d8c5903e166ba040fdc47f1b4e47f97b1a3c2ca3d7
0001326160-0001326160-19-000229-us-gaap:RevenueFromContractWithCustomerIncludingAssessedTax-USD-2018-01-01-2018-09-30,0001326160-0001326160-19-000229,R1b,us-gaap:RevenueFromContractWithCustomerIncludingAssessedTax,revenue_from_contracts_with_customers_including_assessed_tax,USD,2018-01-01,2018-09-30,17845000000,facts/us-gaap/RevenueFromContractWithCustomerIncludingAssessedTax/units/USD/6,bcae46ece532386444e62125e882dd9b4d50d3417e45cadecdf829280b267fd8
0001326160-0001326160-19-000229-us-gaap:RevenueFromContractWithCustomerIncludingAssessedTax-USD-2018-07-01-2018-09-30,0001326160-0001326160-19-000229,R1b,us-gaap:RevenueFromContractWithCustomerIncludingAssessedTax,revenue_from_contracts_with_customers_including_assessed_tax,USD,2018-07-01,2018-09-30,6451000000,facts/us-gaap/RevenueFromContractWithCustomerIncludingAssessedTax/units/USD/8,b5781911edd269a0b81e155d4f404619f47f51e02fb94bd3c11e329b9375c4c7
0001326160-0001326160-19-000229-us-gaap:RevenueFromContractWithCustomerIncludingAssessedTax-USD-2019-01-01-2019-09-30,0001326160-0001326160-19-000229,R1b,us-gaap:RevenueFromContractWithCustomerIncludingAssessedTax,revenue_from_contracts_with_customers_including_assessed_tax,USD,2019-01-01,2019-09-30,18485000000,facts/us-gaap/RevenueFromContractWithCustomerIncludingAssessedTax/units/USD/18,8082d43a71c173245d36e5d9a95d4c8c55a6b5087105e00981a444e113e6a072
0001326160-0001326160-19-000229-us-gaap:RevenueFromContractWithCustomerIncludingAssessedTax-USD-2019-07-01-2019-09-30,0001326160-0001326160-19-000229,R1b,us-gaap:RevenueFromContractWithCustomerIncludingAssessedTax,revenue_from_contracts_with_customers_including_assessed_tax,USD,2019-07-01,2019-09-30,6792000000,facts/us-gaap/RevenueFromContractWithCustomerIncludingAssessedTax/units/USD/20,a3e6f2ffa3421defade8e99cec1d33fdd0e6c1a24f076a05dc91c1ae58113e3a
0001326160-0001326160-20-000034-us-gaap:Assets-USD--2017-12-31,0001326160-0001326160-20-000034,R2,us-gaap:Assets,total_assets,USD,,2017-12-31,137914000000,facts/us-gaap/Assets/units/USD/84,f9ebadd04e051aac9be16cbc62595f121286aeb6b722dc62a0a5bf3dab508ee7
0001326160-0001326160-20-000034-us-gaap:Assets-USD--2018-12-31,0001326160-0001326160-20-000034,R2,us-gaap:Assets,total_assets,USD,,2018-12-31,145392000000,facts/us-gaap/Assets/units/USD/92,3ad74c772e475787c6a3f8c785ee3b7a6abda5f46fa2713a82e5d0b3ea528e57
0001326160-0001326160-20-000034-us-gaap:Assets-USD--2019-12-31,0001326160-0001326160-20-000034,R2,us-gaap:Assets,total_assets,USD,,2019-12-31,158838000000,facts/us-gaap/Assets/units/USD/97,68979a524d41da9752ab69c90ea3b89ad8dbfc02ef66ec1b9aca2d6f0e915fcc
0001326160-0001326160-20-000034-us-gaap:RegulatedAndUnregulatedOperatingRevenue-USD-2017-01-01-2017-12-31,0001326160-0001326160-20-000034,R0b,us-gaap:RegulatedAndUnregulatedOperatingRevenue,total_revenue,USD,2017-01-01,2017-12-31,23565000000,facts/us-gaap/RegulatedAndUnregulatedOperatingRevenue/units/USD/40,9459042039b26a24833cb71fa26640340943fd4fb178fc45926cb43db5cfd3d1
0001326160-0001326160-20-000034-us-gaap:RegulatedAndUnregulatedOperatingRevenue-USD-2018-01-01-2018-03-31,0001326160-0001326160-20-000034,R0b,us-gaap:RegulatedAndUnregulatedOperatingRevenue,total_revenue,USD,2018-01-01,2018-03-31,6135000000,facts/us-gaap/RegulatedAndUnregulatedOperatingRevenue/units/USD/47,f4c96da159dcfe9579584d10bbeb4572d5175e57382cf44d9b50125def6f3a30
0001326160-0001326160-20-000034-us-gaap:RegulatedAndUnregulatedOperatingRevenue-USD-2018-01-01-2018-12-31,0001326160-0001326160-20-000034,R0b,us-gaap:RegulatedAndUnregulatedOperatingRevenue,total_revenue,USD,2018-01-01,2018-12-31,24521000000,facts/us-gaap/RegulatedAndUnregulatedOperatingRevenue/units/USD/61,61e8a3d317f5657bd296042c9ae52118af700f4cacb0d1cc0fbe3f6bbdc9e51f
0001326160-0001326160-20-000034-us-gaap:RegulatedAndUnregulatedOperatingRevenue-USD-2018-04-01-2018-06-30,0001326160-0001326160-20-000034,R0b,us-gaap:RegulatedAndUnregulatedOperatingRevenue,total_revenue,USD,2018-04-01,2018-06-30,5643000000,facts/us-gaap/RegulatedAndUnregulatedOperatingRevenue/units/USD/53,667de2ccdf869d44c37061d127679808c8e02e8d7411cf457c7aaaed0a3c7d84
0001326160-0001326160-20-000034-us-gaap:RegulatedAndUnregulatedOperatingRevenue-USD-2018-07-01-2018-09-30,0001326160-0001326160-20-000034,R0b,us-gaap:RegulatedAndUnregulatedOperatingRevenue,total_revenue,USD,2018-07-01,2018-09-30,6628000000,facts/us-gaap/RegulatedAndUnregulatedOperatingRevenue/units/USD/59,15b46ac61f520b466252e7ace30214185123452181dc5984d9c217e7425a2319
0001326160-0001326160-20-000034-us-gaap:RegulatedAndUnregulatedOperatingRevenue-USD-2018-10-01-2018-12-31,0001326160-0001326160-20-000034,R0b,us-gaap:RegulatedAndUnregulatedOperatingRevenue,total_revenue,USD,2018-10-01,2018-12-31,6115000000,facts/us-gaap/RegulatedAndUnregulatedOperatingRevenue/units/USD/64,6db6d6c2085ee36d4f0f6043dc583672c088bd04d3edd62b6b24a1dde531317d
0001326160-0001326160-20-000034-us-gaap:RegulatedAndUnregulatedOperatingRevenue-USD-2019-01-01-2019-03-31,0001326160-0001326160-20-000034,R0b,us-gaap:RegulatedAndUnregulatedOperatingRevenue,total_revenue,USD,2019-01-01,2019-03-31,6163000000,facts/us-gaap/RegulatedAndUnregulatedOperatingRevenue/units/USD/66,562ec4318ef7665de4155cb8f6d25fda40950041b270e5f87f6142aa14977482
0001326160-0001326160-20-000034-us-gaap:RegulatedAndUnregulatedOperatingRevenue-USD-2019-01-01-2019-12-31,0001326160-0001326160-20-000034,R0b,us-gaap:RegulatedAndUnregulatedOperatingRevenue,total_revenue,USD,2019-01-01,2019-12-31,25079000000,facts/us-gaap/RegulatedAndUnregulatedOperatingRevenue/units/USD/78,56f0e5810cf249927e00c94fc72add2cb2fd7bcf4b54115ede85723b46186448
0001326160-0001326160-20-000034-us-gaap:RegulatedAndUnregulatedOperatingRevenue-USD-2019-04-01-2019-06-30,0001326160-0001326160-20-000034,R0b,us-gaap:RegulatedAndUnregulatedOperatingRevenue,total_revenue,USD,2019-04-01,2019-06-30,5873000000,facts/us-gaap/RegulatedAndUnregulatedOperatingRevenue/units/USD/71,dd0349eee06052f7f50fb2e95d31a19368392e7cd85208391b7c0d2083409057
0001326160-0001326160-20-000034-us-gaap:RegulatedAndUnregulatedOperatingRevenue-USD-2019-07-01-2019-09-30,0001326160-0001326160-20-000034,R0b,us-gaap:RegulatedAndUnregulatedOperatingRevenue,total_revenue,USD,2019-07-01,2019-09-30,6940000000,facts/us-gaap/RegulatedAndUnregulatedOperatingRevenue/units/USD/76,edaf4f4c9fe87c00d47f4676dd60b62e6bfeac539508fcba9eb2d00fca74a012
0001326160-0001326160-20-000034-us-gaap:RegulatedAndUnregulatedOperatingRevenue-USD-2019-10-01-2019-12-31,0001326160-0001326160-20-000034,R0b,us-gaap:RegulatedAndUnregulatedOperatingRevenue,total_revenue,USD,2019-10-01,2019-12-31,6103000000,facts/us-gaap/RegulatedAndUnregulatedOperatingRevenue/units/USD/81,e05486a945b229b630ecb53bf52874ca677c385bf59b14114e4a02b8351b4767
0001326160-0001326160-20-000034-us-gaap:RevenueFromContractWithCustomerIncludingAssessedTax-USD-2018-01-01-2018-12-31,0001326160-0001326160-20-000034,R1b,us-gaap:RevenueFromContractWithCustomerIncludingAssessedTax,revenue_from_contracts_with_customers_including_assessed_tax,USD,2018-01-01,2018-12-31,23757000000,facts/us-gaap/RevenueFromContractWithCustomerIncludingAssessedTax/units/USD/10,714e83d99386c423fd1eca96715fb83bc4ddb0e9c5bf2ab75151ffae6f87d2e3
0001326160-0001326160-20-000034-us-gaap:RevenueFromContractWithCustomerIncludingAssessedTax-USD-2019-01-01-2019-12-31,0001326160-0001326160-20-000034,R1b,us-gaap:RevenueFromContractWithCustomerIncludingAssessedTax,revenue_from_contracts_with_customers_including_assessed_tax,USD,2019-01-01,2019-12-31,24348000000,facts/us-gaap/RevenueFromContractWithCustomerIncludingAssessedTax/units/USD/22,6e7581b0768d5eac8e3f1cb30cf21f23decd734538d5b1b213f13e7431dddf0e
0001326160-0001326160-20-000152-us-gaap:Assets-USD--2019-12-31,0001326160-0001326160-20-000152,R2,us-gaap:Assets,total_assets,USD,,2019-12-31,158838000000,facts/us-gaap/Assets/units/USD/98,ba7ac983939502492602abd0e743992ccd9c1e69ebe17f0e7f8e62c0513f71df
0001326160-0001326160-20-000152-us-gaap:Assets-USD--2020-03-31,0001326160-0001326160-20-000152,R2,us-gaap:Assets,total_assets,USD,,2020-03-31,160072000000,facts/us-gaap/Assets/units/USD/103,b122704101e34cfe04ac99730f4a838f413505458d306ffc398d7323fe5eccc1
0001326160-0001326160-20-000152-us-gaap:RegulatedAndUnregulatedOperatingRevenue-USD-2019-01-01-2019-03-31,0001326160-0001326160-20-000152,R0b,us-gaap:RegulatedAndUnregulatedOperatingRevenue,total_revenue,USD,2019-01-01,2019-03-31,6163000000,facts/us-gaap/RegulatedAndUnregulatedOperatingRevenue/units/USD/67,6693a7b3de1260454244d5a52bab9655bdbaa05029f39fb1f3dea525416bec9c
0001326160-0001326160-20-000152-us-gaap:RegulatedAndUnregulatedOperatingRevenue-USD-2020-01-01-2020-03-31,0001326160-0001326160-20-000152,R0b,us-gaap:RegulatedAndUnregulatedOperatingRevenue,total_revenue,USD,2020-01-01,2020-03-31,5949000000,facts/us-gaap/RegulatedAndUnregulatedOperatingRevenue/units/USD/82,88cc128bba1818c3afac8500ba6b8639b83d701c4b53e0945493883b4c356f78
0001326160-0001326160-20-000152-us-gaap:RevenueFromContractWithCustomerIncludingAssessedTax-USD-2019-01-01-2019-03-31,0001326160-0001326160-20-000152,R1b,us-gaap:RevenueFromContractWithCustomerIncludingAssessedTax,revenue_from_contracts_with_customers_including_assessed_tax,USD,2019-01-01,2019-03-31,5998000000,facts/us-gaap/RevenueFromContractWithCustomerIncludingAssessedTax/units/USD/13,497f4781029ee19c420bc8725583abfddb873ba4a989b681acd44bb3ad4c29ff
0001326160-0001326160-20-000152-us-gaap:RevenueFromContractWithCustomerIncludingAssessedTax-USD-2020-01-01-2020-03-31,0001326160-0001326160-20-000152,R1b,us-gaap:RevenueFromContractWithCustomerIncludingAssessedTax,revenue_from_contracts_with_customers_including_assessed_tax,USD,2020-01-01,2020-03-31,5800000000,facts/us-gaap/RevenueFromContractWithCustomerIncludingAssessedTax/units/USD/25,d261c4c1cbfae58a417b7232451970590c6261291e5ddf6de45f598e5bc5ed4b
0001326160-0001326160-20-000201-us-gaap:Assets-USD--2019-12-31,0001326160-0001326160-20-000201,R2,us-gaap:Assets,total_assets,USD,,2019-12-31,158838000000,facts/us-gaap/Assets/units/USD/99,68c6c555828be587d8dab7f0b09fc0ec3249eaa73b7fdb311f44b1f3f86e43d0
0001326160-0001326160-20-000201-us-gaap:Assets-USD--2020-06-30,0001326160-0001326160-20-000201,R2,us-gaap:Assets,total_assets,USD,,2020-06-30,160049000000,facts/us-gaap/Assets/units/USD/104,e7a3daa7c5156751a7b633c4d4f6a07d225dcf9734b21acfff95819ce83ce633
0001326160-0001326160-20-000201-us-gaap:RegulatedAndUnregulatedOperatingRevenue-USD-2019-01-01-2019-06-30,0001326160-0001326160-20-000201,R0b,us-gaap:RegulatedAndUnregulatedOperatingRevenue,total_revenue,USD,2019-01-01,2019-06-30,12036000000,facts/us-gaap/RegulatedAndUnregulatedOperatingRevenue/units/USD/69,c7d0f95e49bad408027ba123691a9657efe9d1a15efe65164efe6a257eeab0f4
0001326160-0001326160-20-000201-us-gaap:RegulatedAndUnregulatedOperatingRevenue-USD-2019-04-01-2019-06-30,0001326160-0001326160-20-000201,R0b,us-gaap:RegulatedAndUnregulatedOperatingRevenue,total_revenue,USD,2019-04-01,2019-06-30,5873000000,facts/us-gaap/RegulatedAndUnregulatedOperatingRevenue/units/USD/72,a243c9ff89bd278e40938d52f2acdd9cccd3f5d810021cb5b67874e8d30ae03e
0001326160-0001326160-20-000201-us-gaap:RegulatedAndUnregulatedOperatingRevenue-USD-2020-01-01-2020-06-30,0001326160-0001326160-20-000201,R0b,us-gaap:RegulatedAndUnregulatedOperatingRevenue,total_revenue,USD,2020-01-01,2020-06-30,11370000000,facts/us-gaap/RegulatedAndUnregulatedOperatingRevenue/units/USD/84,85f01d2f4a5de38ce8597a8ad542809e02d23ff65aeb2d2be0933e22118d8fd7
0001326160-0001326160-20-000201-us-gaap:RegulatedAndUnregulatedOperatingRevenue-USD-2020-04-01-2020-06-30,0001326160-0001326160-20-000201,R0b,us-gaap:RegulatedAndUnregulatedOperatingRevenue,total_revenue,USD,2020-04-01,2020-06-30,5421000000,facts/us-gaap/RegulatedAndUnregulatedOperatingRevenue/units/USD/86,2c49f3f28d0ba4059592c9474fb4cf4184fb50fa8984c2a7436cd1d1b9be908b
0001326160-0001326160-20-000201-us-gaap:RevenueFromContractWithCustomerIncludingAssessedTax-USD-2019-01-01-2019-06-30,0001326160-0001326160-20-000201,R1b,us-gaap:RevenueFromContractWithCustomerIncludingAssessedTax,revenue_from_contracts_with_customers_including_assessed_tax,USD,2019-01-01,2019-06-30,11693000000,facts/us-gaap/RevenueFromContractWithCustomerIncludingAssessedTax/units/USD/15,7c4d2b63dec33d12fa75872c80bd570bfcbf1ec60e6a810e83f6c63c550e6acc
0001326160-0001326160-20-000201-us-gaap:RevenueFromContractWithCustomerIncludingAssessedTax-USD-2019-04-01-2019-06-30,0001326160-0001326160-20-000201,R1b,us-gaap:RevenueFromContractWithCustomerIncludingAssessedTax,revenue_from_contracts_with_customers_including_assessed_tax,USD,2019-04-01,2019-06-30,5695000000,facts/us-gaap/RevenueFromContractWithCustomerIncludingAssessedTax/units/USD/17,d65989ed55b528eef63c31c3ba545773426004ecf3dbc49a16028126f19f51b1
0001326160-0001326160-20-000201-us-gaap:RevenueFromContractWithCustomerIncludingAssessedTax-USD-2020-01-01-2020-06-30,0001326160-0001326160-20-000201,R1b,us-gaap:RevenueFromContractWithCustomerIncludingAssessedTax,revenue_from_contracts_with_customers_including_assessed_tax,USD,2020-01-01,2020-06-30,11159000000,facts/us-gaap/RevenueFromContractWithCustomerIncludingAssessedTax/units/USD/27,3665c0a7fd77e789e524c68f2eceb9a7caf9252e9a257ce0d1d103a0f8c75340
0001326160-0001326160-20-000201-us-gaap:RevenueFromContractWithCustomerIncludingAssessedTax-USD-2020-04-01-2020-06-30,0001326160-0001326160-20-000201,R1b,us-gaap:RevenueFromContractWithCustomerIncludingAssessedTax,revenue_from_contracts_with_customers_including_assessed_tax,USD,2020-04-01,2020-06-30,5338000000,facts/us-gaap/RevenueFromContractWithCustomerIncludingAssessedTax/units/USD/29,6a5295fa1e6cdc5eb0ea6f00fd587368247f9cc0382dbeedad31e8236a6781a9
0001326160-0001326160-20-000224-us-gaap:Assets-USD--2019-12-31,0001326160-0001326160-20-000224,R2,us-gaap:Assets,total_assets,USD,,2019-12-31,158838000000,facts/us-gaap/Assets/units/USD/100,02ad4ed7213a65ea554cdb4f2eb9eae0cf6f265c2e50104988f0e61acd069d57
0001326160-0001326160-20-000224-us-gaap:Assets-USD--2020-09-30,0001326160-0001326160-20-000224,R2,us-gaap:Assets,total_assets,USD,,2020-09-30,161409000000,facts/us-gaap/Assets/units/USD/105,e32cfe0955811de46f5985ee9d90cbcd2cba6b50ec34bf51f097538ed8d6112b
0001326160-0001326160-20-000224-us-gaap:RegulatedAndUnregulatedOperatingRevenue-USD-2019-01-01-2019-09-30,0001326160-0001326160-20-000224,R0b,us-gaap:RegulatedAndUnregulatedOperatingRevenue,total_revenue,USD,2019-01-01,2019-09-30,18976000000,facts/us-gaap/RegulatedAndUnregulatedOperatingRevenue/units/USD/74,911ceed32d0ecaaffbbf13422f6e3532796af5c1c51ec9b9d95b650f729b754d
0001326160-0001326160-20-000224-us-gaap:RegulatedAndUnregulatedOperatingRevenue-USD-2019-07-01-2019-09-30,0001326160-0001326160-20-000224,R0b,us-gaap:RegulatedAndUnregulatedOperatingRevenue,total_revenue,USD,2019-07-01,2019-09-30,6940000000,facts/us-gaap/RegulatedAndUnregulatedOperatingRevenue/units/USD/77,1da23a01c3fbd357b857666060758f8bb6bf42a0983ccad1a4c56675bd573cee
0001326160-0001326160-20-000224-us-gaap:RegulatedAndUnregulatedOperatingRevenue-USD-2020-01-01-2020-09-30,0001326160-0001326160-20-000224,R0b,us-gaap:RegulatedAndUnregulatedOperatingRevenue,total_revenue,USD,2020-01-01,2020-09-30,18091000000,facts/us-gaap/RegulatedAndUnregulatedOperatingRevenue/units/USD/88,9b1eee5526b649d8809d7add0e11afaafcb014d92fbc64c105476054bf87dfc8
0001326160-0001326160-20-000224-us-gaap:RegulatedAndUnregulatedOperatingRevenue-USD-2020-07-01-2020-09-30,0001326160-0001326160-20-000224,R0b,us-gaap:RegulatedAndUnregulatedOperatingRevenue,total_revenue,USD,2020-07-01,2020-09-30,6721000000,facts/us-gaap/RegulatedAndUnregulatedOperatingRevenue/units/USD/90,5b0d3a4a1e4a0dde4ca165990c51869084dd9b27f4da74c90c4ec9721b8143d7
0001326160-0001326160-20-000224-us-gaap:RevenueFromContractWithCustomerIncludingAssessedTax-USD-2019-01-01-2019-09-30,0001326160-0001326160-20-000224,R1b,us-gaap:RevenueFromContractWithCustomerIncludingAssessedTax,revenue_from_contracts_with_customers_including_assessed_tax,USD,2019-01-01,2019-09-30,18485000000,facts/us-gaap/RevenueFromContractWithCustomerIncludingAssessedTax/units/USD/19,0ab2d25e268d0083503aa0f2f942fe0d13fa6d765c38e40db30345631a0c584b
0001326160-0001326160-20-000224-us-gaap:RevenueFromContractWithCustomerIncludingAssessedTax-USD-2019-07-01-2019-09-30,0001326160-0001326160-20-000224,R1b,us-gaap:RevenueFromContractWithCustomerIncludingAssessedTax,revenue_from_contracts_with_customers_including_assessed_tax,USD,2019-07-01,2019-09-30,6792000000,facts/us-gaap/RevenueFromContractWithCustomerIncludingAssessedTax/units/USD/21,de6810e55d2a0a775fc8fec245b6ec2527faff09197b3fbe8fdb1cfc8e18f7e4
0001326160-0001326160-20-000224-us-gaap:RevenueFromContractWithCustomerIncludingAssessedTax-USD-2020-01-01-2020-09-30,0001326160-0001326160-20-000224,R1b,us-gaap:RevenueFromContractWithCustomerIncludingAssessedTax,revenue_from_contracts_with_customers_including_assessed_tax,USD,2020-01-01,2020-09-30,17817000000,facts/us-gaap/RevenueFromContractWithCustomerIncludingAssessedTax/units/USD/31,6e04b6d598b897678a278e3770cf75e1ef8f4c07cc5f261c7cfe371489e3ffd6
0001326160-0001326160-20-000224-us-gaap:RevenueFromContractWithCustomerIncludingAssessedTax-USD-2020-07-01-2020-09-30,0001326160-0001326160-20-000224,R1b,us-gaap:RevenueFromContractWithCustomerIncludingAssessedTax,revenue_from_contracts_with_customers_including_assessed_tax,USD,2020-07-01,2020-09-30,6658000000,facts/us-gaap/RevenueFromContractWithCustomerIncludingAssessedTax/units/USD/33,c22649bbd5165c394f0e4e6750b7ba5392b66dfdcaa4eaa5a4660d35c3cc1b4e
0001326160-0001326160-21-000063-us-gaap:Assets-USD--2018-12-31,0001326160-0001326160-21-000063,R2,us-gaap:Assets,total_assets,USD,,2018-12-31,145392000000,facts/us-gaap/Assets/units/USD/93,b71c70cb41c4f3827390546ce52cdf4ea62ddd5d141f5966ffbbb8ced3bc866f
0001326160-0001326160-21-000063-us-gaap:Assets-USD--2019-12-31,0001326160-0001326160-21-000063,R2,us-gaap:Assets,total_assets,USD,,2019-12-31,158838000000,facts/us-gaap/Assets/units/USD/101,b13313dd61cefdeee9bd671b7ab2b0ae81ed4a4487c02df5bf23b6d2d976b881
0001326160-0001326160-21-000063-us-gaap:Assets-USD--2020-12-31,0001326160-0001326160-21-000063,R2,us-gaap:Assets,total_assets,USD,,2020-12-31,162388000000,facts/us-gaap/Assets/units/USD/106,03de09cbd84625905567dfdb49acc55d4560a4f2968cc8f42c240a829392c59a
0001326160-0001326160-21-000063-us-gaap:RegulatedAndUnregulatedOperatingRevenue-USD-2018-01-01-2018-12-31,0001326160-0001326160-21-000063,R0b,us-gaap:RegulatedAndUnregulatedOperatingRevenue,total_revenue,USD,2018-01-01,2018-12-31,24521000000,facts/us-gaap/RegulatedAndUnregulatedOperatingRevenue/units/USD/62,ee59f8006607828fd419c317e14e827563f19cb566bfe7ebf21b9fae1dee77b1
0001326160-0001326160-21-000063-us-gaap:RegulatedAndUnregulatedOperatingRevenue-USD-2019-01-01-2019-12-31,0001326160-0001326160-21-000063,R0b,us-gaap:RegulatedAndUnregulatedOperatingRevenue,total_revenue,USD,2019-01-01,2019-12-31,25079000000,facts/us-gaap/RegulatedAndUnregulatedOperatingRevenue/units/USD/79,f8a7f30af7eeaabda4eb45915b833fe4fc8b5e2bb060f687b08b2d093a694ed1
0001326160-0001326160-21-000063-us-gaap:RegulatedAndUnregulatedOperatingRevenue-USD-2020-01-01-2020-12-31,0001326160-0001326160-21-000063,R0b,us-gaap:RegulatedAndUnregulatedOperatingRevenue,total_revenue,USD,2020-01-01,2020-12-31,23868000000,facts/us-gaap/RegulatedAndUnregulatedOperatingRevenue/units/USD/92,4fb39072d87989307456928f51d2795e73f08c6e15b2c261f108805dfbc3398d
0001326160-0001326160-21-000063-us-gaap:RevenueFromContractWithCustomerIncludingAssessedTax-USD-2018-01-01-2018-12-31,0001326160-0001326160-21-000063,R1b,us-gaap:RevenueFromContractWithCustomerIncludingAssessedTax,revenue_from_contracts_with_customers_including_assessed_tax,USD,2018-01-01,2018-12-31,23757000000,facts/us-gaap/RevenueFromContractWithCustomerIncludingAssessedTax/units/USD/11,98fdbba6ea75c448df5087c8e1f4655a3912bd10e1c49768db5f2a6946dd270d
0001326160-0001326160-21-000063-us-gaap:RevenueFromContractWithCustomerIncludingAssessedTax-USD-2019-01-01-2019-12-31,0001326160-0001326160-21-000063,R1b,us-gaap:RevenueFromContractWithCustomerIncludingAssessedTax,revenue_from_contracts_with_customers_including_assessed_tax,USD,2019-01-01,2019-12-31,24348000000,facts/us-gaap/RevenueFromContractWithCustomerIncludingAssessedTax/units/USD/23,54668e4dd294cb97e96a5526e919dc4beb44a33e2a2514b531700faa79016f71
0001326160-0001326160-21-000063-us-gaap:RevenueFromContractWithCustomerIncludingAssessedTax-USD-2020-01-01-2020-12-31,0001326160-0001326160-21-000063,R1b,us-gaap:RevenueFromContractWithCustomerIncludingAssessedTax,revenue_from_contracts_with_customers_including_assessed_tax,USD,2020-01-01,2020-12-31,23480000000,facts/us-gaap/RevenueFromContractWithCustomerIncludingAssessedTax/units/USD/35,3ef75ecf305beb712041e56333af2bef2934233bbab3327d5da5caf2103c97cd
0001326160-0001326160-21-000136-us-gaap:Assets-USD--2020-12-31,0001326160-0001326160-21-000136,R2,us-gaap:Assets,total_assets,USD,,2020-12-31,162388000000,facts/us-gaap/Assets/units/USD/107,22df119c3416a6b4da8baa33efd35e5404fff51a3526aff3b1f87a8f194cfbe1
0001326160-0001326160-21-000136-us-gaap:Assets-USD--2021-03-31,0001326160-0001326160-21-000136,R2,us-gaap:Assets,total_assets,USD,,2021-03-31,163465000000,facts/us-gaap/Assets/units/USD/112,add080db645676bc2698b0679e13fa715d96cd878e37022af15cb83ead01b5a7
0001326160-0001326160-21-000136-us-gaap:RegulatedAndUnregulatedOperatingRevenue-USD-2020-01-01-2020-03-31,0001326160-0001326160-21-000136,R0b,us-gaap:RegulatedAndUnregulatedOperatingRevenue,total_revenue,USD,2020-01-01,2020-03-31,5949000000,facts/us-gaap/RegulatedAndUnregulatedOperatingRevenue/units/USD/83,bc7464863a7bacbdc1c00859346415f770155abaf46f59cb98b544c8154513ee
0001326160-0001326160-21-000136-us-gaap:RegulatedAndUnregulatedOperatingRevenue-USD-2021-01-01-2021-03-31,0001326160-0001326160-21-000136,R0b,us-gaap:RegulatedAndUnregulatedOperatingRevenue,total_revenue,USD,2021-01-01,2021-03-31,6150000000,facts/us-gaap/RegulatedAndUnregulatedOperatingRevenue/units/USD/95,ca4320769a6dc4852486ee6b81a126285b27c0c33a45c05e55dddcc94234b7ed
0001326160-0001326160-21-000136-us-gaap:RevenueFromContractWithCustomerIncludingAssessedTax-USD-2020-01-01-2020-03-31,0001326160-0001326160-21-000136,R1b,us-gaap:RevenueFromContractWithCustomerIncludingAssessedTax,revenue_from_contracts_with_customers_including_assessed_tax,USD,2020-01-01,2020-03-31,5800000000,facts/us-gaap/RevenueFromContractWithCustomerIncludingAssessedTax/units/USD/26,d23f502a430cb40d62f46ec18ff00ef49fe0468da3d5fb0496e99c69fb80af8f
0001326160-0001326160-21-000136-us-gaap:RevenueFromContractWithCustomerIncludingAssessedTax-USD-2021-01-01-2021-03-31,0001326160-0001326160-21-000136,R1b,us-gaap:RevenueFromContractWithCustomerIncludingAssessedTax,revenue_from_contracts_with_customers_including_assessed_tax,USD,2021-01-01,2021-03-31,6094000000,facts/us-gaap/RevenueFromContractWithCustomerIncludingAssessedTax/units/USD/38,d206fc52bfdfab823c7835099b0094c9c5186b149af5676f10781d1f8b147a41
0001326160-0001326160-21-000216-us-gaap:Assets-USD--2020-12-31,0001326160-0001326160-21-000216,R2,us-gaap:Assets,total_assets,USD,,2020-12-31,162388000000,facts/us-gaap/Assets/units/USD/108,81ece11060d8e632d8a82a25f0209d0cc21ee52472726df2fe1af5722f1f573e
0001326160-0001326160-21-000216-us-gaap:Assets-USD--2021-06-30,0001326160-0001326160-21-000216,R2,us-gaap:Assets,total_assets,USD,,2021-06-30,165385000000,facts/us-gaap/Assets/units/USD/113,444db86fe79e2098af9aecde164776eb89486af12827d966d4686012bfa4067b
0001326160-0001326160-21-000216-us-gaap:RegulatedAndUnregulatedOperatingRevenue-USD-2020-01-01-2020-06-30,0001326160-0001326160-21-000216,R0b,us-gaap:RegulatedAndUnregulatedOperatingRevenue,total_revenue,USD,2020-01-01,2020-06-30,11370000000,facts/us-gaap/RegulatedAndUnregulatedOperatingRevenue/units/USD/85,54a0ebb6bf58a852c3d37d26994f58c200f55122d67a0262a72927565ef89f76
0001326160-0001326160-21-000216-us-gaap:RegulatedAndUnregulatedOperatingRevenue-USD-2020-04-01-2020-06-30,0001326160-0001326160-21-000216,R0b,us-gaap:RegulatedAndUnregulatedOperatingRevenue,total_revenue,USD,2020-04-01,2020-06-30,5421000000,facts/us-gaap/RegulatedAndUnregulatedOperatingRevenue/units/USD/87,387cdd90166783547dc9467441d681e6f076ef1c06eed36588d436a84c988a96
0001326160-0001326160-21-000216-us-gaap:RegulatedAndUnregulatedOperatingRevenue-USD-2021-01-01-2021-06-30,0001326160-0001326160-21-000216,R0b,us-gaap:RegulatedAndUnregulatedOperatingRevenue,total_revenue,USD,2021-01-01,2021-06-30,11908000000,facts/us-gaap/RegulatedAndUnregulatedOperatingRevenue/units/USD/98,e5f31e6751db3d9d2bd63e1a014555132359fbce98864f643cf8ae0e5a49e74f
0001326160-0001326160-21-000216-us-gaap:RegulatedAndUnregulatedOperatingRevenue-USD-2021-04-01-2021-06-30,0001326160-0001326160-21-000216,R0b,us-gaap:RegulatedAndUnregulatedOperatingRevenue,total_revenue,USD,2021-04-01,2021-06-30,5758000000,facts/us-gaap/RegulatedAndUnregulatedOperatingRevenue/units/USD/100,5762da669c3956e3aa1730f05c6efe0554ce3fad3f56d842f49f6d55de73ce0a
0001326160-0001326160-21-000216-us-gaap:RevenueFromContractWithCustomerIncludingAssessedTax-USD-2020-01-01-2020-06-30,0001326160-0001326160-21-000216,R1b,us-gaap:RevenueFromContractWithCustomerIncludingAssessedTax,revenue_from_contracts_with_customers_including_assessed_tax,USD,2020-01-01,2020-06-30,11159000000,facts/us-gaap/RevenueFromContractWithCustomerIncludingAssessedTax/units/USD/28,76cf378f2b18fe93f230c704c14aa381ab16a260b262b017a30a84fdd1be35bf
0001326160-0001326160-21-000216-us-gaap:RevenueFromContractWithCustomerIncludingAssessedTax-USD-2020-04-01-2020-06-30,0001326160-0001326160-21-000216,R1b,us-gaap:RevenueFromContractWithCustomerIncludingAssessedTax,revenue_from_contracts_with_customers_including_assessed_tax,USD,2020-04-01,2020-06-30,5338000000,facts/us-gaap/RevenueFromContractWithCustomerIncludingAssessedTax/units/USD/30,3132e3320b674149ff353d284c6d10f309862f0cf0105f44b7c67223fe7d51e7
0001326160-0001326160-21-000216-us-gaap:RevenueFromContractWithCustomerIncludingAssessedTax-USD-2021-01-01-2021-06-30,0001326160-0001326160-21-000216,R1b,us-gaap:RevenueFromContractWithCustomerIncludingAssessedTax,revenue_from_contracts_with_customers_including_assessed_tax,USD,2021-01-01,2021-06-30,11761000000,facts/us-gaap/RevenueFromContractWithCustomerIncludingAssessedTax/units/USD/40,efdca722a20a81bb235f8403c3a1ffd7e541035f58ae2087d3f9407059a1987f
0001326160-0001326160-21-000216-us-gaap:RevenueFromContractWithCustomerIncludingAssessedTax-USD-2021-04-01-2021-06-30,0001326160-0001326160-21-000216,R1b,us-gaap:RevenueFromContractWithCustomerIncludingAssessedTax,revenue_from_contracts_with_customers_including_assessed_tax,USD,2021-04-01,2021-06-30,5667000000,facts/us-gaap/RevenueFromContractWithCustomerIncludingAssessedTax/units/USD/42,7f2c5624614eb24cf007044b43c969f4d58ce5d6162f466cd92f3ae969a3a245
0001326160-0001326160-21-000231-us-gaap:Assets-USD--2020-12-31,0001326160-0001326160-21-000231,R2,us-gaap:Assets,total_assets,USD,,2020-12-31,162388000000,facts/us-gaap/Assets/units/USD/109,b24695601604e7f73ca99adfc45f810bb53e681df50bcba51fe3a26e07740b10
0001326160-0001326160-21-000231-us-gaap:Assets-USD--2021-09-30,0001326160-0001326160-21-000231,R2,us-gaap:Assets,total_assets,USD,,2021-09-30,167007000000,facts/us-gaap/Assets/units/USD/114,4ac5ab8e606eb46f90910b07ed82501660f5ec069161a8c8c215bb367f90d061
0001326160-0001326160-21-000231-us-gaap:RegulatedAndUnregulatedOperatingRevenue-USD-2020-01-01-2020-09-30,0001326160-0001326160-21-000231,R0b,us-gaap:RegulatedAndUnregulatedOperatingRevenue,total_revenue,USD,2020-01-01,2020-09-30,18091000000,facts/us-gaap/RegulatedAndUnregulatedOperatingRevenue/units/USD/89,538953f7745979100133a2c81625cf86798ac34a7f895f602bab635fc1c8e927
0001326160-0001326160-21-000231-us-gaap:RegulatedAndUnregulatedOperatingRevenue-USD-2020-07-01-2020-09-30,0001326160-0001326160-21-000231,R0b,us-gaap:RegulatedAndUnregulatedOperatingRevenue,total_revenue,USD,2020-07-01,2020-09-30,6721000000,facts/us-gaap/RegulatedAndUnregulatedOperatingRevenue/units/USD/91,0ec870fe4d2ce826dd155e7b4a7a2327b081fef1522324e6d74ebdc31cc7d8f6
0001326160-0001326160-21-000231-us-gaap:RegulatedAndUnregulatedOperatingRevenue-USD-2021-01-01-2021-09-30,0001326160-0001326160-21-000231,R0b,us-gaap:RegulatedAndUnregulatedOperatingRevenue,total_revenue,USD,2021-01-01,2021-09-30,18859000000,facts/us-gaap/RegulatedAndUnregulatedOperatingRevenue/units/USD/103,110058c197177c664db879c5f3c26894621aa85e1adeb34b6776ba998a9c5c9f
0001326160-0001326160-21-000231-us-gaap:RegulatedAndUnregulatedOperatingRevenue-USD-2021-07-01-2021-09-30,0001326160-0001326160-21-000231,R0b,us-gaap:RegulatedAndUnregulatedOperatingRevenue,total_revenue,USD,2021-07-01,2021-09-30,6951000000,facts/us-gaap/RegulatedAndUnregulatedOperatingRevenue/units/USD/105,13b5743c5abd1a18161ff63ea71102ca5b35f6ba5f249a3e9fff667e842ae616
0001326160-0001326160-21-000231-us-gaap:RevenueFromContractWithCustomerIncludingAssessedTax-USD-2020-01-01-2020-09-30,0001326160-0001326160-21-000231,R1b,us-gaap:RevenueFromContractWithCustomerIncludingAssessedTax,revenue_from_contracts_with_customers_including_assessed_tax,USD,2020-01-01,2020-09-30,17817000000,facts/us-gaap/RevenueFromContractWithCustomerIncludingAssessedTax/units/USD/32,a4e32980c78206ffad1d7e091213167b037c033f64e5c423042260367b0b9d70
0001326160-0001326160-21-000231-us-gaap:RevenueFromContractWithCustomerIncludingAssessedTax-USD-2020-07-01-2020-09-30,0001326160-0001326160-21-000231,R1b,us-gaap:RevenueFromContractWithCustomerIncludingAssessedTax,revenue_from_contracts_with_customers_including_assessed_tax,USD,2020-07-01,2020-09-30,6658000000,facts/us-gaap/RevenueFromContractWithCustomerIncludingAssessedTax/units/USD/34,2fcfe9a8fa73d42aa96dfe7d1db5363a198ab470d9ac6e6bdf65a4f1776805f4
0001326160-0001326160-21-000231-us-gaap:RevenueFromContractWithCustomerIncludingAssessedTax-USD-2021-01-01-2021-09-30,0001326160-0001326160-21-000231,R1b,us-gaap:RevenueFromContractWithCustomerIncludingAssessedTax,revenue_from_contracts_with_customers_including_assessed_tax,USD,2021-01-01,2021-09-30,18655000000,facts/us-gaap/RevenueFromContractWithCustomerIncludingAssessedTax/units/USD/44,18a1da6615d30940cd5cac7bc34c50e29cbd40beb79085cde834514cb1152b8a
0001326160-0001326160-21-000231-us-gaap:RevenueFromContractWithCustomerIncludingAssessedTax-USD-2021-07-01-2021-09-30,0001326160-0001326160-21-000231,R1b,us-gaap:RevenueFromContractWithCustomerIncludingAssessedTax,revenue_from_contracts_with_customers_including_assessed_tax,USD,2021-07-01,2021-09-30,6894000000,facts/us-gaap/RevenueFromContractWithCustomerIncludingAssessedTax/units/USD/46,3929f630d0b5f106c6eb05657e70a14dec036c5cb82dd35cbc73d385f8497fbf
0001326160-0001326160-22-000072-us-gaap:Assets-USD--2019-12-31,0001326160-0001326160-22-000072,R2,us-gaap:Assets,total_assets,USD,,2019-12-31,158838000000,facts/us-gaap/Assets/units/USD/102,68fb000672d81fe9525314afd0c043b35ff9353638ffd6d2193d4ca9f5533d6c
0001326160-0001326160-22-000072-us-gaap:Assets-USD--2020-12-31,0001326160-0001326160-22-000072,R2,us-gaap:Assets,total_assets,USD,,2020-12-31,162388000000,facts/us-gaap/Assets/units/USD/110,256e21952afecba43ec267791eafee4ab1bdbb5dade9822810a1909ddc34313b
0001326160-0001326160-22-000072-us-gaap:Assets-USD--2021-12-31,0001326160-0001326160-22-000072,R2,us-gaap:Assets,total_assets,USD,,2021-12-31,169587000000,facts/us-gaap/Assets/units/USD/115,73e54736278bae49d5f89161d69aa30a05f118d289e0081075fe9392070aef3c
0001326160-0001326160-22-000072-us-gaap:RegulatedAndUnregulatedOperatingRevenue-USD-2019-01-01-2019-12-31,0001326160-0001326160-22-000072,R0b,us-gaap:RegulatedAndUnregulatedOperatingRevenue,total_revenue,USD,2019-01-01,2019-12-31,25079000000,facts/us-gaap/RegulatedAndUnregulatedOperatingRevenue/units/USD/80,b1a887ffb27733b534f1cacb0ae299e3edbd6d35ee0eb23020731f381ee49c9d
0001326160-0001326160-22-000072-us-gaap:RegulatedAndUnregulatedOperatingRevenue-USD-2020-01-01-2020-12-31,0001326160-0001326160-22-000072,R0b,us-gaap:RegulatedAndUnregulatedOperatingRevenue,total_revenue,USD,2020-01-01,2020-12-31,23868000000,facts/us-gaap/RegulatedAndUnregulatedOperatingRevenue/units/USD/93,052d2a995f4915705c28d99ed8b7d01bb535b1eab5e208ec26fe7582cb432687
0001326160-0001326160-22-000072-us-gaap:RegulatedAndUnregulatedOperatingRevenue-USD-2021-01-01-2021-12-31,0001326160-0001326160-22-000072,R0b,us-gaap:RegulatedAndUnregulatedOperatingRevenue,total_revenue,USD,2021-01-01,2021-12-31,25097000000,facts/us-gaap/RegulatedAndUnregulatedOperatingRevenue/units/USD/108,7046c0caa6ca85684052c823784ac0fa4ea24ee6bd5507bd5714c9635c0e5d99
0001326160-0001326160-22-000072-us-gaap:RevenueFromContractWithCustomerIncludingAssessedTax-USD-2019-01-01-2019-12-31,0001326160-0001326160-22-000072,R1b,us-gaap:RevenueFromContractWithCustomerIncludingAssessedTax,revenue_from_contracts_with_customers_including_assessed_tax,USD,2019-01-01,2019-12-31,24348000000,facts/us-gaap/RevenueFromContractWithCustomerIncludingAssessedTax/units/USD/24,b0533d4be246c0a48bdd6402eae1861e81e0592783afca55099b1bf10fb3aa76
0001326160-0001326160-22-000072-us-gaap:RevenueFromContractWithCustomerIncludingAssessedTax-USD-2020-01-01-2020-12-31,0001326160-0001326160-22-000072,R1b,us-gaap:RevenueFromContractWithCustomerIncludingAssessedTax,revenue_from_contracts_with_customers_including_assessed_tax,USD,2020-01-01,2020-12-31,23480000000,facts/us-gaap/RevenueFromContractWithCustomerIncludingAssessedTax/units/USD/36,56745e8466feb6497d8eb4e0f9fa8a52acfea085ed940f8b7893032f8dab3812
0001326160-0001326160-22-000072-us-gaap:RevenueFromContractWithCustomerIncludingAssessedTax-USD-2021-01-01-2021-12-31,0001326160-0001326160-22-000072,R1b,us-gaap:RevenueFromContractWithCustomerIncludingAssessedTax,revenue_from_contracts_with_customers_including_assessed_tax,USD,2021-01-01,2021-12-31,24703000000,facts/us-gaap/RevenueFromContractWithCustomerIncludingAssessedTax/units/USD/48,860165447f6d76d8b56768ec2d094b89a3d5e521caeb9eb4c825c95a40c35346
0001326160-0001326160-22-000179-us-gaap:Assets-USD--2021-12-31,0001326160-0001326160-22-000179,R2,us-gaap:Assets,total_assets,USD,,2021-12-31,169587000000,facts/us-gaap/Assets/units/USD/116,ab56f4486374fb86a2db19cb937f33ba38914190674dd28a6f9434ddc169dba3
0001326160-0001326160-22-000179-us-gaap:Assets-USD--2022-03-31,0001326160-0001326160-22-000179,R2,us-gaap:Assets,total_assets,USD,,2022-03-31,171220000000,facts/us-gaap/Assets/units/USD/121,f414ea118208d5322f8cb5c628b86931c2ebe4c45d8a8c0deaee76e409b99bfe
0001326160-0001326160-22-000179-us-gaap:RegulatedAndUnregulatedOperatingRevenue-USD-2021-01-01-2021-03-31,0001326160-0001326160-22-000179,R0b,us-gaap:RegulatedAndUnregulatedOperatingRevenue,total_revenue,USD,2021-01-01,2021-03-31,6150000000,facts/us-gaap/RegulatedAndUnregulatedOperatingRevenue/units/USD/96,e3edd827eb919ea53a608b3ea519b0b4c6266576828401e07a6ca368627c849f
0001326160-0001326160-22-000179-us-gaap:RegulatedAndUnregulatedOperatingRevenue-USD-2022-01-01-2022-03-31,0001326160-0001326160-22-000179,R0b,us-gaap:RegulatedAndUnregulatedOperatingRevenue,total_revenue,USD,2022-01-01,2022-03-31,7132000000,facts/us-gaap/RegulatedAndUnregulatedOperatingRevenue/units/USD/112,62fb9096b51be750098dcb10a6b2d9698203d9a7e95450c1b47b73028f904dac
0001326160-0001326160-22-000179-us-gaap:RevenueFromContractWithCustomerIncludingAssessedTax-USD-2021-01-01-2021-03-31,0001326160-0001326160-22-000179,R1b,us-gaap:RevenueFromContractWithCustomerIncludingAssessedTax,revenue_from_contracts_with_customers_including_assessed_tax,USD,2021-01-01,2021-03-31,6094000000,facts/us-gaap/RevenueFromContractWithCustomerIncludingAssessedTax/units/USD/39,2475ec5deffee4cb4e301fd36446b74028f7e34d1898534bdf7a560fec54b8b7
0001326160-0001326160-22-000179-us-gaap:RevenueFromContractWithCustomerIncludingAssessedTax-USD-2022-01-01-2022-03-31,0001326160-0001326160-22-000179,R1b,us-gaap:RevenueFromContractWithCustomerIncludingAssessedTax,revenue_from_contracts_with_customers_including_assessed_tax,USD,2022-01-01,2022-03-31,7042000000,facts/us-gaap/RevenueFromContractWithCustomerIncludingAssessedTax/units/USD/51,71cbb7f2236e70fdcdadfc26122b692cf0c188be890a2688ea4b89705d1bf53b
0001326160-0001326160-22-000246-us-gaap:Assets-USD--2021-12-31,0001326160-0001326160-22-000246,R2,us-gaap:Assets,total_assets,USD,,2021-12-31,169587000000,facts/us-gaap/Assets/units/USD/117,5a87575971e0030ad9652add4ebdf988f58c931550b416aea807e93c0440f891
0001326160-0001326160-22-000246-us-gaap:Assets-USD--2022-06-30,0001326160-0001326160-22-000246,R2,us-gaap:Assets,total_assets,USD,,2022-06-30,172383000000,facts/us-gaap/Assets/units/USD/122,4d02797f74fd6eeeb2fcadafe05ade5d5403199932013bbcb59ac891fa4b31c7
0001326160-0001326160-22-000246-us-gaap:RegulatedAndUnregulatedOperatingRevenue-USD-2021-01-01-2021-06-30,0001326160-0001326160-22-000246,R0b,us-gaap:RegulatedAndUnregulatedOperatingRevenue,total_revenue,USD,2021-01-01,2021-06-30,11908000000,facts/us-gaap/RegulatedAndUnregulatedOperatingRevenue/units/USD/99,92d7966e11095caedda6e4b53f1e6a9e3ba46704a282614e0a437e6160a41e20
0001326160-0001326160-22-000246-us-gaap:RegulatedAndUnregulatedOperatingRevenue-USD-2021-04-01-2021-06-30,0001326160-0001326160-22-000246,R0b,us-gaap:RegulatedAndUnregulatedOperatingRevenue,total_revenue,USD,2021-04-01,2021-06-30,5758000000,facts/us-gaap/RegulatedAndUnregulatedOperatingRevenue/units/USD/101,93c584f77fc29a937ca5e5f082d1b0f4da2a10a6697e1533320f9c27a2ef9392
0001326160-0001326160-22-000246-us-gaap:RegulatedAndUnregulatedOperatingRevenue-USD-2022-01-01-2022-06-30,0001326160-0001326160-22-000246,R0b,us-gaap:RegulatedAndUnregulatedOperatingRevenue,total_revenue,USD,2022-01-01,2022-06-30,13817000000,facts/us-gaap/RegulatedAndUnregulatedOperatingRevenue/units/USD/116,87a66fc348fcdac9610ea7d1a1f359907cf13bd0470495d4e58956e35e73b1a6
0001326160-0001326160-22-000246-us-gaap:RegulatedAndUnregulatedOperatingRevenue-USD-2022-04-01-2022-06-30,0001326160-0001326160-22-000246,R0b,us-gaap:RegulatedAndUnregulatedOperatingRevenue,total_revenue,USD,2022-04-01,2022-06-30,6685000000,facts/us-gaap/RegulatedAndUnregulatedOperatingRevenue/units/USD/118,694f6d4611c6737edbac245f4857af46fa5d1b9ea99b8ac3497f0b4c92a46811
0001326160-0001326160-22-000246-us-gaap:RevenueFromContractWithCustomerIncludingAssessedTax-USD-2021-01-01-2021-06-30,0001326160-0001326160-22-000246,R1b,us-gaap:RevenueFromContractWithCustomerIncludingAssessedTax,revenue_from_contracts_with_customers_including_assessed_tax,USD,2021-01-01,2021-06-30,11761000000,facts/us-gaap/RevenueFromContractWithCustomerIncludingAssessedTax/units/USD/41,53dcd601238c3efb148af3d7bebb5a562b5659d5743a4a6c7c43dad6e980e4c6
0001326160-0001326160-22-000246-us-gaap:RevenueFromContractWithCustomerIncludingAssessedTax-USD-2021-04-01-2021-06-30,0001326160-0001326160-22-000246,R1b,us-gaap:RevenueFromContractWithCustomerIncludingAssessedTax,revenue_from_contracts_with_customers_including_assessed_tax,USD,2021-04-01,2021-06-30,5667000000,facts/us-gaap/RevenueFromContractWithCustomerIncludingAssessedTax/units/USD/43,53e8d1f1eba83832716cffc64649816eac123ba4497cf447c474ceec06c5ad7b
0001326160-0001326160-22-000246-us-gaap:RevenueFromContractWithCustomerIncludingAssessedTax-USD-2022-01-01-2022-06-30,0001326160-0001326160-22-000246,R1b,us-gaap:RevenueFromContractWithCustomerIncludingAssessedTax,revenue_from_contracts_with_customers_including_assessed_tax,USD,2022-01-01,2022-06-30,13648000000,facts/us-gaap/RevenueFromContractWithCustomerIncludingAssessedTax/units/USD/53,194871a2de09d24237c3395843b06bea8575f20d0f2c579c11c62b15d206de27
0001326160-0001326160-22-000246-us-gaap:RevenueFromContractWithCustomerIncludingAssessedTax-USD-2022-04-01-2022-06-30,0001326160-0001326160-22-000246,R1b,us-gaap:RevenueFromContractWithCustomerIncludingAssessedTax,revenue_from_contracts_with_customers_including_assessed_tax,USD,2022-04-01,2022-06-30,6606000000,facts/us-gaap/RevenueFromContractWithCustomerIncludingAssessedTax/units/USD/55,d8ac46c11faddbf7b237bd99db66e3e7b5abb584211e96c7471eb96c07ed4a6f
0001326160-0001326160-22-000279-us-gaap:Assets-USD--2021-12-31,0001326160-0001326160-22-000279,R2,us-gaap:Assets,total_assets,USD,,2021-12-31,169587000000,facts/us-gaap/Assets/units/USD/118,8b1841bd5c00335f081d8b1cdb2109adc2be9a88f147b2877a9dba452df2dd7b
0001326160-0001326160-22-000279-us-gaap:Assets-USD--2022-09-30,0001326160-0001326160-22-000279,R2,us-gaap:Assets,total_assets,USD,,2022-09-30,176340000000,facts/us-gaap/Assets/units/USD/123,e7681dcea4bc9decb8cb5c1e56ad5e3a983d97dbd19bea85ec9bc712b32d36cc
0001326160-0001326160-22-000279-us-gaap:RegulatedAndUnregulatedOperatingRevenue-USD-2021-01-01-2021-09-30,0001326160-0001326160-22-000279,R0b,us-gaap:RegulatedAndUnregulatedOperatingRevenue,total_revenue,USD,2021-01-01,2021-09-30,18859000000,facts/us-gaap/RegulatedAndUnregulatedOperatingRevenue/units/USD/104,82b74da3aa40606f4fab89ba91d94a54c3f6f52c3d8950cd7cdabe7b8adb1afd
0001326160-0001326160-22-000279-us-gaap:RegulatedAndUnregulatedOperatingRevenue-USD-2021-07-01-2021-09-30,0001326160-0001326160-22-000279,R0b,us-gaap:RegulatedAndUnregulatedOperatingRevenue,total_revenue,USD,2021-07-01,2021-09-30,6951000000,facts/us-gaap/RegulatedAndUnregulatedOperatingRevenue/units/USD/106,3c340c9c3373666d74d5274ff2bde96211bcf7796c465d4cf852431db5178443
0001326160-0001326160-22-000279-us-gaap:RegulatedAndUnregulatedOperatingRevenue-USD-2022-01-01-2022-09-30,0001326160-0001326160-22-000279,R0b,us-gaap:RegulatedAndUnregulatedOperatingRevenue,total_revenue,USD,2022-01-01,2022-09-30,21785000000,facts/us-gaap/RegulatedAndUnregulatedOperatingRevenue/units/USD/122,9bf80cb2c98c311e1f4af947e9962ac8d9a252c8ceb57c74b1629bbebb47b837
0001326160-0001326160-22-000279-us-gaap:RegulatedAndUnregulatedOperatingRevenue-USD-2022-07-01-2022-09-30,0001326160-0001326160-22-000279,R0b,us-gaap:RegulatedAndUnregulatedOperatingRevenue,total_revenue,USD,2022-07-01,2022-09-30,7968000000,facts/us-gaap/RegulatedAndUnregulatedOperatingRevenue/units/USD/124,cced10c27f9c64347c18696d1643c4c0cd847e078799508a9b4d973a5ffc4297
0001326160-0001326160-22-000279-us-gaap:RevenueFromContractWithCustomerIncludingAssessedTax-USD-2021-01-01-2021-09-30,0001326160-0001326160-22-000279,R1b,us-gaap:RevenueFromContractWithCustomerIncludingAssessedTax,revenue_from_contracts_with_customers_including_assessed_tax,USD,2021-01-01,2021-09-30,18655000000,facts/us-gaap/RevenueFromContractWithCustomerIncludingAssessedTax/units/USD/45,2230f2fc7d6a0c98ff5c1b23a01a13627cacae0a4fd86dea906c59c99f7badab
0001326160-0001326160-22-000279-us-gaap:RevenueFromContractWithCustomerIncludingAssessedTax-USD-2021-07-01-2021-09-30,0001326160-0001326160-22-000279,R1b,us-gaap:RevenueFromContractWithCustomerIncludingAssessedTax,revenue_from_contracts_with_customers_including_assessed_tax,USD,2021-07-01,2021-09-30,6894000000,facts/us-gaap/RevenueFromContractWithCustomerIncludingAssessedTax/units/USD/47,c14059978ae87cf713caf934bcfb889b6dd1f175128b43a07f3a8e63485db01d
0001326160-0001326160-22-000279-us-gaap:RevenueFromContractWithCustomerIncludingAssessedTax-USD-2022-01-01-2022-09-30,0001326160-0001326160-22-000279,R1b,us-gaap:RevenueFromContractWithCustomerIncludingAssessedTax,revenue_from_contracts_with_customers_including_assessed_tax,USD,2022-01-01,2022-09-30,21590000000,facts/us-gaap/RevenueFromContractWithCustomerIncludingAssessedTax/units/USD/57,ea1316b7918753fb68a1adf7b381672d2ad0c80855882ff692eadb83264e7561
0001326160-0001326160-22-000279-us-gaap:RevenueFromContractWithCustomerIncludingAssessedTax-USD-2022-07-01-2022-09-30,0001326160-0001326160-22-000279,R1b,us-gaap:RevenueFromContractWithCustomerIncludingAssessedTax,revenue_from_contracts_with_customers_including_assessed_tax,USD,2022-07-01,2022-09-30,7942000000,facts/us-gaap/RevenueFromContractWithCustomerIncludingAssessedTax/units/USD/59,999d96306e7a0884af2aa313b53e58b772f669560a9e7a61705e6fc7fdb9a3b8
0001326160-0001326160-23-000073-us-gaap:Assets-USD--2020-12-31,0001326160-0001326160-23-000073,R2,us-gaap:Assets,total_assets,USD,,2020-12-31,162388000000,facts/us-gaap/Assets/units/USD/111,cf149beb2884ed11daea0bb8dc564ddd180c394939e9750c094838646bef6cea
0001326160-0001326160-23-000073-us-gaap:Assets-USD--2021-12-31,0001326160-0001326160-23-000073,R2,us-gaap:Assets,total_assets,USD,,2021-12-31,169587000000,facts/us-gaap/Assets/units/USD/119,a6778afca6f2fba5b00280dc4ee82779239dcc1b83103f91e7ad895000c71b69
0001326160-0001326160-23-000073-us-gaap:Assets-USD--2022-12-31,0001326160-0001326160-23-000073,R2,us-gaap:Assets,total_assets,USD,,2022-12-31,178086000000,facts/us-gaap/Assets/units/USD/124,62574d8c805f311cb87331a9c7b1b276f4028c2e7fb8a75eb7e201e137eb19bc
0001326160-0001326160-23-000073-us-gaap:RegulatedAndUnregulatedOperatingRevenue-USD-2020-01-01-2020-12-31,0001326160-0001326160-23-000073,R0b,us-gaap:RegulatedAndUnregulatedOperatingRevenue,total_revenue,USD,2020-01-01,2020-12-31,23366000000,facts/us-gaap/RegulatedAndUnregulatedOperatingRevenue/units/USD/94,d543fdd7dd03360f2535c7755e4a440d5abb3e1acefbf47b3545891ded889d08
0001326160-0001326160-23-000073-us-gaap:RegulatedAndUnregulatedOperatingRevenue-USD-2021-01-01-2021-03-31,0001326160-0001326160-23-000073,R0b,us-gaap:RegulatedAndUnregulatedOperatingRevenue,total_revenue,USD,2021-01-01,2021-03-31,6032000000,facts/us-gaap/RegulatedAndUnregulatedOperatingRevenue/units/USD/97,1d92dad186cf1565f6e711d7aa1a22ba11b57b3ad12764c5efafc0c105e8487e
0001326160-0001326160-23-000073-us-gaap:RegulatedAndUnregulatedOperatingRevenue-USD-2021-01-01-2021-12-31,0001326160-0001326160-23-000073,R0b,us-gaap:RegulatedAndUnregulatedOperatingRevenue,total_revenue,USD,2021-01-01,2021-12-31,24621000000,facts/us-gaap/RegulatedAndUnregulatedOperatingRevenue/units/USD/109,1f8c1adfcc2f8f1044ca984bbe7e77605c1303cf13f3536afb4a88b68744188e
0001326160-0001326160-23-000073-us-gaap:RegulatedAndUnregulatedOperatingRevenue-USD-2021-04-01-2021-06-30,0001326160-0001326160-23-000073,R0b,us-gaap:RegulatedAndUnregulatedOperatingRevenue,total_revenue,USD,2021-04-01,2021-06-30,5638000000,facts/us-gaap/RegulatedAndUnregulatedOperatingRevenue/units/USD/102,0b7c5874d2e3b140a48f91b6994083d81a0c43cb10efbc1e1709be0e9fba8fe0
0001326160-0001326160-23-000073-us-gaap:RegulatedAndUnregulatedOperatingRevenue-USD-2021-07-01-2021-09-30,0001326160-0001326160-23-000073,R0b,us-gaap:RegulatedAndUnregulatedOperatingRevenue,total_revenue,USD,2021-07-01,2021-09-30,6834000000,facts/us-gaap/RegulatedAndUnregulatedOperatingRevenue/units/USD/107,5ca2c957b53b4be64a58cfe82b2ea9b3bab675a85ecfe3410726ebdac74a9143
0001326160-0001326160-23-000073-us-gaap:RegulatedAndUnregulatedOperatingRevenue-USD-2021-10-01-2021-12-31,0001326160-0001326160-23-000073,R0b,us-gaap:RegulatedAndUnregulatedOperatingRevenue,total_revenue,USD,2021-10-01,2021-12-31,6117000000,facts/us-gaap/RegulatedAndUnregulatedOperatingRevenue/units/USD/111,718216f83df70b4b210ca9c8a43a981e9d7f50b1a6f485f869cbca1ded565048
0001326160-0001326160-23-000073-us-gaap:RegulatedAndUnregulatedOperatingRevenue-USD-2022-01-01-2022-03-31,0001326160-0001326160-23-000073,R0b,us-gaap:RegulatedAndUnregulatedOperatingRevenue,total_revenue,USD,2022-01-01,2022-03-31,7011000000,facts/us-gaap/RegulatedAndUnregulatedOperatingRevenue/units/USD/113,749f6c1444c52316f521b972e7a331af30ec3811a5d740b0e3f8ddc5c995d20c
0001326160-0001326160-23-000073-us-gaap:RegulatedAndUnregulatedOperatingRevenue-USD-2022-01-01-2022-12-31,0001326160-0001326160-23-000073,R0b,us-gaap:RegulatedAndUnregulatedOperatingRevenue,total_revenue,USD,2022-01-01,2022-12-31,28768000000,facts/us-gaap/RegulatedAndUnregulatedOperatingRevenue/units/USD/128,e7768c43e6354f050a2e339f64d36dd87559610192a4020cf2c06c74903f35bb
0001326160-0001326160-23-000073-us-gaap:RegulatedAndUnregulatedOperatingRevenue-USD-2022-04-01-2022-06-30,0001326160-0001326160-23-000073,R0b,us-gaap:RegulatedAndUnregulatedOperatingRevenue,total_revenue,USD,2022-04-01,2022-06-30,6564000000,facts/us-gaap/RegulatedAndUnregulatedOperatingRevenue/units/USD/119,8d44e2342ede8d2de1384ab6d69a707e8b11b87094454cf045537ee78d31f9f9
0001326160-0001326160-23-000073-us-gaap:RegulatedAndUnregulatedOperatingRevenue-USD-2022-07-01-2022-09-30,0001326160-0001326160-23-000073,R0b,us-gaap:RegulatedAndUnregulatedOperatingRevenue,total_revenue,USD,2022-07-01,2022-09-30,7842000000,facts/us-gaap/RegulatedAndUnregulatedOperatingRevenue/units/USD/125,c80e7dc2d4f03c45866ecee7486f246b71f9b4132019c4636b137f64efdca59d
0001326160-0001326160-23-000073-us-gaap:RegulatedAndUnregulatedOperatingRevenue-USD-2022-10-01-2022-12-31,0001326160-0001326160-23-000073,R0b,us-gaap:RegulatedAndUnregulatedOperatingRevenue,total_revenue,USD,2022-10-01,2022-12-31,7351000000,facts/us-gaap/RegulatedAndUnregulatedOperatingRevenue/units/USD/131,96a05e6bc6863c21742323e30b5ef6329be06dfbce1d204e6ec457af1706bf95
0001326160-0001326160-23-000073-us-gaap:RevenueFromContractWithCustomerIncludingAssessedTax-USD-2020-01-01-2020-12-31,0001326160-0001326160-23-000073,R1b,us-gaap:RevenueFromContractWithCustomerIncludingAssessedTax,revenue_from_contracts_with_customers_including_assessed_tax,USD,2020-01-01,2020-12-31,23253000000,facts/us-gaap/RevenueFromContractWithCustomerIncludingAssessedTax/units/USD/37,0b7b23a253d23a262de5802282044710bbc4fea4aaacebb77c89310e81597c65
0001326160-0001326160-23-000073-us-gaap:RevenueFromContractWithCustomerIncludingAssessedTax-USD-2021-01-01-2021-12-31,0001326160-0001326160-23-000073,R1b,us-gaap:RevenueFromContractWithCustomerIncludingAssessedTax,revenue_from_contracts_with_customers_including_assessed_tax,USD,2021-01-01,2021-12-31,24486000000,facts/us-gaap/RevenueFromContractWithCustomerIncludingAssessedTax/units/USD/49,1743d4f78b9d3cde6352a43ce832102ef49f165c1695758615555a181c7f3561
0001326160-0001326160-23-000073-us-gaap:RevenueFromContractWithCustomerIncludingAssessedTax-USD-2022-01-01-2022-12-31,0001326160-0001326160-23-000073,R1b,us-gaap:RevenueFromContractWithCustomerIncludingAssessedTax,revenue_from_contracts_with_customers_including_assessed_tax,USD,2022-01-01,2022-12-31,28675000000,facts/us-gaap/RevenueFromContractWithCustomerIncludingAssessedTax/units/USD/61,9429547496c7e9684c1bc1d1feb87d671a2f0cb4cf8fff78834bed13f6c2ce8d
0001326160-0001326160-23-000148-us-gaap:Assets-USD--2022-12-31,0001326160-0001326160-23-000148,R2,us-gaap:Assets,total_assets,USD,,2022-12-31,178086000000,facts/us-gaap/Assets/units/USD/125,8ad2b3736c727ae37bf76ac5075b7a0616ba387435b0dabdbbd30ad06f9afed1
0001326160-0001326160-23-000148-us-gaap:Assets-USD--2023-03-31,0001326160-0001326160-23-000148,R2,us-gaap:Assets,total_assets,USD,,2023-03-31,178833000000,facts/us-gaap/Assets/units/USD/130,9bdee8284ebd257fad89d34d0d32193953da6fcdcc7f6d692f466ee5b072bca7
0001326160-0001326160-23-000148-us-gaap:RegulatedAndUnregulatedOperatingRevenue-USD-2022-01-01-2022-03-31,0001326160-0001326160-23-000148,R0b,us-gaap:RegulatedAndUnregulatedOperatingRevenue,total_revenue,USD,2022-01-01,2022-03-31,7011000000,facts/us-gaap/RegulatedAndUnregulatedOperatingRevenue/units/USD/114,68b3ff4722a011c6da3eb09944f414eefddd0c861f28973fd284330df73a0c2a
0001326160-0001326160-23-000148-us-gaap:RegulatedAndUnregulatedOperatingRevenue-USD-2023-01-01-2023-03-31,0001326160-0001326160-23-000148,R0b,us-gaap:RegulatedAndUnregulatedOperatingRevenue,total_revenue,USD,2023-01-01,2023-03-31,7276000000,facts/us-gaap/RegulatedAndUnregulatedOperatingRevenue/units/USD/133,79009e7fb7b88eedafaf6fb30fd0f3f81be59e05bd861eebe95c7b73594b0f17
0001326160-0001326160-23-000148-us-gaap:RevenueFromContractWithCustomerIncludingAssessedTax-USD-2022-01-01-2022-03-31,0001326160-0001326160-23-000148,R1b,us-gaap:RevenueFromContractWithCustomerIncludingAssessedTax,revenue_from_contracts_with_customers_including_assessed_tax,USD,2022-01-01,2022-03-31,6991000000,facts/us-gaap/RevenueFromContractWithCustomerIncludingAssessedTax/units/USD/52,d84113882b2270987bf289f90f7f723d608684239d06dc565fec84b2cc214b04
0001326160-0001326160-23-000148-us-gaap:RevenueFromContractWithCustomerIncludingAssessedTax-USD-2023-01-01-2023-03-31,0001326160-0001326160-23-000148,R1b,us-gaap:RevenueFromContractWithCustomerIncludingAssessedTax,revenue_from_contracts_with_customers_including_assessed_tax,USD,2023-01-01,2023-03-31,7101000000,facts/us-gaap/RevenueFromContractWithCustomerIncludingAssessedTax/units/USD/64,7407ce9ce6e6af0dd8642491914e45a0d3b379790ea3525afb2bb4c27030faf3
0001326160-0001326160-23-000172-us-gaap:Assets-USD--2022-12-31,0001326160-0001326160-23-000172,R2,us-gaap:Assets,total_assets,USD,,2022-12-31,178086000000,facts/us-gaap/Assets/units/USD/126,af31869c54dd62c7bf9fabcf1cdd23561d21276f279c791508dece8607afcfa3
0001326160-0001326160-23-000172-us-gaap:Assets-USD--2023-06-30,0001326160-0001326160-23-000172,R2,us-gaap:Assets,total_assets,USD,,2023-06-30,180076000000,facts/us-gaap/Assets/units/USD/131,26ca9e77f6fac9f107038be531a6ecfe0a9d8f5cd532c43b8f6e0a7bcdc6fc9a
0001326160-0001326160-23-000172-us-gaap:RegulatedAndUnregulatedOperatingRevenue-USD-2022-01-01-2022-06-30,0001326160-0001326160-23-000172,R0b,us-gaap:RegulatedAndUnregulatedOperatingRevenue,total_revenue,USD,2022-01-01,2022-06-30,13575000000,facts/us-gaap/RegulatedAndUnregulatedOperatingRevenue/units/USD/117,38907171f2ee73663d8c819bac02c33a2addfb00440999bba52c10f7fbaed371
0001326160-0001326160-23-000172-us-gaap:RegulatedAndUnregulatedOperatingRevenue-USD-2022-04-01-2022-06-30,0001326160-0001326160-23-000172,R0b,us-gaap:RegulatedAndUnregulatedOperatingRevenue,total_revenue,USD,2022-04-01,2022-06-30,6564000000,facts/us-gaap/RegulatedAndUnregulatedOperatingRevenue/units/USD/120,418c78cd561685fa416e330d3a1ef5b7b3609389b6eb2135a28a4918d26a5ec1
0001326160-0001326160-23-000172-us-gaap:RegulatedAndUnregulatedOperatingRevenue-USD-2023-01-01-2023-06-30,0001326160-0001326160-23-000172,R0b,us-gaap:RegulatedAndUnregulatedOperatingRevenue,total_revenue,USD,2023-01-01,2023-06-30,13854000000,facts/us-gaap/RegulatedAndUnregulatedOperatingRevenue/units/USD/136,bdc4f94c154df03524e316a889dd0bd29e39ecb97fdc78ce6b8f49e88ff8a375
0001326160-0001326160-23-000172-us-gaap:RegulatedAndUnregulatedOperatingRevenue-USD-2023-04-01-2023-06-30,0001326160-0001326160-23-000172,R0b,us-gaap:RegulatedAndUnregulatedOperatingRevenue,total_revenue,USD,2023-04-01,2023-06-30,6578000000,facts/us-gaap/RegulatedAndUnregulatedOperatingRevenue/units/USD/138,2335fd3b693d0aafe87b96b476a4b370d48197f6e52bf95fa5deff929df1d0cc
0001326160-0001326160-23-000172-us-gaap:RevenueFromContractWithCustomerIncludingAssessedTax-USD-2022-01-01-2022-06-30,0001326160-0001326160-23-000172,R1b,us-gaap:RevenueFromContractWithCustomerIncludingAssessedTax,revenue_from_contracts_with_customers_including_assessed_tax,USD,2022-01-01,2022-06-30,13520000000,facts/us-gaap/RevenueFromContractWithCustomerIncludingAssessedTax/units/USD/54,4a2ec5063c211017d7c97a755b9cf4241a858cda4542671495f1be864414e8d5
0001326160-0001326160-23-000172-us-gaap:RevenueFromContractWithCustomerIncludingAssessedTax-USD-2022-04-01-2022-06-30,0001326160-0001326160-23-000172,R1b,us-gaap:RevenueFromContractWithCustomerIncludingAssessedTax,revenue_from_contracts_with_customers_including_assessed_tax,USD,2022-04-01,2022-06-30,6529000000,facts/us-gaap/RevenueFromContractWithCustomerIncludingAssessedTax/units/USD/56,050b57977e269e14d52489351d290968591e4543ec97e7624552d5eaf774b3da
0001326160-0001326160-23-000172-us-gaap:RevenueFromContractWithCustomerIncludingAssessedTax-USD-2023-01-01-2023-06-30,0001326160-0001326160-23-000172,R1b,us-gaap:RevenueFromContractWithCustomerIncludingAssessedTax,revenue_from_contracts_with_customers_including_assessed_tax,USD,2023-01-01,2023-06-30,13574000000,facts/us-gaap/RevenueFromContractWithCustomerIncludingAssessedTax/units/USD/66,ac2055f22826ebc9e45051ad79664a98b31f5b7ac4b1ec8927e0a9be6302a996
0001326160-0001326160-23-000172-us-gaap:RevenueFromContractWithCustomerIncludingAssessedTax-USD-2023-04-01-2023-06-30,0001326160-0001326160-23-000172,R1b,us-gaap:RevenueFromContractWithCustomerIncludingAssessedTax,revenue_from_contracts_with_customers_including_assessed_tax,USD,2023-04-01,2023-06-30,6473000000,facts/us-gaap/RevenueFromContractWithCustomerIncludingAssessedTax/units/USD/68,2db05ea656717f391ecf69a7c9b72bf4cb493b133f88e4497ec798d1aa9ec896
0001326160-0001326160-23-000191-us-gaap:Assets-USD--2022-12-31,0001326160-0001326160-23-000191,R2,us-gaap:Assets,total_assets,USD,,2022-12-31,178086000000,facts/us-gaap/Assets/units/USD/127,30c401c58058ced3e3b363245a8e55fae85cb5465872d83e818c7d4ccb1dcab4
0001326160-0001326160-23-000191-us-gaap:Assets-USD--2023-09-30,0001326160-0001326160-23-000191,R2,us-gaap:Assets,total_assets,USD,,2023-09-30,181160000000,facts/us-gaap/Assets/units/USD/132,86edae94e49c69a96f275807a317200c72215b1307386a040c7ae9fd29c78583
0001326160-0001326160-23-000191-us-gaap:RegulatedAndUnregulatedOperatingRevenue-USD-2022-01-01-2022-09-30,0001326160-0001326160-23-000191,R0b,us-gaap:RegulatedAndUnregulatedOperatingRevenue,total_revenue,USD,2022-01-01,2022-09-30,21417000000,facts/us-gaap/RegulatedAndUnregulatedOperatingRevenue/units/USD/123,c5d7259947bb705a1cf9e1ff587d65e3ceec3152ffcc9688333b462e20585c38
0001326160-0001326160-23-000191-us-gaap:RegulatedAndUnregulatedOperatingRevenue-USD-2022-07-01-2022-09-30,0001326160-0001326160-23-000191,R0b,us-gaap:RegulatedAndUnregulatedOperatingRevenue,total_revenue,USD,2022-07-01,2022-09-30,7842000000,facts/us-gaap/RegulatedAndUnregulatedOperatingRevenue/units/USD/126,7957c43658418073e67eabe2ece2dd88be51b650d73154f94b945ace93b0e57c
0001326160-0001326160-23-000191-us-gaap:RegulatedAndUnregulatedOperatingRevenue-USD-2023-01-01-2023-09-30,0001326160-0001326160-23-000191,R0b,us-gaap:RegulatedAndUnregulatedOperatingRevenue,total_revenue,USD,2023-01-01,2023-09-30,21848000000,facts/us-gaap/RegulatedAndUnregulatedOperatingRevenue/units/USD/141,0b9206b5f86bc6fa938fccde17cafedfb55390e8ff17169ddc5b96b953c84603
0001326160-0001326160-23-000191-us-gaap:RegulatedAndUnregulatedOperatingRevenue-USD-2023-07-01-2023-09-30,0001326160-0001326160-23-000191,R0b,us-gaap:RegulatedAndUnregulatedOperatingRevenue,total_revenue,USD,2023-07-01,2023-09-30,7994000000,facts/us-gaap/RegulatedAndUnregulatedOperatingRevenue/units/USD/143,0bb46e5bed630574c579787677999c6a5c36d37790186a38dce072055ff0117a
0001326160-0001326160-23-000191-us-gaap:RevenueFromContractWithCustomerIncludingAssessedTax-USD-2022-01-01-2022-09-30,0001326160-0001326160-23-000191,R1b,us-gaap:RevenueFromContractWithCustomerIncludingAssessedTax,revenue_from_contracts_with_customers_including_assessed_tax,USD,2022-01-01,2022-09-30,21373000000,facts/us-gaap/RevenueFromContractWithCustomerIncludingAssessedTax/units/USD/58,359d0e46bc2477187fbf134ff1b83dd822059bd947b52d8be3ef61943202b9ab
0001326160-0001326160-23-000191-us-gaap:RevenueFromContractWithCustomerIncludingAssessedTax-USD-2022-07-01-2022-09-30,0001326160-0001326160-23-000191,R1b,us-gaap:RevenueFromContractWithCustomerIncludingAssessedTax,revenue_from_contracts_with_customers_including_assessed_tax,USD,2022-07-01,2022-09-30,7853000000,facts/us-gaap/RevenueFromContractWithCustomerIncludingAssessedTax/units/USD/60,b69e528e135e66721cc95f8639f661ac527121c97a4c9498b6943131951e265e
0001326160-0001326160-23-000191-us-gaap:RevenueFromContractWithCustomerIncludingAssessedTax-USD-2023-01-01-2023-09-30,0001326160-0001326160-23-000191,R1b,us-gaap:RevenueFromContractWithCustomerIncludingAssessedTax,revenue_from_contracts_with_customers_including_assessed_tax,USD,2023-01-01,2023-09-30,21551000000,facts/us-gaap/RevenueFromContractWithCustomerIncludingAssessedTax/units/USD/70,b8c4d9356b5a69bc684666c510d149911f5238d60ee1412b0da3d8a93e2bc940
0001326160-0001326160-23-000191-us-gaap:RevenueFromContractWithCustomerIncludingAssessedTax-USD-2023-07-01-2023-09-30,0001326160-0001326160-23-000191,R1b,us-gaap:RevenueFromContractWithCustomerIncludingAssessedTax,revenue_from_contracts_with_customers_including_assessed_tax,USD,2023-07-01,2023-09-30,7977000000,facts/us-gaap/RevenueFromContractWithCustomerIncludingAssessedTax/units/USD/72,43ae28aead48852bbc60c89a0af6e48137edefc25b409bc584275dd6660130ea
0001326160-0001326160-24-000037-us-gaap:Assets-USD--2021-12-31,0001326160-0001326160-24-000037,R2,us-gaap:Assets,total_assets,USD,,2021-12-31,169587000000,facts/us-gaap/Assets/units/USD/120,710acf9001455bfb3ebaa575b5db7ce6df8b514b82a6b837e12c33d4ad07bf9a
0001326160-0001326160-24-000037-us-gaap:Assets-USD--2022-12-31,0001326160-0001326160-24-000037,R2,us-gaap:Assets,total_assets,USD,,2022-12-31,178086000000,facts/us-gaap/Assets/units/USD/128,6d3c15e752e25f701ee88d14bc7a381cc97b168f715ee156e949774abed3586b
0001326160-0001326160-24-000037-us-gaap:Assets-USD--2023-12-31,0001326160-0001326160-24-000037,R2,us-gaap:Assets,total_assets,USD,,2023-12-31,176893000000,facts/us-gaap/Assets/units/USD/133,2ee6266b06eea60a597a42265e0439c6701faca65c94204dd3c2ce40135e512d
0001326160-0001326160-24-000037-us-gaap:RegulatedAndUnregulatedOperatingRevenue-USD-2021-01-01-2021-12-31,0001326160-0001326160-24-000037,R0b,us-gaap:RegulatedAndUnregulatedOperatingRevenue,total_revenue,USD,2021-01-01,2021-12-31,24621000000,facts/us-gaap/RegulatedAndUnregulatedOperatingRevenue/units/USD/110,78359ff858ac08815acd4ffc5b9cd1b4f16bad2901eabd8cdb3f771fb7f1a7b9
0001326160-0001326160-24-000037-us-gaap:RegulatedAndUnregulatedOperatingRevenue-USD-2022-01-01-2022-03-31,0001326160-0001326160-24-000037,R0b,us-gaap:RegulatedAndUnregulatedOperatingRevenue,total_revenue,USD,2022-01-01,2022-03-31,7011000000,facts/us-gaap/RegulatedAndUnregulatedOperatingRevenue/units/USD/115,2a3740a491b5cf3ac522e09fbd82b56a5ba5025153c818b475a46ffef0099598
0001326160-0001326160-24-000037-us-gaap:RegulatedAndUnregulatedOperatingRevenue-USD-2022-01-01-2022-12-31,0001326160-0001326160-24-000037,R0b,us-gaap:RegulatedAndUnregulatedOperatingRevenue,total_revenue,USD,2022-01-01,2022-12-31,28768000000,facts/us-gaap/RegulatedAndUnregulatedOperatingRevenue/units/USD/129,fc00e004cc2da524bd42fe30ebab5bd8d78c02f022d70ac2b74b883d74ae2d1f
0001326160-0001326160-24-000037-us-gaap:RegulatedAndUnregulatedOperatingRevenue-USD-2022-04-01-2022-06-30,0001326160-0001326160-24-000037,R0b,us-gaap:RegulatedAndUnregulatedOperatingRevenue,total_revenue,USD,2022-04-01,2022-06-30,6564000000,facts/us-gaap/RegulatedAndUnregulatedOperatingRevenue/units/USD/121,b86bd693ec93696fa5ab31c38e8c549523723bafedb83a6cf36c35cae2183da1
0001326160-0001326160-24-000037-us-gaap:RegulatedAndUnregulatedOperatingRevenue-USD-2022-07-01-2022-09-30,0001326160-0001326160-24-000037,R0b,us-gaap:RegulatedAndUnregulatedOperatingRevenue,total_revenue,USD,2022-07-01,2022-09-30,7842000000,facts/us-gaap/RegulatedAndUnregulatedOperatingRevenue/units/USD/127,b380d00095f6cb62704d60a7e8fe47cc249b0d7ef216ad6704a66734b88695c3
0001326160-0001326160-24-000037-us-gaap:RegulatedAndUnregulatedOperatingRevenue-USD-2022-10-01-2022-12-31,0001326160-0001326160-24-000037,R0b,us-gaap:RegulatedAndUnregulatedOperatingRevenue,total_revenue,USD,2022-10-01,2022-12-31,7351000000,facts/us-gaap/RegulatedAndUnregulatedOperatingRevenue/units/USD/132,cf067f6bf01dfd98b6f054b042d13e17247f57c9e0bd59d9c63095fb722b459d
0001326160-0001326160-24-000037-us-gaap:RegulatedAndUnregulatedOperatingRevenue-USD-2023-01-01-2023-03-31,0001326160-0001326160-24-000037,R0b,us-gaap:RegulatedAndUnregulatedOperatingRevenue,total_revenue,USD,2023-01-01,2023-03-31,7276000000,facts/us-gaap/RegulatedAndUnregulatedOperatingRevenue/units/USD/134,a7b99d8996b278c75522b4044ad6905b7a0cb5a861deecb0c9c95767a40afcd0
0001326160-0001326160-24-000037-us-gaap:RegulatedAndUnregulatedOperatingRevenue-USD-2023-01-01-2023-12-31,0001326160-0001326160-24-000037,R0b,us-gaap:RegulatedAndUnregulatedOperatingRevenue,total_revenue,USD,2023-01-01,2023-12-31,29060000000,facts/us-gaap/RegulatedAndUnregulatedOperatingRevenue/units/USD/146,4b631dcb8118520d09483eaca58deefa0bc32a3bf66ac39db3560eb46e537d92
0001326160-0001326160-24-000037-us-gaap:RegulatedAndUnregulatedOperatingRevenue-USD-2023-04-01-2023-06-30,0001326160-0001326160-24-000037,R0b,us-gaap:RegulatedAndUnregulatedOperatingRevenue,total_revenue,USD,2023-04-01,2023-06-30,6578000000,facts/us-gaap/RegulatedAndUnregulatedOperatingRevenue/units/USD/139,e987867848a4efa56cd769f4239afac3e2bee508e48209fbee0fb09b2b40c6d9
0001326160-0001326160-24-000037-us-gaap:RegulatedAndUnregulatedOperatingRevenue-USD-2023-07-01-2023-09-30,0001326160-0001326160-24-000037,R0b,us-gaap:RegulatedAndUnregulatedOperatingRevenue,total_revenue,USD,2023-07-01,2023-09-30,7994000000,facts/us-gaap/RegulatedAndUnregulatedOperatingRevenue/units/USD/144,2b93650f9f100a431107836ff34823194c414beda232180fc461d74aa6bc2819
0001326160-0001326160-24-000037-us-gaap:RegulatedAndUnregulatedOperatingRevenue-USD-2023-10-01-2023-12-31,0001326160-0001326160-24-000037,R0b,us-gaap:RegulatedAndUnregulatedOperatingRevenue,total_revenue,USD,2023-10-01,2023-12-31,7212000000,facts/us-gaap/RegulatedAndUnregulatedOperatingRevenue/units/USD/149,35ff93d8758ccb65e90415b1d7e8693de814a1f6ef629b72a119f491c984a2f0
0001326160-0001326160-24-000037-us-gaap:RevenueFromContractWithCustomerIncludingAssessedTax-USD-2021-01-01-2021-12-31,0001326160-0001326160-24-000037,R1b,us-gaap:RevenueFromContractWithCustomerIncludingAssessedTax,revenue_from_contracts_with_customers_including_assessed_tax,USD,2021-01-01,2021-12-31,24486000000,facts/us-gaap/RevenueFromContractWithCustomerIncludingAssessedTax/units/USD/50,0307a24fc28b3660dbc0718acbc02281f747b828c84def03bf2091d1a79accbe
0001326160-0001326160-24-000037-us-gaap:RevenueFromContractWithCustomerIncludingAssessedTax-USD-2022-01-01-2022-12-31,0001326160-0001326160-24-000037,R1b,us-gaap:RevenueFromContractWithCustomerIncludingAssessedTax,revenue_from_contracts_with_customers_including_assessed_tax,USD,2022-01-01,2022-12-31,28675000000,facts/us-gaap/RevenueFromContractWithCustomerIncludingAssessedTax/units/USD/62,37d5701c1ff429ea4dd2d15c039c18d96186971b9369d1ae750c3615f2d074bb
0001326160-0001326160-24-000037-us-gaap:RevenueFromContractWithCustomerIncludingAssessedTax-USD-2023-01-01-2023-12-31,0001326160-0001326160-24-000037,R1b,us-gaap:RevenueFromContractWithCustomerIncludingAssessedTax,revenue_from_contracts_with_customers_including_assessed_tax,USD,2023-01-01,2023-12-31,28674000000,facts/us-gaap/RevenueFromContractWithCustomerIncludingAssessedTax/units/USD/74,dffa0b092ccbf492a57478ff2ccf32043fe252a19a645594790103f62b07d48e
0001326160-0001326160-24-000108-us-gaap:Assets-USD--2023-12-31,0001326160-0001326160-24-000108,R2,us-gaap:Assets,total_assets,USD,,2023-12-31,176893000000,facts/us-gaap/Assets/units/USD/134,6b72be8fe91c34f0b613fe13db7548cf2a83fadf7181af5b8a3971580f0cc1c8
0001326160-0001326160-24-000108-us-gaap:Assets-USD--2024-03-31,0001326160-0001326160-24-000108,R2,us-gaap:Assets,total_assets,USD,,2024-03-31,178670000000,facts/us-gaap/Assets/units/USD/139,37b839bb67f2d552ec15cd83d27033516e587dce0006676a10dc0c44b5b59507
0001326160-0001326160-24-000108-us-gaap:RegulatedAndUnregulatedOperatingRevenue-USD-2023-01-01-2023-03-31,0001326160-0001326160-24-000108,R0b,us-gaap:RegulatedAndUnregulatedOperatingRevenue,total_revenue,USD,2023-01-01,2023-03-31,7276000000,facts/us-gaap/RegulatedAndUnregulatedOperatingRevenue/units/USD/135,718353fa6bb4a0c683e517d1e4bea13fa9eed0b280544f7835554039ab251916
0001326160-0001326160-24-000108-us-gaap:RegulatedAndUnregulatedOperatingRevenue-USD-2024-01-01-2024-03-31,0001326160-0001326160-24-000108,R0b,us-gaap:RegulatedAndUnregulatedOperatingRevenue,total_revenue,USD,2024-01-01,2024-03-31,7671000000,facts/us-gaap/RegulatedAndUnregulatedOperatingRevenue/units/USD/150,fab8130cb34b6a3d2c59801a5bc308e491c80f203a55f8a1ae2e3979e9bc47b2
0001326160-0001326160-24-000108-us-gaap:RevenueFromContractWithCustomerIncludingAssessedTax-USD-2023-01-01-2023-03-31,0001326160-0001326160-24-000108,R1b,us-gaap:RevenueFromContractWithCustomerIncludingAssessedTax,revenue_from_contracts_with_customers_including_assessed_tax,USD,2023-01-01,2023-03-31,7101000000,facts/us-gaap/RevenueFromContractWithCustomerIncludingAssessedTax/units/USD/65,b4971b4589869d1067d6261bde536a99188a80f90490ff8ba6774c10b177faa6
0001326160-0001326160-24-000108-us-gaap:RevenueFromContractWithCustomerIncludingAssessedTax-USD-2024-01-01-2024-03-31,0001326160-0001326160-24-000108,R1b,us-gaap:RevenueFromContractWithCustomerIncludingAssessedTax,revenue_from_contracts_with_customers_including_assessed_tax,USD,2024-01-01,2024-03-31,7532000000,facts/us-gaap/RevenueFromContractWithCustomerIncludingAssessedTax/units/USD/77,bd3c46513ed302510a5d495e9948ee787d5028c62e3bb132534faac8b48f6c1d
0001326160-0001326160-24-000167-us-gaap:Assets-USD--2023-12-31,0001326160-0001326160-24-000167,R2,us-gaap:Assets,total_assets,USD,,2023-12-31,176893000000,facts/us-gaap/Assets/units/USD/135,e88e97220d48efe42d64925b8b848fec8f27d32615f877947b8a1788a95a36ba
0001326160-0001326160-24-000167-us-gaap:Assets-USD--2024-06-30,0001326160-0001326160-24-000167,R2,us-gaap:Assets,total_assets,USD,,2024-06-30,181575000000,facts/us-gaap/Assets/units/USD/141,432309b8b6857734e3ad3d403ce693db634007057c85bcd6f70b4f73ce8a900b
0001326160-0001326160-24-000167-us-gaap:RegulatedAndUnregulatedOperatingRevenue-USD-2023-01-01-2023-06-30,0001326160-0001326160-24-000167,R0b,us-gaap:RegulatedAndUnregulatedOperatingRevenue,total_revenue,USD,2023-01-01,2023-06-30,13854000000,facts/us-gaap/RegulatedAndUnregulatedOperatingRevenue/units/USD/137,eac9671191a53a04f4e51e8685343879a26549e6e284e2f0063d24c799341869
0001326160-0001326160-24-000167-us-gaap:RegulatedAndUnregulatedOperatingRevenue-USD-2023-04-01-2023-06-30,0001326160-0001326160-24-000167,R0b,us-gaap:RegulatedAndUnregulatedOperatingRevenue,total_revenue,USD,2023-04-01,2023-06-30,6578000000,facts/us-gaap/RegulatedAndUnregulatedOperatingRevenue/units/USD/140,64b0065696ed52093846c23872e74cd56d2018c6659f319888a86eceed5ca654
0001326160-0001326160-24-000167-us-gaap:RegulatedAndUnregulatedOperatingRevenue-USD-2024-01-01-2024-06-30,0001326160-0001326160-24-000167,R0b,us-gaap:RegulatedAndUnregulatedOperatingRevenue,total_revenue,USD,2024-01-01,2024-06-30,14843000000,facts/us-gaap/RegulatedAndUnregulatedOperatingRevenue/units/USD/152,598a69cc7c27563f2598c62ed9296b374e7f7a04669821ff12aaf9ad7c96029a
0001326160-0001326160-24-000167-us-gaap:RegulatedAndUnregulatedOperatingRevenue-USD-2024-04-01-2024-06-30,0001326160-0001326160-24-000167,R0b,us-gaap:RegulatedAndUnregulatedOperatingRevenue,total_revenue,USD,2024-04-01,2024-06-30,7172000000,facts/us-gaap/RegulatedAndUnregulatedOperatingRevenue/units/USD/154,a1948634ad54d738c6ba6ca0f4cc0a637b6c200ab2098c965eaf66a7663a1bc9
0001326160-0001326160-24-000167-us-gaap:RevenueFromContractWithCustomerIncludingAssessedTax-USD-2023-01-01-2023-06-30,0001326160-0001326160-24-000167,R1b,us-gaap:RevenueFromContractWithCustomerIncludingAssessedTax,revenue_from_contracts_with_customers_including_assessed_tax,USD,2023-01-01,2023-06-30,13574000000,facts/us-gaap/RevenueFromContractWithCustomerIncludingAssessedTax/units/USD/67,409ea7897ed6cea0183cf791ca89b611a1a5da1fb1f3f20e5a8728c14949d301
0001326160-0001326160-24-000167-us-gaap:RevenueFromContractWithCustomerIncludingAssessedTax-USD-2023-04-01-2023-06-30,0001326160-0001326160-24-000167,R1b,us-gaap:RevenueFromContractWithCustomerIncludingAssessedTax,revenue_from_contracts_with_customers_including_assessed_tax,USD,2023-04-01,2023-06-30,6473000000,facts/us-gaap/RevenueFromContractWithCustomerIncludingAssessedTax/units/USD/69,5c2bed104cf96fcf05a4f34a79a43b8dbc96761d2792382842d159e7b0bd854c
0001326160-0001326160-24-000167-us-gaap:RevenueFromContractWithCustomerIncludingAssessedTax-USD-2024-01-01-2024-06-30,0001326160-0001326160-24-000167,R1b,us-gaap:RevenueFromContractWithCustomerIncludingAssessedTax,revenue_from_contracts_with_customers_including_assessed_tax,USD,2024-01-01,2024-06-30,14683000000,facts/us-gaap/RevenueFromContractWithCustomerIncludingAssessedTax/units/USD/79,552e77f8366478001a8a3c43063ce9abdf156b17e055b0f49e4a1e8dd51a4da7
0001326160-0001326160-24-000167-us-gaap:RevenueFromContractWithCustomerIncludingAssessedTax-USD-2024-04-01-2024-06-30,0001326160-0001326160-24-000167,R1b,us-gaap:RevenueFromContractWithCustomerIncludingAssessedTax,revenue_from_contracts_with_customers_including_assessed_tax,USD,2024-04-01,2024-06-30,7151000000,facts/us-gaap/RevenueFromContractWithCustomerIncludingAssessedTax/units/USD/81,14e3ee029d2572713667c08005e5870bba1418067ea0ad1249966890d43a710b
0001326160-0001326160-24-000181-us-gaap:Assets-USD--2023-12-31,0001326160-0001326160-24-000181,R2,us-gaap:Assets,total_assets,USD,,2023-12-31,176893000000,facts/us-gaap/Assets/units/USD/136,4f3f55d80c8f5abbbe4eeaf1cb7d5453395f0eae00defdd1db7889103a20551f
0001326160-0001326160-24-000181-us-gaap:Assets-USD--2024-09-30,0001326160-0001326160-24-000181,R2,us-gaap:Assets,total_assets,USD,,2024-09-30,183566000000,facts/us-gaap/Assets/units/USD/143,fd4a5ac1d4a9bd38a393219f32fb1509ae0064769a9636687bdc05120d6b903b
0001326160-0001326160-24-000181-us-gaap:RegulatedAndUnregulatedOperatingRevenue-USD-2023-01-01-2023-09-30,0001326160-0001326160-24-000181,R0b,us-gaap:RegulatedAndUnregulatedOperatingRevenue,total_revenue,USD,2023-01-01,2023-09-30,21848000000,facts/us-gaap/RegulatedAndUnregulatedOperatingRevenue/units/USD/142,b90572bf86c7b84d57a15171558083e38ac8fa773057e7e0060738742f7504d2
0001326160-0001326160-24-000181-us-gaap:RegulatedAndUnregulatedOperatingRevenue-USD-2023-07-01-2023-09-30,0001326160-0001326160-24-000181,R0b,us-gaap:RegulatedAndUnregulatedOperatingRevenue,total_revenue,USD,2023-07-01,2023-09-30,7994000000,facts/us-gaap/RegulatedAndUnregulatedOperatingRevenue/units/USD/145,f0bc78065a50e7418aed2341f6f0f7c5e1f58567fba7f8f1658a671f4cafee8a
0001326160-0001326160-24-000181-us-gaap:RegulatedAndUnregulatedOperatingRevenue-USD-2024-01-01-2024-09-30,0001326160-0001326160-24-000181,R0b,us-gaap:RegulatedAndUnregulatedOperatingRevenue,total_revenue,USD,2024-01-01,2024-09-30,22997000000,facts/us-gaap/RegulatedAndUnregulatedOperatingRevenue/units/USD/156,3cac426c5e545510a642829bdaeb38aed705fd5d35132e300a752077c947c3f5
0001326160-0001326160-24-000181-us-gaap:RegulatedAndUnregulatedOperatingRevenue-USD-2024-07-01-2024-09-30,0001326160-0001326160-24-000181,R0b,us-gaap:RegulatedAndUnregulatedOperatingRevenue,total_revenue,USD,2024-07-01,2024-09-30,8154000000,facts/us-gaap/RegulatedAndUnregulatedOperatingRevenue/units/USD/158,148763fb88d0fa248d9cbd1889dd37cd7ea3289d1ce2f6b81b6d3eb6ccfd3fe3
0001326160-0001326160-24-000181-us-gaap:RevenueFromContractWithCustomerIncludingAssessedTax-USD-2023-01-01-2023-09-30,0001326160-0001326160-24-000181,R1b,us-gaap:RevenueFromContractWithCustomerIncludingAssessedTax,revenue_from_contracts_with_customers_including_assessed_tax,USD,2023-01-01,2023-09-30,21551000000,facts/us-gaap/RevenueFromContractWithCustomerIncludingAssessedTax/units/USD/71,bc76201f57f86c43ae2f93dfae4c48153cfece7ba7bfb223570c51f2b907f222
0001326160-0001326160-24-000181-us-gaap:RevenueFromContractWithCustomerIncludingAssessedTax-USD-2023-07-01-2023-09-30,0001326160-0001326160-24-000181,R1b,us-gaap:RevenueFromContractWithCustomerIncludingAssessedTax,revenue_from_contracts_with_customers_including_assessed_tax,USD,2023-07-01,2023-09-30,7977000000,facts/us-gaap/RevenueFromContractWithCustomerIncludingAssessedTax/units/USD/73,f57e388f7d01b6657a6e67287d561002311caadf02f7f36b43b58b22c45f52bc
0001326160-0001326160-24-000181-us-gaap:RevenueFromContractWithCustomerIncludingAssessedTax-USD-2024-01-01-2024-09-30,0001326160-0001326160-24-000181,R1b,us-gaap:RevenueFromContractWithCustomerIncludingAssessedTax,revenue_from_contracts_with_customers_including_assessed_tax,USD,2024-01-01,2024-09-30,22810000000,facts/us-gaap/RevenueFromContractWithCustomerIncludingAssessedTax/units/USD/83,7841ec7f3cb703071f25ad78338dfdcebfefafe3d1c07b100db3d640c0db815d
0001326160-0001326160-24-000181-us-gaap:RevenueFromContractWithCustomerIncludingAssessedTax-USD-2024-07-01-2024-09-30,0001326160-0001326160-24-000181,R1b,us-gaap:RevenueFromContractWithCustomerIncludingAssessedTax,revenue_from_contracts_with_customers_including_assessed_tax,USD,2024-07-01,2024-09-30,8127000000,facts/us-gaap/RevenueFromContractWithCustomerIncludingAssessedTax/units/USD/85,6e1aeacce0d73fde5a25560d071b9c4369ecbdffe5c29aa9235319aadeac5a5f
0001326160-0001326160-25-000072-us-gaap:Assets-USD--2022-12-31,0001326160-0001326160-25-000072,R2,us-gaap:Assets,total_assets,USD,,2022-12-31,178086000000,facts/us-gaap/Assets/units/USD/129,30c75971c3d50daa274686a463ac3ce486351d51fd9e04356003ba0bb7bdf5bc
0001326160-0001326160-25-000072-us-gaap:Assets-USD--2023-12-31,0001326160-0001326160-25-000072,R2,us-gaap:Assets,total_assets,USD,,2023-12-31,176893000000,facts/us-gaap/Assets/units/USD/137,91a36adb2cc70306f4b56f10e570a8efa524147ec8f5494ad884300354116ee9
0001326160-0001326160-25-000072-us-gaap:Assets-USD--2024-12-31,0001326160-0001326160-25-000072,R2,us-gaap:Assets,total_assets,USD,,2024-12-31,186343000000,facts/us-gaap/Assets/units/USD/144,365db9a19935d9e9605c5fec09691068ce5c98b9419ff366ff0f7ad83062df41
0001326160-0001326160-25-000072-us-gaap:RegulatedAndUnregulatedOperatingRevenue-USD-2022-01-01-2022-12-31,0001326160-0001326160-25-000072,R0b,us-gaap:RegulatedAndUnregulatedOperatingRevenue,total_revenue,USD,2022-01-01,2022-12-31,28768000000,facts/us-gaap/RegulatedAndUnregulatedOperatingRevenue/units/USD/130,de0fd2f7acaa8ec8c1b3a881d124d54f18467f5542e9504c257d1a090986942d
0001326160-0001326160-25-000072-us-gaap:RegulatedAndUnregulatedOperatingRevenue-USD-2023-01-01-2023-12-31,0001326160-0001326160-25-000072,R0b,us-gaap:RegulatedAndUnregulatedOperatingRevenue,total_revenue,USD,2023-01-01,2023-12-31,29060000000,facts/us-gaap/RegulatedAndUnregulatedOperatingRevenue/units/USD/147,9018526fef6252e52d973fa56f8236514d7995708e8771270c8573714adda26e
0001326160-0001326160-25-000072-us-gaap:RegulatedAndUnregulatedOperatingRevenue-USD-2024-01-01-2024-12-31,0001326160-0001326160-25-000072,R0b,us-gaap:RegulatedAndUnregulatedOperatingRevenue,total_revenue,USD,2024-01-01,2024-12-31,30357000000,facts/us-gaap/RegulatedAndUnregulatedOperatingRevenue/units/USD/160,14cff87c24f5222616df8e64a5479bc53fb67e0baa5cdd41cc234f89c317eb36
0001326160-0001326160-25-000072-us-gaap:RevenueFromContractWithCustomerIncludingAssessedTax-USD-2022-01-01-2022-12-31,0001326160-0001326160-25-000072,R1b,us-gaap:RevenueFromContractWithCustomerIncludingAssessedTax,revenue_from_contracts_with_customers_including_assessed_tax,USD,2022-01-01,2022-12-31,28675000000,facts/us-gaap/RevenueFromContractWithCustomerIncludingAssessedTax/units/USD/63,d457267e5cc26836b33e6616aa4cb8ccd805ee4758037dfa1fdb2d94d1a2fd4a
0001326160-0001326160-25-000072-us-gaap:RevenueFromContractWithCustomerIncludingAssessedTax-USD-2023-01-01-2023-12-31,0001326160-0001326160-25-000072,R1b,us-gaap:RevenueFromContractWithCustomerIncludingAssessedTax,revenue_from_contracts_with_customers_including_assessed_tax,USD,2023-01-01,2023-12-31,28674000000,facts/us-gaap/RevenueFromContractWithCustomerIncludingAssessedTax/units/USD/75,6c838c6ea82722e34c2e8800d9a05e06c1d5df4ff3d43708c7ae05e960c15e1b
0001326160-0001326160-25-000072-us-gaap:RevenueFromContractWithCustomerIncludingAssessedTax-USD-2024-01-01-2024-12-31,0001326160-0001326160-25-000072,R1b,us-gaap:RevenueFromContractWithCustomerIncludingAssessedTax,revenue_from_contracts_with_customers_including_assessed_tax,USD,2024-01-01,2024-12-31,30050000000,facts/us-gaap/RevenueFromContractWithCustomerIncludingAssessedTax/units/USD/87,306231dda64de6e8c6bc453640b008a58faa488d8b52416088157f77a1290653
0001326160-0001326160-25-000150-us-gaap:Assets-USD--2024-03-31,0001326160-0001326160-25-000150,R2,us-gaap:Assets,total_assets,USD,,2024-03-31,178670000000,facts/us-gaap/Assets/units/USD/140,2a4c0b7d6c6131ee4f7c7cc23fc915dd6a6727b2c0c56d3dc8de5b3355847709
0001326160-0001326160-25-000150-us-gaap:Assets-USD--2024-12-31,0001326160-0001326160-25-000150,R2,us-gaap:Assets,total_assets,USD,,2024-12-31,186343000000,facts/us-gaap/Assets/units/USD/145,90e761e1a89f2a5a008955e184581a2514c395a3c21a45b83d988c95f2afc033
0001326160-0001326160-25-000150-us-gaap:Assets-USD--2025-03-31,0001326160-0001326160-25-000150,R2,us-gaap:Assets,total_assets,USD,,2025-03-31,187476000000,facts/us-gaap/Assets/units/USD/149,dec58dad1bc9f83f69305e11b7fbfd4879bb23484b9420ee94e83e62659fb7a2
0001326160-0001326160-25-000150-us-gaap:RegulatedAndUnregulatedOperatingRevenue-USD-2024-01-01-2024-03-31,0001326160-0001326160-25-000150,R0b,us-gaap:RegulatedAndUnregulatedOperatingRevenue,total_revenue,USD,2024-01-01,2024-03-31,7671000000,facts/us-gaap/RegulatedAndUnregulatedOperatingRevenue/units/USD/151,1abda0264b0b95d01fa274a225af1df12ef8df48583cdb9593c97d72fc501825
0001326160-0001326160-25-000150-us-gaap:RegulatedAndUnregulatedOperatingRevenue-USD-2025-01-01-2025-03-31,0001326160-0001326160-25-000150,R0b,us-gaap:RegulatedAndUnregulatedOperatingRevenue,total_revenue,USD,2025-01-01,2025-03-31,8249000000,facts/us-gaap/RegulatedAndUnregulatedOperatingRevenue/units/USD/162,55556dadb7b040d80e5f46f60808d07cd401d97850284d8cc755e8c2c02aea7b
0001326160-0001326160-25-000150-us-gaap:RevenueFromContractWithCustomerIncludingAssessedTax-USD-2024-01-01-2024-03-31,0001326160-0001326160-25-000150,R1b,us-gaap:RevenueFromContractWithCustomerIncludingAssessedTax,revenue_from_contracts_with_customers_including_assessed_tax,USD,2024-01-01,2024-03-31,7532000000,facts/us-gaap/RevenueFromContractWithCustomerIncludingAssessedTax/units/USD/78,ef96e7d4b2a18e67e2b70019f4cf151018388e4a17d6a784789155dbc6aec4d9
0001326160-0001326160-25-000150-us-gaap:RevenueFromContractWithCustomerIncludingAssessedTax-USD-2025-01-01-2025-03-31,0001326160-0001326160-25-000150,R1b,us-gaap:RevenueFromContractWithCustomerIncludingAssessedTax,revenue_from_contracts_with_customers_including_assessed_tax,USD,2025-01-01,2025-03-31,8218000000,facts/us-gaap/RevenueFromContractWithCustomerIncludingAssessedTax/units/USD/89,51a6798eecdfe4cc2d7f75991e4af54187b02e3fdd54b4f81df12d8ea9229b74
0001326160-0001326160-25-000168-us-gaap:Assets-USD--2024-06-30,0001326160-0001326160-25-000168,R2,us-gaap:Assets,total_assets,USD,,2024-06-30,181575000000,facts/us-gaap/Assets/units/USD/142,7aa192e0224cfce54c4788b18422e331657b9e7dd68ceff3ba80826f59f82eb0
0001326160-0001326160-25-000168-us-gaap:Assets-USD--2024-12-31,0001326160-0001326160-25-000168,R2,us-gaap:Assets,total_assets,USD,,2024-12-31,186343000000,facts/us-gaap/Assets/units/USD/146,6b91c11610a22ab8295980ece8a8f1ad2e888db4ef6582451d96c639d22e4911
0001326160-0001326160-25-000168-us-gaap:Assets-USD--2025-06-30,0001326160-0001326160-25-000168,R2,us-gaap:Assets,total_assets,USD,,2025-06-30,189713000000,facts/us-gaap/Assets/units/USD/151,58c9775b9e34c2888a4122c374e31a2a75ed4c7d14861a8018b9fbae87e259c5
0001326160-0001326160-25-000168-us-gaap:RegulatedAndUnregulatedOperatingRevenue-USD-2024-01-01-2024-06-30,0001326160-0001326160-25-000168,R0b,us-gaap:RegulatedAndUnregulatedOperatingRevenue,total_revenue,USD,2024-01-01,2024-06-30,14843000000,facts/us-gaap/RegulatedAndUnregulatedOperatingRevenue/units/USD/153,d3d138e59a2af294cf4bf866930e87350950d0fc5c34d83c5a18d73f22869c34
0001326160-0001326160-25-000168-us-gaap:RegulatedAndUnregulatedOperatingRevenue-USD-2024-04-01-2024-06-30,0001326160-0001326160-25-000168,R0b,us-gaap:RegulatedAndUnregulatedOperatingRevenue,total_revenue,USD,2024-04-01,2024-06-30,7172000000,facts/us-gaap/RegulatedAndUnregulatedOperatingRevenue/units/USD/155,beb75ad7628f1c6d79f6c1833c4ff77c467d0bde74c2637f5b1afd9a08e2b16b
0001326160-0001326160-25-000168-us-gaap:RegulatedAndUnregulatedOperatingRevenue-USD-2025-01-01-2025-06-30,0001326160-0001326160-25-000168,R0b,us-gaap:RegulatedAndUnregulatedOperatingRevenue,total_revenue,USD,2025-01-01,2025-06-30,15757000000,facts/us-gaap/RegulatedAndUnregulatedOperatingRevenue/units/USD/164,23f6cd1b7d45d3d583fdc9502730a67545e93d9a647d867d0349bd31c2f7479a
0001326160-0001326160-25-000168-us-gaap:RegulatedAndUnregulatedOperatingRevenue-USD-2025-04-01-2025-06-30,0001326160-0001326160-25-000168,R0b,us-gaap:RegulatedAndUnregulatedOperatingRevenue,total_revenue,USD,2025-04-01,2025-06-30,7508000000,facts/us-gaap/RegulatedAndUnregulatedOperatingRevenue/units/USD/165,b0523646a74c6df0be9928b45b6cbc2a316f6f8c0b9cad29bfd3eb1a89e817e6
0001326160-0001326160-25-000168-us-gaap:RevenueFromContractWithCustomerIncludingAssessedTax-USD-2024-01-01-2024-06-30,0001326160-0001326160-25-000168,R1b,us-gaap:RevenueFromContractWithCustomerIncludingAssessedTax,revenue_from_contracts_with_customers_including_assessed_tax,USD,2024-01-01,2024-06-30,14683000000,facts/us-gaap/RevenueFromContractWithCustomerIncludingAssessedTax/units/USD/80,8bed4c3663b33321bf53a1acc59a9b40fa9235f86ed3813e4efb92a90c049ecc
0001326160-0001326160-25-000168-us-gaap:RevenueFromContractWithCustomerIncludingAssessedTax-USD-2024-04-01-2024-06-30,0001326160-0001326160-25-000168,R1b,us-gaap:RevenueFromContractWithCustomerIncludingAssessedTax,revenue_from_contracts_with_customers_including_assessed_tax,USD,2024-04-01,2024-06-30,7151000000,facts/us-gaap/RevenueFromContractWithCustomerIncludingAssessedTax/units/USD/82,861269e86a6951795a5a8c32d6486966590739bc3991a9a393750d5a0ce64bdd
0001326160-0001326160-25-000168-us-gaap:RevenueFromContractWithCustomerIncludingAssessedTax-USD-2025-01-01-2025-06-30,0001326160-0001326160-25-000168,R1b,us-gaap:RevenueFromContractWithCustomerIncludingAssessedTax,revenue_from_contracts_with_customers_including_assessed_tax,USD,2025-01-01,2025-06-30,15591000000,facts/us-gaap/RevenueFromContractWithCustomerIncludingAssessedTax/units/USD/91,0edde0421b61481fa61672855d5178d783fdac90cd1fd408c463075a22058d72
0001326160-0001326160-25-000168-us-gaap:RevenueFromContractWithCustomerIncludingAssessedTax-USD-2025-04-01-2025-06-30,0001326160-0001326160-25-000168,R1b,us-gaap:RevenueFromContractWithCustomerIncludingAssessedTax,revenue_from_contracts_with_customers_including_assessed_tax,USD,2025-04-01,2025-06-30,7373000000,facts/us-gaap/RevenueFromContractWithCustomerIncludingAssessedTax/units/USD/92,f824ef860a4c45bcf7835ea656f16a02e31a7f4f1a67df4b783de40ecab13b17
0001326160-0001326160-25-000192-us-gaap:Assets-USD--2024-12-31,0001326160-0001326160-25-000192,R2,us-gaap:Assets,total_assets,USD,,2024-12-31,186343000000,facts/us-gaap/Assets/units/USD/147,2139b89430205d6ff318c2630d9a872a725b84035700cda52c6ccd55537645d3
0001326160-0001326160-25-000192-us-gaap:Assets-USD--2025-09-30,0001326160-0001326160-25-000192,R2,us-gaap:Assets,total_assets,USD,,2025-09-30,192293000000,facts/us-gaap/Assets/units/USD/152,dad00f44af5ccadc51dbd57fe5c9b8ee1d97973c1811b4c67c4301165cc5486d
0001326160-0001326160-25-000192-us-gaap:RegulatedAndUnregulatedOperatingRevenue-USD-2024-01-01-2024-09-30,0001326160-0001326160-25-000192,R0b,us-gaap:RegulatedAndUnregulatedOperatingRevenue,total_revenue,USD,2024-01-01,2024-09-30,22997000000,facts/us-gaap/RegulatedAndUnregulatedOperatingRevenue/units/USD/157,e7f9e12b114c87a3da1567c66362e3ff5c85d123a07a887b8478be19af6d836a
0001326160-0001326160-25-000192-us-gaap:RegulatedAndUnregulatedOperatingRevenue-USD-2024-07-01-2024-09-30,0001326160-0001326160-25-000192,R0b,us-gaap:RegulatedAndUnregulatedOperatingRevenue,total_revenue,USD,2024-07-01,2024-09-30,8154000000,facts/us-gaap/RegulatedAndUnregulatedOperatingRevenue/units/USD/159,cf38d65a47160e8d7c6b6e5d7e81b307350ad1f56b25b49771c722d11583dae3
0001326160-0001326160-25-000192-us-gaap:RegulatedAndUnregulatedOperatingRevenue-USD-2025-01-01-2025-09-30,0001326160-0001326160-25-000192,R0b,us-gaap:RegulatedAndUnregulatedOperatingRevenue,total_revenue,USD,2025-01-01,2025-09-30,24299000000,facts/us-gaap/RegulatedAndUnregulatedOperatingRevenue/units/USD/166,dc7686336ff35f15acd8511002c442719c87ed5e168fcc69f5e8603a70b40e67
0001326160-0001326160-25-000192-us-gaap:RegulatedAndUnregulatedOperatingRevenue-USD-2025-07-01-2025-09-30,0001326160-0001326160-25-000192,R0b,us-gaap:RegulatedAndUnregulatedOperatingRevenue,total_revenue,USD,2025-07-01,2025-09-30,8542000000,facts/us-gaap/RegulatedAndUnregulatedOperatingRevenue/units/USD/167,cd1058df378d05c23a36ea94ff14a7b2c904de478c17f570ec19f434ddf90556
0001326160-0001326160-25-000192-us-gaap:RevenueFromContractWithCustomerIncludingAssessedTax-USD-2024-01-01-2024-09-30,0001326160-0001326160-25-000192,R1b,us-gaap:RevenueFromContractWithCustomerIncludingAssessedTax,revenue_from_contracts_with_customers_including_assessed_tax,USD,2024-01-01,2024-09-30,22810000000,facts/us-gaap/RevenueFromContractWithCustomerIncludingAssessedTax/units/USD/84,44e05dced4dc87f9432658b3b8dacc1fd9ce60809c5ed08274c1000f2238a32d
0001326160-0001326160-25-000192-us-gaap:RevenueFromContractWithCustomerIncludingAssessedTax-USD-2024-07-01-2024-09-30,0001326160-0001326160-25-000192,R1b,us-gaap:RevenueFromContractWithCustomerIncludingAssessedTax,revenue_from_contracts_with_customers_including_assessed_tax,USD,2024-07-01,2024-09-30,8127000000,facts/us-gaap/RevenueFromContractWithCustomerIncludingAssessedTax/units/USD/86,a202f36ca7c081124825d1a7d0a87071acb1b2ce795fd99402ed8c26cbd5bd48
0001326160-0001326160-25-000192-us-gaap:RevenueFromContractWithCustomerIncludingAssessedTax-USD-2025-01-01-2025-09-30,0001326160-0001326160-25-000192,R1b,us-gaap:RevenueFromContractWithCustomerIncludingAssessedTax,revenue_from_contracts_with_customers_including_assessed_tax,USD,2025-01-01,2025-09-30,23968000000,facts/us-gaap/RevenueFromContractWithCustomerIncludingAssessedTax/units/USD/93,a8588f5bcc62baf52cb5a826d99c8c4909f0ab040cbe0299859d8f24e16d2844
0001326160-0001326160-25-000192-us-gaap:RevenueFromContractWithCustomerIncludingAssessedTax-USD-2025-07-01-2025-09-30,0001326160-0001326160-25-000192,R1b,us-gaap:RevenueFromContractWithCustomerIncludingAssessedTax,revenue_from_contracts_with_customers_including_assessed_tax,USD,2025-07-01,2025-09-30,8377000000,facts/us-gaap/RevenueFromContractWithCustomerIncludingAssessedTax/units/USD/94,1a27310821b351b5c95f479c859d9fbaa106f71e449d2851d86677a9bb51e66d
0001326160-0001326160-26-000014-us-gaap:Assets-USD--2023-12-31,0001326160-0001326160-26-000014,R2,us-gaap:Assets,total_assets,USD,,2023-12-31,176893000000,facts/us-gaap/Assets/units/USD/138,6cdd62022a90433a6e302dfd6ac249dc60787b80d899259b837f30318119f382
0001326160-0001326160-26-000014-us-gaap:Assets-USD--2024-12-31,0001326160-0001326160-26-000014,R2,us-gaap:Assets,total_assets,USD,,2024-12-31,186343000000,facts/us-gaap/Assets/units/USD/148,3899ba8273464fae51545a38ae953f7b91184c82930360d3832750b8327f26e7
0001326160-0001326160-26-000014-us-gaap:Assets-USD--2025-12-31,0001326160-0001326160-26-000014,R2,us-gaap:Assets,total_assets,USD,,2025-12-31,195736000000,facts/us-gaap/Assets/units/USD/153,059066f6fdcc743492625b20632e7c40d5076b0d676750055cdb835f81c47076
0001326160-0001326160-26-000014-us-gaap:RegulatedAndUnregulatedOperatingRevenue-USD-2023-01-01-2023-12-31,0001326160-0001326160-26-000014,R0b,us-gaap:RegulatedAndUnregulatedOperatingRevenue,total_revenue,USD,2023-01-01,2023-12-31,29060000000,facts/us-gaap/RegulatedAndUnregulatedOperatingRevenue/units/USD/148,1572c26c8474ac6d46b731c3eb6b3fdb58f3510d15ce21d89928c90cb385e9cc
0001326160-0001326160-26-000014-us-gaap:RegulatedAndUnregulatedOperatingRevenue-USD-2024-01-01-2024-12-31,0001326160-0001326160-26-000014,R0b,us-gaap:RegulatedAndUnregulatedOperatingRevenue,total_revenue,USD,2024-01-01,2024-12-31,30357000000,facts/us-gaap/RegulatedAndUnregulatedOperatingRevenue/units/USD/161,4149e1b0ee62e9c80deb63d60549e9ee0cac806414a5108c3f83e11fa7e4185e
0001326160-0001326160-26-000014-us-gaap:RegulatedAndUnregulatedOperatingRevenue-USD-2025-01-01-2025-12-31,0001326160-0001326160-26-000014,R0b,us-gaap:RegulatedAndUnregulatedOperatingRevenue,total_revenue,USD,2025-01-01,2025-12-31,32237000000,facts/us-gaap/RegulatedAndUnregulatedOperatingRevenue/units/USD/168,c9d1166ee2f2f76ebbd1867642e633c99436fd1f8a549d2a75ed8db7b8f39c39
0001326160-0001326160-26-000014-us-gaap:RevenueFromContractWithCustomerIncludingAssessedTax-USD-2023-01-01-2023-12-31,0001326160-0001326160-26-000014,R1b,us-gaap:RevenueFromContractWithCustomerIncludingAssessedTax,revenue_from_contracts_with_customers_including_assessed_tax,USD,2023-01-01,2023-12-31,28674000000,facts/us-gaap/RevenueFromContractWithCustomerIncludingAssessedTax/units/USD/76,627faf13e5aee25c2d5b8a3fdf4c05788ba522e1a799e50b3f3256fe9f0e0b79
0001326160-0001326160-26-000014-us-gaap:RevenueFromContractWithCustomerIncludingAssessedTax-USD-2024-01-01-2024-12-31,0001326160-0001326160-26-000014,R1b,us-gaap:RevenueFromContractWithCustomerIncludingAssessedTax,revenue_from_contracts_with_customers_including_assessed_tax,USD,2024-01-01,2024-12-31,30050000000,facts/us-gaap/RevenueFromContractWithCustomerIncludingAssessedTax/units/USD/88,d32aae01b494daad2f8a5035e5f89c07170d4cead1978d1f5fc3b928bacbe699
0001326160-0001326160-26-000014-us-gaap:RevenueFromContractWithCustomerIncludingAssessedTax-USD-2025-01-01-2025-12-31,0001326160-0001326160-26-000014,R1b,us-gaap:RevenueFromContractWithCustomerIncludingAssessedTax,revenue_from_contracts_with_customers_including_assessed_tax,USD,2025-01-01,2025-12-31,31741000000,facts/us-gaap/RevenueFromContractWithCustomerIncludingAssessedTax/units/USD/95,7ab59b62523161275fc2d812c3b7a5144a1fb951fc24de7653fb82b78da522d4
0001326160-0001326160-26-000026-us-gaap:Assets-USD--2025-03-31,0001326160-0001326160-26-000026,R2,us-gaap:Assets,total_assets,USD,,2025-03-31,195736000000,facts/us-gaap/Assets/units/USD/150,4095a66174f4ecce99d3713d2c16fc765d62de667102dc1b4f5aafe0315e720a
0001326160-0001326160-26-000026-us-gaap:Assets-USD--2025-12-31,0001326160-0001326160-26-000026,R2,us-gaap:Assets,total_assets,USD,,2025-12-31,195736000000,facts/us-gaap/Assets/units/USD/154,fa44d078a8dc018c51bff0e7e45279fced091081df04f64efd13d66b22270986
0001326160-0001326160-26-000026-us-gaap:Assets-USD--2026-03-31,0001326160-0001326160-26-000026,R2,us-gaap:Assets,total_assets,USD,,2026-03-31,198048000000,facts/us-gaap/Assets/units/USD/155,a7aba8b9603cdddab9b90bdf11418b175ea7c2cf2832bf2cdde9beeadce865fe
0001326160-0001326160-26-000026-us-gaap:RegulatedAndUnregulatedOperatingRevenue-USD-2025-01-01-2025-03-31,0001326160-0001326160-26-000026,R0b,us-gaap:RegulatedAndUnregulatedOperatingRevenue,total_revenue,USD,2025-01-01,2025-03-31,8249000000,facts/us-gaap/RegulatedAndUnregulatedOperatingRevenue/units/USD/163,fa55587b55ca310b7df62adbbd498878b7dcd2e760aec3d5511f5c260fbfe94d
0001326160-0001326160-26-000026-us-gaap:RegulatedAndUnregulatedOperatingRevenue-USD-2026-01-01-2026-03-31,0001326160-0001326160-26-000026,R0b,us-gaap:RegulatedAndUnregulatedOperatingRevenue,total_revenue,USD,2026-01-01,2026-03-31,9178000000,facts/us-gaap/RegulatedAndUnregulatedOperatingRevenue/units/USD/169,3a19deb83e18714237fea8984711eaab9fe3c4a438868e0979bfccb80f80b845
0001326160-0001326160-26-000026-us-gaap:RevenueFromContractWithCustomerIncludingAssessedTax-USD-2025-01-01-2025-03-31,0001326160-0001326160-26-000026,R1b,us-gaap:RevenueFromContractWithCustomerIncludingAssessedTax,revenue_from_contracts_with_customers_including_assessed_tax,USD,2025-01-01,2025-03-31,8218000000,facts/us-gaap/RevenueFromContractWithCustomerIncludingAssessedTax/units/USD/90,c475286980e882bf550f895d0b5925ff1aeafddf366bb075a2ce10014a263e88
0001326160-0001326160-26-000026-us-gaap:RevenueFromContractWithCustomerIncludingAssessedTax-USD-2026-01-01-2026-03-31,0001326160-0001326160-26-000026,R1b,us-gaap:RevenueFromContractWithCustomerIncludingAssessedTax,revenue_from_contracts_with_customers_including_assessed_tax,USD,2026-01-01,2026-03-31,8995000000,facts/us-gaap/RevenueFromContractWithCustomerIncludingAssessedTax/units/USD/96,6a539061d21a00e32ef4dfc6908013ca1cc38af86b4b614d21644296bc106959
