n,fichier,cle,colonne,ancienne_valeur,nouvelle_valeur,auteur,saisi_le,preuve,note
1,concept_map,dei:EntityCommonStockSharesOutstanding,source_concept,,dei:EntityCommonStockSharesOutstanding,"edgar_normalize.py (règles edgar_v1 sha256:f95d7e2287bb49a3, automatique)",2026-09-28T13:10:15+00:00,url:https://data.sec.gov/api/xbrl/companyfacts/CIK0000789019.json,"règle R3 (edgar_v1) ; libellé taxonomie : Entity Common Stock, Shares Outstanding"
2,concept_map,dei:EntityCommonStockSharesOutstanding,normalized_concept,,shares_outstanding,"edgar_normalize.py (règles edgar_v1 sha256:f95d7e2287bb49a3, automatique)",2026-09-28T13:10:15+00:00,url:https://data.sec.gov/api/xbrl/companyfacts/CIK0000789019.json,"règle R3 (edgar_v1) ; libellé taxonomie : Entity Common Stock, Shares Outstanding"
3,concept_map,dei:EntityCommonStockSharesOutstanding,justification,,"Nombre d'actions en circulation déclaré en page de couverture, à la date indiquée (postérieure à la clôture). Par catégorie d'actions : exige une catégorie unique établie (règle C1). Définition (dei) : « Indicate number of shares or other units outstanding of each of registrant's classes of capital or common stock or other ownership interests, if and as stated on cover of related periodic report. Where multiple classes or units exist define each class/interest by adding class of stock items such as Common Class A [Member], Common Class B [Member] or Partnership Interest [Member] onto the Instrument [Domain] of the Entity Listings, Instrument. »","edgar_normalize.py (règles edgar_v1 sha256:f95d7e2287bb49a3, automatique)",2026-09-28T13:10:15+00:00,url:https://data.sec.gov/api/xbrl/companyfacts/CIK0000789019.json,"règle R3 (edgar_v1) ; libellé taxonomie : Entity Common Stock, Shares Outstanding"
4,facts,0000789019-0001564590-20-047996-dei:EntityCommonStockSharesOutstanding-shares--2020-10-22,source_context,,companyfacts;entite=CIK0000789019;periode=2020-10-22;segment=aucun(deduit D1),"edgar_normalize.py (règles edgar_v1 sha256:f95d7e2287bb49a3, automatique)",2026-09-28T13:10:15+00:00,doc:0000789019-0001564590-20-047996,X1
5,facts,0000789019-0001564590-20-047996-dei:EntityCommonStockSharesOutstanding-shares--2020-10-22,source_dimensions,INCONNU,,"edgar_normalize.py (règles edgar_v1 sha256:f95d7e2287bb49a3, automatique)",2026-09-28T13:10:15+00:00,doc:0000789019-0001564590-20-047996,D1 : une seule valeur brute pour cette clé
6,facts,0000789019-0001564590-20-047996-dei:EntityCommonStockSharesOutstanding-shares--2020-10-22,share_class,INCONNU,ordinaire (déduit C1 : titre coté unique MSFT),"edgar_normalize.py (règles edgar_v1 sha256:f95d7e2287bb49a3, automatique)",2026-09-28T13:10:15+00:00,doc:0000789019-0001564590-20-047996,C1
7,facts,0000789019-0001564590-20-047996-dei:EntityCommonStockSharesOutstanding-shares--2020-10-22,normalized_concept,,shares_outstanding,"edgar_normalize.py (règles edgar_v1 sha256:f95d7e2287bb49a3, automatique)",2026-09-28T13:10:15+00:00,doc:0000789019-0001564590-20-047996,R3
8,facts,0000789019-0001564590-20-047996-dei:EntityCommonStockSharesOutstanding-shares--2020-10-22,transformation,,aucune,"edgar_normalize.py (règles edgar_v1 sha256:f95d7e2287bb49a3, automatique)",2026-09-28T13:10:15+00:00,doc:0000789019-0001564590-20-047996,T1
9,facts,0000789019-0001564590-20-047996-dei:EntityCommonStockSharesOutstanding-shares--2020-10-22,value,,7560495969,"edgar_normalize.py (règles edgar_v1 sha256:f95d7e2287bb49a3, automatique)",2026-09-28T13:10:15+00:00,doc:0000789019-0001564590-20-047996,T1
10,facts,0000789019-0001564590-20-047996-dei:EntityCommonStockSharesOutstanding-shares--2020-10-22,normalization_justification,,"Règle R3 (edgar_v1) : dei:EntityCommonStockSharesOutstanding [shares, instant] -> shares_outstanding. Valeur reprise telle quelle (T1). Dimensions : aucune, déduit (D1). Entrée brute facts/dei/EntityCommonStockSharesOutstanding/units/shares/44 (sha256 f4e8b111c850086f…). À confirmer sur l'instance XBRL.","edgar_normalize.py (règles edgar_v1 sha256:f95d7e2287bb49a3, automatique)",2026-09-28T13:10:15+00:00,doc:0000789019-0001564590-20-047996,R3
11,facts,0000789019-0001564590-21-002316-dei:EntityCommonStockSharesOutstanding-shares--2021-01-21,source_context,,companyfacts;entite=CIK0000789019;periode=2021-01-21;segment=aucun(deduit D1),"edgar_normalize.py (règles edgar_v1 sha256:f95d7e2287bb49a3, automatique)",2026-09-28T13:10:15+00:00,doc:0000789019-0001564590-21-002316,X1
12,facts,0000789019-0001564590-21-002316-dei:EntityCommonStockSharesOutstanding-shares--2021-01-21,source_dimensions,INCONNU,,"edgar_normalize.py (règles edgar_v1 sha256:f95d7e2287bb49a3, automatique)",2026-09-28T13:10:15+00:00,doc:0000789019-0001564590-21-002316,D1 : une seule valeur brute pour cette clé
13,facts,0000789019-0001564590-21-002316-dei:EntityCommonStockSharesOutstanding-shares--2021-01-21,share_class,INCONNU,ordinaire (déduit C1 : titre coté unique MSFT),"edgar_normalize.py (règles edgar_v1 sha256:f95d7e2287bb49a3, automatique)",2026-09-28T13:10:15+00:00,doc:0000789019-0001564590-21-002316,C1
14,facts,0000789019-0001564590-21-002316-dei:EntityCommonStockSharesOutstanding-shares--2021-01-21,normalized_concept,,shares_outstanding,"edgar_normalize.py (règles edgar_v1 sha256:f95d7e2287bb49a3, automatique)",2026-09-28T13:10:15+00:00,doc:0000789019-0001564590-21-002316,R3
15,facts,0000789019-0001564590-21-002316-dei:EntityCommonStockSharesOutstanding-shares--2021-01-21,transformation,,aucune,"edgar_normalize.py (règles edgar_v1 sha256:f95d7e2287bb49a3, automatique)",2026-09-28T13:10:15+00:00,doc:0000789019-0001564590-21-002316,T1
16,facts,0000789019-0001564590-21-002316-dei:EntityCommonStockSharesOutstanding-shares--2021-01-21,value,,7542215767,"edgar_normalize.py (règles edgar_v1 sha256:f95d7e2287bb49a3, automatique)",2026-09-28T13:10:15+00:00,doc:0000789019-0001564590-21-002316,T1
17,facts,0000789019-0001564590-21-002316-dei:EntityCommonStockSharesOutstanding-shares--2021-01-21,normalization_justification,,"Règle R3 (edgar_v1) : dei:EntityCommonStockSharesOutstanding [shares, instant] -> shares_outstanding. Valeur reprise telle quelle (T1). Dimensions : aucune, déduit (D1). Entrée brute facts/dei/EntityCommonStockSharesOutstanding/units/shares/45 (sha256 498496f9819b1506…). À confirmer sur l'instance XBRL.","edgar_normalize.py (règles edgar_v1 sha256:f95d7e2287bb49a3, automatique)",2026-09-28T13:10:15+00:00,doc:0000789019-0001564590-21-002316,R3
18,facts,0000789019-0001564590-21-020891-dei:EntityCommonStockSharesOutstanding-shares--2021-04-22,source_context,,companyfacts;entite=CIK0000789019;periode=2021-04-22;segment=aucun(deduit D1),"edgar_normalize.py (règles edgar_v1 sha256:f95d7e2287bb49a3, automatique)",2026-09-28T13:10:15+00:00,doc:0000789019-0001564590-21-020891,X1
19,facts,0000789019-0001564590-21-020891-dei:EntityCommonStockSharesOutstanding-shares--2021-04-22,source_dimensions,INCONNU,,"edgar_normalize.py (règles edgar_v1 sha256:f95d7e2287bb49a3, automatique)",2026-09-28T13:10:15+00:00,doc:0000789019-0001564590-21-020891,D1 : une seule valeur brute pour cette clé
20,facts,0000789019-0001564590-21-020891-dei:EntityCommonStockSharesOutstanding-shares--2021-04-22,share_class,INCONNU,ordinaire (déduit C1 : titre coté unique MSFT),"edgar_normalize.py (règles edgar_v1 sha256:f95d7e2287bb49a3, automatique)",2026-09-28T13:10:15+00:00,doc:0000789019-0001564590-21-020891,C1
21,facts,0000789019-0001564590-21-020891-dei:EntityCommonStockSharesOutstanding-shares--2021-04-22,normalized_concept,,shares_outstanding,"edgar_normalize.py (règles edgar_v1 sha256:f95d7e2287bb49a3, automatique)",2026-09-28T13:10:15+00:00,doc:0000789019-0001564590-21-020891,R3
22,facts,0000789019-0001564590-21-020891-dei:EntityCommonStockSharesOutstanding-shares--2021-04-22,transformation,,aucune,"edgar_normalize.py (règles edgar_v1 sha256:f95d7e2287bb49a3, automatique)",2026-09-28T13:10:15+00:00,doc:0000789019-0001564590-21-020891,T1
23,facts,0000789019-0001564590-21-020891-dei:EntityCommonStockSharesOutstanding-shares--2021-04-22,value,,7531574551,"edgar_normalize.py (règles edgar_v1 sha256:f95d7e2287bb49a3, automatique)",2026-09-28T13:10:15+00:00,doc:0000789019-0001564590-21-020891,T1
24,facts,0000789019-0001564590-21-020891-dei:EntityCommonStockSharesOutstanding-shares--2021-04-22,normalization_justification,,"Règle R3 (edgar_v1) : dei:EntityCommonStockSharesOutstanding [shares, instant] -> shares_outstanding. Valeur reprise telle quelle (T1). Dimensions : aucune, déduit (D1). Entrée brute facts/dei/EntityCommonStockSharesOutstanding/units/shares/46 (sha256 659bf998cb5f7cde…). À confirmer sur l'instance XBRL.","edgar_normalize.py (règles edgar_v1 sha256:f95d7e2287bb49a3, automatique)",2026-09-28T13:10:15+00:00,doc:0000789019-0001564590-21-020891,R3
25,facts,0000789019-0001564590-21-039151-dei:EntityCommonStockSharesOutstanding-shares--2021-07-26,source_context,,companyfacts;entite=CIK0000789019;periode=2021-07-26;segment=aucun(deduit D1),"edgar_normalize.py (règles edgar_v1 sha256:f95d7e2287bb49a3, automatique)",2026-09-28T13:10:15+00:00,doc:0000789019-0001564590-21-039151,X1
26,facts,0000789019-0001564590-21-039151-dei:EntityCommonStockSharesOutstanding-shares--2021-07-26,source_dimensions,INCONNU,,"edgar_normalize.py (règles edgar_v1 sha256:f95d7e2287bb49a3, automatique)",2026-09-28T13:10:15+00:00,doc:0000789019-0001564590-21-039151,D1 : une seule valeur brute pour cette clé
27,facts,0000789019-0001564590-21-039151-dei:EntityCommonStockSharesOutstanding-shares--2021-07-26,share_class,INCONNU,ordinaire (déduit C1 : titre coté unique MSFT),"edgar_normalize.py (règles edgar_v1 sha256:f95d7e2287bb49a3, automatique)",2026-09-28T13:10:15+00:00,doc:0000789019-0001564590-21-039151,C1
28,facts,0000789019-0001564590-21-039151-dei:EntityCommonStockSharesOutstanding-shares--2021-07-26,normalized_concept,,shares_outstanding,"edgar_normalize.py (règles edgar_v1 sha256:f95d7e2287bb49a3, automatique)",2026-09-28T13:10:15+00:00,doc:0000789019-0001564590-21-039151,R3
29,facts,0000789019-0001564590-21-039151-dei:EntityCommonStockSharesOutstanding-shares--2021-07-26,transformation,,aucune,"edgar_normalize.py (règles edgar_v1 sha256:f95d7e2287bb49a3, automatique)",2026-09-28T13:10:15+00:00,doc:0000789019-0001564590-21-039151,T1
30,facts,0000789019-0001564590-21-039151-dei:EntityCommonStockSharesOutstanding-shares--2021-07-26,value,,7514891248,"edgar_normalize.py (règles edgar_v1 sha256:f95d7e2287bb49a3, automatique)",2026-09-28T13:10:15+00:00,doc:0000789019-0001564590-21-039151,T1
31,facts,0000789019-0001564590-21-039151-dei:EntityCommonStockSharesOutstanding-shares--2021-07-26,normalization_justification,,"Règle R3 (edgar_v1) : dei:EntityCommonStockSharesOutstanding [shares, instant] -> shares_outstanding. Valeur reprise telle quelle (T1). Dimensions : aucune, déduit (D1). Entrée brute facts/dei/EntityCommonStockSharesOutstanding/units/shares/47 (sha256 ce9c32a47c7135de…). À confirmer sur l'instance XBRL.","edgar_normalize.py (règles edgar_v1 sha256:f95d7e2287bb49a3, automatique)",2026-09-28T13:10:15+00:00,doc:0000789019-0001564590-21-039151,R3
32,facts,0000789019-0001564590-21-051992-dei:EntityCommonStockSharesOutstanding-shares--2021-10-21,source_context,,companyfacts;entite=CIK0000789019;periode=2021-10-21;segment=aucun(deduit D1),"edgar_normalize.py (règles edgar_v1 sha256:f95d7e2287bb49a3, automatique)",2026-09-28T13:10:15+00:00,doc:0000789019-0001564590-21-051992,X1
33,facts,0000789019-0001564590-21-051992-dei:EntityCommonStockSharesOutstanding-shares--2021-10-21,source_dimensions,INCONNU,,"edgar_normalize.py (règles edgar_v1 sha256:f95d7e2287bb49a3, automatique)",2026-09-28T13:10:15+00:00,doc:0000789019-0001564590-21-051992,D1 : une seule valeur brute pour cette clé
34,facts,0000789019-0001564590-21-051992-dei:EntityCommonStockSharesOutstanding-shares--2021-10-21,share_class,INCONNU,ordinaire (déduit C1 : titre coté unique MSFT),"edgar_normalize.py (règles edgar_v1 sha256:f95d7e2287bb49a3, automatique)",2026-09-28T13:10:15+00:00,doc:0000789019-0001564590-21-051992,C1
35,facts,0000789019-0001564590-21-051992-dei:EntityCommonStockSharesOutstanding-shares--2021-10-21,normalized_concept,,shares_outstanding,"edgar_normalize.py (règles edgar_v1 sha256:f95d7e2287bb49a3, automatique)",2026-09-28T13:10:15+00:00,doc:0000789019-0001564590-21-051992,R3
36,facts,0000789019-0001564590-21-051992-dei:EntityCommonStockSharesOutstanding-shares--2021-10-21,transformation,,aucune,"edgar_normalize.py (règles edgar_v1 sha256:f95d7e2287bb49a3, automatique)",2026-09-28T13:10:15+00:00,doc:0000789019-0001564590-21-051992,T1
37,facts,0000789019-0001564590-21-051992-dei:EntityCommonStockSharesOutstanding-shares--2021-10-21,value,,7507980444,"edgar_normalize.py (règles edgar_v1 sha256:f95d7e2287bb49a3, automatique)",2026-09-28T13:10:15+00:00,doc:0000789019-0001564590-21-051992,T1
38,facts,0000789019-0001564590-21-051992-dei:EntityCommonStockSharesOutstanding-shares--2021-10-21,normalization_justification,,"Règle R3 (edgar_v1) : dei:EntityCommonStockSharesOutstanding [shares, instant] -> shares_outstanding. Valeur reprise telle quelle (T1). Dimensions : aucune, déduit (D1). Entrée brute facts/dei/EntityCommonStockSharesOutstanding/units/shares/48 (sha256 e4b4972bff0591b1…). À confirmer sur l'instance XBRL.","edgar_normalize.py (règles edgar_v1 sha256:f95d7e2287bb49a3, automatique)",2026-09-28T13:10:15+00:00,doc:0000789019-0001564590-21-051992,R3
39,facts,0000789019-0001564590-22-002324-dei:EntityCommonStockSharesOutstanding-shares--2022-01-20,source_context,,companyfacts;entite=CIK0000789019;periode=2022-01-20;segment=aucun(deduit D1),"edgar_normalize.py (règles edgar_v1 sha256:f95d7e2287bb49a3, automatique)",2026-09-28T13:10:15+00:00,doc:0000789019-0001564590-22-002324,X1
40,facts,0000789019-0001564590-22-002324-dei:EntityCommonStockSharesOutstanding-shares--2022-01-20,source_dimensions,INCONNU,,"edgar_normalize.py (règles edgar_v1 sha256:f95d7e2287bb49a3, automatique)",2026-09-28T13:10:15+00:00,doc:0000789019-0001564590-22-002324,D1 : une seule valeur brute pour cette clé
41,facts,0000789019-0001564590-22-002324-dei:EntityCommonStockSharesOutstanding-shares--2022-01-20,share_class,INCONNU,ordinaire (déduit C1 : titre coté unique MSFT),"edgar_normalize.py (règles edgar_v1 sha256:f95d7e2287bb49a3, automatique)",2026-09-28T13:10:15+00:00,doc:0000789019-0001564590-22-002324,C1
42,facts,0000789019-0001564590-22-002324-dei:EntityCommonStockSharesOutstanding-shares--2022-01-20,normalized_concept,,shares_outstanding,"edgar_normalize.py (règles edgar_v1 sha256:f95d7e2287bb49a3, automatique)",2026-09-28T13:10:15+00:00,doc:0000789019-0001564590-22-002324,R3
43,facts,0000789019-0001564590-22-002324-dei:EntityCommonStockSharesOutstanding-shares--2022-01-20,transformation,,aucune,"edgar_normalize.py (règles edgar_v1 sha256:f95d7e2287bb49a3, automatique)",2026-09-28T13:10:15+00:00,doc:0000789019-0001564590-22-002324,T1
44,facts,0000789019-0001564590-22-002324-dei:EntityCommonStockSharesOutstanding-shares--2022-01-20,value,,7496866428,"edgar_normalize.py (règles edgar_v1 sha256:f95d7e2287bb49a3, automatique)",2026-09-28T13:10:15+00:00,doc:0000789019-0001564590-22-002324,T1
45,facts,0000789019-0001564590-22-002324-dei:EntityCommonStockSharesOutstanding-shares--2022-01-20,normalization_justification,,"Règle R3 (edgar_v1) : dei:EntityCommonStockSharesOutstanding [shares, instant] -> shares_outstanding. Valeur reprise telle quelle (T1). Dimensions : aucune, déduit (D1). Entrée brute facts/dei/EntityCommonStockSharesOutstanding/units/shares/49 (sha256 21d4af6f7f1bfffe…). À confirmer sur l'instance XBRL.","edgar_normalize.py (règles edgar_v1 sha256:f95d7e2287bb49a3, automatique)",2026-09-28T13:10:15+00:00,doc:0000789019-0001564590-22-002324,R3
46,facts,0000789019-0001564590-22-015675-dei:EntityCommonStockSharesOutstanding-shares--2022-04-21,source_context,,companyfacts;entite=CIK0000789019;periode=2022-04-21;segment=aucun(deduit D1),"edgar_normalize.py (règles edgar_v1 sha256:f95d7e2287bb49a3, automatique)",2026-09-28T13:10:15+00:00,doc:0000789019-0001564590-22-015675,X1
47,facts,0000789019-0001564590-22-015675-dei:EntityCommonStockSharesOutstanding-shares--2022-04-21,source_dimensions,INCONNU,,"edgar_normalize.py (règles edgar_v1 sha256:f95d7e2287bb49a3, automatique)",2026-09-28T13:10:15+00:00,doc:0000789019-0001564590-22-015675,D1 : une seule valeur brute pour cette clé
48,facts,0000789019-0001564590-22-015675-dei:EntityCommonStockSharesOutstanding-shares--2022-04-21,share_class,INCONNU,ordinaire (déduit C1 : titre coté unique MSFT),"edgar_normalize.py (règles edgar_v1 sha256:f95d7e2287bb49a3, automatique)",2026-09-28T13:10:15+00:00,doc:0000789019-0001564590-22-015675,C1
49,facts,0000789019-0001564590-22-015675-dei:EntityCommonStockSharesOutstanding-shares--2022-04-21,normalized_concept,,shares_outstanding,"edgar_normalize.py (règles edgar_v1 sha256:f95d7e2287bb49a3, automatique)",2026-09-28T13:10:15+00:00,doc:0000789019-0001564590-22-015675,R3
50,facts,0000789019-0001564590-22-015675-dei:EntityCommonStockSharesOutstanding-shares--2022-04-21,transformation,,aucune,"edgar_normalize.py (règles edgar_v1 sha256:f95d7e2287bb49a3, automatique)",2026-09-28T13:10:15+00:00,doc:0000789019-0001564590-22-015675,T1
51,facts,0000789019-0001564590-22-015675-dei:EntityCommonStockSharesOutstanding-shares--2022-04-21,value,,7479033135,"edgar_normalize.py (règles edgar_v1 sha256:f95d7e2287bb49a3, automatique)",2026-09-28T13:10:15+00:00,doc:0000789019-0001564590-22-015675,T1
52,facts,0000789019-0001564590-22-015675-dei:EntityCommonStockSharesOutstanding-shares--2022-04-21,normalization_justification,,"Règle R3 (edgar_v1) : dei:EntityCommonStockSharesOutstanding [shares, instant] -> shares_outstanding. Valeur reprise telle quelle (T1). Dimensions : aucune, déduit (D1). Entrée brute facts/dei/EntityCommonStockSharesOutstanding/units/shares/50 (sha256 146b8920a411ffe2…). À confirmer sur l'instance XBRL.","edgar_normalize.py (règles edgar_v1 sha256:f95d7e2287bb49a3, automatique)",2026-09-28T13:10:15+00:00,doc:0000789019-0001564590-22-015675,R3
53,facts,0000789019-0001564590-22-026876-dei:EntityCommonStockSharesOutstanding-shares--2022-07-25,source_context,,companyfacts;entite=CIK0000789019;periode=2022-07-25;segment=aucun(deduit D1),"edgar_normalize.py (règles edgar_v1 sha256:f95d7e2287bb49a3, automatique)",2026-09-28T13:10:15+00:00,doc:0000789019-0001564590-22-026876,X1
54,facts,0000789019-0001564590-22-026876-dei:EntityCommonStockSharesOutstanding-shares--2022-07-25,source_dimensions,INCONNU,,"edgar_normalize.py (règles edgar_v1 sha256:f95d7e2287bb49a3, automatique)",2026-09-28T13:10:15+00:00,doc:0000789019-0001564590-22-026876,D1 : une seule valeur brute pour cette clé
55,facts,0000789019-0001564590-22-026876-dei:EntityCommonStockSharesOutstanding-shares--2022-07-25,share_class,INCONNU,ordinaire (déduit C1 : titre coté unique MSFT),"edgar_normalize.py (règles edgar_v1 sha256:f95d7e2287bb49a3, automatique)",2026-09-28T13:10:15+00:00,doc:0000789019-0001564590-22-026876,C1
56,facts,0000789019-0001564590-22-026876-dei:EntityCommonStockSharesOutstanding-shares--2022-07-25,normalized_concept,,shares_outstanding,"edgar_normalize.py (règles edgar_v1 sha256:f95d7e2287bb49a3, automatique)",2026-09-28T13:10:15+00:00,doc:0000789019-0001564590-22-026876,R3
57,facts,0000789019-0001564590-22-026876-dei:EntityCommonStockSharesOutstanding-shares--2022-07-25,transformation,,aucune,"edgar_normalize.py (règles edgar_v1 sha256:f95d7e2287bb49a3, automatique)",2026-09-28T13:10:15+00:00,doc:0000789019-0001564590-22-026876,T1
58,facts,0000789019-0001564590-22-026876-dei:EntityCommonStockSharesOutstanding-shares--2022-07-25,value,,7457891872,"edgar_normalize.py (règles edgar_v1 sha256:f95d7e2287bb49a3, automatique)",2026-09-28T13:10:15+00:00,doc:0000789019-0001564590-22-026876,T1
59,facts,0000789019-0001564590-22-026876-dei:EntityCommonStockSharesOutstanding-shares--2022-07-25,normalization_justification,,"Règle R3 (edgar_v1) : dei:EntityCommonStockSharesOutstanding [shares, instant] -> shares_outstanding. Valeur reprise telle quelle (T1). Dimensions : aucune, déduit (D1). Entrée brute facts/dei/EntityCommonStockSharesOutstanding/units/shares/51 (sha256 76bd846c5bb9c552…). À confirmer sur l'instance XBRL.","edgar_normalize.py (règles edgar_v1 sha256:f95d7e2287bb49a3, automatique)",2026-09-28T13:10:15+00:00,doc:0000789019-0001564590-22-026876,R3
60,facts,0000789019-0001564590-22-035087-dei:EntityCommonStockSharesOutstanding-shares--2022-10-20,source_context,,companyfacts;entite=CIK0000789019;periode=2022-10-20;segment=aucun(deduit D1),"edgar_normalize.py (règles edgar_v1 sha256:f95d7e2287bb49a3, automatique)",2026-09-28T13:10:15+00:00,doc:0000789019-0001564590-22-035087,X1
61,facts,0000789019-0001564590-22-035087-dei:EntityCommonStockSharesOutstanding-shares--2022-10-20,source_dimensions,INCONNU,,"edgar_normalize.py (règles edgar_v1 sha256:f95d7e2287bb49a3, automatique)",2026-09-28T13:10:15+00:00,doc:0000789019-0001564590-22-035087,D1 : une seule valeur brute pour cette clé
62,facts,0000789019-0001564590-22-035087-dei:EntityCommonStockSharesOutstanding-shares--2022-10-20,share_class,INCONNU,ordinaire (déduit C1 : titre coté unique MSFT),"edgar_normalize.py (règles edgar_v1 sha256:f95d7e2287bb49a3, automatique)",2026-09-28T13:10:15+00:00,doc:0000789019-0001564590-22-035087,C1
63,facts,0000789019-0001564590-22-035087-dei:EntityCommonStockSharesOutstanding-shares--2022-10-20,normalized_concept,,shares_outstanding,"edgar_normalize.py (règles edgar_v1 sha256:f95d7e2287bb49a3, automatique)",2026-09-28T13:10:15+00:00,doc:0000789019-0001564590-22-035087,R3
64,facts,0000789019-0001564590-22-035087-dei:EntityCommonStockSharesOutstanding-shares--2022-10-20,transformation,,aucune,"edgar_normalize.py (règles edgar_v1 sha256:f95d7e2287bb49a3, automatique)",2026-09-28T13:10:15+00:00,doc:0000789019-0001564590-22-035087,T1
65,facts,0000789019-0001564590-22-035087-dei:EntityCommonStockSharesOutstanding-shares--2022-10-20,value,,7454473144,"edgar_normalize.py (règles edgar_v1 sha256:f95d7e2287bb49a3, automatique)",2026-09-28T13:10:15+00:00,doc:0000789019-0001564590-22-035087,T1
66,facts,0000789019-0001564590-22-035087-dei:EntityCommonStockSharesOutstanding-shares--2022-10-20,normalization_justification,,"Règle R3 (edgar_v1) : dei:EntityCommonStockSharesOutstanding [shares, instant] -> shares_outstanding. Valeur reprise telle quelle (T1). Dimensions : aucune, déduit (D1). Entrée brute facts/dei/EntityCommonStockSharesOutstanding/units/shares/52 (sha256 1821bd06f430aee1…). À confirmer sur l'instance XBRL.","edgar_normalize.py (règles edgar_v1 sha256:f95d7e2287bb49a3, automatique)",2026-09-28T13:10:15+00:00,doc:0000789019-0001564590-22-035087,R3
67,facts,0000789019-0001564590-23-000733-dei:EntityCommonStockSharesOutstanding-shares--2023-01-19,source_context,,companyfacts;entite=CIK0000789019;periode=2023-01-19;segment=aucun(deduit D1),"edgar_normalize.py (règles edgar_v1 sha256:f95d7e2287bb49a3, automatique)",2026-09-28T13:10:15+00:00,doc:0000789019-0001564590-23-000733,X1
68,facts,0000789019-0001564590-23-000733-dei:EntityCommonStockSharesOutstanding-shares--2023-01-19,source_dimensions,INCONNU,,"edgar_normalize.py (règles edgar_v1 sha256:f95d7e2287bb49a3, automatique)",2026-09-28T13:10:15+00:00,doc:0000789019-0001564590-23-000733,D1 : une seule valeur brute pour cette clé
69,facts,0000789019-0001564590-23-000733-dei:EntityCommonStockSharesOutstanding-shares--2023-01-19,share_class,INCONNU,ordinaire (déduit C1 : titre coté unique MSFT),"edgar_normalize.py (règles edgar_v1 sha256:f95d7e2287bb49a3, automatique)",2026-09-28T13:10:15+00:00,doc:0000789019-0001564590-23-000733,C1
70,facts,0000789019-0001564590-23-000733-dei:EntityCommonStockSharesOutstanding-shares--2023-01-19,normalized_concept,,shares_outstanding,"edgar_normalize.py (règles edgar_v1 sha256:f95d7e2287bb49a3, automatique)",2026-09-28T13:10:15+00:00,doc:0000789019-0001564590-23-000733,R3
71,facts,0000789019-0001564590-23-000733-dei:EntityCommonStockSharesOutstanding-shares--2023-01-19,transformation,,aucune,"edgar_normalize.py (règles edgar_v1 sha256:f95d7e2287bb49a3, automatique)",2026-09-28T13:10:15+00:00,doc:0000789019-0001564590-23-000733,T1
72,facts,0000789019-0001564590-23-000733-dei:EntityCommonStockSharesOutstanding-shares--2023-01-19,value,,7443803533,"edgar_normalize.py (règles edgar_v1 sha256:f95d7e2287bb49a3, automatique)",2026-09-28T13:10:15+00:00,doc:0000789019-0001564590-23-000733,T1
73,facts,0000789019-0001564590-23-000733-dei:EntityCommonStockSharesOutstanding-shares--2023-01-19,normalization_justification,,"Règle R3 (edgar_v1) : dei:EntityCommonStockSharesOutstanding [shares, instant] -> shares_outstanding. Valeur reprise telle quelle (T1). Dimensions : aucune, déduit (D1). Entrée brute facts/dei/EntityCommonStockSharesOutstanding/units/shares/53 (sha256 8025ae97d0b7dd3b…). À confirmer sur l'instance XBRL.","edgar_normalize.py (règles edgar_v1 sha256:f95d7e2287bb49a3, automatique)",2026-09-28T13:10:15+00:00,doc:0000789019-0001564590-23-000733,R3
74,facts,0000789019-0000950170-23-014423-dei:EntityCommonStockSharesOutstanding-shares--2023-04-20,source_context,,companyfacts;entite=CIK0000789019;periode=2023-04-20;segment=aucun(deduit D1),"edgar_normalize.py (règles edgar_v1 sha256:f95d7e2287bb49a3, automatique)",2026-09-28T13:10:15+00:00,doc:0000789019-0000950170-23-014423,X1
75,facts,0000789019-0000950170-23-014423-dei:EntityCommonStockSharesOutstanding-shares--2023-04-20,source_dimensions,INCONNU,,"edgar_normalize.py (règles edgar_v1 sha256:f95d7e2287bb49a3, automatique)",2026-09-28T13:10:15+00:00,doc:0000789019-0000950170-23-014423,D1 : une seule valeur brute pour cette clé
76,facts,0000789019-0000950170-23-014423-dei:EntityCommonStockSharesOutstanding-shares--2023-04-20,share_class,INCONNU,ordinaire (déduit C1 : titre coté unique MSFT),"edgar_normalize.py (règles edgar_v1 sha256:f95d7e2287bb49a3, automatique)",2026-09-28T13:10:15+00:00,doc:0000789019-0000950170-23-014423,C1
77,facts,0000789019-0000950170-23-014423-dei:EntityCommonStockSharesOutstanding-shares--2023-04-20,normalized_concept,,shares_outstanding,"edgar_normalize.py (règles edgar_v1 sha256:f95d7e2287bb49a3, automatique)",2026-09-28T13:10:15+00:00,doc:0000789019-0000950170-23-014423,R3
78,facts,0000789019-0000950170-23-014423-dei:EntityCommonStockSharesOutstanding-shares--2023-04-20,transformation,,aucune,"edgar_normalize.py (règles edgar_v1 sha256:f95d7e2287bb49a3, automatique)",2026-09-28T13:10:15+00:00,doc:0000789019-0000950170-23-014423,T1
79,facts,0000789019-0000950170-23-014423-dei:EntityCommonStockSharesOutstanding-shares--2023-04-20,value,,7435487575,"edgar_normalize.py (règles edgar_v1 sha256:f95d7e2287bb49a3, automatique)",2026-09-28T13:10:15+00:00,doc:0000789019-0000950170-23-014423,T1
80,facts,0000789019-0000950170-23-014423-dei:EntityCommonStockSharesOutstanding-shares--2023-04-20,normalization_justification,,"Règle R3 (edgar_v1) : dei:EntityCommonStockSharesOutstanding [shares, instant] -> shares_outstanding. Valeur reprise telle quelle (T1). Dimensions : aucune, déduit (D1). Entrée brute facts/dei/EntityCommonStockSharesOutstanding/units/shares/54 (sha256 3298453a732a1a42…). À confirmer sur l'instance XBRL.","edgar_normalize.py (règles edgar_v1 sha256:f95d7e2287bb49a3, automatique)",2026-09-28T13:10:15+00:00,doc:0000789019-0000950170-23-014423,R3
81,facts,0000789019-0000950170-23-035122-dei:EntityCommonStockSharesOutstanding-shares--2023-07-24,source_context,,companyfacts;entite=CIK0000789019;periode=2023-07-24;segment=aucun(deduit D1),"edgar_normalize.py (règles edgar_v1 sha256:f95d7e2287bb49a3, automatique)",2026-09-28T13:10:15+00:00,doc:0000789019-0000950170-23-035122,X1
82,facts,0000789019-0000950170-23-035122-dei:EntityCommonStockSharesOutstanding-shares--2023-07-24,source_dimensions,INCONNU,,"edgar_normalize.py (règles edgar_v1 sha256:f95d7e2287bb49a3, automatique)",2026-09-28T13:10:15+00:00,doc:0000789019-0000950170-23-035122,D1 : une seule valeur brute pour cette clé
83,facts,0000789019-0000950170-23-035122-dei:EntityCommonStockSharesOutstanding-shares--2023-07-24,share_class,INCONNU,ordinaire (déduit C1 : titre coté unique MSFT),"edgar_normalize.py (règles edgar_v1 sha256:f95d7e2287bb49a3, automatique)",2026-09-28T13:10:15+00:00,doc:0000789019-0000950170-23-035122,C1
84,facts,0000789019-0000950170-23-035122-dei:EntityCommonStockSharesOutstanding-shares--2023-07-24,normalized_concept,,shares_outstanding,"edgar_normalize.py (règles edgar_v1 sha256:f95d7e2287bb49a3, automatique)",2026-09-28T13:10:15+00:00,doc:0000789019-0000950170-23-035122,R3
85,facts,0000789019-0000950170-23-035122-dei:EntityCommonStockSharesOutstanding-shares--2023-07-24,transformation,,aucune,"edgar_normalize.py (règles edgar_v1 sha256:f95d7e2287bb49a3, automatique)",2026-09-28T13:10:15+00:00,doc:0000789019-0000950170-23-035122,T1
86,facts,0000789019-0000950170-23-035122-dei:EntityCommonStockSharesOutstanding-shares--2023-07-24,value,,7429763722,"edgar_normalize.py (règles edgar_v1 sha256:f95d7e2287bb49a3, automatique)",2026-09-28T13:10:15+00:00,doc:0000789019-0000950170-23-035122,T1
87,facts,0000789019-0000950170-23-035122-dei:EntityCommonStockSharesOutstanding-shares--2023-07-24,normalization_justification,,"Règle R3 (edgar_v1) : dei:EntityCommonStockSharesOutstanding [shares, instant] -> shares_outstanding. Valeur reprise telle quelle (T1). Dimensions : aucune, déduit (D1). Entrée brute facts/dei/EntityCommonStockSharesOutstanding/units/shares/55 (sha256 ac66692e28035b27…). À confirmer sur l'instance XBRL.","edgar_normalize.py (règles edgar_v1 sha256:f95d7e2287bb49a3, automatique)",2026-09-28T13:10:15+00:00,doc:0000789019-0000950170-23-035122,R3
88,facts,0000789019-0000950170-23-054855-dei:EntityCommonStockSharesOutstanding-shares--2023-10-19,source_context,,companyfacts;entite=CIK0000789019;periode=2023-10-19;segment=aucun(deduit D1),"edgar_normalize.py (règles edgar_v1 sha256:f95d7e2287bb49a3, automatique)",2026-09-28T13:10:15+00:00,doc:0000789019-0000950170-23-054855,X1
89,facts,0000789019-0000950170-23-054855-dei:EntityCommonStockSharesOutstanding-shares--2023-10-19,source_dimensions,INCONNU,,"edgar_normalize.py (règles edgar_v1 sha256:f95d7e2287bb49a3, automatique)",2026-09-28T13:10:15+00:00,doc:0000789019-0000950170-23-054855,D1 : une seule valeur brute pour cette clé
90,facts,0000789019-0000950170-23-054855-dei:EntityCommonStockSharesOutstanding-shares--2023-10-19,share_class,INCONNU,ordinaire (déduit C1 : titre coté unique MSFT),"edgar_normalize.py (règles edgar_v1 sha256:f95d7e2287bb49a3, automatique)",2026-09-28T13:10:15+00:00,doc:0000789019-0000950170-23-054855,C1
91,facts,0000789019-0000950170-23-054855-dei:EntityCommonStockSharesOutstanding-shares--2023-10-19,normalized_concept,,shares_outstanding,"edgar_normalize.py (règles edgar_v1 sha256:f95d7e2287bb49a3, automatique)",2026-09-28T13:10:15+00:00,doc:0000789019-0000950170-23-054855,R3
92,facts,0000789019-0000950170-23-054855-dei:EntityCommonStockSharesOutstanding-shares--2023-10-19,transformation,,aucune,"edgar_normalize.py (règles edgar_v1 sha256:f95d7e2287bb49a3, automatique)",2026-09-28T13:10:15+00:00,doc:0000789019-0000950170-23-054855,T1
93,facts,0000789019-0000950170-23-054855-dei:EntityCommonStockSharesOutstanding-shares--2023-10-19,value,,7432262329,"edgar_normalize.py (règles edgar_v1 sha256:f95d7e2287bb49a3, automatique)",2026-09-28T13:10:15+00:00,doc:0000789019-0000950170-23-054855,T1
94,facts,0000789019-0000950170-23-054855-dei:EntityCommonStockSharesOutstanding-shares--2023-10-19,normalization_justification,,"Règle R3 (edgar_v1) : dei:EntityCommonStockSharesOutstanding [shares, instant] -> shares_outstanding. Valeur reprise telle quelle (T1). Dimensions : aucune, déduit (D1). Entrée brute facts/dei/EntityCommonStockSharesOutstanding/units/shares/56 (sha256 957f4f6906590e30…). À confirmer sur l'instance XBRL.","edgar_normalize.py (règles edgar_v1 sha256:f95d7e2287bb49a3, automatique)",2026-09-28T13:10:15+00:00,doc:0000789019-0000950170-23-054855,R3
95,facts,0000789019-0000950170-24-008814-dei:EntityCommonStockSharesOutstanding-shares--2024-01-25,source_context,,companyfacts;entite=CIK0000789019;periode=2024-01-25;segment=aucun(deduit D1),"edgar_normalize.py (règles edgar_v1 sha256:f95d7e2287bb49a3, automatique)",2026-09-28T13:10:15+00:00,doc:0000789019-0000950170-24-008814,X1
96,facts,0000789019-0000950170-24-008814-dei:EntityCommonStockSharesOutstanding-shares--2024-01-25,source_dimensions,INCONNU,,"edgar_normalize.py (règles edgar_v1 sha256:f95d7e2287bb49a3, automatique)",2026-09-28T13:10:15+00:00,doc:0000789019-0000950170-24-008814,D1 : une seule valeur brute pour cette clé
97,facts,0000789019-0000950170-24-008814-dei:EntityCommonStockSharesOutstanding-shares--2024-01-25,share_class,INCONNU,ordinaire (déduit C1 : titre coté unique MSFT),"edgar_normalize.py (règles edgar_v1 sha256:f95d7e2287bb49a3, automatique)",2026-09-28T13:10:15+00:00,doc:0000789019-0000950170-24-008814,C1
98,facts,0000789019-0000950170-24-008814-dei:EntityCommonStockSharesOutstanding-shares--2024-01-25,normalized_concept,,shares_outstanding,"edgar_normalize.py (règles edgar_v1 sha256:f95d7e2287bb49a3, automatique)",2026-09-28T13:10:15+00:00,doc:0000789019-0000950170-24-008814,R3
99,facts,0000789019-0000950170-24-008814-dei:EntityCommonStockSharesOutstanding-shares--2024-01-25,transformation,,aucune,"edgar_normalize.py (règles edgar_v1 sha256:f95d7e2287bb49a3, automatique)",2026-09-28T13:10:15+00:00,doc:0000789019-0000950170-24-008814,T1
100,facts,0000789019-0000950170-24-008814-dei:EntityCommonStockSharesOutstanding-shares--2024-01-25,value,,7430436229,"edgar_normalize.py (règles edgar_v1 sha256:f95d7e2287bb49a3, automatique)",2026-09-28T13:10:15+00:00,doc:0000789019-0000950170-24-008814,T1
101,facts,0000789019-0000950170-24-008814-dei:EntityCommonStockSharesOutstanding-shares--2024-01-25,normalization_justification,,"Règle R3 (edgar_v1) : dei:EntityCommonStockSharesOutstanding [shares, instant] -> shares_outstanding. Valeur reprise telle quelle (T1). Dimensions : aucune, déduit (D1). Entrée brute facts/dei/EntityCommonStockSharesOutstanding/units/shares/57 (sha256 fe9da8e005515455…). À confirmer sur l'instance XBRL.","edgar_normalize.py (règles edgar_v1 sha256:f95d7e2287bb49a3, automatique)",2026-09-28T13:10:15+00:00,doc:0000789019-0000950170-24-008814,R3
102,facts,0000789019-0000950170-24-048288-dei:EntityCommonStockSharesOutstanding-shares--2024-04-22,source_context,,companyfacts;entite=CIK0000789019;periode=2024-04-22;segment=aucun(deduit D1),"edgar_normalize.py (règles edgar_v1 sha256:f95d7e2287bb49a3, automatique)",2026-09-28T13:10:15+00:00,doc:0000789019-0000950170-24-048288,X1
103,facts,0000789019-0000950170-24-048288-dei:EntityCommonStockSharesOutstanding-shares--2024-04-22,source_dimensions,INCONNU,,"edgar_normalize.py (règles edgar_v1 sha256:f95d7e2287bb49a3, automatique)",2026-09-28T13:10:15+00:00,doc:0000789019-0000950170-24-048288,D1 : une seule valeur brute pour cette clé
104,facts,0000789019-0000950170-24-048288-dei:EntityCommonStockSharesOutstanding-shares--2024-04-22,share_class,INCONNU,ordinaire (déduit C1 : titre coté unique MSFT),"edgar_normalize.py (règles edgar_v1 sha256:f95d7e2287bb49a3, automatique)",2026-09-28T13:10:15+00:00,doc:0000789019-0000950170-24-048288,C1
105,facts,0000789019-0000950170-24-048288-dei:EntityCommonStockSharesOutstanding-shares--2024-04-22,normalized_concept,,shares_outstanding,"edgar_normalize.py (règles edgar_v1 sha256:f95d7e2287bb49a3, automatique)",2026-09-28T13:10:15+00:00,doc:0000789019-0000950170-24-048288,R3
106,facts,0000789019-0000950170-24-048288-dei:EntityCommonStockSharesOutstanding-shares--2024-04-22,transformation,,aucune,"edgar_normalize.py (règles edgar_v1 sha256:f95d7e2287bb49a3, automatique)",2026-09-28T13:10:15+00:00,doc:0000789019-0000950170-24-048288,T1
107,facts,0000789019-0000950170-24-048288-dei:EntityCommonStockSharesOutstanding-shares--2024-04-22,value,,7432305794,"edgar_normalize.py (règles edgar_v1 sha256:f95d7e2287bb49a3, automatique)",2026-09-28T13:10:15+00:00,doc:0000789019-0000950170-24-048288,T1
108,facts,0000789019-0000950170-24-048288-dei:EntityCommonStockSharesOutstanding-shares--2024-04-22,normalization_justification,,"Règle R3 (edgar_v1) : dei:EntityCommonStockSharesOutstanding [shares, instant] -> shares_outstanding. Valeur reprise telle quelle (T1). Dimensions : aucune, déduit (D1). Entrée brute facts/dei/EntityCommonStockSharesOutstanding/units/shares/58 (sha256 25739ae0835ef149…). À confirmer sur l'instance XBRL.","edgar_normalize.py (règles edgar_v1 sha256:f95d7e2287bb49a3, automatique)",2026-09-28T13:10:15+00:00,doc:0000789019-0000950170-24-048288,R3
109,facts,0000789019-0000950170-24-087843-dei:EntityCommonStockSharesOutstanding-shares--2024-07-25,source_context,,companyfacts;entite=CIK0000789019;periode=2024-07-25;segment=aucun(deduit D1),"edgar_normalize.py (règles edgar_v1 sha256:f95d7e2287bb49a3, automatique)",2026-09-28T13:10:15+00:00,doc:0000789019-0000950170-24-087843,X1
110,facts,0000789019-0000950170-24-087843-dei:EntityCommonStockSharesOutstanding-shares--2024-07-25,source_dimensions,INCONNU,,"edgar_normalize.py (règles edgar_v1 sha256:f95d7e2287bb49a3, automatique)",2026-09-28T13:10:15+00:00,doc:0000789019-0000950170-24-087843,D1 : une seule valeur brute pour cette clé
111,facts,0000789019-0000950170-24-087843-dei:EntityCommonStockSharesOutstanding-shares--2024-07-25,share_class,INCONNU,ordinaire (déduit C1 : titre coté unique MSFT),"edgar_normalize.py (règles edgar_v1 sha256:f95d7e2287bb49a3, automatique)",2026-09-28T13:10:15+00:00,doc:0000789019-0000950170-24-087843,C1
112,facts,0000789019-0000950170-24-087843-dei:EntityCommonStockSharesOutstanding-shares--2024-07-25,normalized_concept,,shares_outstanding,"edgar_normalize.py (règles edgar_v1 sha256:f95d7e2287bb49a3, automatique)",2026-09-28T13:10:15+00:00,doc:0000789019-0000950170-24-087843,R3
113,facts,0000789019-0000950170-24-087843-dei:EntityCommonStockSharesOutstanding-shares--2024-07-25,transformation,,aucune,"edgar_normalize.py (règles edgar_v1 sha256:f95d7e2287bb49a3, automatique)",2026-09-28T13:10:15+00:00,doc:0000789019-0000950170-24-087843,T1
114,facts,0000789019-0000950170-24-087843-dei:EntityCommonStockSharesOutstanding-shares--2024-07-25,value,,7433038381,"edgar_normalize.py (règles edgar_v1 sha256:f95d7e2287bb49a3, automatique)",2026-09-28T13:10:15+00:00,doc:0000789019-0000950170-24-087843,T1
115,facts,0000789019-0000950170-24-087843-dei:EntityCommonStockSharesOutstanding-shares--2024-07-25,normalization_justification,,"Règle R3 (edgar_v1) : dei:EntityCommonStockSharesOutstanding [shares, instant] -> shares_outstanding. Valeur reprise telle quelle (T1). Dimensions : aucune, déduit (D1). Entrée brute facts/dei/EntityCommonStockSharesOutstanding/units/shares/59 (sha256 7f3e7f5cc923a235…). À confirmer sur l'instance XBRL.","edgar_normalize.py (règles edgar_v1 sha256:f95d7e2287bb49a3, automatique)",2026-09-28T13:10:15+00:00,doc:0000789019-0000950170-24-087843,R3
116,facts,0000789019-0000950170-24-118967-dei:EntityCommonStockSharesOutstanding-shares--2024-10-24,source_context,,companyfacts;entite=CIK0000789019;periode=2024-10-24;segment=aucun(deduit D1),"edgar_normalize.py (règles edgar_v1 sha256:f95d7e2287bb49a3, automatique)",2026-09-28T13:10:15+00:00,doc:0000789019-0000950170-24-118967,X1
117,facts,0000789019-0000950170-24-118967-dei:EntityCommonStockSharesOutstanding-shares--2024-10-24,source_dimensions,INCONNU,,"edgar_normalize.py (règles edgar_v1 sha256:f95d7e2287bb49a3, automatique)",2026-09-28T13:10:15+00:00,doc:0000789019-0000950170-24-118967,D1 : une seule valeur brute pour cette clé
118,facts,0000789019-0000950170-24-118967-dei:EntityCommonStockSharesOutstanding-shares--2024-10-24,share_class,INCONNU,ordinaire (déduit C1 : titre coté unique MSFT),"edgar_normalize.py (règles edgar_v1 sha256:f95d7e2287bb49a3, automatique)",2026-09-28T13:10:15+00:00,doc:0000789019-0000950170-24-118967,C1
119,facts,0000789019-0000950170-24-118967-dei:EntityCommonStockSharesOutstanding-shares--2024-10-24,normalized_concept,,shares_outstanding,"edgar_normalize.py (règles edgar_v1 sha256:f95d7e2287bb49a3, automatique)",2026-09-28T13:10:15+00:00,doc:0000789019-0000950170-24-118967,R3
120,facts,0000789019-0000950170-24-118967-dei:EntityCommonStockSharesOutstanding-shares--2024-10-24,transformation,,aucune,"edgar_normalize.py (règles edgar_v1 sha256:f95d7e2287bb49a3, automatique)",2026-09-28T13:10:15+00:00,doc:0000789019-0000950170-24-118967,T1
121,facts,0000789019-0000950170-24-118967-dei:EntityCommonStockSharesOutstanding-shares--2024-10-24,value,,7434880776,"edgar_normalize.py (règles edgar_v1 sha256:f95d7e2287bb49a3, automatique)",2026-09-28T13:10:15+00:00,doc:0000789019-0000950170-24-118967,T1
122,facts,0000789019-0000950170-24-118967-dei:EntityCommonStockSharesOutstanding-shares--2024-10-24,normalization_justification,,"Règle R3 (edgar_v1) : dei:EntityCommonStockSharesOutstanding [shares, instant] -> shares_outstanding. Valeur reprise telle quelle (T1). Dimensions : aucune, déduit (D1). Entrée brute facts/dei/EntityCommonStockSharesOutstanding/units/shares/60 (sha256 291275a879fba212…). À confirmer sur l'instance XBRL.","edgar_normalize.py (règles edgar_v1 sha256:f95d7e2287bb49a3, automatique)",2026-09-28T13:10:15+00:00,doc:0000789019-0000950170-24-118967,R3
123,facts,0000789019-0000950170-25-010491-dei:EntityCommonStockSharesOutstanding-shares--2025-01-23,source_context,,companyfacts;entite=CIK0000789019;periode=2025-01-23;segment=aucun(deduit D1),"edgar_normalize.py (règles edgar_v1 sha256:f95d7e2287bb49a3, automatique)",2026-09-28T13:10:15+00:00,doc:0000789019-0000950170-25-010491,X1
124,facts,0000789019-0000950170-25-010491-dei:EntityCommonStockSharesOutstanding-shares--2025-01-23,source_dimensions,INCONNU,,"edgar_normalize.py (règles edgar_v1 sha256:f95d7e2287bb49a3, automatique)",2026-09-28T13:10:15+00:00,doc:0000789019-0000950170-25-010491,D1 : une seule valeur brute pour cette clé
125,facts,0000789019-0000950170-25-010491-dei:EntityCommonStockSharesOutstanding-shares--2025-01-23,share_class,INCONNU,ordinaire (déduit C1 : titre coté unique MSFT),"edgar_normalize.py (règles edgar_v1 sha256:f95d7e2287bb49a3, automatique)",2026-09-28T13:10:15+00:00,doc:0000789019-0000950170-25-010491,C1
126,facts,0000789019-0000950170-25-010491-dei:EntityCommonStockSharesOutstanding-shares--2025-01-23,normalized_concept,,shares_outstanding,"edgar_normalize.py (règles edgar_v1 sha256:f95d7e2287bb49a3, automatique)",2026-09-28T13:10:15+00:00,doc:0000789019-0000950170-25-010491,R3
127,facts,0000789019-0000950170-25-010491-dei:EntityCommonStockSharesOutstanding-shares--2025-01-23,transformation,,aucune,"edgar_normalize.py (règles edgar_v1 sha256:f95d7e2287bb49a3, automatique)",2026-09-28T13:10:15+00:00,doc:0000789019-0000950170-25-010491,T1
128,facts,0000789019-0000950170-25-010491-dei:EntityCommonStockSharesOutstanding-shares--2025-01-23,value,,7433982235,"edgar_normalize.py (règles edgar_v1 sha256:f95d7e2287bb49a3, automatique)",2026-09-28T13:10:15+00:00,doc:0000789019-0000950170-25-010491,T1
129,facts,0000789019-0000950170-25-010491-dei:EntityCommonStockSharesOutstanding-shares--2025-01-23,normalization_justification,,"Règle R3 (edgar_v1) : dei:EntityCommonStockSharesOutstanding [shares, instant] -> shares_outstanding. Valeur reprise telle quelle (T1). Dimensions : aucune, déduit (D1). Entrée brute facts/dei/EntityCommonStockSharesOutstanding/units/shares/61 (sha256 95c0e2210c0d82af…). À confirmer sur l'instance XBRL.","edgar_normalize.py (règles edgar_v1 sha256:f95d7e2287bb49a3, automatique)",2026-09-28T13:10:15+00:00,doc:0000789019-0000950170-25-010491,R3
130,facts,0000789019-0000950170-25-061046-dei:EntityCommonStockSharesOutstanding-shares--2025-04-24,source_context,,companyfacts;entite=CIK0000789019;periode=2025-04-24;segment=aucun(deduit D1),"edgar_normalize.py (règles edgar_v1 sha256:f95d7e2287bb49a3, automatique)",2026-09-28T13:10:15+00:00,doc:0000789019-0000950170-25-061046,X1
131,facts,0000789019-0000950170-25-061046-dei:EntityCommonStockSharesOutstanding-shares--2025-04-24,source_dimensions,INCONNU,,"edgar_normalize.py (règles edgar_v1 sha256:f95d7e2287bb49a3, automatique)",2026-09-28T13:10:15+00:00,doc:0000789019-0000950170-25-061046,D1 : une seule valeur brute pour cette clé
132,facts,0000789019-0000950170-25-061046-dei:EntityCommonStockSharesOutstanding-shares--2025-04-24,share_class,INCONNU,ordinaire (déduit C1 : titre coté unique MSFT),"edgar_normalize.py (règles edgar_v1 sha256:f95d7e2287bb49a3, automatique)",2026-09-28T13:10:15+00:00,doc:0000789019-0000950170-25-061046,C1
133,facts,0000789019-0000950170-25-061046-dei:EntityCommonStockSharesOutstanding-shares--2025-04-24,normalized_concept,,shares_outstanding,"edgar_normalize.py (règles edgar_v1 sha256:f95d7e2287bb49a3, automatique)",2026-09-28T13:10:15+00:00,doc:0000789019-0000950170-25-061046,R3
134,facts,0000789019-0000950170-25-061046-dei:EntityCommonStockSharesOutstanding-shares--2025-04-24,transformation,,aucune,"edgar_normalize.py (règles edgar_v1 sha256:f95d7e2287bb49a3, automatique)",2026-09-28T13:10:15+00:00,doc:0000789019-0000950170-25-061046,T1
135,facts,0000789019-0000950170-25-061046-dei:EntityCommonStockSharesOutstanding-shares--2025-04-24,value,,7432543865,"edgar_normalize.py (règles edgar_v1 sha256:f95d7e2287bb49a3, automatique)",2026-09-28T13:10:15+00:00,doc:0000789019-0000950170-25-061046,T1
136,facts,0000789019-0000950170-25-061046-dei:EntityCommonStockSharesOutstanding-shares--2025-04-24,normalization_justification,,"Règle R3 (edgar_v1) : dei:EntityCommonStockSharesOutstanding [shares, instant] -> shares_outstanding. Valeur reprise telle quelle (T1). Dimensions : aucune, déduit (D1). Entrée brute facts/dei/EntityCommonStockSharesOutstanding/units/shares/62 (sha256 6db62e98f424b31e…). À confirmer sur l'instance XBRL.","edgar_normalize.py (règles edgar_v1 sha256:f95d7e2287bb49a3, automatique)",2026-09-28T13:10:15+00:00,doc:0000789019-0000950170-25-061046,R3
137,facts,0000789019-0000950170-25-100235-dei:EntityCommonStockSharesOutstanding-shares--2025-07-24,source_context,,companyfacts;entite=CIK0000789019;periode=2025-07-24;segment=aucun(deduit D1),"edgar_normalize.py (règles edgar_v1 sha256:f95d7e2287bb49a3, automatique)",2026-09-28T13:10:15+00:00,doc:0000789019-0000950170-25-100235,X1
138,facts,0000789019-0000950170-25-100235-dei:EntityCommonStockSharesOutstanding-shares--2025-07-24,source_dimensions,INCONNU,,"edgar_normalize.py (règles edgar_v1 sha256:f95d7e2287bb49a3, automatique)",2026-09-28T13:10:15+00:00,doc:0000789019-0000950170-25-100235,D1 : une seule valeur brute pour cette clé
139,facts,0000789019-0000950170-25-100235-dei:EntityCommonStockSharesOutstanding-shares--2025-07-24,share_class,INCONNU,ordinaire (déduit C1 : titre coté unique MSFT),"edgar_normalize.py (règles edgar_v1 sha256:f95d7e2287bb49a3, automatique)",2026-09-28T13:10:15+00:00,doc:0000789019-0000950170-25-100235,C1
140,facts,0000789019-0000950170-25-100235-dei:EntityCommonStockSharesOutstanding-shares--2025-07-24,normalized_concept,,shares_outstanding,"edgar_normalize.py (règles edgar_v1 sha256:f95d7e2287bb49a3, automatique)",2026-09-28T13:10:15+00:00,doc:0000789019-0000950170-25-100235,R3
141,facts,0000789019-0000950170-25-100235-dei:EntityCommonStockSharesOutstanding-shares--2025-07-24,transformation,,aucune,"edgar_normalize.py (règles edgar_v1 sha256:f95d7e2287bb49a3, automatique)",2026-09-28T13:10:15+00:00,doc:0000789019-0000950170-25-100235,T1
142,facts,0000789019-0000950170-25-100235-dei:EntityCommonStockSharesOutstanding-shares--2025-07-24,value,,7433166379,"edgar_normalize.py (règles edgar_v1 sha256:f95d7e2287bb49a3, automatique)",2026-09-28T13:10:15+00:00,doc:0000789019-0000950170-25-100235,T1
143,facts,0000789019-0000950170-25-100235-dei:EntityCommonStockSharesOutstanding-shares--2025-07-24,normalization_justification,,"Règle R3 (edgar_v1) : dei:EntityCommonStockSharesOutstanding [shares, instant] -> shares_outstanding. Valeur reprise telle quelle (T1). Dimensions : aucune, déduit (D1). Entrée brute facts/dei/EntityCommonStockSharesOutstanding/units/shares/63 (sha256 3a03dbe66650a446…). À confirmer sur l'instance XBRL.","edgar_normalize.py (règles edgar_v1 sha256:f95d7e2287bb49a3, automatique)",2026-09-28T13:10:15+00:00,doc:0000789019-0000950170-25-100235,R3
144,facts,0000789019-0001193125-25-256321-dei:EntityCommonStockSharesOutstanding-shares--2025-10-23,source_context,,companyfacts;entite=CIK0000789019;periode=2025-10-23;segment=aucun(deduit D1),"edgar_normalize.py (règles edgar_v1 sha256:f95d7e2287bb49a3, automatique)",2026-09-28T13:10:15+00:00,doc:0000789019-0001193125-25-256321,X1
145,facts,0000789019-0001193125-25-256321-dei:EntityCommonStockSharesOutstanding-shares--2025-10-23,source_dimensions,INCONNU,,"edgar_normalize.py (règles edgar_v1 sha256:f95d7e2287bb49a3, automatique)",2026-09-28T13:10:15+00:00,doc:0000789019-0001193125-25-256321,D1 : une seule valeur brute pour cette clé
146,facts,0000789019-0001193125-25-256321-dei:EntityCommonStockSharesOutstanding-shares--2025-10-23,share_class,INCONNU,ordinaire (déduit C1 : titre coté unique MSFT),"edgar_normalize.py (règles edgar_v1 sha256:f95d7e2287bb49a3, automatique)",2026-09-28T13:10:15+00:00,doc:0000789019-0001193125-25-256321,C1
147,facts,0000789019-0001193125-25-256321-dei:EntityCommonStockSharesOutstanding-shares--2025-10-23,normalized_concept,,shares_outstanding,"edgar_normalize.py (règles edgar_v1 sha256:f95d7e2287bb49a3, automatique)",2026-09-28T13:10:15+00:00,doc:0000789019-0001193125-25-256321,R3
148,facts,0000789019-0001193125-25-256321-dei:EntityCommonStockSharesOutstanding-shares--2025-10-23,transformation,,aucune,"edgar_normalize.py (règles edgar_v1 sha256:f95d7e2287bb49a3, automatique)",2026-09-28T13:10:15+00:00,doc:0000789019-0001193125-25-256321,T1
149,facts,0000789019-0001193125-25-256321-dei:EntityCommonStockSharesOutstanding-shares--2025-10-23,value,,7432377655,"edgar_normalize.py (règles edgar_v1 sha256:f95d7e2287bb49a3, automatique)",2026-09-28T13:10:15+00:00,doc:0000789019-0001193125-25-256321,T1
150,facts,0000789019-0001193125-25-256321-dei:EntityCommonStockSharesOutstanding-shares--2025-10-23,normalization_justification,,"Règle R3 (edgar_v1) : dei:EntityCommonStockSharesOutstanding [shares, instant] -> shares_outstanding. Valeur reprise telle quelle (T1). Dimensions : aucune, déduit (D1). Entrée brute facts/dei/EntityCommonStockSharesOutstanding/units/shares/64 (sha256 c973d26b2425e16e…). À confirmer sur l'instance XBRL.","edgar_normalize.py (règles edgar_v1 sha256:f95d7e2287bb49a3, automatique)",2026-09-28T13:10:15+00:00,doc:0000789019-0001193125-25-256321,R3
151,facts,0000789019-0001193125-26-027207-dei:EntityCommonStockSharesOutstanding-shares--2026-01-22,source_context,,companyfacts;entite=CIK0000789019;periode=2026-01-22;segment=aucun(deduit D1),"edgar_normalize.py (règles edgar_v1 sha256:f95d7e2287bb49a3, automatique)",2026-09-28T13:10:15+00:00,doc:0000789019-0001193125-26-027207,X1
152,facts,0000789019-0001193125-26-027207-dei:EntityCommonStockSharesOutstanding-shares--2026-01-22,source_dimensions,INCONNU,,"edgar_normalize.py (règles edgar_v1 sha256:f95d7e2287bb49a3, automatique)",2026-09-28T13:10:15+00:00,doc:0000789019-0001193125-26-027207,D1 : une seule valeur brute pour cette clé
153,facts,0000789019-0001193125-26-027207-dei:EntityCommonStockSharesOutstanding-shares--2026-01-22,share_class,INCONNU,ordinaire (déduit C1 : titre coté unique MSFT),"edgar_normalize.py (règles edgar_v1 sha256:f95d7e2287bb49a3, automatique)",2026-09-28T13:10:15+00:00,doc:0000789019-0001193125-26-027207,C1
154,facts,0000789019-0001193125-26-027207-dei:EntityCommonStockSharesOutstanding-shares--2026-01-22,normalized_concept,,shares_outstanding,"edgar_normalize.py (règles edgar_v1 sha256:f95d7e2287bb49a3, automatique)",2026-09-28T13:10:15+00:00,doc:0000789019-0001193125-26-027207,R3
155,facts,0000789019-0001193125-26-027207-dei:EntityCommonStockSharesOutstanding-shares--2026-01-22,transformation,,aucune,"edgar_normalize.py (règles edgar_v1 sha256:f95d7e2287bb49a3, automatique)",2026-09-28T13:10:15+00:00,doc:0000789019-0001193125-26-027207,T1
156,facts,0000789019-0001193125-26-027207-dei:EntityCommonStockSharesOutstanding-shares--2026-01-22,value,,7425629076,"edgar_normalize.py (règles edgar_v1 sha256:f95d7e2287bb49a3, automatique)",2026-09-28T13:10:15+00:00,doc:0000789019-0001193125-26-027207,T1
157,facts,0000789019-0001193125-26-027207-dei:EntityCommonStockSharesOutstanding-shares--2026-01-22,normalization_justification,,"Règle R3 (edgar_v1) : dei:EntityCommonStockSharesOutstanding [shares, instant] -> shares_outstanding. Valeur reprise telle quelle (T1). Dimensions : aucune, déduit (D1). Entrée brute facts/dei/EntityCommonStockSharesOutstanding/units/shares/65 (sha256 5ac192abdcbe8ddd…). À confirmer sur l'instance XBRL.","edgar_normalize.py (règles edgar_v1 sha256:f95d7e2287bb49a3, automatique)",2026-09-28T13:10:15+00:00,doc:0000789019-0001193125-26-027207,R3
158,facts,0000789019-0001193125-26-191507-dei:EntityCommonStockSharesOutstanding-shares--2026-04-23,source_context,,companyfacts;entite=CIK0000789019;periode=2026-04-23;segment=aucun(deduit D1),"edgar_normalize.py (règles edgar_v1 sha256:f95d7e2287bb49a3, automatique)",2026-09-28T13:10:15+00:00,doc:0000789019-0001193125-26-191507,X1
159,facts,0000789019-0001193125-26-191507-dei:EntityCommonStockSharesOutstanding-shares--2026-04-23,source_dimensions,INCONNU,,"edgar_normalize.py (règles edgar_v1 sha256:f95d7e2287bb49a3, automatique)",2026-09-28T13:10:15+00:00,doc:0000789019-0001193125-26-191507,D1 : une seule valeur brute pour cette clé
160,facts,0000789019-0001193125-26-191507-dei:EntityCommonStockSharesOutstanding-shares--2026-04-23,share_class,INCONNU,ordinaire (déduit C1 : titre coté unique MSFT),"edgar_normalize.py (règles edgar_v1 sha256:f95d7e2287bb49a3, automatique)",2026-09-28T13:10:15+00:00,doc:0000789019-0001193125-26-191507,C1
161,facts,0000789019-0001193125-26-191507-dei:EntityCommonStockSharesOutstanding-shares--2026-04-23,normalized_concept,,shares_outstanding,"edgar_normalize.py (règles edgar_v1 sha256:f95d7e2287bb49a3, automatique)",2026-09-28T13:10:15+00:00,doc:0000789019-0001193125-26-191507,R3
162,facts,0000789019-0001193125-26-191507-dei:EntityCommonStockSharesOutstanding-shares--2026-04-23,transformation,,aucune,"edgar_normalize.py (règles edgar_v1 sha256:f95d7e2287bb49a3, automatique)",2026-09-28T13:10:15+00:00,doc:0000789019-0001193125-26-191507,T1
163,facts,0000789019-0001193125-26-191507-dei:EntityCommonStockSharesOutstanding-shares--2026-04-23,value,,7428434704,"edgar_normalize.py (règles edgar_v1 sha256:f95d7e2287bb49a3, automatique)",2026-09-28T13:10:15+00:00,doc:0000789019-0001193125-26-191507,T1
164,facts,0000789019-0001193125-26-191507-dei:EntityCommonStockSharesOutstanding-shares--2026-04-23,normalization_justification,,"Règle R3 (edgar_v1) : dei:EntityCommonStockSharesOutstanding [shares, instant] -> shares_outstanding. Valeur reprise telle quelle (T1). Dimensions : aucune, déduit (D1). Entrée brute facts/dei/EntityCommonStockSharesOutstanding/units/shares/66 (sha256 d4721d53e1c000a8…). À confirmer sur l'instance XBRL.","edgar_normalize.py (règles edgar_v1 sha256:f95d7e2287bb49a3, automatique)",2026-09-28T13:10:15+00:00,doc:0000789019-0001193125-26-191507,R3
165,facts,0000789019-0001193125-26-323660-dei:EntityCommonStockSharesOutstanding-shares--2026-07-23,source_context,,companyfacts;entite=CIK0000789019;periode=2026-07-23;segment=aucun(deduit D1),"edgar_normalize.py (règles edgar_v1 sha256:f95d7e2287bb49a3, automatique)",2026-09-28T13:10:15+00:00,doc:0000789019-0001193125-26-323660,X1
166,facts,0000789019-0001193125-26-323660-dei:EntityCommonStockSharesOutstanding-shares--2026-07-23,source_dimensions,INCONNU,,"edgar_normalize.py (règles edgar_v1 sha256:f95d7e2287bb49a3, automatique)",2026-09-28T13:10:15+00:00,doc:0000789019-0001193125-26-323660,D1 : une seule valeur brute pour cette clé
167,facts,0000789019-0001193125-26-323660-dei:EntityCommonStockSharesOutstanding-shares--2026-07-23,share_class,INCONNU,ordinaire (déduit C1 : titre coté unique MSFT),"edgar_normalize.py (règles edgar_v1 sha256:f95d7e2287bb49a3, automatique)",2026-09-28T13:10:15+00:00,doc:0000789019-0001193125-26-323660,C1
168,facts,0000789019-0001193125-26-323660-dei:EntityCommonStockSharesOutstanding-shares--2026-07-23,normalized_concept,,shares_outstanding,"edgar_normalize.py (règles edgar_v1 sha256:f95d7e2287bb49a3, automatique)",2026-09-28T13:10:15+00:00,doc:0000789019-0001193125-26-323660,R3
169,facts,0000789019-0001193125-26-323660-dei:EntityCommonStockSharesOutstanding-shares--2026-07-23,transformation,,aucune,"edgar_normalize.py (règles edgar_v1 sha256:f95d7e2287bb49a3, automatique)",2026-09-28T13:10:15+00:00,doc:0000789019-0001193125-26-323660,T1
170,facts,0000789019-0001193125-26-323660-dei:EntityCommonStockSharesOutstanding-shares--2026-07-23,value,,7425545491,"edgar_normalize.py (règles edgar_v1 sha256:f95d7e2287bb49a3, automatique)",2026-09-28T13:10:15+00:00,doc:0000789019-0001193125-26-323660,T1
171,facts,0000789019-0001193125-26-323660-dei:EntityCommonStockSharesOutstanding-shares--2026-07-23,normalization_justification,,"Règle R3 (edgar_v1) : dei:EntityCommonStockSharesOutstanding [shares, instant] -> shares_outstanding. Valeur reprise telle quelle (T1). Dimensions : aucune, déduit (D1). Entrée brute facts/dei/EntityCommonStockSharesOutstanding/units/shares/67 (sha256 e115bf9be7b4be73…). À confirmer sur l'instance XBRL.","edgar_normalize.py (règles edgar_v1 sha256:f95d7e2287bb49a3, automatique)",2026-09-28T13:10:15+00:00,doc:0000789019-0001193125-26-323660,R3
172,concept_map,us-gaap:Assets,source_concept,,us-gaap:Assets,"edgar_normalize.py (règles edgar_v1 sha256:f95d7e2287bb49a3, automatique)",2026-09-28T13:10:15+00:00,url:https://data.sec.gov/api/xbrl/companyfacts/CIK0000789019.json,règle R2 (edgar_v1) ; libellé taxonomie : Assets
173,concept_map,us-gaap:Assets,normalized_concept,,total_assets,"edgar_normalize.py (règles edgar_v1 sha256:f95d7e2287bb49a3, automatique)",2026-09-28T13:10:15+00:00,url:https://data.sec.gov/api/xbrl/companyfacts/CIK0000789019.json,règle R2 (edgar_v1) ; libellé taxonomie : Assets
174,concept_map,us-gaap:Assets,justification,,Total des actifs comptabilisés à la date du bilan. Définition de la taxonomie recopiée depuis companyfacts (champ description). Définition (us-gaap) : « Sum of the carrying amounts as of the balance sheet date of all assets that are recognized. Assets are probable future economic benefits obtained or controlled by an entity as a result of past transactions or events. »,"edgar_normalize.py (règles edgar_v1 sha256:f95d7e2287bb49a3, automatique)",2026-09-28T13:10:15+00:00,url:https://data.sec.gov/api/xbrl/companyfacts/CIK0000789019.json,règle R2 (edgar_v1) ; libellé taxonomie : Assets
175,facts,0000789019-0001564590-20-047996-us-gaap:Assets-USD--2020-06-30,source_context,,companyfacts;entite=CIK0000789019;periode=2020-06-30;segment=aucun(deduit D1),"edgar_normalize.py (règles edgar_v1 sha256:f95d7e2287bb49a3, automatique)",2026-09-28T13:10:15+00:00,doc:0000789019-0001564590-20-047996,X1
176,facts,0000789019-0001564590-20-047996-us-gaap:Assets-USD--2020-06-30,source_dimensions,INCONNU,,"edgar_normalize.py (règles edgar_v1 sha256:f95d7e2287bb49a3, automatique)",2026-09-28T13:10:15+00:00,doc:0000789019-0001564590-20-047996,D1 : une seule valeur brute pour cette clé
177,facts,0000789019-0001564590-20-047996-us-gaap:Assets-USD--2020-06-30,normalized_concept,,total_assets,"edgar_normalize.py (règles edgar_v1 sha256:f95d7e2287bb49a3, automatique)",2026-09-28T13:10:15+00:00,doc:0000789019-0001564590-20-047996,R2
178,facts,0000789019-0001564590-20-047996-us-gaap:Assets-USD--2020-06-30,transformation,,aucune,"edgar_normalize.py (règles edgar_v1 sha256:f95d7e2287bb49a3, automatique)",2026-09-28T13:10:15+00:00,doc:0000789019-0001564590-20-047996,T1
179,facts,0000789019-0001564590-20-047996-us-gaap:Assets-USD--2020-06-30,value,,301311000000,"edgar_normalize.py (règles edgar_v1 sha256:f95d7e2287bb49a3, automatique)",2026-09-28T13:10:15+00:00,doc:0000789019-0001564590-20-047996,T1
180,facts,0000789019-0001564590-20-047996-us-gaap:Assets-USD--2020-06-30,normalization_justification,,"Règle R2 (edgar_v1) : us-gaap:Assets [USD, instant] -> total_assets. Valeur reprise telle quelle (T1). Dimensions : aucune, déduit (D1). Entrée brute facts/us-gaap/Assets/units/USD/92 (sha256 2c17756cffeb6682…). À confirmer sur l'instance XBRL.","edgar_normalize.py (règles edgar_v1 sha256:f95d7e2287bb49a3, automatique)",2026-09-28T13:10:15+00:00,doc:0000789019-0001564590-20-047996,R2
181,facts,0000789019-0001564590-21-002316-us-gaap:Assets-USD--2020-06-30,source_context,,companyfacts;entite=CIK0000789019;periode=2020-06-30;segment=aucun(deduit D1),"edgar_normalize.py (règles edgar_v1 sha256:f95d7e2287bb49a3, automatique)",2026-09-28T13:10:15+00:00,doc:0000789019-0001564590-21-002316,X1
182,facts,0000789019-0001564590-21-002316-us-gaap:Assets-USD--2020-06-30,source_dimensions,INCONNU,,"edgar_normalize.py (règles edgar_v1 sha256:f95d7e2287bb49a3, automatique)",2026-09-28T13:10:15+00:00,doc:0000789019-0001564590-21-002316,D1 : une seule valeur brute pour cette clé
183,facts,0000789019-0001564590-21-002316-us-gaap:Assets-USD--2020-06-30,normalized_concept,,total_assets,"edgar_normalize.py (règles edgar_v1 sha256:f95d7e2287bb49a3, automatique)",2026-09-28T13:10:15+00:00,doc:0000789019-0001564590-21-002316,R2
184,facts,0000789019-0001564590-21-002316-us-gaap:Assets-USD--2020-06-30,transformation,,aucune,"edgar_normalize.py (règles edgar_v1 sha256:f95d7e2287bb49a3, automatique)",2026-09-28T13:10:15+00:00,doc:0000789019-0001564590-21-002316,T1
185,facts,0000789019-0001564590-21-002316-us-gaap:Assets-USD--2020-06-30,value,,301311000000,"edgar_normalize.py (règles edgar_v1 sha256:f95d7e2287bb49a3, automatique)",2026-09-28T13:10:15+00:00,doc:0000789019-0001564590-21-002316,T1
186,facts,0000789019-0001564590-21-002316-us-gaap:Assets-USD--2020-06-30,normalization_justification,,"Règle R2 (edgar_v1) : us-gaap:Assets [USD, instant] -> total_assets. Valeur reprise telle quelle (T1). Dimensions : aucune, déduit (D1). Entrée brute facts/us-gaap/Assets/units/USD/93 (sha256 bbe9f62b41c18f93…). À confirmer sur l'instance XBRL.","edgar_normalize.py (règles edgar_v1 sha256:f95d7e2287bb49a3, automatique)",2026-09-28T13:10:15+00:00,doc:0000789019-0001564590-21-002316,R2
187,facts,0000789019-0001564590-21-020891-us-gaap:Assets-USD--2020-06-30,source_context,,companyfacts;entite=CIK0000789019;periode=2020-06-30;segment=aucun(deduit D1),"edgar_normalize.py (règles edgar_v1 sha256:f95d7e2287bb49a3, automatique)",2026-09-28T13:10:15+00:00,doc:0000789019-0001564590-21-020891,X1
188,facts,0000789019-0001564590-21-020891-us-gaap:Assets-USD--2020-06-30,source_dimensions,INCONNU,,"edgar_normalize.py (règles edgar_v1 sha256:f95d7e2287bb49a3, automatique)",2026-09-28T13:10:15+00:00,doc:0000789019-0001564590-21-020891,D1 : une seule valeur brute pour cette clé
189,facts,0000789019-0001564590-21-020891-us-gaap:Assets-USD--2020-06-30,normalized_concept,,total_assets,"edgar_normalize.py (règles edgar_v1 sha256:f95d7e2287bb49a3, automatique)",2026-09-28T13:10:15+00:00,doc:0000789019-0001564590-21-020891,R2
190,facts,0000789019-0001564590-21-020891-us-gaap:Assets-USD--2020-06-30,transformation,,aucune,"edgar_normalize.py (règles edgar_v1 sha256:f95d7e2287bb49a3, automatique)",2026-09-28T13:10:15+00:00,doc:0000789019-0001564590-21-020891,T1
191,facts,0000789019-0001564590-21-020891-us-gaap:Assets-USD--2020-06-30,value,,301311000000,"edgar_normalize.py (règles edgar_v1 sha256:f95d7e2287bb49a3, automatique)",2026-09-28T13:10:15+00:00,doc:0000789019-0001564590-21-020891,T1
192,facts,0000789019-0001564590-21-020891-us-gaap:Assets-USD--2020-06-30,normalization_justification,,"Règle R2 (edgar_v1) : us-gaap:Assets [USD, instant] -> total_assets. Valeur reprise telle quelle (T1). Dimensions : aucune, déduit (D1). Entrée brute facts/us-gaap/Assets/units/USD/94 (sha256 5d7578f920ab81c9…). À confirmer sur l'instance XBRL.","edgar_normalize.py (règles edgar_v1 sha256:f95d7e2287bb49a3, automatique)",2026-09-28T13:10:15+00:00,doc:0000789019-0001564590-21-020891,R2
193,facts,0000789019-0001564590-21-039151-us-gaap:Assets-USD--2020-06-30,source_context,,companyfacts;entite=CIK0000789019;periode=2020-06-30;segment=aucun(deduit D1),"edgar_normalize.py (règles edgar_v1 sha256:f95d7e2287bb49a3, automatique)",2026-09-28T13:10:15+00:00,doc:0000789019-0001564590-21-039151,X1
194,facts,0000789019-0001564590-21-039151-us-gaap:Assets-USD--2020-06-30,source_dimensions,INCONNU,,"edgar_normalize.py (règles edgar_v1 sha256:f95d7e2287bb49a3, automatique)",2026-09-28T13:10:15+00:00,doc:0000789019-0001564590-21-039151,D1 : une seule valeur brute pour cette clé
195,facts,0000789019-0001564590-21-039151-us-gaap:Assets-USD--2020-06-30,normalized_concept,,total_assets,"edgar_normalize.py (règles edgar_v1 sha256:f95d7e2287bb49a3, automatique)",2026-09-28T13:10:15+00:00,doc:0000789019-0001564590-21-039151,R2
196,facts,0000789019-0001564590-21-039151-us-gaap:Assets-USD--2020-06-30,transformation,,aucune,"edgar_normalize.py (règles edgar_v1 sha256:f95d7e2287bb49a3, automatique)",2026-09-28T13:10:15+00:00,doc:0000789019-0001564590-21-039151,T1
197,facts,0000789019-0001564590-21-039151-us-gaap:Assets-USD--2020-06-30,value,,301311000000,"edgar_normalize.py (règles edgar_v1 sha256:f95d7e2287bb49a3, automatique)",2026-09-28T13:10:15+00:00,doc:0000789019-0001564590-21-039151,T1
198,facts,0000789019-0001564590-21-039151-us-gaap:Assets-USD--2020-06-30,normalization_justification,,"Règle R2 (edgar_v1) : us-gaap:Assets [USD, instant] -> total_assets. Valeur reprise telle quelle (T1). Dimensions : aucune, déduit (D1). Entrée brute facts/us-gaap/Assets/units/USD/95 (sha256 5d88a66290d6223f…). À confirmer sur l'instance XBRL.","edgar_normalize.py (règles edgar_v1 sha256:f95d7e2287bb49a3, automatique)",2026-09-28T13:10:15+00:00,doc:0000789019-0001564590-21-039151,R2
199,facts,0000789019-0001564590-20-047996-us-gaap:Assets-USD--2020-09-30,source_context,,companyfacts;entite=CIK0000789019;periode=2020-09-30;segment=aucun(deduit D1),"edgar_normalize.py (règles edgar_v1 sha256:f95d7e2287bb49a3, automatique)",2026-09-28T13:10:15+00:00,doc:0000789019-0001564590-20-047996,X1
200,facts,0000789019-0001564590-20-047996-us-gaap:Assets-USD--2020-09-30,source_dimensions,INCONNU,,"edgar_normalize.py (règles edgar_v1 sha256:f95d7e2287bb49a3, automatique)",2026-09-28T13:10:15+00:00,doc:0000789019-0001564590-20-047996,D1 : une seule valeur brute pour cette clé
201,facts,0000789019-0001564590-20-047996-us-gaap:Assets-USD--2020-09-30,normalized_concept,,total_assets,"edgar_normalize.py (règles edgar_v1 sha256:f95d7e2287bb49a3, automatique)",2026-09-28T13:10:15+00:00,doc:0000789019-0001564590-20-047996,R2
202,facts,0000789019-0001564590-20-047996-us-gaap:Assets-USD--2020-09-30,transformation,,aucune,"edgar_normalize.py (règles edgar_v1 sha256:f95d7e2287bb49a3, automatique)",2026-09-28T13:10:15+00:00,doc:0000789019-0001564590-20-047996,T1
203,facts,0000789019-0001564590-20-047996-us-gaap:Assets-USD--2020-09-30,value,,301001000000,"edgar_normalize.py (règles edgar_v1 sha256:f95d7e2287bb49a3, automatique)",2026-09-28T13:10:15+00:00,doc:0000789019-0001564590-20-047996,T1
204,facts,0000789019-0001564590-20-047996-us-gaap:Assets-USD--2020-09-30,normalization_justification,,"Règle R2 (edgar_v1) : us-gaap:Assets [USD, instant] -> total_assets. Valeur reprise telle quelle (T1). Dimensions : aucune, déduit (D1). Entrée brute facts/us-gaap/Assets/units/USD/96 (sha256 112d061dbed1c659…). À confirmer sur l'instance XBRL.","edgar_normalize.py (règles edgar_v1 sha256:f95d7e2287bb49a3, automatique)",2026-09-28T13:10:15+00:00,doc:0000789019-0001564590-20-047996,R2
205,facts,0000789019-0001564590-21-002316-us-gaap:Assets-USD--2020-12-31,source_context,,companyfacts;entite=CIK0000789019;periode=2020-12-31;segment=aucun(deduit D1),"edgar_normalize.py (règles edgar_v1 sha256:f95d7e2287bb49a3, automatique)",2026-09-28T13:10:15+00:00,doc:0000789019-0001564590-21-002316,X1
206,facts,0000789019-0001564590-21-002316-us-gaap:Assets-USD--2020-12-31,source_dimensions,INCONNU,,"edgar_normalize.py (règles edgar_v1 sha256:f95d7e2287bb49a3, automatique)",2026-09-28T13:10:15+00:00,doc:0000789019-0001564590-21-002316,D1 : une seule valeur brute pour cette clé
207,facts,0000789019-0001564590-21-002316-us-gaap:Assets-USD--2020-12-31,normalized_concept,,total_assets,"edgar_normalize.py (règles edgar_v1 sha256:f95d7e2287bb49a3, automatique)",2026-09-28T13:10:15+00:00,doc:0000789019-0001564590-21-002316,R2
208,facts,0000789019-0001564590-21-002316-us-gaap:Assets-USD--2020-12-31,transformation,,aucune,"edgar_normalize.py (règles edgar_v1 sha256:f95d7e2287bb49a3, automatique)",2026-09-28T13:10:15+00:00,doc:0000789019-0001564590-21-002316,T1
209,facts,0000789019-0001564590-21-002316-us-gaap:Assets-USD--2020-12-31,value,,304137000000,"edgar_normalize.py (règles edgar_v1 sha256:f95d7e2287bb49a3, automatique)",2026-09-28T13:10:15+00:00,doc:0000789019-0001564590-21-002316,T1
210,facts,0000789019-0001564590-21-002316-us-gaap:Assets-USD--2020-12-31,normalization_justification,,"Règle R2 (edgar_v1) : us-gaap:Assets [USD, instant] -> total_assets. Valeur reprise telle quelle (T1). Dimensions : aucune, déduit (D1). Entrée brute facts/us-gaap/Assets/units/USD/97 (sha256 7557ea2cc3f53859…). À confirmer sur l'instance XBRL.","edgar_normalize.py (règles edgar_v1 sha256:f95d7e2287bb49a3, automatique)",2026-09-28T13:10:15+00:00,doc:0000789019-0001564590-21-002316,R2
211,facts,0000789019-0001564590-21-020891-us-gaap:Assets-USD--2021-03-31,source_context,,companyfacts;entite=CIK0000789019;periode=2021-03-31;segment=aucun(deduit D1),"edgar_normalize.py (règles edgar_v1 sha256:f95d7e2287bb49a3, automatique)",2026-09-28T13:10:15+00:00,doc:0000789019-0001564590-21-020891,X1
212,facts,0000789019-0001564590-21-020891-us-gaap:Assets-USD--2021-03-31,source_dimensions,INCONNU,,"edgar_normalize.py (règles edgar_v1 sha256:f95d7e2287bb49a3, automatique)",2026-09-28T13:10:15+00:00,doc:0000789019-0001564590-21-020891,D1 : une seule valeur brute pour cette clé
213,facts,0000789019-0001564590-21-020891-us-gaap:Assets-USD--2021-03-31,normalized_concept,,total_assets,"edgar_normalize.py (règles edgar_v1 sha256:f95d7e2287bb49a3, automatique)",2026-09-28T13:10:15+00:00,doc:0000789019-0001564590-21-020891,R2
214,facts,0000789019-0001564590-21-020891-us-gaap:Assets-USD--2021-03-31,transformation,,aucune,"edgar_normalize.py (règles edgar_v1 sha256:f95d7e2287bb49a3, automatique)",2026-09-28T13:10:15+00:00,doc:0000789019-0001564590-21-020891,T1
215,facts,0000789019-0001564590-21-020891-us-gaap:Assets-USD--2021-03-31,value,,308879000000,"edgar_normalize.py (règles edgar_v1 sha256:f95d7e2287bb49a3, automatique)",2026-09-28T13:10:15+00:00,doc:0000789019-0001564590-21-020891,T1
216,facts,0000789019-0001564590-21-020891-us-gaap:Assets-USD--2021-03-31,normalization_justification,,"Règle R2 (edgar_v1) : us-gaap:Assets [USD, instant] -> total_assets. Valeur reprise telle quelle (T1). Dimensions : aucune, déduit (D1). Entrée brute facts/us-gaap/Assets/units/USD/98 (sha256 6850a2a77d71daee…). À confirmer sur l'instance XBRL.","edgar_normalize.py (règles edgar_v1 sha256:f95d7e2287bb49a3, automatique)",2026-09-28T13:10:15+00:00,doc:0000789019-0001564590-21-020891,R2
217,facts,0000789019-0001564590-21-039151-us-gaap:Assets-USD--2021-06-30,source_context,,companyfacts;entite=CIK0000789019;periode=2021-06-30;segment=aucun(deduit D1),"edgar_normalize.py (règles edgar_v1 sha256:f95d7e2287bb49a3, automatique)",2026-09-28T13:10:15+00:00,doc:0000789019-0001564590-21-039151,X1
218,facts,0000789019-0001564590-21-039151-us-gaap:Assets-USD--2021-06-30,source_dimensions,INCONNU,,"edgar_normalize.py (règles edgar_v1 sha256:f95d7e2287bb49a3, automatique)",2026-09-28T13:10:15+00:00,doc:0000789019-0001564590-21-039151,D1 : une seule valeur brute pour cette clé
219,facts,0000789019-0001564590-21-039151-us-gaap:Assets-USD--2021-06-30,normalized_concept,,total_assets,"edgar_normalize.py (règles edgar_v1 sha256:f95d7e2287bb49a3, automatique)",2026-09-28T13:10:15+00:00,doc:0000789019-0001564590-21-039151,R2
220,facts,0000789019-0001564590-21-039151-us-gaap:Assets-USD--2021-06-30,transformation,,aucune,"edgar_normalize.py (règles edgar_v1 sha256:f95d7e2287bb49a3, automatique)",2026-09-28T13:10:15+00:00,doc:0000789019-0001564590-21-039151,T1
221,facts,0000789019-0001564590-21-039151-us-gaap:Assets-USD--2021-06-30,value,,333779000000,"edgar_normalize.py (règles edgar_v1 sha256:f95d7e2287bb49a3, automatique)",2026-09-28T13:10:15+00:00,doc:0000789019-0001564590-21-039151,T1
222,facts,0000789019-0001564590-21-039151-us-gaap:Assets-USD--2021-06-30,normalization_justification,,"Règle R2 (edgar_v1) : us-gaap:Assets [USD, instant] -> total_assets. Valeur reprise telle quelle (T1). Dimensions : aucune, déduit (D1). Entrée brute facts/us-gaap/Assets/units/USD/99 (sha256 a2e068f5fd2e2574…). À confirmer sur l'instance XBRL.","edgar_normalize.py (règles edgar_v1 sha256:f95d7e2287bb49a3, automatique)",2026-09-28T13:10:15+00:00,doc:0000789019-0001564590-21-039151,R2
223,facts,0000789019-0001564590-21-051992-us-gaap:Assets-USD--2021-06-30,source_context,,companyfacts;entite=CIK0000789019;periode=2021-06-30;segment=aucun(deduit D1),"edgar_normalize.py (règles edgar_v1 sha256:f95d7e2287bb49a3, automatique)",2026-09-28T13:10:15+00:00,doc:0000789019-0001564590-21-051992,X1
224,facts,0000789019-0001564590-21-051992-us-gaap:Assets-USD--2021-06-30,source_dimensions,INCONNU,,"edgar_normalize.py (règles edgar_v1 sha256:f95d7e2287bb49a3, automatique)",2026-09-28T13:10:15+00:00,doc:0000789019-0001564590-21-051992,D1 : une seule valeur brute pour cette clé
225,facts,0000789019-0001564590-21-051992-us-gaap:Assets-USD--2021-06-30,normalized_concept,,total_assets,"edgar_normalize.py (règles edgar_v1 sha256:f95d7e2287bb49a3, automatique)",2026-09-28T13:10:15+00:00,doc:0000789019-0001564590-21-051992,R2
226,facts,0000789019-0001564590-21-051992-us-gaap:Assets-USD--2021-06-30,transformation,,aucune,"edgar_normalize.py (règles edgar_v1 sha256:f95d7e2287bb49a3, automatique)",2026-09-28T13:10:15+00:00,doc:0000789019-0001564590-21-051992,T1
227,facts,0000789019-0001564590-21-051992-us-gaap:Assets-USD--2021-06-30,value,,333779000000,"edgar_normalize.py (règles edgar_v1 sha256:f95d7e2287bb49a3, automatique)",2026-09-28T13:10:15+00:00,doc:0000789019-0001564590-21-051992,T1
228,facts,0000789019-0001564590-21-051992-us-gaap:Assets-USD--2021-06-30,normalization_justification,,"Règle R2 (edgar_v1) : us-gaap:Assets [USD, instant] -> total_assets. Valeur reprise telle quelle (T1). Dimensions : aucune, déduit (D1). Entrée brute facts/us-gaap/Assets/units/USD/100 (sha256 5a99b2bdeb2edbf9…). À confirmer sur l'instance XBRL.","edgar_normalize.py (règles edgar_v1 sha256:f95d7e2287bb49a3, automatique)",2026-09-28T13:10:15+00:00,doc:0000789019-0001564590-21-051992,R2
229,facts,0000789019-0001564590-22-002324-us-gaap:Assets-USD--2021-06-30,source_context,,companyfacts;entite=CIK0000789019;periode=2021-06-30;segment=aucun(deduit D1),"edgar_normalize.py (règles edgar_v1 sha256:f95d7e2287bb49a3, automatique)",2026-09-28T13:10:15+00:00,doc:0000789019-0001564590-22-002324,X1
230,facts,0000789019-0001564590-22-002324-us-gaap:Assets-USD--2021-06-30,source_dimensions,INCONNU,,"edgar_normalize.py (règles edgar_v1 sha256:f95d7e2287bb49a3, automatique)",2026-09-28T13:10:15+00:00,doc:0000789019-0001564590-22-002324,D1 : une seule valeur brute pour cette clé
231,facts,0000789019-0001564590-22-002324-us-gaap:Assets-USD--2021-06-30,normalized_concept,,total_assets,"edgar_normalize.py (règles edgar_v1 sha256:f95d7e2287bb49a3, automatique)",2026-09-28T13:10:15+00:00,doc:0000789019-0001564590-22-002324,R2
232,facts,0000789019-0001564590-22-002324-us-gaap:Assets-USD--2021-06-30,transformation,,aucune,"edgar_normalize.py (règles edgar_v1 sha256:f95d7e2287bb49a3, automatique)",2026-09-28T13:10:15+00:00,doc:0000789019-0001564590-22-002324,T1
233,facts,0000789019-0001564590-22-002324-us-gaap:Assets-USD--2021-06-30,value,,333779000000,"edgar_normalize.py (règles edgar_v1 sha256:f95d7e2287bb49a3, automatique)",2026-09-28T13:10:15+00:00,doc:0000789019-0001564590-22-002324,T1
234,facts,0000789019-0001564590-22-002324-us-gaap:Assets-USD--2021-06-30,normalization_justification,,"Règle R2 (edgar_v1) : us-gaap:Assets [USD, instant] -> total_assets. Valeur reprise telle quelle (T1). Dimensions : aucune, déduit (D1). Entrée brute facts/us-gaap/Assets/units/USD/101 (sha256 6fab9bbbc0df0bad…). À confirmer sur l'instance XBRL.","edgar_normalize.py (règles edgar_v1 sha256:f95d7e2287bb49a3, automatique)",2026-09-28T13:10:15+00:00,doc:0000789019-0001564590-22-002324,R2
235,facts,0000789019-0001564590-22-015675-us-gaap:Assets-USD--2021-06-30,source_context,,companyfacts;entite=CIK0000789019;periode=2021-06-30;segment=aucun(deduit D1),"edgar_normalize.py (règles edgar_v1 sha256:f95d7e2287bb49a3, automatique)",2026-09-28T13:10:15+00:00,doc:0000789019-0001564590-22-015675,X1
236,facts,0000789019-0001564590-22-015675-us-gaap:Assets-USD--2021-06-30,source_dimensions,INCONNU,,"edgar_normalize.py (règles edgar_v1 sha256:f95d7e2287bb49a3, automatique)",2026-09-28T13:10:15+00:00,doc:0000789019-0001564590-22-015675,D1 : une seule valeur brute pour cette clé
237,facts,0000789019-0001564590-22-015675-us-gaap:Assets-USD--2021-06-30,normalized_concept,,total_assets,"edgar_normalize.py (règles edgar_v1 sha256:f95d7e2287bb49a3, automatique)",2026-09-28T13:10:15+00:00,doc:0000789019-0001564590-22-015675,R2
238,facts,0000789019-0001564590-22-015675-us-gaap:Assets-USD--2021-06-30,transformation,,aucune,"edgar_normalize.py (règles edgar_v1 sha256:f95d7e2287bb49a3, automatique)",2026-09-28T13:10:15+00:00,doc:0000789019-0001564590-22-015675,T1
239,facts,0000789019-0001564590-22-015675-us-gaap:Assets-USD--2021-06-30,value,,333779000000,"edgar_normalize.py (règles edgar_v1 sha256:f95d7e2287bb49a3, automatique)",2026-09-28T13:10:15+00:00,doc:0000789019-0001564590-22-015675,T1
240,facts,0000789019-0001564590-22-015675-us-gaap:Assets-USD--2021-06-30,normalization_justification,,"Règle R2 (edgar_v1) : us-gaap:Assets [USD, instant] -> total_assets. Valeur reprise telle quelle (T1). Dimensions : aucune, déduit (D1). Entrée brute facts/us-gaap/Assets/units/USD/102 (sha256 8f1598b4c35d7a0f…). À confirmer sur l'instance XBRL.","edgar_normalize.py (règles edgar_v1 sha256:f95d7e2287bb49a3, automatique)",2026-09-28T13:10:15+00:00,doc:0000789019-0001564590-22-015675,R2
241,facts,0000789019-0001564590-22-026876-us-gaap:Assets-USD--2021-06-30,source_context,,companyfacts;entite=CIK0000789019;periode=2021-06-30;segment=aucun(deduit D1),"edgar_normalize.py (règles edgar_v1 sha256:f95d7e2287bb49a3, automatique)",2026-09-28T13:10:15+00:00,doc:0000789019-0001564590-22-026876,X1
242,facts,0000789019-0001564590-22-026876-us-gaap:Assets-USD--2021-06-30,source_dimensions,INCONNU,,"edgar_normalize.py (règles edgar_v1 sha256:f95d7e2287bb49a3, automatique)",2026-09-28T13:10:15+00:00,doc:0000789019-0001564590-22-026876,D1 : une seule valeur brute pour cette clé
243,facts,0000789019-0001564590-22-026876-us-gaap:Assets-USD--2021-06-30,normalized_concept,,total_assets,"edgar_normalize.py (règles edgar_v1 sha256:f95d7e2287bb49a3, automatique)",2026-09-28T13:10:15+00:00,doc:0000789019-0001564590-22-026876,R2
244,facts,0000789019-0001564590-22-026876-us-gaap:Assets-USD--2021-06-30,transformation,,aucune,"edgar_normalize.py (règles edgar_v1 sha256:f95d7e2287bb49a3, automatique)",2026-09-28T13:10:15+00:00,doc:0000789019-0001564590-22-026876,T1
245,facts,0000789019-0001564590-22-026876-us-gaap:Assets-USD--2021-06-30,value,,333779000000,"edgar_normalize.py (règles edgar_v1 sha256:f95d7e2287bb49a3, automatique)",2026-09-28T13:10:15+00:00,doc:0000789019-0001564590-22-026876,T1
246,facts,0000789019-0001564590-22-026876-us-gaap:Assets-USD--2021-06-30,normalization_justification,,"Règle R2 (edgar_v1) : us-gaap:Assets [USD, instant] -> total_assets. Valeur reprise telle quelle (T1). Dimensions : aucune, déduit (D1). Entrée brute facts/us-gaap/Assets/units/USD/103 (sha256 b9b994dace92ca91…). À confirmer sur l'instance XBRL.","edgar_normalize.py (règles edgar_v1 sha256:f95d7e2287bb49a3, automatique)",2026-09-28T13:10:15+00:00,doc:0000789019-0001564590-22-026876,R2
247,facts,0000789019-0001564590-21-051992-us-gaap:Assets-USD--2021-09-30,source_context,,companyfacts;entite=CIK0000789019;periode=2021-09-30;segment=aucun(deduit D1),"edgar_normalize.py (règles edgar_v1 sha256:f95d7e2287bb49a3, automatique)",2026-09-28T13:10:15+00:00,doc:0000789019-0001564590-21-051992,X1
248,facts,0000789019-0001564590-21-051992-us-gaap:Assets-USD--2021-09-30,source_dimensions,INCONNU,,"edgar_normalize.py (règles edgar_v1 sha256:f95d7e2287bb49a3, automatique)",2026-09-28T13:10:15+00:00,doc:0000789019-0001564590-21-051992,D1 : une seule valeur brute pour cette clé
249,facts,0000789019-0001564590-21-051992-us-gaap:Assets-USD--2021-09-30,normalized_concept,,total_assets,"edgar_normalize.py (règles edgar_v1 sha256:f95d7e2287bb49a3, automatique)",2026-09-28T13:10:15+00:00,doc:0000789019-0001564590-21-051992,R2
250,facts,0000789019-0001564590-21-051992-us-gaap:Assets-USD--2021-09-30,transformation,,aucune,"edgar_normalize.py (règles edgar_v1 sha256:f95d7e2287bb49a3, automatique)",2026-09-28T13:10:15+00:00,doc:0000789019-0001564590-21-051992,T1
251,facts,0000789019-0001564590-21-051992-us-gaap:Assets-USD--2021-09-30,value,,335418000000,"edgar_normalize.py (règles edgar_v1 sha256:f95d7e2287bb49a3, automatique)",2026-09-28T13:10:15+00:00,doc:0000789019-0001564590-21-051992,T1
252,facts,0000789019-0001564590-21-051992-us-gaap:Assets-USD--2021-09-30,normalization_justification,,"Règle R2 (edgar_v1) : us-gaap:Assets [USD, instant] -> total_assets. Valeur reprise telle quelle (T1). Dimensions : aucune, déduit (D1). Entrée brute facts/us-gaap/Assets/units/USD/104 (sha256 06ded5343c07c9e3…). À confirmer sur l'instance XBRL.","edgar_normalize.py (règles edgar_v1 sha256:f95d7e2287bb49a3, automatique)",2026-09-28T13:10:15+00:00,doc:0000789019-0001564590-21-051992,R2
253,facts,0000789019-0001564590-22-002324-us-gaap:Assets-USD--2021-12-31,source_context,,companyfacts;entite=CIK0000789019;periode=2021-12-31;segment=aucun(deduit D1),"edgar_normalize.py (règles edgar_v1 sha256:f95d7e2287bb49a3, automatique)",2026-09-28T13:10:15+00:00,doc:0000789019-0001564590-22-002324,X1
254,facts,0000789019-0001564590-22-002324-us-gaap:Assets-USD--2021-12-31,source_dimensions,INCONNU,,"edgar_normalize.py (règles edgar_v1 sha256:f95d7e2287bb49a3, automatique)",2026-09-28T13:10:15+00:00,doc:0000789019-0001564590-22-002324,D1 : une seule valeur brute pour cette clé
255,facts,0000789019-0001564590-22-002324-us-gaap:Assets-USD--2021-12-31,normalized_concept,,total_assets,"edgar_normalize.py (règles edgar_v1 sha256:f95d7e2287bb49a3, automatique)",2026-09-28T13:10:15+00:00,doc:0000789019-0001564590-22-002324,R2
256,facts,0000789019-0001564590-22-002324-us-gaap:Assets-USD--2021-12-31,transformation,,aucune,"edgar_normalize.py (règles edgar_v1 sha256:f95d7e2287bb49a3, automatique)",2026-09-28T13:10:15+00:00,doc:0000789019-0001564590-22-002324,T1
257,facts,0000789019-0001564590-22-002324-us-gaap:Assets-USD--2021-12-31,value,,340389000000,"edgar_normalize.py (règles edgar_v1 sha256:f95d7e2287bb49a3, automatique)",2026-09-28T13:10:15+00:00,doc:0000789019-0001564590-22-002324,T1
258,facts,0000789019-0001564590-22-002324-us-gaap:Assets-USD--2021-12-31,normalization_justification,,"Règle R2 (edgar_v1) : us-gaap:Assets [USD, instant] -> total_assets. Valeur reprise telle quelle (T1). Dimensions : aucune, déduit (D1). Entrée brute facts/us-gaap/Assets/units/USD/105 (sha256 ff80e9957d1c055e…). À confirmer sur l'instance XBRL.","edgar_normalize.py (règles edgar_v1 sha256:f95d7e2287bb49a3, automatique)",2026-09-28T13:10:15+00:00,doc:0000789019-0001564590-22-002324,R2
259,facts,0000789019-0001564590-22-015675-us-gaap:Assets-USD--2022-03-31,source_context,,companyfacts;entite=CIK0000789019;periode=2022-03-31;segment=aucun(deduit D1),"edgar_normalize.py (règles edgar_v1 sha256:f95d7e2287bb49a3, automatique)",2026-09-28T13:10:15+00:00,doc:0000789019-0001564590-22-015675,X1
260,facts,0000789019-0001564590-22-015675-us-gaap:Assets-USD--2022-03-31,source_dimensions,INCONNU,,"edgar_normalize.py (règles edgar_v1 sha256:f95d7e2287bb49a3, automatique)",2026-09-28T13:10:15+00:00,doc:0000789019-0001564590-22-015675,D1 : une seule valeur brute pour cette clé
261,facts,0000789019-0001564590-22-015675-us-gaap:Assets-USD--2022-03-31,normalized_concept,,total_assets,"edgar_normalize.py (règles edgar_v1 sha256:f95d7e2287bb49a3, automatique)",2026-09-28T13:10:15+00:00,doc:0000789019-0001564590-22-015675,R2
262,facts,0000789019-0001564590-22-015675-us-gaap:Assets-USD--2022-03-31,transformation,,aucune,"edgar_normalize.py (règles edgar_v1 sha256:f95d7e2287bb49a3, automatique)",2026-09-28T13:10:15+00:00,doc:0000789019-0001564590-22-015675,T1
263,facts,0000789019-0001564590-22-015675-us-gaap:Assets-USD--2022-03-31,value,,344607000000,"edgar_normalize.py (règles edgar_v1 sha256:f95d7e2287bb49a3, automatique)",2026-09-28T13:10:15+00:00,doc:0000789019-0001564590-22-015675,T1
264,facts,0000789019-0001564590-22-015675-us-gaap:Assets-USD--2022-03-31,normalization_justification,,"Règle R2 (edgar_v1) : us-gaap:Assets [USD, instant] -> total_assets. Valeur reprise telle quelle (T1). Dimensions : aucune, déduit (D1). Entrée brute facts/us-gaap/Assets/units/USD/106 (sha256 21cc4eeb105aeced…). À confirmer sur l'instance XBRL.","edgar_normalize.py (règles edgar_v1 sha256:f95d7e2287bb49a3, automatique)",2026-09-28T13:10:15+00:00,doc:0000789019-0001564590-22-015675,R2
265,facts,0000789019-0001564590-22-026876-us-gaap:Assets-USD--2022-06-30,source_context,,companyfacts;entite=CIK0000789019;periode=2022-06-30;segment=aucun(deduit D1),"edgar_normalize.py (règles edgar_v1 sha256:f95d7e2287bb49a3, automatique)",2026-09-28T13:10:15+00:00,doc:0000789019-0001564590-22-026876,X1
266,facts,0000789019-0001564590-22-026876-us-gaap:Assets-USD--2022-06-30,source_dimensions,INCONNU,,"edgar_normalize.py (règles edgar_v1 sha256:f95d7e2287bb49a3, automatique)",2026-09-28T13:10:15+00:00,doc:0000789019-0001564590-22-026876,D1 : une seule valeur brute pour cette clé
267,facts,0000789019-0001564590-22-026876-us-gaap:Assets-USD--2022-06-30,normalized_concept,,total_assets,"edgar_normalize.py (règles edgar_v1 sha256:f95d7e2287bb49a3, automatique)",2026-09-28T13:10:15+00:00,doc:0000789019-0001564590-22-026876,R2
268,facts,0000789019-0001564590-22-026876-us-gaap:Assets-USD--2022-06-30,transformation,,aucune,"edgar_normalize.py (règles edgar_v1 sha256:f95d7e2287bb49a3, automatique)",2026-09-28T13:10:15+00:00,doc:0000789019-0001564590-22-026876,T1
269,facts,0000789019-0001564590-22-026876-us-gaap:Assets-USD--2022-06-30,value,,364840000000,"edgar_normalize.py (règles edgar_v1 sha256:f95d7e2287bb49a3, automatique)",2026-09-28T13:10:15+00:00,doc:0000789019-0001564590-22-026876,T1
270,facts,0000789019-0001564590-22-026876-us-gaap:Assets-USD--2022-06-30,normalization_justification,,"Règle R2 (edgar_v1) : us-gaap:Assets [USD, instant] -> total_assets. Valeur reprise telle quelle (T1). Dimensions : aucune, déduit (D1). Entrée brute facts/us-gaap/Assets/units/USD/107 (sha256 8c91fa7b06848840…). À confirmer sur l'instance XBRL.","edgar_normalize.py (règles edgar_v1 sha256:f95d7e2287bb49a3, automatique)",2026-09-28T13:10:15+00:00,doc:0000789019-0001564590-22-026876,R2
271,facts,0000789019-0001564590-22-035087-us-gaap:Assets-USD--2022-06-30,source_context,,companyfacts;entite=CIK0000789019;periode=2022-06-30;segment=aucun(deduit D1),"edgar_normalize.py (règles edgar_v1 sha256:f95d7e2287bb49a3, automatique)",2026-09-28T13:10:15+00:00,doc:0000789019-0001564590-22-035087,X1
272,facts,0000789019-0001564590-22-035087-us-gaap:Assets-USD--2022-06-30,source_dimensions,INCONNU,,"edgar_normalize.py (règles edgar_v1 sha256:f95d7e2287bb49a3, automatique)",2026-09-28T13:10:15+00:00,doc:0000789019-0001564590-22-035087,D1 : une seule valeur brute pour cette clé
273,facts,0000789019-0001564590-22-035087-us-gaap:Assets-USD--2022-06-30,normalized_concept,,total_assets,"edgar_normalize.py (règles edgar_v1 sha256:f95d7e2287bb49a3, automatique)",2026-09-28T13:10:15+00:00,doc:0000789019-0001564590-22-035087,R2
274,facts,0000789019-0001564590-22-035087-us-gaap:Assets-USD--2022-06-30,transformation,,aucune,"edgar_normalize.py (règles edgar_v1 sha256:f95d7e2287bb49a3, automatique)",2026-09-28T13:10:15+00:00,doc:0000789019-0001564590-22-035087,T1
275,facts,0000789019-0001564590-22-035087-us-gaap:Assets-USD--2022-06-30,value,,364840000000,"edgar_normalize.py (règles edgar_v1 sha256:f95d7e2287bb49a3, automatique)",2026-09-28T13:10:15+00:00,doc:0000789019-0001564590-22-035087,T1
276,facts,0000789019-0001564590-22-035087-us-gaap:Assets-USD--2022-06-30,normalization_justification,,"Règle R2 (edgar_v1) : us-gaap:Assets [USD, instant] -> total_assets. Valeur reprise telle quelle (T1). Dimensions : aucune, déduit (D1). Entrée brute facts/us-gaap/Assets/units/USD/108 (sha256 e32854660fe8f409…). À confirmer sur l'instance XBRL.","edgar_normalize.py (règles edgar_v1 sha256:f95d7e2287bb49a3, automatique)",2026-09-28T13:10:15+00:00,doc:0000789019-0001564590-22-035087,R2
277,facts,0000789019-0001564590-23-000733-us-gaap:Assets-USD--2022-06-30,source_context,,companyfacts;entite=CIK0000789019;periode=2022-06-30;segment=aucun(deduit D1),"edgar_normalize.py (règles edgar_v1 sha256:f95d7e2287bb49a3, automatique)",2026-09-28T13:10:15+00:00,doc:0000789019-0001564590-23-000733,X1
278,facts,0000789019-0001564590-23-000733-us-gaap:Assets-USD--2022-06-30,source_dimensions,INCONNU,,"edgar_normalize.py (règles edgar_v1 sha256:f95d7e2287bb49a3, automatique)",2026-09-28T13:10:15+00:00,doc:0000789019-0001564590-23-000733,D1 : une seule valeur brute pour cette clé
279,facts,0000789019-0001564590-23-000733-us-gaap:Assets-USD--2022-06-30,normalized_concept,,total_assets,"edgar_normalize.py (règles edgar_v1 sha256:f95d7e2287bb49a3, automatique)",2026-09-28T13:10:15+00:00,doc:0000789019-0001564590-23-000733,R2
280,facts,0000789019-0001564590-23-000733-us-gaap:Assets-USD--2022-06-30,transformation,,aucune,"edgar_normalize.py (règles edgar_v1 sha256:f95d7e2287bb49a3, automatique)",2026-09-28T13:10:15+00:00,doc:0000789019-0001564590-23-000733,T1
281,facts,0000789019-0001564590-23-000733-us-gaap:Assets-USD--2022-06-30,value,,364840000000,"edgar_normalize.py (règles edgar_v1 sha256:f95d7e2287bb49a3, automatique)",2026-09-28T13:10:15+00:00,doc:0000789019-0001564590-23-000733,T1
282,facts,0000789019-0001564590-23-000733-us-gaap:Assets-USD--2022-06-30,normalization_justification,,"Règle R2 (edgar_v1) : us-gaap:Assets [USD, instant] -> total_assets. Valeur reprise telle quelle (T1). Dimensions : aucune, déduit (D1). Entrée brute facts/us-gaap/Assets/units/USD/109 (sha256 c9a49136bf5ff052…). À confirmer sur l'instance XBRL.","edgar_normalize.py (règles edgar_v1 sha256:f95d7e2287bb49a3, automatique)",2026-09-28T13:10:15+00:00,doc:0000789019-0001564590-23-000733,R2
283,facts,0000789019-0000950170-23-014423-us-gaap:Assets-USD--2022-06-30,source_context,,companyfacts;entite=CIK0000789019;periode=2022-06-30;segment=aucun(deduit D1),"edgar_normalize.py (règles edgar_v1 sha256:f95d7e2287bb49a3, automatique)",2026-09-28T13:10:15+00:00,doc:0000789019-0000950170-23-014423,X1
284,facts,0000789019-0000950170-23-014423-us-gaap:Assets-USD--2022-06-30,source_dimensions,INCONNU,,"edgar_normalize.py (règles edgar_v1 sha256:f95d7e2287bb49a3, automatique)",2026-09-28T13:10:15+00:00,doc:0000789019-0000950170-23-014423,D1 : une seule valeur brute pour cette clé
285,facts,0000789019-0000950170-23-014423-us-gaap:Assets-USD--2022-06-30,normalized_concept,,total_assets,"edgar_normalize.py (règles edgar_v1 sha256:f95d7e2287bb49a3, automatique)",2026-09-28T13:10:15+00:00,doc:0000789019-0000950170-23-014423,R2
286,facts,0000789019-0000950170-23-014423-us-gaap:Assets-USD--2022-06-30,transformation,,aucune,"edgar_normalize.py (règles edgar_v1 sha256:f95d7e2287bb49a3, automatique)",2026-09-28T13:10:15+00:00,doc:0000789019-0000950170-23-014423,T1
287,facts,0000789019-0000950170-23-014423-us-gaap:Assets-USD--2022-06-30,value,,364840000000,"edgar_normalize.py (règles edgar_v1 sha256:f95d7e2287bb49a3, automatique)",2026-09-28T13:10:15+00:00,doc:0000789019-0000950170-23-014423,T1
288,facts,0000789019-0000950170-23-014423-us-gaap:Assets-USD--2022-06-30,normalization_justification,,"Règle R2 (edgar_v1) : us-gaap:Assets [USD, instant] -> total_assets. Valeur reprise telle quelle (T1). Dimensions : aucune, déduit (D1). Entrée brute facts/us-gaap/Assets/units/USD/110 (sha256 33c765d5468c2dc6…). À confirmer sur l'instance XBRL.","edgar_normalize.py (règles edgar_v1 sha256:f95d7e2287bb49a3, automatique)",2026-09-28T13:10:15+00:00,doc:0000789019-0000950170-23-014423,R2
289,facts,0000789019-0000950170-23-035122-us-gaap:Assets-USD--2022-06-30,source_context,,companyfacts;entite=CIK0000789019;periode=2022-06-30;segment=aucun(deduit D1),"edgar_normalize.py (règles edgar_v1 sha256:f95d7e2287bb49a3, automatique)",2026-09-28T13:10:15+00:00,doc:0000789019-0000950170-23-035122,X1
290,facts,0000789019-0000950170-23-035122-us-gaap:Assets-USD--2022-06-30,source_dimensions,INCONNU,,"edgar_normalize.py (règles edgar_v1 sha256:f95d7e2287bb49a3, automatique)",2026-09-28T13:10:15+00:00,doc:0000789019-0000950170-23-035122,D1 : une seule valeur brute pour cette clé
291,facts,0000789019-0000950170-23-035122-us-gaap:Assets-USD--2022-06-30,normalized_concept,,total_assets,"edgar_normalize.py (règles edgar_v1 sha256:f95d7e2287bb49a3, automatique)",2026-09-28T13:10:15+00:00,doc:0000789019-0000950170-23-035122,R2
292,facts,0000789019-0000950170-23-035122-us-gaap:Assets-USD--2022-06-30,transformation,,aucune,"edgar_normalize.py (règles edgar_v1 sha256:f95d7e2287bb49a3, automatique)",2026-09-28T13:10:15+00:00,doc:0000789019-0000950170-23-035122,T1
293,facts,0000789019-0000950170-23-035122-us-gaap:Assets-USD--2022-06-30,value,,364840000000,"edgar_normalize.py (règles edgar_v1 sha256:f95d7e2287bb49a3, automatique)",2026-09-28T13:10:15+00:00,doc:0000789019-0000950170-23-035122,T1
294,facts,0000789019-0000950170-23-035122-us-gaap:Assets-USD--2022-06-30,normalization_justification,,"Règle R2 (edgar_v1) : us-gaap:Assets [USD, instant] -> total_assets. Valeur reprise telle quelle (T1). Dimensions : aucune, déduit (D1). Entrée brute facts/us-gaap/Assets/units/USD/111 (sha256 b1c51092e6ce68e6…). À confirmer sur l'instance XBRL.","edgar_normalize.py (règles edgar_v1 sha256:f95d7e2287bb49a3, automatique)",2026-09-28T13:10:15+00:00,doc:0000789019-0000950170-23-035122,R2
295,facts,0000789019-0001564590-22-035087-us-gaap:Assets-USD--2022-09-30,source_context,,companyfacts;entite=CIK0000789019;periode=2022-09-30;segment=aucun(deduit D1),"edgar_normalize.py (règles edgar_v1 sha256:f95d7e2287bb49a3, automatique)",2026-09-28T13:10:15+00:00,doc:0000789019-0001564590-22-035087,X1
296,facts,0000789019-0001564590-22-035087-us-gaap:Assets-USD--2022-09-30,source_dimensions,INCONNU,,"edgar_normalize.py (règles edgar_v1 sha256:f95d7e2287bb49a3, automatique)",2026-09-28T13:10:15+00:00,doc:0000789019-0001564590-22-035087,D1 : une seule valeur brute pour cette clé
297,facts,0000789019-0001564590-22-035087-us-gaap:Assets-USD--2022-09-30,normalized_concept,,total_assets,"edgar_normalize.py (règles edgar_v1 sha256:f95d7e2287bb49a3, automatique)",2026-09-28T13:10:15+00:00,doc:0000789019-0001564590-22-035087,R2
298,facts,0000789019-0001564590-22-035087-us-gaap:Assets-USD--2022-09-30,transformation,,aucune,"edgar_normalize.py (règles edgar_v1 sha256:f95d7e2287bb49a3, automatique)",2026-09-28T13:10:15+00:00,doc:0000789019-0001564590-22-035087,T1
299,facts,0000789019-0001564590-22-035087-us-gaap:Assets-USD--2022-09-30,value,,359784000000,"edgar_normalize.py (règles edgar_v1 sha256:f95d7e2287bb49a3, automatique)",2026-09-28T13:10:15+00:00,doc:0000789019-0001564590-22-035087,T1
300,facts,0000789019-0001564590-22-035087-us-gaap:Assets-USD--2022-09-30,normalization_justification,,"Règle R2 (edgar_v1) : us-gaap:Assets [USD, instant] -> total_assets. Valeur reprise telle quelle (T1). Dimensions : aucune, déduit (D1). Entrée brute facts/us-gaap/Assets/units/USD/112 (sha256 c3889456357e023d…). À confirmer sur l'instance XBRL.","edgar_normalize.py (règles edgar_v1 sha256:f95d7e2287bb49a3, automatique)",2026-09-28T13:10:15+00:00,doc:0000789019-0001564590-22-035087,R2
301,facts,0000789019-0001564590-23-000733-us-gaap:Assets-USD--2022-12-31,source_context,,companyfacts;entite=CIK0000789019;periode=2022-12-31;segment=aucun(deduit D1),"edgar_normalize.py (règles edgar_v1 sha256:f95d7e2287bb49a3, automatique)",2026-09-28T13:10:15+00:00,doc:0000789019-0001564590-23-000733,X1
302,facts,0000789019-0001564590-23-000733-us-gaap:Assets-USD--2022-12-31,source_dimensions,INCONNU,,"edgar_normalize.py (règles edgar_v1 sha256:f95d7e2287bb49a3, automatique)",2026-09-28T13:10:15+00:00,doc:0000789019-0001564590-23-000733,D1 : une seule valeur brute pour cette clé
303,facts,0000789019-0001564590-23-000733-us-gaap:Assets-USD--2022-12-31,normalized_concept,,total_assets,"edgar_normalize.py (règles edgar_v1 sha256:f95d7e2287bb49a3, automatique)",2026-09-28T13:10:15+00:00,doc:0000789019-0001564590-23-000733,R2
304,facts,0000789019-0001564590-23-000733-us-gaap:Assets-USD--2022-12-31,transformation,,aucune,"edgar_normalize.py (règles edgar_v1 sha256:f95d7e2287bb49a3, automatique)",2026-09-28T13:10:15+00:00,doc:0000789019-0001564590-23-000733,T1
305,facts,0000789019-0001564590-23-000733-us-gaap:Assets-USD--2022-12-31,value,,364552000000,"edgar_normalize.py (règles edgar_v1 sha256:f95d7e2287bb49a3, automatique)",2026-09-28T13:10:15+00:00,doc:0000789019-0001564590-23-000733,T1
306,facts,0000789019-0001564590-23-000733-us-gaap:Assets-USD--2022-12-31,normalization_justification,,"Règle R2 (edgar_v1) : us-gaap:Assets [USD, instant] -> total_assets. Valeur reprise telle quelle (T1). Dimensions : aucune, déduit (D1). Entrée brute facts/us-gaap/Assets/units/USD/113 (sha256 b3b1104184575039…). À confirmer sur l'instance XBRL.","edgar_normalize.py (règles edgar_v1 sha256:f95d7e2287bb49a3, automatique)",2026-09-28T13:10:15+00:00,doc:0000789019-0001564590-23-000733,R2
307,facts,0000789019-0000950170-23-014423-us-gaap:Assets-USD--2023-03-31,source_context,,companyfacts;entite=CIK0000789019;periode=2023-03-31;segment=aucun(deduit D1),"edgar_normalize.py (règles edgar_v1 sha256:f95d7e2287bb49a3, automatique)",2026-09-28T13:10:15+00:00,doc:0000789019-0000950170-23-014423,X1
308,facts,0000789019-0000950170-23-014423-us-gaap:Assets-USD--2023-03-31,source_dimensions,INCONNU,,"edgar_normalize.py (règles edgar_v1 sha256:f95d7e2287bb49a3, automatique)",2026-09-28T13:10:15+00:00,doc:0000789019-0000950170-23-014423,D1 : une seule valeur brute pour cette clé
309,facts,0000789019-0000950170-23-014423-us-gaap:Assets-USD--2023-03-31,normalized_concept,,total_assets,"edgar_normalize.py (règles edgar_v1 sha256:f95d7e2287bb49a3, automatique)",2026-09-28T13:10:15+00:00,doc:0000789019-0000950170-23-014423,R2
310,facts,0000789019-0000950170-23-014423-us-gaap:Assets-USD--2023-03-31,transformation,,aucune,"edgar_normalize.py (règles edgar_v1 sha256:f95d7e2287bb49a3, automatique)",2026-09-28T13:10:15+00:00,doc:0000789019-0000950170-23-014423,T1
311,facts,0000789019-0000950170-23-014423-us-gaap:Assets-USD--2023-03-31,value,,380088000000,"edgar_normalize.py (règles edgar_v1 sha256:f95d7e2287bb49a3, automatique)",2026-09-28T13:10:15+00:00,doc:0000789019-0000950170-23-014423,T1
312,facts,0000789019-0000950170-23-014423-us-gaap:Assets-USD--2023-03-31,normalization_justification,,"Règle R2 (edgar_v1) : us-gaap:Assets [USD, instant] -> total_assets. Valeur reprise telle quelle (T1). Dimensions : aucune, déduit (D1). Entrée brute facts/us-gaap/Assets/units/USD/114 (sha256 1d411db50398b4fb…). À confirmer sur l'instance XBRL.","edgar_normalize.py (règles edgar_v1 sha256:f95d7e2287bb49a3, automatique)",2026-09-28T13:10:15+00:00,doc:0000789019-0000950170-23-014423,R2
313,facts,0000789019-0000950170-23-035122-us-gaap:Assets-USD--2023-06-30,source_context,,companyfacts;entite=CIK0000789019;periode=2023-06-30;segment=aucun(deduit D1),"edgar_normalize.py (règles edgar_v1 sha256:f95d7e2287bb49a3, automatique)",2026-09-28T13:10:15+00:00,doc:0000789019-0000950170-23-035122,X1
314,facts,0000789019-0000950170-23-035122-us-gaap:Assets-USD--2023-06-30,source_dimensions,INCONNU,,"edgar_normalize.py (règles edgar_v1 sha256:f95d7e2287bb49a3, automatique)",2026-09-28T13:10:15+00:00,doc:0000789019-0000950170-23-035122,D1 : une seule valeur brute pour cette clé
315,facts,0000789019-0000950170-23-035122-us-gaap:Assets-USD--2023-06-30,normalized_concept,,total_assets,"edgar_normalize.py (règles edgar_v1 sha256:f95d7e2287bb49a3, automatique)",2026-09-28T13:10:15+00:00,doc:0000789019-0000950170-23-035122,R2
316,facts,0000789019-0000950170-23-035122-us-gaap:Assets-USD--2023-06-30,transformation,,aucune,"edgar_normalize.py (règles edgar_v1 sha256:f95d7e2287bb49a3, automatique)",2026-09-28T13:10:15+00:00,doc:0000789019-0000950170-23-035122,T1
317,facts,0000789019-0000950170-23-035122-us-gaap:Assets-USD--2023-06-30,value,,411976000000,"edgar_normalize.py (règles edgar_v1 sha256:f95d7e2287bb49a3, automatique)",2026-09-28T13:10:15+00:00,doc:0000789019-0000950170-23-035122,T1
318,facts,0000789019-0000950170-23-035122-us-gaap:Assets-USD--2023-06-30,normalization_justification,,"Règle R2 (edgar_v1) : us-gaap:Assets [USD, instant] -> total_assets. Valeur reprise telle quelle (T1). Dimensions : aucune, déduit (D1). Entrée brute facts/us-gaap/Assets/units/USD/115 (sha256 2f8353c31cb73889…). À confirmer sur l'instance XBRL.","edgar_normalize.py (règles edgar_v1 sha256:f95d7e2287bb49a3, automatique)",2026-09-28T13:10:15+00:00,doc:0000789019-0000950170-23-035122,R2
319,facts,0000789019-0000950170-23-054855-us-gaap:Assets-USD--2023-06-30,source_context,,companyfacts;entite=CIK0000789019;periode=2023-06-30;segment=aucun(deduit D1),"edgar_normalize.py (règles edgar_v1 sha256:f95d7e2287bb49a3, automatique)",2026-09-28T13:10:15+00:00,doc:0000789019-0000950170-23-054855,X1
320,facts,0000789019-0000950170-23-054855-us-gaap:Assets-USD--2023-06-30,source_dimensions,INCONNU,,"edgar_normalize.py (règles edgar_v1 sha256:f95d7e2287bb49a3, automatique)",2026-09-28T13:10:15+00:00,doc:0000789019-0000950170-23-054855,D1 : une seule valeur brute pour cette clé
321,facts,0000789019-0000950170-23-054855-us-gaap:Assets-USD--2023-06-30,normalized_concept,,total_assets,"edgar_normalize.py (règles edgar_v1 sha256:f95d7e2287bb49a3, automatique)",2026-09-28T13:10:15+00:00,doc:0000789019-0000950170-23-054855,R2
322,facts,0000789019-0000950170-23-054855-us-gaap:Assets-USD--2023-06-30,transformation,,aucune,"edgar_normalize.py (règles edgar_v1 sha256:f95d7e2287bb49a3, automatique)",2026-09-28T13:10:15+00:00,doc:0000789019-0000950170-23-054855,T1
323,facts,0000789019-0000950170-23-054855-us-gaap:Assets-USD--2023-06-30,value,,411976000000,"edgar_normalize.py (règles edgar_v1 sha256:f95d7e2287bb49a3, automatique)",2026-09-28T13:10:15+00:00,doc:0000789019-0000950170-23-054855,T1
324,facts,0000789019-0000950170-23-054855-us-gaap:Assets-USD--2023-06-30,normalization_justification,,"Règle R2 (edgar_v1) : us-gaap:Assets [USD, instant] -> total_assets. Valeur reprise telle quelle (T1). Dimensions : aucune, déduit (D1). Entrée brute facts/us-gaap/Assets/units/USD/116 (sha256 590b3bb15d677956…). À confirmer sur l'instance XBRL.","edgar_normalize.py (règles edgar_v1 sha256:f95d7e2287bb49a3, automatique)",2026-09-28T13:10:15+00:00,doc:0000789019-0000950170-23-054855,R2
325,facts,0000789019-0000950170-24-008814-us-gaap:Assets-USD--2023-06-30,source_context,,companyfacts;entite=CIK0000789019;periode=2023-06-30;segment=aucun(deduit D1),"edgar_normalize.py (règles edgar_v1 sha256:f95d7e2287bb49a3, automatique)",2026-09-28T13:10:15+00:00,doc:0000789019-0000950170-24-008814,X1
326,facts,0000789019-0000950170-24-008814-us-gaap:Assets-USD--2023-06-30,source_dimensions,INCONNU,,"edgar_normalize.py (règles edgar_v1 sha256:f95d7e2287bb49a3, automatique)",2026-09-28T13:10:15+00:00,doc:0000789019-0000950170-24-008814,D1 : une seule valeur brute pour cette clé
327,facts,0000789019-0000950170-24-008814-us-gaap:Assets-USD--2023-06-30,normalized_concept,,total_assets,"edgar_normalize.py (règles edgar_v1 sha256:f95d7e2287bb49a3, automatique)",2026-09-28T13:10:15+00:00,doc:0000789019-0000950170-24-008814,R2
328,facts,0000789019-0000950170-24-008814-us-gaap:Assets-USD--2023-06-30,transformation,,aucune,"edgar_normalize.py (règles edgar_v1 sha256:f95d7e2287bb49a3, automatique)",2026-09-28T13:10:15+00:00,doc:0000789019-0000950170-24-008814,T1
329,facts,0000789019-0000950170-24-008814-us-gaap:Assets-USD--2023-06-30,value,,411976000000,"edgar_normalize.py (règles edgar_v1 sha256:f95d7e2287bb49a3, automatique)",2026-09-28T13:10:15+00:00,doc:0000789019-0000950170-24-008814,T1
330,facts,0000789019-0000950170-24-008814-us-gaap:Assets-USD--2023-06-30,normalization_justification,,"Règle R2 (edgar_v1) : us-gaap:Assets [USD, instant] -> total_assets. Valeur reprise telle quelle (T1). Dimensions : aucune, déduit (D1). Entrée brute facts/us-gaap/Assets/units/USD/117 (sha256 9dc67fab8236281b…). À confirmer sur l'instance XBRL.","edgar_normalize.py (règles edgar_v1 sha256:f95d7e2287bb49a3, automatique)",2026-09-28T13:10:15+00:00,doc:0000789019-0000950170-24-008814,R2
331,facts,0000789019-0000950170-24-048288-us-gaap:Assets-USD--2023-06-30,source_context,,companyfacts;entite=CIK0000789019;periode=2023-06-30;segment=aucun(deduit D1),"edgar_normalize.py (règles edgar_v1 sha256:f95d7e2287bb49a3, automatique)",2026-09-28T13:10:15+00:00,doc:0000789019-0000950170-24-048288,X1
332,facts,0000789019-0000950170-24-048288-us-gaap:Assets-USD--2023-06-30,source_dimensions,INCONNU,,"edgar_normalize.py (règles edgar_v1 sha256:f95d7e2287bb49a3, automatique)",2026-09-28T13:10:15+00:00,doc:0000789019-0000950170-24-048288,D1 : une seule valeur brute pour cette clé
333,facts,0000789019-0000950170-24-048288-us-gaap:Assets-USD--2023-06-30,normalized_concept,,total_assets,"edgar_normalize.py (règles edgar_v1 sha256:f95d7e2287bb49a3, automatique)",2026-09-28T13:10:15+00:00,doc:0000789019-0000950170-24-048288,R2
334,facts,0000789019-0000950170-24-048288-us-gaap:Assets-USD--2023-06-30,transformation,,aucune,"edgar_normalize.py (règles edgar_v1 sha256:f95d7e2287bb49a3, automatique)",2026-09-28T13:10:15+00:00,doc:0000789019-0000950170-24-048288,T1
335,facts,0000789019-0000950170-24-048288-us-gaap:Assets-USD--2023-06-30,value,,411976000000,"edgar_normalize.py (règles edgar_v1 sha256:f95d7e2287bb49a3, automatique)",2026-09-28T13:10:15+00:00,doc:0000789019-0000950170-24-048288,T1
336,facts,0000789019-0000950170-24-048288-us-gaap:Assets-USD--2023-06-30,normalization_justification,,"Règle R2 (edgar_v1) : us-gaap:Assets [USD, instant] -> total_assets. Valeur reprise telle quelle (T1). Dimensions : aucune, déduit (D1). Entrée brute facts/us-gaap/Assets/units/USD/118 (sha256 f2b494194da2d541…). À confirmer sur l'instance XBRL.","edgar_normalize.py (règles edgar_v1 sha256:f95d7e2287bb49a3, automatique)",2026-09-28T13:10:15+00:00,doc:0000789019-0000950170-24-048288,R2
337,facts,0000789019-0000950170-24-087843-us-gaap:Assets-USD--2023-06-30,source_context,,companyfacts;entite=CIK0000789019;periode=2023-06-30;segment=aucun(deduit D1),"edgar_normalize.py (règles edgar_v1 sha256:f95d7e2287bb49a3, automatique)",2026-09-28T13:10:15+00:00,doc:0000789019-0000950170-24-087843,X1
338,facts,0000789019-0000950170-24-087843-us-gaap:Assets-USD--2023-06-30,source_dimensions,INCONNU,,"edgar_normalize.py (règles edgar_v1 sha256:f95d7e2287bb49a3, automatique)",2026-09-28T13:10:15+00:00,doc:0000789019-0000950170-24-087843,D1 : une seule valeur brute pour cette clé
339,facts,0000789019-0000950170-24-087843-us-gaap:Assets-USD--2023-06-30,normalized_concept,,total_assets,"edgar_normalize.py (règles edgar_v1 sha256:f95d7e2287bb49a3, automatique)",2026-09-28T13:10:15+00:00,doc:0000789019-0000950170-24-087843,R2
340,facts,0000789019-0000950170-24-087843-us-gaap:Assets-USD--2023-06-30,transformation,,aucune,"edgar_normalize.py (règles edgar_v1 sha256:f95d7e2287bb49a3, automatique)",2026-09-28T13:10:15+00:00,doc:0000789019-0000950170-24-087843,T1
341,facts,0000789019-0000950170-24-087843-us-gaap:Assets-USD--2023-06-30,value,,411976000000,"edgar_normalize.py (règles edgar_v1 sha256:f95d7e2287bb49a3, automatique)",2026-09-28T13:10:15+00:00,doc:0000789019-0000950170-24-087843,T1
342,facts,0000789019-0000950170-24-087843-us-gaap:Assets-USD--2023-06-30,normalization_justification,,"Règle R2 (edgar_v1) : us-gaap:Assets [USD, instant] -> total_assets. Valeur reprise telle quelle (T1). Dimensions : aucune, déduit (D1). Entrée brute facts/us-gaap/Assets/units/USD/119 (sha256 fe5db72accc38986…). À confirmer sur l'instance XBRL.","edgar_normalize.py (règles edgar_v1 sha256:f95d7e2287bb49a3, automatique)",2026-09-28T13:10:15+00:00,doc:0000789019-0000950170-24-087843,R2
343,facts,0000789019-0000950170-23-054855-us-gaap:Assets-USD--2023-09-30,source_context,,companyfacts;entite=CIK0000789019;periode=2023-09-30;segment=aucun(deduit D1),"edgar_normalize.py (règles edgar_v1 sha256:f95d7e2287bb49a3, automatique)",2026-09-28T13:10:15+00:00,doc:0000789019-0000950170-23-054855,X1
344,facts,0000789019-0000950170-23-054855-us-gaap:Assets-USD--2023-09-30,source_dimensions,INCONNU,,"edgar_normalize.py (règles edgar_v1 sha256:f95d7e2287bb49a3, automatique)",2026-09-28T13:10:15+00:00,doc:0000789019-0000950170-23-054855,D1 : une seule valeur brute pour cette clé
345,facts,0000789019-0000950170-23-054855-us-gaap:Assets-USD--2023-09-30,normalized_concept,,total_assets,"edgar_normalize.py (règles edgar_v1 sha256:f95d7e2287bb49a3, automatique)",2026-09-28T13:10:15+00:00,doc:0000789019-0000950170-23-054855,R2
346,facts,0000789019-0000950170-23-054855-us-gaap:Assets-USD--2023-09-30,transformation,,aucune,"edgar_normalize.py (règles edgar_v1 sha256:f95d7e2287bb49a3, automatique)",2026-09-28T13:10:15+00:00,doc:0000789019-0000950170-23-054855,T1
347,facts,0000789019-0000950170-23-054855-us-gaap:Assets-USD--2023-09-30,value,,445785000000,"edgar_normalize.py (règles edgar_v1 sha256:f95d7e2287bb49a3, automatique)",2026-09-28T13:10:15+00:00,doc:0000789019-0000950170-23-054855,T1
348,facts,0000789019-0000950170-23-054855-us-gaap:Assets-USD--2023-09-30,normalization_justification,,"Règle R2 (edgar_v1) : us-gaap:Assets [USD, instant] -> total_assets. Valeur reprise telle quelle (T1). Dimensions : aucune, déduit (D1). Entrée brute facts/us-gaap/Assets/units/USD/121 (sha256 e7af0171958ea9d1…). À confirmer sur l'instance XBRL.","edgar_normalize.py (règles edgar_v1 sha256:f95d7e2287bb49a3, automatique)",2026-09-28T13:10:15+00:00,doc:0000789019-0000950170-23-054855,R2
349,facts,0000789019-0000950170-24-008814-us-gaap:Assets-USD--2023-12-31,source_context,,companyfacts;entite=CIK0000789019;periode=2023-12-31;segment=aucun(deduit D1),"edgar_normalize.py (règles edgar_v1 sha256:f95d7e2287bb49a3, automatique)",2026-09-28T13:10:15+00:00,doc:0000789019-0000950170-24-008814,X1
350,facts,0000789019-0000950170-24-008814-us-gaap:Assets-USD--2023-12-31,source_dimensions,INCONNU,,"edgar_normalize.py (règles edgar_v1 sha256:f95d7e2287bb49a3, automatique)",2026-09-28T13:10:15+00:00,doc:0000789019-0000950170-24-008814,D1 : une seule valeur brute pour cette clé
351,facts,0000789019-0000950170-24-008814-us-gaap:Assets-USD--2023-12-31,normalized_concept,,total_assets,"edgar_normalize.py (règles edgar_v1 sha256:f95d7e2287bb49a3, automatique)",2026-09-28T13:10:15+00:00,doc:0000789019-0000950170-24-008814,R2
352,facts,0000789019-0000950170-24-008814-us-gaap:Assets-USD--2023-12-31,transformation,,aucune,"edgar_normalize.py (règles edgar_v1 sha256:f95d7e2287bb49a3, automatique)",2026-09-28T13:10:15+00:00,doc:0000789019-0000950170-24-008814,T1
353,facts,0000789019-0000950170-24-008814-us-gaap:Assets-USD--2023-12-31,value,,470558000000,"edgar_normalize.py (règles edgar_v1 sha256:f95d7e2287bb49a3, automatique)",2026-09-28T13:10:15+00:00,doc:0000789019-0000950170-24-008814,T1
354,facts,0000789019-0000950170-24-008814-us-gaap:Assets-USD--2023-12-31,normalization_justification,,"Règle R2 (edgar_v1) : us-gaap:Assets [USD, instant] -> total_assets. Valeur reprise telle quelle (T1). Dimensions : aucune, déduit (D1). Entrée brute facts/us-gaap/Assets/units/USD/122 (sha256 26f7ada3884e170e…). À confirmer sur l'instance XBRL.","edgar_normalize.py (règles edgar_v1 sha256:f95d7e2287bb49a3, automatique)",2026-09-28T13:10:15+00:00,doc:0000789019-0000950170-24-008814,R2
355,facts,0000789019-0000950170-24-048288-us-gaap:Assets-USD--2024-03-31,source_context,,companyfacts;entite=CIK0000789019;periode=2024-03-31;segment=aucun(deduit D1),"edgar_normalize.py (règles edgar_v1 sha256:f95d7e2287bb49a3, automatique)",2026-09-28T13:10:15+00:00,doc:0000789019-0000950170-24-048288,X1
356,facts,0000789019-0000950170-24-048288-us-gaap:Assets-USD--2024-03-31,source_dimensions,INCONNU,,"edgar_normalize.py (règles edgar_v1 sha256:f95d7e2287bb49a3, automatique)",2026-09-28T13:10:15+00:00,doc:0000789019-0000950170-24-048288,D1 : une seule valeur brute pour cette clé
357,facts,0000789019-0000950170-24-048288-us-gaap:Assets-USD--2024-03-31,normalized_concept,,total_assets,"edgar_normalize.py (règles edgar_v1 sha256:f95d7e2287bb49a3, automatique)",2026-09-28T13:10:15+00:00,doc:0000789019-0000950170-24-048288,R2
358,facts,0000789019-0000950170-24-048288-us-gaap:Assets-USD--2024-03-31,transformation,,aucune,"edgar_normalize.py (règles edgar_v1 sha256:f95d7e2287bb49a3, automatique)",2026-09-28T13:10:15+00:00,doc:0000789019-0000950170-24-048288,T1
359,facts,0000789019-0000950170-24-048288-us-gaap:Assets-USD--2024-03-31,value,,484275000000,"edgar_normalize.py (règles edgar_v1 sha256:f95d7e2287bb49a3, automatique)",2026-09-28T13:10:15+00:00,doc:0000789019-0000950170-24-048288,T1
360,facts,0000789019-0000950170-24-048288-us-gaap:Assets-USD--2024-03-31,normalization_justification,,"Règle R2 (edgar_v1) : us-gaap:Assets [USD, instant] -> total_assets. Valeur reprise telle quelle (T1). Dimensions : aucune, déduit (D1). Entrée brute facts/us-gaap/Assets/units/USD/123 (sha256 aeffeb32ded7743f…). À confirmer sur l'instance XBRL.","edgar_normalize.py (règles edgar_v1 sha256:f95d7e2287bb49a3, automatique)",2026-09-28T13:10:15+00:00,doc:0000789019-0000950170-24-048288,R2
361,facts,0000789019-0000950170-24-087843-us-gaap:Assets-USD--2024-06-30,source_context,,companyfacts;entite=CIK0000789019;periode=2024-06-30;segment=aucun(deduit D1),"edgar_normalize.py (règles edgar_v1 sha256:f95d7e2287bb49a3, automatique)",2026-09-28T13:10:15+00:00,doc:0000789019-0000950170-24-087843,X1
362,facts,0000789019-0000950170-24-087843-us-gaap:Assets-USD--2024-06-30,source_dimensions,INCONNU,,"edgar_normalize.py (règles edgar_v1 sha256:f95d7e2287bb49a3, automatique)",2026-09-28T13:10:15+00:00,doc:0000789019-0000950170-24-087843,D1 : une seule valeur brute pour cette clé
363,facts,0000789019-0000950170-24-087843-us-gaap:Assets-USD--2024-06-30,normalized_concept,,total_assets,"edgar_normalize.py (règles edgar_v1 sha256:f95d7e2287bb49a3, automatique)",2026-09-28T13:10:15+00:00,doc:0000789019-0000950170-24-087843,R2
364,facts,0000789019-0000950170-24-087843-us-gaap:Assets-USD--2024-06-30,transformation,,aucune,"edgar_normalize.py (règles edgar_v1 sha256:f95d7e2287bb49a3, automatique)",2026-09-28T13:10:15+00:00,doc:0000789019-0000950170-24-087843,T1
365,facts,0000789019-0000950170-24-087843-us-gaap:Assets-USD--2024-06-30,value,,512163000000,"edgar_normalize.py (règles edgar_v1 sha256:f95d7e2287bb49a3, automatique)",2026-09-28T13:10:15+00:00,doc:0000789019-0000950170-24-087843,T1
366,facts,0000789019-0000950170-24-087843-us-gaap:Assets-USD--2024-06-30,normalization_justification,,"Règle R2 (edgar_v1) : us-gaap:Assets [USD, instant] -> total_assets. Valeur reprise telle quelle (T1). Dimensions : aucune, déduit (D1). Entrée brute facts/us-gaap/Assets/units/USD/124 (sha256 cb3a901076c8edb8…). À confirmer sur l'instance XBRL.","edgar_normalize.py (règles edgar_v1 sha256:f95d7e2287bb49a3, automatique)",2026-09-28T13:10:15+00:00,doc:0000789019-0000950170-24-087843,R2
367,facts,0000789019-0000950170-24-118967-us-gaap:Assets-USD--2024-06-30,source_context,,companyfacts;entite=CIK0000789019;periode=2024-06-30;segment=aucun(deduit D1),"edgar_normalize.py (règles edgar_v1 sha256:f95d7e2287bb49a3, automatique)",2026-09-28T13:10:15+00:00,doc:0000789019-0000950170-24-118967,X1
368,facts,0000789019-0000950170-24-118967-us-gaap:Assets-USD--2024-06-30,source_dimensions,INCONNU,,"edgar_normalize.py (règles edgar_v1 sha256:f95d7e2287bb49a3, automatique)",2026-09-28T13:10:15+00:00,doc:0000789019-0000950170-24-118967,D1 : une seule valeur brute pour cette clé
369,facts,0000789019-0000950170-24-118967-us-gaap:Assets-USD--2024-06-30,normalized_concept,,total_assets,"edgar_normalize.py (règles edgar_v1 sha256:f95d7e2287bb49a3, automatique)",2026-09-28T13:10:15+00:00,doc:0000789019-0000950170-24-118967,R2
370,facts,0000789019-0000950170-24-118967-us-gaap:Assets-USD--2024-06-30,transformation,,aucune,"edgar_normalize.py (règles edgar_v1 sha256:f95d7e2287bb49a3, automatique)",2026-09-28T13:10:15+00:00,doc:0000789019-0000950170-24-118967,T1
371,facts,0000789019-0000950170-24-118967-us-gaap:Assets-USD--2024-06-30,value,,512163000000,"edgar_normalize.py (règles edgar_v1 sha256:f95d7e2287bb49a3, automatique)",2026-09-28T13:10:15+00:00,doc:0000789019-0000950170-24-118967,T1
372,facts,0000789019-0000950170-24-118967-us-gaap:Assets-USD--2024-06-30,normalization_justification,,"Règle R2 (edgar_v1) : us-gaap:Assets [USD, instant] -> total_assets. Valeur reprise telle quelle (T1). Dimensions : aucune, déduit (D1). Entrée brute facts/us-gaap/Assets/units/USD/125 (sha256 3cc62a03a7efb5b3…). À confirmer sur l'instance XBRL.","edgar_normalize.py (règles edgar_v1 sha256:f95d7e2287bb49a3, automatique)",2026-09-28T13:10:15+00:00,doc:0000789019-0000950170-24-118967,R2
373,facts,0000789019-0000950170-25-010491-us-gaap:Assets-USD--2024-06-30,source_context,,companyfacts;entite=CIK0000789019;periode=2024-06-30;segment=aucun(deduit D1),"edgar_normalize.py (règles edgar_v1 sha256:f95d7e2287bb49a3, automatique)",2026-09-28T13:10:15+00:00,doc:0000789019-0000950170-25-010491,X1
374,facts,0000789019-0000950170-25-010491-us-gaap:Assets-USD--2024-06-30,source_dimensions,INCONNU,,"edgar_normalize.py (règles edgar_v1 sha256:f95d7e2287bb49a3, automatique)",2026-09-28T13:10:15+00:00,doc:0000789019-0000950170-25-010491,D1 : une seule valeur brute pour cette clé
375,facts,0000789019-0000950170-25-010491-us-gaap:Assets-USD--2024-06-30,normalized_concept,,total_assets,"edgar_normalize.py (règles edgar_v1 sha256:f95d7e2287bb49a3, automatique)",2026-09-28T13:10:15+00:00,doc:0000789019-0000950170-25-010491,R2
376,facts,0000789019-0000950170-25-010491-us-gaap:Assets-USD--2024-06-30,transformation,,aucune,"edgar_normalize.py (règles edgar_v1 sha256:f95d7e2287bb49a3, automatique)",2026-09-28T13:10:15+00:00,doc:0000789019-0000950170-25-010491,T1
377,facts,0000789019-0000950170-25-010491-us-gaap:Assets-USD--2024-06-30,value,,512163000000,"edgar_normalize.py (règles edgar_v1 sha256:f95d7e2287bb49a3, automatique)",2026-09-28T13:10:15+00:00,doc:0000789019-0000950170-25-010491,T1
378,facts,0000789019-0000950170-25-010491-us-gaap:Assets-USD--2024-06-30,normalization_justification,,"Règle R2 (edgar_v1) : us-gaap:Assets [USD, instant] -> total_assets. Valeur reprise telle quelle (T1). Dimensions : aucune, déduit (D1). Entrée brute facts/us-gaap/Assets/units/USD/127 (sha256 75936b2183a4df57…). À confirmer sur l'instance XBRL.","edgar_normalize.py (règles edgar_v1 sha256:f95d7e2287bb49a3, automatique)",2026-09-28T13:10:15+00:00,doc:0000789019-0000950170-25-010491,R2
379,facts,0000789019-0000950170-25-061046-us-gaap:Assets-USD--2024-06-30,source_context,,companyfacts;entite=CIK0000789019;periode=2024-06-30;segment=aucun(deduit D1),"edgar_normalize.py (règles edgar_v1 sha256:f95d7e2287bb49a3, automatique)",2026-09-28T13:10:15+00:00,doc:0000789019-0000950170-25-061046,X1
380,facts,0000789019-0000950170-25-061046-us-gaap:Assets-USD--2024-06-30,source_dimensions,INCONNU,,"edgar_normalize.py (règles edgar_v1 sha256:f95d7e2287bb49a3, automatique)",2026-09-28T13:10:15+00:00,doc:0000789019-0000950170-25-061046,D1 : une seule valeur brute pour cette clé
381,facts,0000789019-0000950170-25-061046-us-gaap:Assets-USD--2024-06-30,normalized_concept,,total_assets,"edgar_normalize.py (règles edgar_v1 sha256:f95d7e2287bb49a3, automatique)",2026-09-28T13:10:15+00:00,doc:0000789019-0000950170-25-061046,R2
382,facts,0000789019-0000950170-25-061046-us-gaap:Assets-USD--2024-06-30,transformation,,aucune,"edgar_normalize.py (règles edgar_v1 sha256:f95d7e2287bb49a3, automatique)",2026-09-28T13:10:15+00:00,doc:0000789019-0000950170-25-061046,T1
383,facts,0000789019-0000950170-25-061046-us-gaap:Assets-USD--2024-06-30,value,,512163000000,"edgar_normalize.py (règles edgar_v1 sha256:f95d7e2287bb49a3, automatique)",2026-09-28T13:10:15+00:00,doc:0000789019-0000950170-25-061046,T1
384,facts,0000789019-0000950170-25-061046-us-gaap:Assets-USD--2024-06-30,normalization_justification,,"Règle R2 (edgar_v1) : us-gaap:Assets [USD, instant] -> total_assets. Valeur reprise telle quelle (T1). Dimensions : aucune, déduit (D1). Entrée brute facts/us-gaap/Assets/units/USD/128 (sha256 9f0716041ecd8b6b…). À confirmer sur l'instance XBRL.","edgar_normalize.py (règles edgar_v1 sha256:f95d7e2287bb49a3, automatique)",2026-09-28T13:10:15+00:00,doc:0000789019-0000950170-25-061046,R2
385,facts,0000789019-0000950170-25-100235-us-gaap:Assets-USD--2024-06-30,source_context,,companyfacts;entite=CIK0000789019;periode=2024-06-30;segment=aucun(deduit D1),"edgar_normalize.py (règles edgar_v1 sha256:f95d7e2287bb49a3, automatique)",2026-09-28T13:10:15+00:00,doc:0000789019-0000950170-25-100235,X1
386,facts,0000789019-0000950170-25-100235-us-gaap:Assets-USD--2024-06-30,source_dimensions,INCONNU,,"edgar_normalize.py (règles edgar_v1 sha256:f95d7e2287bb49a3, automatique)",2026-09-28T13:10:15+00:00,doc:0000789019-0000950170-25-100235,D1 : une seule valeur brute pour cette clé
387,facts,0000789019-0000950170-25-100235-us-gaap:Assets-USD--2024-06-30,normalized_concept,,total_assets,"edgar_normalize.py (règles edgar_v1 sha256:f95d7e2287bb49a3, automatique)",2026-09-28T13:10:15+00:00,doc:0000789019-0000950170-25-100235,R2
388,facts,0000789019-0000950170-25-100235-us-gaap:Assets-USD--2024-06-30,transformation,,aucune,"edgar_normalize.py (règles edgar_v1 sha256:f95d7e2287bb49a3, automatique)",2026-09-28T13:10:15+00:00,doc:0000789019-0000950170-25-100235,T1
389,facts,0000789019-0000950170-25-100235-us-gaap:Assets-USD--2024-06-30,value,,512163000000,"edgar_normalize.py (règles edgar_v1 sha256:f95d7e2287bb49a3, automatique)",2026-09-28T13:10:15+00:00,doc:0000789019-0000950170-25-100235,T1
390,facts,0000789019-0000950170-25-100235-us-gaap:Assets-USD--2024-06-30,normalization_justification,,"Règle R2 (edgar_v1) : us-gaap:Assets [USD, instant] -> total_assets. Valeur reprise telle quelle (T1). Dimensions : aucune, déduit (D1). Entrée brute facts/us-gaap/Assets/units/USD/129 (sha256 8c8a48489a10a693…). À confirmer sur l'instance XBRL.","edgar_normalize.py (règles edgar_v1 sha256:f95d7e2287bb49a3, automatique)",2026-09-28T13:10:15+00:00,doc:0000789019-0000950170-25-100235,R2
391,facts,0000789019-0000950170-24-118967-us-gaap:Assets-USD--2024-09-30,source_context,,companyfacts;entite=CIK0000789019;periode=2024-09-30;segment=aucun(deduit D1),"edgar_normalize.py (règles edgar_v1 sha256:f95d7e2287bb49a3, automatique)",2026-09-28T13:10:15+00:00,doc:0000789019-0000950170-24-118967,X1
392,facts,0000789019-0000950170-24-118967-us-gaap:Assets-USD--2024-09-30,source_dimensions,INCONNU,,"edgar_normalize.py (règles edgar_v1 sha256:f95d7e2287bb49a3, automatique)",2026-09-28T13:10:15+00:00,doc:0000789019-0000950170-24-118967,D1 : une seule valeur brute pour cette clé
393,facts,0000789019-0000950170-24-118967-us-gaap:Assets-USD--2024-09-30,normalized_concept,,total_assets,"edgar_normalize.py (règles edgar_v1 sha256:f95d7e2287bb49a3, automatique)",2026-09-28T13:10:15+00:00,doc:0000789019-0000950170-24-118967,R2
394,facts,0000789019-0000950170-24-118967-us-gaap:Assets-USD--2024-09-30,transformation,,aucune,"edgar_normalize.py (règles edgar_v1 sha256:f95d7e2287bb49a3, automatique)",2026-09-28T13:10:15+00:00,doc:0000789019-0000950170-24-118967,T1
395,facts,0000789019-0000950170-24-118967-us-gaap:Assets-USD--2024-09-30,value,,523013000000,"edgar_normalize.py (règles edgar_v1 sha256:f95d7e2287bb49a3, automatique)",2026-09-28T13:10:15+00:00,doc:0000789019-0000950170-24-118967,T1
396,facts,0000789019-0000950170-24-118967-us-gaap:Assets-USD--2024-09-30,normalization_justification,,"Règle R2 (edgar_v1) : us-gaap:Assets [USD, instant] -> total_assets. Valeur reprise telle quelle (T1). Dimensions : aucune, déduit (D1). Entrée brute facts/us-gaap/Assets/units/USD/130 (sha256 766a251b254aa93a…). À confirmer sur l'instance XBRL.","edgar_normalize.py (règles edgar_v1 sha256:f95d7e2287bb49a3, automatique)",2026-09-28T13:10:15+00:00,doc:0000789019-0000950170-24-118967,R2
397,facts,0000789019-0000950170-25-010491-us-gaap:Assets-USD--2024-12-31,source_context,,companyfacts;entite=CIK0000789019;periode=2024-12-31;segment=aucun(deduit D1),"edgar_normalize.py (règles edgar_v1 sha256:f95d7e2287bb49a3, automatique)",2026-09-28T13:10:15+00:00,doc:0000789019-0000950170-25-010491,X1
398,facts,0000789019-0000950170-25-010491-us-gaap:Assets-USD--2024-12-31,source_dimensions,INCONNU,,"edgar_normalize.py (règles edgar_v1 sha256:f95d7e2287bb49a3, automatique)",2026-09-28T13:10:15+00:00,doc:0000789019-0000950170-25-010491,D1 : une seule valeur brute pour cette clé
399,facts,0000789019-0000950170-25-010491-us-gaap:Assets-USD--2024-12-31,normalized_concept,,total_assets,"edgar_normalize.py (règles edgar_v1 sha256:f95d7e2287bb49a3, automatique)",2026-09-28T13:10:15+00:00,doc:0000789019-0000950170-25-010491,R2
400,facts,0000789019-0000950170-25-010491-us-gaap:Assets-USD--2024-12-31,transformation,,aucune,"edgar_normalize.py (règles edgar_v1 sha256:f95d7e2287bb49a3, automatique)",2026-09-28T13:10:15+00:00,doc:0000789019-0000950170-25-010491,T1
401,facts,0000789019-0000950170-25-010491-us-gaap:Assets-USD--2024-12-31,value,,533898000000,"edgar_normalize.py (règles edgar_v1 sha256:f95d7e2287bb49a3, automatique)",2026-09-28T13:10:15+00:00,doc:0000789019-0000950170-25-010491,T1
402,facts,0000789019-0000950170-25-010491-us-gaap:Assets-USD--2024-12-31,normalization_justification,,"Règle R2 (edgar_v1) : us-gaap:Assets [USD, instant] -> total_assets. Valeur reprise telle quelle (T1). Dimensions : aucune, déduit (D1). Entrée brute facts/us-gaap/Assets/units/USD/131 (sha256 8cc368dbab5a9b39…). À confirmer sur l'instance XBRL.","edgar_normalize.py (règles edgar_v1 sha256:f95d7e2287bb49a3, automatique)",2026-09-28T13:10:15+00:00,doc:0000789019-0000950170-25-010491,R2
403,facts,0000789019-0000950170-25-061046-us-gaap:Assets-USD--2025-03-31,source_context,,companyfacts;entite=CIK0000789019;periode=2025-03-31;segment=aucun(deduit D1),"edgar_normalize.py (règles edgar_v1 sha256:f95d7e2287bb49a3, automatique)",2026-09-28T13:10:15+00:00,doc:0000789019-0000950170-25-061046,X1
404,facts,0000789019-0000950170-25-061046-us-gaap:Assets-USD--2025-03-31,source_dimensions,INCONNU,,"edgar_normalize.py (règles edgar_v1 sha256:f95d7e2287bb49a3, automatique)",2026-09-28T13:10:15+00:00,doc:0000789019-0000950170-25-061046,D1 : une seule valeur brute pour cette clé
405,facts,0000789019-0000950170-25-061046-us-gaap:Assets-USD--2025-03-31,normalized_concept,,total_assets,"edgar_normalize.py (règles edgar_v1 sha256:f95d7e2287bb49a3, automatique)",2026-09-28T13:10:15+00:00,doc:0000789019-0000950170-25-061046,R2
406,facts,0000789019-0000950170-25-061046-us-gaap:Assets-USD--2025-03-31,transformation,,aucune,"edgar_normalize.py (règles edgar_v1 sha256:f95d7e2287bb49a3, automatique)",2026-09-28T13:10:15+00:00,doc:0000789019-0000950170-25-061046,T1
407,facts,0000789019-0000950170-25-061046-us-gaap:Assets-USD--2025-03-31,value,,562624000000,"edgar_normalize.py (règles edgar_v1 sha256:f95d7e2287bb49a3, automatique)",2026-09-28T13:10:15+00:00,doc:0000789019-0000950170-25-061046,T1
408,facts,0000789019-0000950170-25-061046-us-gaap:Assets-USD--2025-03-31,normalization_justification,,"Règle R2 (edgar_v1) : us-gaap:Assets [USD, instant] -> total_assets. Valeur reprise telle quelle (T1). Dimensions : aucune, déduit (D1). Entrée brute facts/us-gaap/Assets/units/USD/132 (sha256 e772a9995f8157bc…). À confirmer sur l'instance XBRL.","edgar_normalize.py (règles edgar_v1 sha256:f95d7e2287bb49a3, automatique)",2026-09-28T13:10:15+00:00,doc:0000789019-0000950170-25-061046,R2
409,facts,0000789019-0000950170-25-100235-us-gaap:Assets-USD--2025-06-30,source_context,,companyfacts;entite=CIK0000789019;periode=2025-06-30;segment=aucun(deduit D1),"edgar_normalize.py (règles edgar_v1 sha256:f95d7e2287bb49a3, automatique)",2026-09-28T13:10:15+00:00,doc:0000789019-0000950170-25-100235,X1
410,facts,0000789019-0000950170-25-100235-us-gaap:Assets-USD--2025-06-30,source_dimensions,INCONNU,,"edgar_normalize.py (règles edgar_v1 sha256:f95d7e2287bb49a3, automatique)",2026-09-28T13:10:15+00:00,doc:0000789019-0000950170-25-100235,D1 : une seule valeur brute pour cette clé
411,facts,0000789019-0000950170-25-100235-us-gaap:Assets-USD--2025-06-30,normalized_concept,,total_assets,"edgar_normalize.py (règles edgar_v1 sha256:f95d7e2287bb49a3, automatique)",2026-09-28T13:10:15+00:00,doc:0000789019-0000950170-25-100235,R2
412,facts,0000789019-0000950170-25-100235-us-gaap:Assets-USD--2025-06-30,transformation,,aucune,"edgar_normalize.py (règles edgar_v1 sha256:f95d7e2287bb49a3, automatique)",2026-09-28T13:10:15+00:00,doc:0000789019-0000950170-25-100235,T1
413,facts,0000789019-0000950170-25-100235-us-gaap:Assets-USD--2025-06-30,value,,619003000000,"edgar_normalize.py (règles edgar_v1 sha256:f95d7e2287bb49a3, automatique)",2026-09-28T13:10:15+00:00,doc:0000789019-0000950170-25-100235,T1
414,facts,0000789019-0000950170-25-100235-us-gaap:Assets-USD--2025-06-30,normalization_justification,,"Règle R2 (edgar_v1) : us-gaap:Assets [USD, instant] -> total_assets. Valeur reprise telle quelle (T1). Dimensions : aucune, déduit (D1). Entrée brute facts/us-gaap/Assets/units/USD/133 (sha256 3b15e824fd1757d1…). À confirmer sur l'instance XBRL.","edgar_normalize.py (règles edgar_v1 sha256:f95d7e2287bb49a3, automatique)",2026-09-28T13:10:15+00:00,doc:0000789019-0000950170-25-100235,R2
415,facts,0000789019-0001193125-25-256321-us-gaap:Assets-USD--2025-06-30,source_context,,companyfacts;entite=CIK0000789019;periode=2025-06-30;segment=aucun(deduit D1),"edgar_normalize.py (règles edgar_v1 sha256:f95d7e2287bb49a3, automatique)",2026-09-28T13:10:15+00:00,doc:0000789019-0001193125-25-256321,X1
416,facts,0000789019-0001193125-25-256321-us-gaap:Assets-USD--2025-06-30,source_dimensions,INCONNU,,"edgar_normalize.py (règles edgar_v1 sha256:f95d7e2287bb49a3, automatique)",2026-09-28T13:10:15+00:00,doc:0000789019-0001193125-25-256321,D1 : une seule valeur brute pour cette clé
417,facts,0000789019-0001193125-25-256321-us-gaap:Assets-USD--2025-06-30,normalized_concept,,total_assets,"edgar_normalize.py (règles edgar_v1 sha256:f95d7e2287bb49a3, automatique)",2026-09-28T13:10:15+00:00,doc:0000789019-0001193125-25-256321,R2
418,facts,0000789019-0001193125-25-256321-us-gaap:Assets-USD--2025-06-30,transformation,,aucune,"edgar_normalize.py (règles edgar_v1 sha256:f95d7e2287bb49a3, automatique)",2026-09-28T13:10:15+00:00,doc:0000789019-0001193125-25-256321,T1
419,facts,0000789019-0001193125-25-256321-us-gaap:Assets-USD--2025-06-30,value,,619003000000,"edgar_normalize.py (règles edgar_v1 sha256:f95d7e2287bb49a3, automatique)",2026-09-28T13:10:15+00:00,doc:0000789019-0001193125-25-256321,T1
420,facts,0000789019-0001193125-25-256321-us-gaap:Assets-USD--2025-06-30,normalization_justification,,"Règle R2 (edgar_v1) : us-gaap:Assets [USD, instant] -> total_assets. Valeur reprise telle quelle (T1). Dimensions : aucune, déduit (D1). Entrée brute facts/us-gaap/Assets/units/USD/134 (sha256 8c873e157acc3b39…). À confirmer sur l'instance XBRL.","edgar_normalize.py (règles edgar_v1 sha256:f95d7e2287bb49a3, automatique)",2026-09-28T13:10:15+00:00,doc:0000789019-0001193125-25-256321,R2
421,facts,0000789019-0001193125-26-027207-us-gaap:Assets-USD--2025-06-30,source_context,,companyfacts;entite=CIK0000789019;periode=2025-06-30;segment=aucun(deduit D1),"edgar_normalize.py (règles edgar_v1 sha256:f95d7e2287bb49a3, automatique)",2026-09-28T13:10:15+00:00,doc:0000789019-0001193125-26-027207,X1
422,facts,0000789019-0001193125-26-027207-us-gaap:Assets-USD--2025-06-30,source_dimensions,INCONNU,,"edgar_normalize.py (règles edgar_v1 sha256:f95d7e2287bb49a3, automatique)",2026-09-28T13:10:15+00:00,doc:0000789019-0001193125-26-027207,D1 : une seule valeur brute pour cette clé
423,facts,0000789019-0001193125-26-027207-us-gaap:Assets-USD--2025-06-30,normalized_concept,,total_assets,"edgar_normalize.py (règles edgar_v1 sha256:f95d7e2287bb49a3, automatique)",2026-09-28T13:10:15+00:00,doc:0000789019-0001193125-26-027207,R2
424,facts,0000789019-0001193125-26-027207-us-gaap:Assets-USD--2025-06-30,transformation,,aucune,"edgar_normalize.py (règles edgar_v1 sha256:f95d7e2287bb49a3, automatique)",2026-09-28T13:10:15+00:00,doc:0000789019-0001193125-26-027207,T1
425,facts,0000789019-0001193125-26-027207-us-gaap:Assets-USD--2025-06-30,value,,619003000000,"edgar_normalize.py (règles edgar_v1 sha256:f95d7e2287bb49a3, automatique)",2026-09-28T13:10:15+00:00,doc:0000789019-0001193125-26-027207,T1
426,facts,0000789019-0001193125-26-027207-us-gaap:Assets-USD--2025-06-30,normalization_justification,,"Règle R2 (edgar_v1) : us-gaap:Assets [USD, instant] -> total_assets. Valeur reprise telle quelle (T1). Dimensions : aucune, déduit (D1). Entrée brute facts/us-gaap/Assets/units/USD/135 (sha256 7155bf1bc6dfea37…). À confirmer sur l'instance XBRL.","edgar_normalize.py (règles edgar_v1 sha256:f95d7e2287bb49a3, automatique)",2026-09-28T13:10:15+00:00,doc:0000789019-0001193125-26-027207,R2
427,facts,0000789019-0001193125-26-191507-us-gaap:Assets-USD--2025-06-30,source_context,,companyfacts;entite=CIK0000789019;periode=2025-06-30;segment=aucun(deduit D1),"edgar_normalize.py (règles edgar_v1 sha256:f95d7e2287bb49a3, automatique)",2026-09-28T13:10:15+00:00,doc:0000789019-0001193125-26-191507,X1
428,facts,0000789019-0001193125-26-191507-us-gaap:Assets-USD--2025-06-30,source_dimensions,INCONNU,,"edgar_normalize.py (règles edgar_v1 sha256:f95d7e2287bb49a3, automatique)",2026-09-28T13:10:15+00:00,doc:0000789019-0001193125-26-191507,D1 : une seule valeur brute pour cette clé
429,facts,0000789019-0001193125-26-191507-us-gaap:Assets-USD--2025-06-30,normalized_concept,,total_assets,"edgar_normalize.py (règles edgar_v1 sha256:f95d7e2287bb49a3, automatique)",2026-09-28T13:10:15+00:00,doc:0000789019-0001193125-26-191507,R2
430,facts,0000789019-0001193125-26-191507-us-gaap:Assets-USD--2025-06-30,transformation,,aucune,"edgar_normalize.py (règles edgar_v1 sha256:f95d7e2287bb49a3, automatique)",2026-09-28T13:10:15+00:00,doc:0000789019-0001193125-26-191507,T1
431,facts,0000789019-0001193125-26-191507-us-gaap:Assets-USD--2025-06-30,value,,619003000000,"edgar_normalize.py (règles edgar_v1 sha256:f95d7e2287bb49a3, automatique)",2026-09-28T13:10:15+00:00,doc:0000789019-0001193125-26-191507,T1
432,facts,0000789019-0001193125-26-191507-us-gaap:Assets-USD--2025-06-30,normalization_justification,,"Règle R2 (edgar_v1) : us-gaap:Assets [USD, instant] -> total_assets. Valeur reprise telle quelle (T1). Dimensions : aucune, déduit (D1). Entrée brute facts/us-gaap/Assets/units/USD/136 (sha256 39506391213b7ed6…). À confirmer sur l'instance XBRL.","edgar_normalize.py (règles edgar_v1 sha256:f95d7e2287bb49a3, automatique)",2026-09-28T13:10:15+00:00,doc:0000789019-0001193125-26-191507,R2
433,facts,0000789019-0001193125-26-323660-us-gaap:Assets-USD--2025-06-30,source_context,,companyfacts;entite=CIK0000789019;periode=2025-06-30;segment=aucun(deduit D1),"edgar_normalize.py (règles edgar_v1 sha256:f95d7e2287bb49a3, automatique)",2026-09-28T13:10:15+00:00,doc:0000789019-0001193125-26-323660,X1
434,facts,0000789019-0001193125-26-323660-us-gaap:Assets-USD--2025-06-30,source_dimensions,INCONNU,,"edgar_normalize.py (règles edgar_v1 sha256:f95d7e2287bb49a3, automatique)",2026-09-28T13:10:15+00:00,doc:0000789019-0001193125-26-323660,D1 : une seule valeur brute pour cette clé
435,facts,0000789019-0001193125-26-323660-us-gaap:Assets-USD--2025-06-30,normalized_concept,,total_assets,"edgar_normalize.py (règles edgar_v1 sha256:f95d7e2287bb49a3, automatique)",2026-09-28T13:10:15+00:00,doc:0000789019-0001193125-26-323660,R2
436,facts,0000789019-0001193125-26-323660-us-gaap:Assets-USD--2025-06-30,transformation,,aucune,"edgar_normalize.py (règles edgar_v1 sha256:f95d7e2287bb49a3, automatique)",2026-09-28T13:10:15+00:00,doc:0000789019-0001193125-26-323660,T1
437,facts,0000789019-0001193125-26-323660-us-gaap:Assets-USD--2025-06-30,value,,619003000000,"edgar_normalize.py (règles edgar_v1 sha256:f95d7e2287bb49a3, automatique)",2026-09-28T13:10:15+00:00,doc:0000789019-0001193125-26-323660,T1
438,facts,0000789019-0001193125-26-323660-us-gaap:Assets-USD--2025-06-30,normalization_justification,,"Règle R2 (edgar_v1) : us-gaap:Assets [USD, instant] -> total_assets. Valeur reprise telle quelle (T1). Dimensions : aucune, déduit (D1). Entrée brute facts/us-gaap/Assets/units/USD/137 (sha256 81741e60df997659…). À confirmer sur l'instance XBRL.","edgar_normalize.py (règles edgar_v1 sha256:f95d7e2287bb49a3, automatique)",2026-09-28T13:10:15+00:00,doc:0000789019-0001193125-26-323660,R2
439,facts,0000789019-0001193125-25-256321-us-gaap:Assets-USD--2025-09-30,source_context,,companyfacts;entite=CIK0000789019;periode=2025-09-30;segment=aucun(deduit D1),"edgar_normalize.py (règles edgar_v1 sha256:f95d7e2287bb49a3, automatique)",2026-09-28T13:10:15+00:00,doc:0000789019-0001193125-25-256321,X1
440,facts,0000789019-0001193125-25-256321-us-gaap:Assets-USD--2025-09-30,source_dimensions,INCONNU,,"edgar_normalize.py (règles edgar_v1 sha256:f95d7e2287bb49a3, automatique)",2026-09-28T13:10:15+00:00,doc:0000789019-0001193125-25-256321,D1 : une seule valeur brute pour cette clé
441,facts,0000789019-0001193125-25-256321-us-gaap:Assets-USD--2025-09-30,normalized_concept,,total_assets,"edgar_normalize.py (règles edgar_v1 sha256:f95d7e2287bb49a3, automatique)",2026-09-28T13:10:15+00:00,doc:0000789019-0001193125-25-256321,R2
442,facts,0000789019-0001193125-25-256321-us-gaap:Assets-USD--2025-09-30,transformation,,aucune,"edgar_normalize.py (règles edgar_v1 sha256:f95d7e2287bb49a3, automatique)",2026-09-28T13:10:15+00:00,doc:0000789019-0001193125-25-256321,T1
443,facts,0000789019-0001193125-25-256321-us-gaap:Assets-USD--2025-09-30,value,,636351000000,"edgar_normalize.py (règles edgar_v1 sha256:f95d7e2287bb49a3, automatique)",2026-09-28T13:10:15+00:00,doc:0000789019-0001193125-25-256321,T1
444,facts,0000789019-0001193125-25-256321-us-gaap:Assets-USD--2025-09-30,normalization_justification,,"Règle R2 (edgar_v1) : us-gaap:Assets [USD, instant] -> total_assets. Valeur reprise telle quelle (T1). Dimensions : aucune, déduit (D1). Entrée brute facts/us-gaap/Assets/units/USD/138 (sha256 a051dfcd92e3b36f…). À confirmer sur l'instance XBRL.","edgar_normalize.py (règles edgar_v1 sha256:f95d7e2287bb49a3, automatique)",2026-09-28T13:10:15+00:00,doc:0000789019-0001193125-25-256321,R2
445,facts,0000789019-0001193125-26-027207-us-gaap:Assets-USD--2025-12-31,source_context,,companyfacts;entite=CIK0000789019;periode=2025-12-31;segment=aucun(deduit D1),"edgar_normalize.py (règles edgar_v1 sha256:f95d7e2287bb49a3, automatique)",2026-09-28T13:10:15+00:00,doc:0000789019-0001193125-26-027207,X1
446,facts,0000789019-0001193125-26-027207-us-gaap:Assets-USD--2025-12-31,source_dimensions,INCONNU,,"edgar_normalize.py (règles edgar_v1 sha256:f95d7e2287bb49a3, automatique)",2026-09-28T13:10:15+00:00,doc:0000789019-0001193125-26-027207,D1 : une seule valeur brute pour cette clé
447,facts,0000789019-0001193125-26-027207-us-gaap:Assets-USD--2025-12-31,normalized_concept,,total_assets,"edgar_normalize.py (règles edgar_v1 sha256:f95d7e2287bb49a3, automatique)",2026-09-28T13:10:15+00:00,doc:0000789019-0001193125-26-027207,R2
448,facts,0000789019-0001193125-26-027207-us-gaap:Assets-USD--2025-12-31,transformation,,aucune,"edgar_normalize.py (règles edgar_v1 sha256:f95d7e2287bb49a3, automatique)",2026-09-28T13:10:15+00:00,doc:0000789019-0001193125-26-027207,T1
449,facts,0000789019-0001193125-26-027207-us-gaap:Assets-USD--2025-12-31,value,,665302000000,"edgar_normalize.py (règles edgar_v1 sha256:f95d7e2287bb49a3, automatique)",2026-09-28T13:10:15+00:00,doc:0000789019-0001193125-26-027207,T1
450,facts,0000789019-0001193125-26-027207-us-gaap:Assets-USD--2025-12-31,normalization_justification,,"Règle R2 (edgar_v1) : us-gaap:Assets [USD, instant] -> total_assets. Valeur reprise telle quelle (T1). Dimensions : aucune, déduit (D1). Entrée brute facts/us-gaap/Assets/units/USD/139 (sha256 3f6af9ea5bc1af3e…). À confirmer sur l'instance XBRL.","edgar_normalize.py (règles edgar_v1 sha256:f95d7e2287bb49a3, automatique)",2026-09-28T13:10:15+00:00,doc:0000789019-0001193125-26-027207,R2
451,facts,0000789019-0001193125-26-191507-us-gaap:Assets-USD--2026-03-31,source_context,,companyfacts;entite=CIK0000789019;periode=2026-03-31;segment=aucun(deduit D1),"edgar_normalize.py (règles edgar_v1 sha256:f95d7e2287bb49a3, automatique)",2026-09-28T13:10:15+00:00,doc:0000789019-0001193125-26-191507,X1
452,facts,0000789019-0001193125-26-191507-us-gaap:Assets-USD--2026-03-31,source_dimensions,INCONNU,,"edgar_normalize.py (règles edgar_v1 sha256:f95d7e2287bb49a3, automatique)",2026-09-28T13:10:15+00:00,doc:0000789019-0001193125-26-191507,D1 : une seule valeur brute pour cette clé
453,facts,0000789019-0001193125-26-191507-us-gaap:Assets-USD--2026-03-31,normalized_concept,,total_assets,"edgar_normalize.py (règles edgar_v1 sha256:f95d7e2287bb49a3, automatique)",2026-09-28T13:10:15+00:00,doc:0000789019-0001193125-26-191507,R2
454,facts,0000789019-0001193125-26-191507-us-gaap:Assets-USD--2026-03-31,transformation,,aucune,"edgar_normalize.py (règles edgar_v1 sha256:f95d7e2287bb49a3, automatique)",2026-09-28T13:10:15+00:00,doc:0000789019-0001193125-26-191507,T1
455,facts,0000789019-0001193125-26-191507-us-gaap:Assets-USD--2026-03-31,value,,694228000000,"edgar_normalize.py (règles edgar_v1 sha256:f95d7e2287bb49a3, automatique)",2026-09-28T13:10:15+00:00,doc:0000789019-0001193125-26-191507,T1
456,facts,0000789019-0001193125-26-191507-us-gaap:Assets-USD--2026-03-31,normalization_justification,,"Règle R2 (edgar_v1) : us-gaap:Assets [USD, instant] -> total_assets. Valeur reprise telle quelle (T1). Dimensions : aucune, déduit (D1). Entrée brute facts/us-gaap/Assets/units/USD/140 (sha256 7613a3858f46b17e…). À confirmer sur l'instance XBRL.","edgar_normalize.py (règles edgar_v1 sha256:f95d7e2287bb49a3, automatique)",2026-09-28T13:10:15+00:00,doc:0000789019-0001193125-26-191507,R2
457,facts,0000789019-0001193125-26-323660-us-gaap:Assets-USD--2026-06-30,source_context,,companyfacts;entite=CIK0000789019;periode=2026-06-30;segment=aucun(deduit D1),"edgar_normalize.py (règles edgar_v1 sha256:f95d7e2287bb49a3, automatique)",2026-09-28T13:10:15+00:00,doc:0000789019-0001193125-26-323660,X1
458,facts,0000789019-0001193125-26-323660-us-gaap:Assets-USD--2026-06-30,source_dimensions,INCONNU,,"edgar_normalize.py (règles edgar_v1 sha256:f95d7e2287bb49a3, automatique)",2026-09-28T13:10:15+00:00,doc:0000789019-0001193125-26-323660,D1 : une seule valeur brute pour cette clé
459,facts,0000789019-0001193125-26-323660-us-gaap:Assets-USD--2026-06-30,normalized_concept,,total_assets,"edgar_normalize.py (règles edgar_v1 sha256:f95d7e2287bb49a3, automatique)",2026-09-28T13:10:15+00:00,doc:0000789019-0001193125-26-323660,R2
460,facts,0000789019-0001193125-26-323660-us-gaap:Assets-USD--2026-06-30,transformation,,aucune,"edgar_normalize.py (règles edgar_v1 sha256:f95d7e2287bb49a3, automatique)",2026-09-28T13:10:15+00:00,doc:0000789019-0001193125-26-323660,T1
461,facts,0000789019-0001193125-26-323660-us-gaap:Assets-USD--2026-06-30,value,,758376000000,"edgar_normalize.py (règles edgar_v1 sha256:f95d7e2287bb49a3, automatique)",2026-09-28T13:10:15+00:00,doc:0000789019-0001193125-26-323660,T1
462,facts,0000789019-0001193125-26-323660-us-gaap:Assets-USD--2026-06-30,normalization_justification,,"Règle R2 (edgar_v1) : us-gaap:Assets [USD, instant] -> total_assets. Valeur reprise telle quelle (T1). Dimensions : aucune, déduit (D1). Entrée brute facts/us-gaap/Assets/units/USD/141 (sha256 ee44933d7c37f7e2…). À confirmer sur l'instance XBRL.","edgar_normalize.py (règles edgar_v1 sha256:f95d7e2287bb49a3, automatique)",2026-09-28T13:10:15+00:00,doc:0000789019-0001193125-26-323660,R2
463,concept_map,us-gaap:CommonStockSharesOutstanding,source_concept,,us-gaap:CommonStockSharesOutstanding,"edgar_normalize.py (règles edgar_v1 sha256:f95d7e2287bb49a3, automatique)",2026-09-28T13:10:15+00:00,url:https://data.sec.gov/api/xbrl/companyfacts/CIK0000789019.json,"règle R4 (edgar_v1) ; libellé taxonomie : Common Stock, Shares, Outstanding"
464,concept_map,us-gaap:CommonStockSharesOutstanding,normalized_concept,,shares_outstanding,"edgar_normalize.py (règles edgar_v1 sha256:f95d7e2287bb49a3, automatique)",2026-09-28T13:10:15+00:00,url:https://data.sec.gov/api/xbrl/companyfacts/CIK0000789019.json,"règle R4 (edgar_v1) ; libellé taxonomie : Common Stock, Shares, Outstanding"
465,concept_map,us-gaap:CommonStockSharesOutstanding,justification,,Nombre d'actions ordinaires en circulation à la date du bilan. Exige une catégorie unique établie (règle C1). Définition (us-gaap) : « Number of shares of common stock outstanding. Common stock represent the ownership interest in a corporation. »,"edgar_normalize.py (règles edgar_v1 sha256:f95d7e2287bb49a3, automatique)",2026-09-28T13:10:15+00:00,url:https://data.sec.gov/api/xbrl/companyfacts/CIK0000789019.json,"règle R4 (edgar_v1) ; libellé taxonomie : Common Stock, Shares, Outstanding"
466,facts,0000789019-0001564590-21-039151-us-gaap:CommonStockSharesOutstanding-shares--2018-06-30,source_context,,companyfacts;entite=CIK0000789019;periode=2018-06-30;segment=aucun(deduit D1),"edgar_normalize.py (règles edgar_v1 sha256:f95d7e2287bb49a3, automatique)",2026-09-28T13:10:15+00:00,doc:0000789019-0001564590-21-039151,X1
467,facts,0000789019-0001564590-21-039151-us-gaap:CommonStockSharesOutstanding-shares--2018-06-30,source_dimensions,INCONNU,,"edgar_normalize.py (règles edgar_v1 sha256:f95d7e2287bb49a3, automatique)",2026-09-28T13:10:15+00:00,doc:0000789019-0001564590-21-039151,D1 : une seule valeur brute pour cette clé
468,facts,0000789019-0001564590-21-039151-us-gaap:CommonStockSharesOutstanding-shares--2018-06-30,share_class,INCONNU,ordinaire (déduit C1 : titre coté unique MSFT),"edgar_normalize.py (règles edgar_v1 sha256:f95d7e2287bb49a3, automatique)",2026-09-28T13:10:15+00:00,doc:0000789019-0001564590-21-039151,C1
469,facts,0000789019-0001564590-21-039151-us-gaap:CommonStockSharesOutstanding-shares--2018-06-30,normalized_concept,,shares_outstanding,"edgar_normalize.py (règles edgar_v1 sha256:f95d7e2287bb49a3, automatique)",2026-09-28T13:10:15+00:00,doc:0000789019-0001564590-21-039151,R4
470,facts,0000789019-0001564590-21-039151-us-gaap:CommonStockSharesOutstanding-shares--2018-06-30,transformation,,aucune,"edgar_normalize.py (règles edgar_v1 sha256:f95d7e2287bb49a3, automatique)",2026-09-28T13:10:15+00:00,doc:0000789019-0001564590-21-039151,T1
471,facts,0000789019-0001564590-21-039151-us-gaap:CommonStockSharesOutstanding-shares--2018-06-30,value,,7677000000,"edgar_normalize.py (règles edgar_v1 sha256:f95d7e2287bb49a3, automatique)",2026-09-28T13:10:15+00:00,doc:0000789019-0001564590-21-039151,T1
472,facts,0000789019-0001564590-21-039151-us-gaap:CommonStockSharesOutstanding-shares--2018-06-30,normalization_justification,,"Règle R4 (edgar_v1) : us-gaap:CommonStockSharesOutstanding [shares, instant] -> shares_outstanding. Valeur reprise telle quelle (T1). Dimensions : aucune, déduit (D1). Entrée brute facts/us-gaap/CommonStockSharesOutstanding/units/shares/106 (sha256 39e66f3df4fc5c27…). À confirmer sur l'instance XBRL.","edgar_normalize.py (règles edgar_v1 sha256:f95d7e2287bb49a3, automatique)",2026-09-28T13:10:15+00:00,doc:0000789019-0001564590-21-039151,R4
473,facts,0000789019-0001564590-21-039151-us-gaap:CommonStockSharesOutstanding-shares--2019-06-30,source_context,,companyfacts;entite=CIK0000789019;periode=2019-06-30;segment=aucun(deduit D1),"edgar_normalize.py (règles edgar_v1 sha256:f95d7e2287bb49a3, automatique)",2026-09-28T13:10:15+00:00,doc:0000789019-0001564590-21-039151,X1
474,facts,0000789019-0001564590-21-039151-us-gaap:CommonStockSharesOutstanding-shares--2019-06-30,source_dimensions,INCONNU,,"edgar_normalize.py (règles edgar_v1 sha256:f95d7e2287bb49a3, automatique)",2026-09-28T13:10:15+00:00,doc:0000789019-0001564590-21-039151,D1 : une seule valeur brute pour cette clé
475,facts,0000789019-0001564590-21-039151-us-gaap:CommonStockSharesOutstanding-shares--2019-06-30,share_class,INCONNU,ordinaire (déduit C1 : titre coté unique MSFT),"edgar_normalize.py (règles edgar_v1 sha256:f95d7e2287bb49a3, automatique)",2026-09-28T13:10:15+00:00,doc:0000789019-0001564590-21-039151,C1
476,facts,0000789019-0001564590-21-039151-us-gaap:CommonStockSharesOutstanding-shares--2019-06-30,normalized_concept,,shares_outstanding,"edgar_normalize.py (règles edgar_v1 sha256:f95d7e2287bb49a3, automatique)",2026-09-28T13:10:15+00:00,doc:0000789019-0001564590-21-039151,R4
477,facts,0000789019-0001564590-21-039151-us-gaap:CommonStockSharesOutstanding-shares--2019-06-30,transformation,,aucune,"edgar_normalize.py (règles edgar_v1 sha256:f95d7e2287bb49a3, automatique)",2026-09-28T13:10:15+00:00,doc:0000789019-0001564590-21-039151,T1
478,facts,0000789019-0001564590-21-039151-us-gaap:CommonStockSharesOutstanding-shares--2019-06-30,value,,7643000000,"edgar_normalize.py (règles edgar_v1 sha256:f95d7e2287bb49a3, automatique)",2026-09-28T13:10:15+00:00,doc:0000789019-0001564590-21-039151,T1
479,facts,0000789019-0001564590-21-039151-us-gaap:CommonStockSharesOutstanding-shares--2019-06-30,normalization_justification,,"Règle R4 (edgar_v1) : us-gaap:CommonStockSharesOutstanding [shares, instant] -> shares_outstanding. Valeur reprise telle quelle (T1). Dimensions : aucune, déduit (D1). Entrée brute facts/us-gaap/CommonStockSharesOutstanding/units/shares/115 (sha256 83397938c8ea1a42…). À confirmer sur l'instance XBRL.","edgar_normalize.py (règles edgar_v1 sha256:f95d7e2287bb49a3, automatique)",2026-09-28T13:10:15+00:00,doc:0000789019-0001564590-21-039151,R4
480,facts,0000789019-0001564590-22-026876-us-gaap:CommonStockSharesOutstanding-shares--2019-06-30,source_context,,companyfacts;entite=CIK0000789019;periode=2019-06-30;segment=aucun(deduit D1),"edgar_normalize.py (règles edgar_v1 sha256:f95d7e2287bb49a3, automatique)",2026-09-28T13:10:15+00:00,doc:0000789019-0001564590-22-026876,X1
481,facts,0000789019-0001564590-22-026876-us-gaap:CommonStockSharesOutstanding-shares--2019-06-30,source_dimensions,INCONNU,,"edgar_normalize.py (règles edgar_v1 sha256:f95d7e2287bb49a3, automatique)",2026-09-28T13:10:15+00:00,doc:0000789019-0001564590-22-026876,D1 : une seule valeur brute pour cette clé
482,facts,0000789019-0001564590-22-026876-us-gaap:CommonStockSharesOutstanding-shares--2019-06-30,share_class,INCONNU,ordinaire (déduit C1 : titre coté unique MSFT),"edgar_normalize.py (règles edgar_v1 sha256:f95d7e2287bb49a3, automatique)",2026-09-28T13:10:15+00:00,doc:0000789019-0001564590-22-026876,C1
483,facts,0000789019-0001564590-22-026876-us-gaap:CommonStockSharesOutstanding-shares--2019-06-30,normalized_concept,,shares_outstanding,"edgar_normalize.py (règles edgar_v1 sha256:f95d7e2287bb49a3, automatique)",2026-09-28T13:10:15+00:00,doc:0000789019-0001564590-22-026876,R4
484,facts,0000789019-0001564590-22-026876-us-gaap:CommonStockSharesOutstanding-shares--2019-06-30,transformation,,aucune,"edgar_normalize.py (règles edgar_v1 sha256:f95d7e2287bb49a3, automatique)",2026-09-28T13:10:15+00:00,doc:0000789019-0001564590-22-026876,T1
485,facts,0000789019-0001564590-22-026876-us-gaap:CommonStockSharesOutstanding-shares--2019-06-30,value,,7643000000,"edgar_normalize.py (règles edgar_v1 sha256:f95d7e2287bb49a3, automatique)",2026-09-28T13:10:15+00:00,doc:0000789019-0001564590-22-026876,T1
486,facts,0000789019-0001564590-22-026876-us-gaap:CommonStockSharesOutstanding-shares--2019-06-30,normalization_justification,,"Règle R4 (edgar_v1) : us-gaap:CommonStockSharesOutstanding [shares, instant] -> shares_outstanding. Valeur reprise telle quelle (T1). Dimensions : aucune, déduit (D1). Entrée brute facts/us-gaap/CommonStockSharesOutstanding/units/shares/116 (sha256 bb777de4e5e50932…). À confirmer sur l'instance XBRL.","edgar_normalize.py (règles edgar_v1 sha256:f95d7e2287bb49a3, automatique)",2026-09-28T13:10:15+00:00,doc:0000789019-0001564590-22-026876,R4
487,facts,0000789019-0001564590-20-047996-us-gaap:CommonStockSharesOutstanding-shares--2020-06-30,source_context,,companyfacts;entite=CIK0000789019;periode=2020-06-30;segment=aucun(deduit D1),"edgar_normalize.py (règles edgar_v1 sha256:f95d7e2287bb49a3, automatique)",2026-09-28T13:10:15+00:00,doc:0000789019-0001564590-20-047996,X1
488,facts,0000789019-0001564590-20-047996-us-gaap:CommonStockSharesOutstanding-shares--2020-06-30,source_dimensions,INCONNU,,"edgar_normalize.py (règles edgar_v1 sha256:f95d7e2287bb49a3, automatique)",2026-09-28T13:10:15+00:00,doc:0000789019-0001564590-20-047996,D1 : une seule valeur brute pour cette clé
489,facts,0000789019-0001564590-20-047996-us-gaap:CommonStockSharesOutstanding-shares--2020-06-30,share_class,INCONNU,ordinaire (déduit C1 : titre coté unique MSFT),"edgar_normalize.py (règles edgar_v1 sha256:f95d7e2287bb49a3, automatique)",2026-09-28T13:10:15+00:00,doc:0000789019-0001564590-20-047996,C1
490,facts,0000789019-0001564590-20-047996-us-gaap:CommonStockSharesOutstanding-shares--2020-06-30,normalized_concept,,shares_outstanding,"edgar_normalize.py (règles edgar_v1 sha256:f95d7e2287bb49a3, automatique)",2026-09-28T13:10:15+00:00,doc:0000789019-0001564590-20-047996,R4
491,facts,0000789019-0001564590-20-047996-us-gaap:CommonStockSharesOutstanding-shares--2020-06-30,transformation,,aucune,"edgar_normalize.py (règles edgar_v1 sha256:f95d7e2287bb49a3, automatique)",2026-09-28T13:10:15+00:00,doc:0000789019-0001564590-20-047996,T1
492,facts,0000789019-0001564590-20-047996-us-gaap:CommonStockSharesOutstanding-shares--2020-06-30,value,,7571000000,"edgar_normalize.py (règles edgar_v1 sha256:f95d7e2287bb49a3, automatique)",2026-09-28T13:10:15+00:00,doc:0000789019-0001564590-20-047996,T1
493,facts,0000789019-0001564590-20-047996-us-gaap:CommonStockSharesOutstanding-shares--2020-06-30,normalization_justification,,"Règle R4 (edgar_v1) : us-gaap:CommonStockSharesOutstanding [shares, instant] -> shares_outstanding. Valeur reprise telle quelle (T1). Dimensions : aucune, déduit (D1). Entrée brute facts/us-gaap/CommonStockSharesOutstanding/units/shares/121 (sha256 698a1ce1bcba39a9…). À confirmer sur l'instance XBRL.","edgar_normalize.py (règles edgar_v1 sha256:f95d7e2287bb49a3, automatique)",2026-09-28T13:10:15+00:00,doc:0000789019-0001564590-20-047996,R4
494,facts,0000789019-0001564590-21-002316-us-gaap:CommonStockSharesOutstanding-shares--2020-06-30,source_context,,companyfacts;entite=CIK0000789019;periode=2020-06-30;segment=aucun(deduit D1),"edgar_normalize.py (règles edgar_v1 sha256:f95d7e2287bb49a3, automatique)",2026-09-28T13:10:15+00:00,doc:0000789019-0001564590-21-002316,X1
495,facts,0000789019-0001564590-21-002316-us-gaap:CommonStockSharesOutstanding-shares--2020-06-30,source_dimensions,INCONNU,,"edgar_normalize.py (règles edgar_v1 sha256:f95d7e2287bb49a3, automatique)",2026-09-28T13:10:15+00:00,doc:0000789019-0001564590-21-002316,D1 : une seule valeur brute pour cette clé
496,facts,0000789019-0001564590-21-002316-us-gaap:CommonStockSharesOutstanding-shares--2020-06-30,share_class,INCONNU,ordinaire (déduit C1 : titre coté unique MSFT),"edgar_normalize.py (règles edgar_v1 sha256:f95d7e2287bb49a3, automatique)",2026-09-28T13:10:15+00:00,doc:0000789019-0001564590-21-002316,C1
497,facts,0000789019-0001564590-21-002316-us-gaap:CommonStockSharesOutstanding-shares--2020-06-30,normalized_concept,,shares_outstanding,"edgar_normalize.py (règles edgar_v1 sha256:f95d7e2287bb49a3, automatique)",2026-09-28T13:10:15+00:00,doc:0000789019-0001564590-21-002316,R4
498,facts,0000789019-0001564590-21-002316-us-gaap:CommonStockSharesOutstanding-shares--2020-06-30,transformation,,aucune,"edgar_normalize.py (règles edgar_v1 sha256:f95d7e2287bb49a3, automatique)",2026-09-28T13:10:15+00:00,doc:0000789019-0001564590-21-002316,T1
499,facts,0000789019-0001564590-21-002316-us-gaap:CommonStockSharesOutstanding-shares--2020-06-30,value,,7571000000,"edgar_normalize.py (règles edgar_v1 sha256:f95d7e2287bb49a3, automatique)",2026-09-28T13:10:15+00:00,doc:0000789019-0001564590-21-002316,T1
500,facts,0000789019-0001564590-21-002316-us-gaap:CommonStockSharesOutstanding-shares--2020-06-30,normalization_justification,,"Règle R4 (edgar_v1) : us-gaap:CommonStockSharesOutstanding [shares, instant] -> shares_outstanding. Valeur reprise telle quelle (T1). Dimensions : aucune, déduit (D1). Entrée brute facts/us-gaap/CommonStockSharesOutstanding/units/shares/122 (sha256 eb15c8b63acb3a63…). À confirmer sur l'instance XBRL.","edgar_normalize.py (règles edgar_v1 sha256:f95d7e2287bb49a3, automatique)",2026-09-28T13:10:15+00:00,doc:0000789019-0001564590-21-002316,R4
501,facts,0000789019-0001564590-21-020891-us-gaap:CommonStockSharesOutstanding-shares--2020-06-30,source_context,,companyfacts;entite=CIK0000789019;periode=2020-06-30;segment=aucun(deduit D1),"edgar_normalize.py (règles edgar_v1 sha256:f95d7e2287bb49a3, automatique)",2026-09-28T13:10:15+00:00,doc:0000789019-0001564590-21-020891,X1
502,facts,0000789019-0001564590-21-020891-us-gaap:CommonStockSharesOutstanding-shares--2020-06-30,source_dimensions,INCONNU,,"edgar_normalize.py (règles edgar_v1 sha256:f95d7e2287bb49a3, automatique)",2026-09-28T13:10:15+00:00,doc:0000789019-0001564590-21-020891,D1 : une seule valeur brute pour cette clé
503,facts,0000789019-0001564590-21-020891-us-gaap:CommonStockSharesOutstanding-shares--2020-06-30,share_class,INCONNU,ordinaire (déduit C1 : titre coté unique MSFT),"edgar_normalize.py (règles edgar_v1 sha256:f95d7e2287bb49a3, automatique)",2026-09-28T13:10:15+00:00,doc:0000789019-0001564590-21-020891,C1
504,facts,0000789019-0001564590-21-020891-us-gaap:CommonStockSharesOutstanding-shares--2020-06-30,normalized_concept,,shares_outstanding,"edgar_normalize.py (règles edgar_v1 sha256:f95d7e2287bb49a3, automatique)",2026-09-28T13:10:15+00:00,doc:0000789019-0001564590-21-020891,R4
505,facts,0000789019-0001564590-21-020891-us-gaap:CommonStockSharesOutstanding-shares--2020-06-30,transformation,,aucune,"edgar_normalize.py (règles edgar_v1 sha256:f95d7e2287bb49a3, automatique)",2026-09-28T13:10:15+00:00,doc:0000789019-0001564590-21-020891,T1
506,facts,0000789019-0001564590-21-020891-us-gaap:CommonStockSharesOutstanding-shares--2020-06-30,value,,7571000000,"edgar_normalize.py (règles edgar_v1 sha256:f95d7e2287bb49a3, automatique)",2026-09-28T13:10:15+00:00,doc:0000789019-0001564590-21-020891,T1
507,facts,0000789019-0001564590-21-020891-us-gaap:CommonStockSharesOutstanding-shares--2020-06-30,normalization_justification,,"Règle R4 (edgar_v1) : us-gaap:CommonStockSharesOutstanding [shares, instant] -> shares_outstanding. Valeur reprise telle quelle (T1). Dimensions : aucune, déduit (D1). Entrée brute facts/us-gaap/CommonStockSharesOutstanding/units/shares/123 (sha256 85eb5351b3452a8f…). À confirmer sur l'instance XBRL.","edgar_normalize.py (règles edgar_v1 sha256:f95d7e2287bb49a3, automatique)",2026-09-28T13:10:15+00:00,doc:0000789019-0001564590-21-020891,R4
508,facts,0000789019-0001564590-21-039151-us-gaap:CommonStockSharesOutstanding-shares--2020-06-30,source_context,,companyfacts;entite=CIK0000789019;periode=2020-06-30;segment=aucun(deduit D1),"edgar_normalize.py (règles edgar_v1 sha256:f95d7e2287bb49a3, automatique)",2026-09-28T13:10:15+00:00,doc:0000789019-0001564590-21-039151,X1
509,facts,0000789019-0001564590-21-039151-us-gaap:CommonStockSharesOutstanding-shares--2020-06-30,source_dimensions,INCONNU,,"edgar_normalize.py (règles edgar_v1 sha256:f95d7e2287bb49a3, automatique)",2026-09-28T13:10:15+00:00,doc:0000789019-0001564590-21-039151,D1 : une seule valeur brute pour cette clé
510,facts,0000789019-0001564590-21-039151-us-gaap:CommonStockSharesOutstanding-shares--2020-06-30,share_class,INCONNU,ordinaire (déduit C1 : titre coté unique MSFT),"edgar_normalize.py (règles edgar_v1 sha256:f95d7e2287bb49a3, automatique)",2026-09-28T13:10:15+00:00,doc:0000789019-0001564590-21-039151,C1
511,facts,0000789019-0001564590-21-039151-us-gaap:CommonStockSharesOutstanding-shares--2020-06-30,normalized_concept,,shares_outstanding,"edgar_normalize.py (règles edgar_v1 sha256:f95d7e2287bb49a3, automatique)",2026-09-28T13:10:15+00:00,doc:0000789019-0001564590-21-039151,R4
512,facts,0000789019-0001564590-21-039151-us-gaap:CommonStockSharesOutstanding-shares--2020-06-30,transformation,,aucune,"edgar_normalize.py (règles edgar_v1 sha256:f95d7e2287bb49a3, automatique)",2026-09-28T13:10:15+00:00,doc:0000789019-0001564590-21-039151,T1
513,facts,0000789019-0001564590-21-039151-us-gaap:CommonStockSharesOutstanding-shares--2020-06-30,value,,7571000000,"edgar_normalize.py (règles edgar_v1 sha256:f95d7e2287bb49a3, automatique)",2026-09-28T13:10:15+00:00,doc:0000789019-0001564590-21-039151,T1
514,facts,0000789019-0001564590-21-039151-us-gaap:CommonStockSharesOutstanding-shares--2020-06-30,normalization_justification,,"Règle R4 (edgar_v1) : us-gaap:CommonStockSharesOutstanding [shares, instant] -> shares_outstanding. Valeur reprise telle quelle (T1). Dimensions : aucune, déduit (D1). Entrée brute facts/us-gaap/CommonStockSharesOutstanding/units/shares/124 (sha256 ebd128dcf042b51a…). À confirmer sur l'instance XBRL.","edgar_normalize.py (règles edgar_v1 sha256:f95d7e2287bb49a3, automatique)",2026-09-28T13:10:15+00:00,doc:0000789019-0001564590-21-039151,R4
515,facts,0000789019-0001564590-22-026876-us-gaap:CommonStockSharesOutstanding-shares--2020-06-30,source_context,,companyfacts;entite=CIK0000789019;periode=2020-06-30;segment=aucun(deduit D1),"edgar_normalize.py (règles edgar_v1 sha256:f95d7e2287bb49a3, automatique)",2026-09-28T13:10:15+00:00,doc:0000789019-0001564590-22-026876,X1
516,facts,0000789019-0001564590-22-026876-us-gaap:CommonStockSharesOutstanding-shares--2020-06-30,source_dimensions,INCONNU,,"edgar_normalize.py (règles edgar_v1 sha256:f95d7e2287bb49a3, automatique)",2026-09-28T13:10:15+00:00,doc:0000789019-0001564590-22-026876,D1 : une seule valeur brute pour cette clé
517,facts,0000789019-0001564590-22-026876-us-gaap:CommonStockSharesOutstanding-shares--2020-06-30,share_class,INCONNU,ordinaire (déduit C1 : titre coté unique MSFT),"edgar_normalize.py (règles edgar_v1 sha256:f95d7e2287bb49a3, automatique)",2026-09-28T13:10:15+00:00,doc:0000789019-0001564590-22-026876,C1
518,facts,0000789019-0001564590-22-026876-us-gaap:CommonStockSharesOutstanding-shares--2020-06-30,normalized_concept,,shares_outstanding,"edgar_normalize.py (règles edgar_v1 sha256:f95d7e2287bb49a3, automatique)",2026-09-28T13:10:15+00:00,doc:0000789019-0001564590-22-026876,R4
519,facts,0000789019-0001564590-22-026876-us-gaap:CommonStockSharesOutstanding-shares--2020-06-30,transformation,,aucune,"edgar_normalize.py (règles edgar_v1 sha256:f95d7e2287bb49a3, automatique)",2026-09-28T13:10:15+00:00,doc:0000789019-0001564590-22-026876,T1
520,facts,0000789019-0001564590-22-026876-us-gaap:CommonStockSharesOutstanding-shares--2020-06-30,value,,7571000000,"edgar_normalize.py (règles edgar_v1 sha256:f95d7e2287bb49a3, automatique)",2026-09-28T13:10:15+00:00,doc:0000789019-0001564590-22-026876,T1
521,facts,0000789019-0001564590-22-026876-us-gaap:CommonStockSharesOutstanding-shares--2020-06-30,normalization_justification,,"Règle R4 (edgar_v1) : us-gaap:CommonStockSharesOutstanding [shares, instant] -> shares_outstanding. Valeur reprise telle quelle (T1). Dimensions : aucune, déduit (D1). Entrée brute facts/us-gaap/CommonStockSharesOutstanding/units/shares/125 (sha256 cecb02bc96738771…). À confirmer sur l'instance XBRL.","edgar_normalize.py (règles edgar_v1 sha256:f95d7e2287bb49a3, automatique)",2026-09-28T13:10:15+00:00,doc:0000789019-0001564590-22-026876,R4
522,facts,0000789019-0000950170-23-035122-us-gaap:CommonStockSharesOutstanding-shares--2020-06-30,source_context,,companyfacts;entite=CIK0000789019;periode=2020-06-30;segment=aucun(deduit D1),"edgar_normalize.py (règles edgar_v1 sha256:f95d7e2287bb49a3, automatique)",2026-09-28T13:10:15+00:00,doc:0000789019-0000950170-23-035122,X1
523,facts,0000789019-0000950170-23-035122-us-gaap:CommonStockSharesOutstanding-shares--2020-06-30,source_dimensions,INCONNU,,"edgar_normalize.py (règles edgar_v1 sha256:f95d7e2287bb49a3, automatique)",2026-09-28T13:10:15+00:00,doc:0000789019-0000950170-23-035122,D1 : une seule valeur brute pour cette clé
524,facts,0000789019-0000950170-23-035122-us-gaap:CommonStockSharesOutstanding-shares--2020-06-30,share_class,INCONNU,ordinaire (déduit C1 : titre coté unique MSFT),"edgar_normalize.py (règles edgar_v1 sha256:f95d7e2287bb49a3, automatique)",2026-09-28T13:10:15+00:00,doc:0000789019-0000950170-23-035122,C1
525,facts,0000789019-0000950170-23-035122-us-gaap:CommonStockSharesOutstanding-shares--2020-06-30,normalized_concept,,shares_outstanding,"edgar_normalize.py (règles edgar_v1 sha256:f95d7e2287bb49a3, automatique)",2026-09-28T13:10:15+00:00,doc:0000789019-0000950170-23-035122,R4
526,facts,0000789019-0000950170-23-035122-us-gaap:CommonStockSharesOutstanding-shares--2020-06-30,transformation,,aucune,"edgar_normalize.py (règles edgar_v1 sha256:f95d7e2287bb49a3, automatique)",2026-09-28T13:10:15+00:00,doc:0000789019-0000950170-23-035122,T1
527,facts,0000789019-0000950170-23-035122-us-gaap:CommonStockSharesOutstanding-shares--2020-06-30,value,,7571000000,"edgar_normalize.py (règles edgar_v1 sha256:f95d7e2287bb49a3, automatique)",2026-09-28T13:10:15+00:00,doc:0000789019-0000950170-23-035122,T1
528,facts,0000789019-0000950170-23-035122-us-gaap:CommonStockSharesOutstanding-shares--2020-06-30,normalization_justification,,"Règle R4 (edgar_v1) : us-gaap:CommonStockSharesOutstanding [shares, instant] -> shares_outstanding. Valeur reprise telle quelle (T1). Dimensions : aucune, déduit (D1). Entrée brute facts/us-gaap/CommonStockSharesOutstanding/units/shares/126 (sha256 7809e97851020173…). À confirmer sur l'instance XBRL.","edgar_normalize.py (règles edgar_v1 sha256:f95d7e2287bb49a3, automatique)",2026-09-28T13:10:15+00:00,doc:0000789019-0000950170-23-035122,R4
529,facts,0000789019-0001564590-20-047996-us-gaap:CommonStockSharesOutstanding-shares--2020-09-30,source_context,,companyfacts;entite=CIK0000789019;periode=2020-09-30;segment=aucun(deduit D1),"edgar_normalize.py (règles edgar_v1 sha256:f95d7e2287bb49a3, automatique)",2026-09-28T13:10:15+00:00,doc:0000789019-0001564590-20-047996,X1
530,facts,0000789019-0001564590-20-047996-us-gaap:CommonStockSharesOutstanding-shares--2020-09-30,source_dimensions,INCONNU,,"edgar_normalize.py (règles edgar_v1 sha256:f95d7e2287bb49a3, automatique)",2026-09-28T13:10:15+00:00,doc:0000789019-0001564590-20-047996,D1 : une seule valeur brute pour cette clé
531,facts,0000789019-0001564590-20-047996-us-gaap:CommonStockSharesOutstanding-shares--2020-09-30,share_class,INCONNU,ordinaire (déduit C1 : titre coté unique MSFT),"edgar_normalize.py (règles edgar_v1 sha256:f95d7e2287bb49a3, automatique)",2026-09-28T13:10:15+00:00,doc:0000789019-0001564590-20-047996,C1
532,facts,0000789019-0001564590-20-047996-us-gaap:CommonStockSharesOutstanding-shares--2020-09-30,normalized_concept,,shares_outstanding,"edgar_normalize.py (règles edgar_v1 sha256:f95d7e2287bb49a3, automatique)",2026-09-28T13:10:15+00:00,doc:0000789019-0001564590-20-047996,R4
533,facts,0000789019-0001564590-20-047996-us-gaap:CommonStockSharesOutstanding-shares--2020-09-30,transformation,,aucune,"edgar_normalize.py (règles edgar_v1 sha256:f95d7e2287bb49a3, automatique)",2026-09-28T13:10:15+00:00,doc:0000789019-0001564590-20-047996,T1
534,facts,0000789019-0001564590-20-047996-us-gaap:CommonStockSharesOutstanding-shares--2020-09-30,value,,7564000000,"edgar_normalize.py (règles edgar_v1 sha256:f95d7e2287bb49a3, automatique)",2026-09-28T13:10:15+00:00,doc:0000789019-0001564590-20-047996,T1
535,facts,0000789019-0001564590-20-047996-us-gaap:CommonStockSharesOutstanding-shares--2020-09-30,normalization_justification,,"Règle R4 (edgar_v1) : us-gaap:CommonStockSharesOutstanding [shares, instant] -> shares_outstanding. Valeur reprise telle quelle (T1). Dimensions : aucune, déduit (D1). Entrée brute facts/us-gaap/CommonStockSharesOutstanding/units/shares/127 (sha256 a373e39a742598d6…). À confirmer sur l'instance XBRL.","edgar_normalize.py (règles edgar_v1 sha256:f95d7e2287bb49a3, automatique)",2026-09-28T13:10:15+00:00,doc:0000789019-0001564590-20-047996,R4
536,facts,0000789019-0001564590-21-002316-us-gaap:CommonStockSharesOutstanding-shares--2020-12-31,source_context,,companyfacts;entite=CIK0000789019;periode=2020-12-31;segment=aucun(deduit D1),"edgar_normalize.py (règles edgar_v1 sha256:f95d7e2287bb49a3, automatique)",2026-09-28T13:10:15+00:00,doc:0000789019-0001564590-21-002316,X1
537,facts,0000789019-0001564590-21-002316-us-gaap:CommonStockSharesOutstanding-shares--2020-12-31,source_dimensions,INCONNU,,"edgar_normalize.py (règles edgar_v1 sha256:f95d7e2287bb49a3, automatique)",2026-09-28T13:10:15+00:00,doc:0000789019-0001564590-21-002316,D1 : une seule valeur brute pour cette clé
538,facts,0000789019-0001564590-21-002316-us-gaap:CommonStockSharesOutstanding-shares--2020-12-31,share_class,INCONNU,ordinaire (déduit C1 : titre coté unique MSFT),"edgar_normalize.py (règles edgar_v1 sha256:f95d7e2287bb49a3, automatique)",2026-09-28T13:10:15+00:00,doc:0000789019-0001564590-21-002316,C1
539,facts,0000789019-0001564590-21-002316-us-gaap:CommonStockSharesOutstanding-shares--2020-12-31,normalized_concept,,shares_outstanding,"edgar_normalize.py (règles edgar_v1 sha256:f95d7e2287bb49a3, automatique)",2026-09-28T13:10:15+00:00,doc:0000789019-0001564590-21-002316,R4
540,facts,0000789019-0001564590-21-002316-us-gaap:CommonStockSharesOutstanding-shares--2020-12-31,transformation,,aucune,"edgar_normalize.py (règles edgar_v1 sha256:f95d7e2287bb49a3, automatique)",2026-09-28T13:10:15+00:00,doc:0000789019-0001564590-21-002316,T1
541,facts,0000789019-0001564590-21-002316-us-gaap:CommonStockSharesOutstanding-shares--2020-12-31,value,,7546000000,"edgar_normalize.py (règles edgar_v1 sha256:f95d7e2287bb49a3, automatique)",2026-09-28T13:10:15+00:00,doc:0000789019-0001564590-21-002316,T1
542,facts,0000789019-0001564590-21-002316-us-gaap:CommonStockSharesOutstanding-shares--2020-12-31,normalization_justification,,"Règle R4 (edgar_v1) : us-gaap:CommonStockSharesOutstanding [shares, instant] -> shares_outstanding. Valeur reprise telle quelle (T1). Dimensions : aucune, déduit (D1). Entrée brute facts/us-gaap/CommonStockSharesOutstanding/units/shares/128 (sha256 37cc7296826edcce…). À confirmer sur l'instance XBRL.","edgar_normalize.py (règles edgar_v1 sha256:f95d7e2287bb49a3, automatique)",2026-09-28T13:10:15+00:00,doc:0000789019-0001564590-21-002316,R4
543,facts,0000789019-0001564590-21-020891-us-gaap:CommonStockSharesOutstanding-shares--2021-03-31,source_context,,companyfacts;entite=CIK0000789019;periode=2021-03-31;segment=aucun(deduit D1),"edgar_normalize.py (règles edgar_v1 sha256:f95d7e2287bb49a3, automatique)",2026-09-28T13:10:15+00:00,doc:0000789019-0001564590-21-020891,X1
544,facts,0000789019-0001564590-21-020891-us-gaap:CommonStockSharesOutstanding-shares--2021-03-31,source_dimensions,INCONNU,,"edgar_normalize.py (règles edgar_v1 sha256:f95d7e2287bb49a3, automatique)",2026-09-28T13:10:15+00:00,doc:0000789019-0001564590-21-020891,D1 : une seule valeur brute pour cette clé
545,facts,0000789019-0001564590-21-020891-us-gaap:CommonStockSharesOutstanding-shares--2021-03-31,share_class,INCONNU,ordinaire (déduit C1 : titre coté unique MSFT),"edgar_normalize.py (règles edgar_v1 sha256:f95d7e2287bb49a3, automatique)",2026-09-28T13:10:15+00:00,doc:0000789019-0001564590-21-020891,C1
546,facts,0000789019-0001564590-21-020891-us-gaap:CommonStockSharesOutstanding-shares--2021-03-31,normalized_concept,,shares_outstanding,"edgar_normalize.py (règles edgar_v1 sha256:f95d7e2287bb49a3, automatique)",2026-09-28T13:10:15+00:00,doc:0000789019-0001564590-21-020891,R4
547,facts,0000789019-0001564590-21-020891-us-gaap:CommonStockSharesOutstanding-shares--2021-03-31,transformation,,aucune,"edgar_normalize.py (règles edgar_v1 sha256:f95d7e2287bb49a3, automatique)",2026-09-28T13:10:15+00:00,doc:0000789019-0001564590-21-020891,T1
548,facts,0000789019-0001564590-21-020891-us-gaap:CommonStockSharesOutstanding-shares--2021-03-31,value,,7534000000,"edgar_normalize.py (règles edgar_v1 sha256:f95d7e2287bb49a3, automatique)",2026-09-28T13:10:15+00:00,doc:0000789019-0001564590-21-020891,T1
549,facts,0000789019-0001564590-21-020891-us-gaap:CommonStockSharesOutstanding-shares--2021-03-31,normalization_justification,,"Règle R4 (edgar_v1) : us-gaap:CommonStockSharesOutstanding [shares, instant] -> shares_outstanding. Valeur reprise telle quelle (T1). Dimensions : aucune, déduit (D1). Entrée brute facts/us-gaap/CommonStockSharesOutstanding/units/shares/129 (sha256 8870b88aac4ed558…). À confirmer sur l'instance XBRL.","edgar_normalize.py (règles edgar_v1 sha256:f95d7e2287bb49a3, automatique)",2026-09-28T13:10:15+00:00,doc:0000789019-0001564590-21-020891,R4
550,facts,0000789019-0001564590-21-039151-us-gaap:CommonStockSharesOutstanding-shares--2021-06-30,source_context,,companyfacts;entite=CIK0000789019;periode=2021-06-30;segment=aucun(deduit D1),"edgar_normalize.py (règles edgar_v1 sha256:f95d7e2287bb49a3, automatique)",2026-09-28T13:10:15+00:00,doc:0000789019-0001564590-21-039151,X1
551,facts,0000789019-0001564590-21-039151-us-gaap:CommonStockSharesOutstanding-shares--2021-06-30,source_dimensions,INCONNU,,"edgar_normalize.py (règles edgar_v1 sha256:f95d7e2287bb49a3, automatique)",2026-09-28T13:10:15+00:00,doc:0000789019-0001564590-21-039151,D1 : une seule valeur brute pour cette clé
552,facts,0000789019-0001564590-21-039151-us-gaap:CommonStockSharesOutstanding-shares--2021-06-30,share_class,INCONNU,ordinaire (déduit C1 : titre coté unique MSFT),"edgar_normalize.py (règles edgar_v1 sha256:f95d7e2287bb49a3, automatique)",2026-09-28T13:10:15+00:00,doc:0000789019-0001564590-21-039151,C1
553,facts,0000789019-0001564590-21-039151-us-gaap:CommonStockSharesOutstanding-shares--2021-06-30,normalized_concept,,shares_outstanding,"edgar_normalize.py (règles edgar_v1 sha256:f95d7e2287bb49a3, automatique)",2026-09-28T13:10:15+00:00,doc:0000789019-0001564590-21-039151,R4
554,facts,0000789019-0001564590-21-039151-us-gaap:CommonStockSharesOutstanding-shares--2021-06-30,transformation,,aucune,"edgar_normalize.py (règles edgar_v1 sha256:f95d7e2287bb49a3, automatique)",2026-09-28T13:10:15+00:00,doc:0000789019-0001564590-21-039151,T1
555,facts,0000789019-0001564590-21-039151-us-gaap:CommonStockSharesOutstanding-shares--2021-06-30,value,,7519000000,"edgar_normalize.py (règles edgar_v1 sha256:f95d7e2287bb49a3, automatique)",2026-09-28T13:10:15+00:00,doc:0000789019-0001564590-21-039151,T1
556,facts,0000789019-0001564590-21-039151-us-gaap:CommonStockSharesOutstanding-shares--2021-06-30,normalization_justification,,"Règle R4 (edgar_v1) : us-gaap:CommonStockSharesOutstanding [shares, instant] -> shares_outstanding. Valeur reprise telle quelle (T1). Dimensions : aucune, déduit (D1). Entrée brute facts/us-gaap/CommonStockSharesOutstanding/units/shares/130 (sha256 d6eebcc2cc381000…). À confirmer sur l'instance XBRL.","edgar_normalize.py (règles edgar_v1 sha256:f95d7e2287bb49a3, automatique)",2026-09-28T13:10:15+00:00,doc:0000789019-0001564590-21-039151,R4
557,facts,0000789019-0001564590-21-051992-us-gaap:CommonStockSharesOutstanding-shares--2021-06-30,source_context,,companyfacts;entite=CIK0000789019;periode=2021-06-30;segment=aucun(deduit D1),"edgar_normalize.py (règles edgar_v1 sha256:f95d7e2287bb49a3, automatique)",2026-09-28T13:10:15+00:00,doc:0000789019-0001564590-21-051992,X1
558,facts,0000789019-0001564590-21-051992-us-gaap:CommonStockSharesOutstanding-shares--2021-06-30,source_dimensions,INCONNU,,"edgar_normalize.py (règles edgar_v1 sha256:f95d7e2287bb49a3, automatique)",2026-09-28T13:10:15+00:00,doc:0000789019-0001564590-21-051992,D1 : une seule valeur brute pour cette clé
559,facts,0000789019-0001564590-21-051992-us-gaap:CommonStockSharesOutstanding-shares--2021-06-30,share_class,INCONNU,ordinaire (déduit C1 : titre coté unique MSFT),"edgar_normalize.py (règles edgar_v1 sha256:f95d7e2287bb49a3, automatique)",2026-09-28T13:10:15+00:00,doc:0000789019-0001564590-21-051992,C1
560,facts,0000789019-0001564590-21-051992-us-gaap:CommonStockSharesOutstanding-shares--2021-06-30,normalized_concept,,shares_outstanding,"edgar_normalize.py (règles edgar_v1 sha256:f95d7e2287bb49a3, automatique)",2026-09-28T13:10:15+00:00,doc:0000789019-0001564590-21-051992,R4
561,facts,0000789019-0001564590-21-051992-us-gaap:CommonStockSharesOutstanding-shares--2021-06-30,transformation,,aucune,"edgar_normalize.py (règles edgar_v1 sha256:f95d7e2287bb49a3, automatique)",2026-09-28T13:10:15+00:00,doc:0000789019-0001564590-21-051992,T1
562,facts,0000789019-0001564590-21-051992-us-gaap:CommonStockSharesOutstanding-shares--2021-06-30,value,,7519000000,"edgar_normalize.py (règles edgar_v1 sha256:f95d7e2287bb49a3, automatique)",2026-09-28T13:10:15+00:00,doc:0000789019-0001564590-21-051992,T1
563,facts,0000789019-0001564590-21-051992-us-gaap:CommonStockSharesOutstanding-shares--2021-06-30,normalization_justification,,"Règle R4 (edgar_v1) : us-gaap:CommonStockSharesOutstanding [shares, instant] -> shares_outstanding. Valeur reprise telle quelle (T1). Dimensions : aucune, déduit (D1). Entrée brute facts/us-gaap/CommonStockSharesOutstanding/units/shares/131 (sha256 9770262820afabce…). À confirmer sur l'instance XBRL.","edgar_normalize.py (règles edgar_v1 sha256:f95d7e2287bb49a3, automatique)",2026-09-28T13:10:15+00:00,doc:0000789019-0001564590-21-051992,R4
564,facts,0000789019-0001564590-22-002324-us-gaap:CommonStockSharesOutstanding-shares--2021-06-30,source_context,,companyfacts;entite=CIK0000789019;periode=2021-06-30;segment=aucun(deduit D1),"edgar_normalize.py (règles edgar_v1 sha256:f95d7e2287bb49a3, automatique)",2026-09-28T13:10:15+00:00,doc:0000789019-0001564590-22-002324,X1
565,facts,0000789019-0001564590-22-002324-us-gaap:CommonStockSharesOutstanding-shares--2021-06-30,source_dimensions,INCONNU,,"edgar_normalize.py (règles edgar_v1 sha256:f95d7e2287bb49a3, automatique)",2026-09-28T13:10:15+00:00,doc:0000789019-0001564590-22-002324,D1 : une seule valeur brute pour cette clé
566,facts,0000789019-0001564590-22-002324-us-gaap:CommonStockSharesOutstanding-shares--2021-06-30,share_class,INCONNU,ordinaire (déduit C1 : titre coté unique MSFT),"edgar_normalize.py (règles edgar_v1 sha256:f95d7e2287bb49a3, automatique)",2026-09-28T13:10:15+00:00,doc:0000789019-0001564590-22-002324,C1
567,facts,0000789019-0001564590-22-002324-us-gaap:CommonStockSharesOutstanding-shares--2021-06-30,normalized_concept,,shares_outstanding,"edgar_normalize.py (règles edgar_v1 sha256:f95d7e2287bb49a3, automatique)",2026-09-28T13:10:15+00:00,doc:0000789019-0001564590-22-002324,R4
568,facts,0000789019-0001564590-22-002324-us-gaap:CommonStockSharesOutstanding-shares--2021-06-30,transformation,,aucune,"edgar_normalize.py (règles edgar_v1 sha256:f95d7e2287bb49a3, automatique)",2026-09-28T13:10:15+00:00,doc:0000789019-0001564590-22-002324,T1
569,facts,0000789019-0001564590-22-002324-us-gaap:CommonStockSharesOutstanding-shares--2021-06-30,value,,7519000000,"edgar_normalize.py (règles edgar_v1 sha256:f95d7e2287bb49a3, automatique)",2026-09-28T13:10:15+00:00,doc:0000789019-0001564590-22-002324,T1
570,facts,0000789019-0001564590-22-002324-us-gaap:CommonStockSharesOutstanding-shares--2021-06-30,normalization_justification,,"Règle R4 (edgar_v1) : us-gaap:CommonStockSharesOutstanding [shares, instant] -> shares_outstanding. Valeur reprise telle quelle (T1). Dimensions : aucune, déduit (D1). Entrée brute facts/us-gaap/CommonStockSharesOutstanding/units/shares/132 (sha256 9cbb5481eb179de6…). À confirmer sur l'instance XBRL.","edgar_normalize.py (règles edgar_v1 sha256:f95d7e2287bb49a3, automatique)",2026-09-28T13:10:15+00:00,doc:0000789019-0001564590-22-002324,R4
571,facts,0000789019-0001564590-22-015675-us-gaap:CommonStockSharesOutstanding-shares--2021-06-30,source_context,,companyfacts;entite=CIK0000789019;periode=2021-06-30;segment=aucun(deduit D1),"edgar_normalize.py (règles edgar_v1 sha256:f95d7e2287bb49a3, automatique)",2026-09-28T13:10:15+00:00,doc:0000789019-0001564590-22-015675,X1
572,facts,0000789019-0001564590-22-015675-us-gaap:CommonStockSharesOutstanding-shares--2021-06-30,source_dimensions,INCONNU,,"edgar_normalize.py (règles edgar_v1 sha256:f95d7e2287bb49a3, automatique)",2026-09-28T13:10:15+00:00,doc:0000789019-0001564590-22-015675,D1 : une seule valeur brute pour cette clé
573,facts,0000789019-0001564590-22-015675-us-gaap:CommonStockSharesOutstanding-shares--2021-06-30,share_class,INCONNU,ordinaire (déduit C1 : titre coté unique MSFT),"edgar_normalize.py (règles edgar_v1 sha256:f95d7e2287bb49a3, automatique)",2026-09-28T13:10:15+00:00,doc:0000789019-0001564590-22-015675,C1
574,facts,0000789019-0001564590-22-015675-us-gaap:CommonStockSharesOutstanding-shares--2021-06-30,normalized_concept,,shares_outstanding,"edgar_normalize.py (règles edgar_v1 sha256:f95d7e2287bb49a3, automatique)",2026-09-28T13:10:15+00:00,doc:0000789019-0001564590-22-015675,R4
575,facts,0000789019-0001564590-22-015675-us-gaap:CommonStockSharesOutstanding-shares--2021-06-30,transformation,,aucune,"edgar_normalize.py (règles edgar_v1 sha256:f95d7e2287bb49a3, automatique)",2026-09-28T13:10:15+00:00,doc:0000789019-0001564590-22-015675,T1
576,facts,0000789019-0001564590-22-015675-us-gaap:CommonStockSharesOutstanding-shares--2021-06-30,value,,7519000000,"edgar_normalize.py (règles edgar_v1 sha256:f95d7e2287bb49a3, automatique)",2026-09-28T13:10:15+00:00,doc:0000789019-0001564590-22-015675,T1
577,facts,0000789019-0001564590-22-015675-us-gaap:CommonStockSharesOutstanding-shares--2021-06-30,normalization_justification,,"Règle R4 (edgar_v1) : us-gaap:CommonStockSharesOutstanding [shares, instant] -> shares_outstanding. Valeur reprise telle quelle (T1). Dimensions : aucune, déduit (D1). Entrée brute facts/us-gaap/CommonStockSharesOutstanding/units/shares/133 (sha256 cbfb865b93e0e0fa…). À confirmer sur l'instance XBRL.","edgar_normalize.py (règles edgar_v1 sha256:f95d7e2287bb49a3, automatique)",2026-09-28T13:10:15+00:00,doc:0000789019-0001564590-22-015675,R4
578,facts,0000789019-0001564590-22-026876-us-gaap:CommonStockSharesOutstanding-shares--2021-06-30,source_context,,companyfacts;entite=CIK0000789019;periode=2021-06-30;segment=aucun(deduit D1),"edgar_normalize.py (règles edgar_v1 sha256:f95d7e2287bb49a3, automatique)",2026-09-28T13:10:15+00:00,doc:0000789019-0001564590-22-026876,X1
579,facts,0000789019-0001564590-22-026876-us-gaap:CommonStockSharesOutstanding-shares--2021-06-30,source_dimensions,INCONNU,,"edgar_normalize.py (règles edgar_v1 sha256:f95d7e2287bb49a3, automatique)",2026-09-28T13:10:15+00:00,doc:0000789019-0001564590-22-026876,D1 : une seule valeur brute pour cette clé
580,facts,0000789019-0001564590-22-026876-us-gaap:CommonStockSharesOutstanding-shares--2021-06-30,share_class,INCONNU,ordinaire (déduit C1 : titre coté unique MSFT),"edgar_normalize.py (règles edgar_v1 sha256:f95d7e2287bb49a3, automatique)",2026-09-28T13:10:15+00:00,doc:0000789019-0001564590-22-026876,C1
581,facts,0000789019-0001564590-22-026876-us-gaap:CommonStockSharesOutstanding-shares--2021-06-30,normalized_concept,,shares_outstanding,"edgar_normalize.py (règles edgar_v1 sha256:f95d7e2287bb49a3, automatique)",2026-09-28T13:10:15+00:00,doc:0000789019-0001564590-22-026876,R4
582,facts,0000789019-0001564590-22-026876-us-gaap:CommonStockSharesOutstanding-shares--2021-06-30,transformation,,aucune,"edgar_normalize.py (règles edgar_v1 sha256:f95d7e2287bb49a3, automatique)",2026-09-28T13:10:15+00:00,doc:0000789019-0001564590-22-026876,T1
583,facts,0000789019-0001564590-22-026876-us-gaap:CommonStockSharesOutstanding-shares--2021-06-30,value,,7519000000,"edgar_normalize.py (règles edgar_v1 sha256:f95d7e2287bb49a3, automatique)",2026-09-28T13:10:15+00:00,doc:0000789019-0001564590-22-026876,T1
584,facts,0000789019-0001564590-22-026876-us-gaap:CommonStockSharesOutstanding-shares--2021-06-30,normalization_justification,,"Règle R4 (edgar_v1) : us-gaap:CommonStockSharesOutstanding [shares, instant] -> shares_outstanding. Valeur reprise telle quelle (T1). Dimensions : aucune, déduit (D1). Entrée brute facts/us-gaap/CommonStockSharesOutstanding/units/shares/134 (sha256 b5add01731a36b62…). À confirmer sur l'instance XBRL.","edgar_normalize.py (règles edgar_v1 sha256:f95d7e2287bb49a3, automatique)",2026-09-28T13:10:15+00:00,doc:0000789019-0001564590-22-026876,R4
585,facts,0000789019-0000950170-23-035122-us-gaap:CommonStockSharesOutstanding-shares--2021-06-30,source_context,,companyfacts;entite=CIK0000789019;periode=2021-06-30;segment=aucun(deduit D1),"edgar_normalize.py (règles edgar_v1 sha256:f95d7e2287bb49a3, automatique)",2026-09-28T13:10:15+00:00,doc:0000789019-0000950170-23-035122,X1
586,facts,0000789019-0000950170-23-035122-us-gaap:CommonStockSharesOutstanding-shares--2021-06-30,source_dimensions,INCONNU,,"edgar_normalize.py (règles edgar_v1 sha256:f95d7e2287bb49a3, automatique)",2026-09-28T13:10:15+00:00,doc:0000789019-0000950170-23-035122,D1 : une seule valeur brute pour cette clé
587,facts,0000789019-0000950170-23-035122-us-gaap:CommonStockSharesOutstanding-shares--2021-06-30,share_class,INCONNU,ordinaire (déduit C1 : titre coté unique MSFT),"edgar_normalize.py (règles edgar_v1 sha256:f95d7e2287bb49a3, automatique)",2026-09-28T13:10:15+00:00,doc:0000789019-0000950170-23-035122,C1
588,facts,0000789019-0000950170-23-035122-us-gaap:CommonStockSharesOutstanding-shares--2021-06-30,normalized_concept,,shares_outstanding,"edgar_normalize.py (règles edgar_v1 sha256:f95d7e2287bb49a3, automatique)",2026-09-28T13:10:15+00:00,doc:0000789019-0000950170-23-035122,R4
589,facts,0000789019-0000950170-23-035122-us-gaap:CommonStockSharesOutstanding-shares--2021-06-30,transformation,,aucune,"edgar_normalize.py (règles edgar_v1 sha256:f95d7e2287bb49a3, automatique)",2026-09-28T13:10:15+00:00,doc:0000789019-0000950170-23-035122,T1
590,facts,0000789019-0000950170-23-035122-us-gaap:CommonStockSharesOutstanding-shares--2021-06-30,value,,7519000000,"edgar_normalize.py (règles edgar_v1 sha256:f95d7e2287bb49a3, automatique)",2026-09-28T13:10:15+00:00,doc:0000789019-0000950170-23-035122,T1
591,facts,0000789019-0000950170-23-035122-us-gaap:CommonStockSharesOutstanding-shares--2021-06-30,normalization_justification,,"Règle R4 (edgar_v1) : us-gaap:CommonStockSharesOutstanding [shares, instant] -> shares_outstanding. Valeur reprise telle quelle (T1). Dimensions : aucune, déduit (D1). Entrée brute facts/us-gaap/CommonStockSharesOutstanding/units/shares/135 (sha256 f34b03ac55f63a30…). À confirmer sur l'instance XBRL.","edgar_normalize.py (règles edgar_v1 sha256:f95d7e2287bb49a3, automatique)",2026-09-28T13:10:15+00:00,doc:0000789019-0000950170-23-035122,R4
592,facts,0000789019-0000950170-24-087843-us-gaap:CommonStockSharesOutstanding-shares--2021-06-30,source_context,,companyfacts;entite=CIK0000789019;periode=2021-06-30;segment=aucun(deduit D1),"edgar_normalize.py (règles edgar_v1 sha256:f95d7e2287bb49a3, automatique)",2026-09-28T13:10:15+00:00,doc:0000789019-0000950170-24-087843,X1
593,facts,0000789019-0000950170-24-087843-us-gaap:CommonStockSharesOutstanding-shares--2021-06-30,source_dimensions,INCONNU,,"edgar_normalize.py (règles edgar_v1 sha256:f95d7e2287bb49a3, automatique)",2026-09-28T13:10:15+00:00,doc:0000789019-0000950170-24-087843,D1 : une seule valeur brute pour cette clé
594,facts,0000789019-0000950170-24-087843-us-gaap:CommonStockSharesOutstanding-shares--2021-06-30,share_class,INCONNU,ordinaire (déduit C1 : titre coté unique MSFT),"edgar_normalize.py (règles edgar_v1 sha256:f95d7e2287bb49a3, automatique)",2026-09-28T13:10:15+00:00,doc:0000789019-0000950170-24-087843,C1
595,facts,0000789019-0000950170-24-087843-us-gaap:CommonStockSharesOutstanding-shares--2021-06-30,normalized_concept,,shares_outstanding,"edgar_normalize.py (règles edgar_v1 sha256:f95d7e2287bb49a3, automatique)",2026-09-28T13:10:15+00:00,doc:0000789019-0000950170-24-087843,R4
596,facts,0000789019-0000950170-24-087843-us-gaap:CommonStockSharesOutstanding-shares--2021-06-30,transformation,,aucune,"edgar_normalize.py (règles edgar_v1 sha256:f95d7e2287bb49a3, automatique)",2026-09-28T13:10:15+00:00,doc:0000789019-0000950170-24-087843,T1
597,facts,0000789019-0000950170-24-087843-us-gaap:CommonStockSharesOutstanding-shares--2021-06-30,value,,7519000000,"edgar_normalize.py (règles edgar_v1 sha256:f95d7e2287bb49a3, automatique)",2026-09-28T13:10:15+00:00,doc:0000789019-0000950170-24-087843,T1
598,facts,0000789019-0000950170-24-087843-us-gaap:CommonStockSharesOutstanding-shares--2021-06-30,normalization_justification,,"Règle R4 (edgar_v1) : us-gaap:CommonStockSharesOutstanding [shares, instant] -> shares_outstanding. Valeur reprise telle quelle (T1). Dimensions : aucune, déduit (D1). Entrée brute facts/us-gaap/CommonStockSharesOutstanding/units/shares/136 (sha256 694d9373116ea042…). À confirmer sur l'instance XBRL.","edgar_normalize.py (règles edgar_v1 sha256:f95d7e2287bb49a3, automatique)",2026-09-28T13:10:15+00:00,doc:0000789019-0000950170-24-087843,R4
599,facts,0000789019-0001564590-21-051992-us-gaap:CommonStockSharesOutstanding-shares--2021-09-30,source_context,,companyfacts;entite=CIK0000789019;periode=2021-09-30;segment=aucun(deduit D1),"edgar_normalize.py (règles edgar_v1 sha256:f95d7e2287bb49a3, automatique)",2026-09-28T13:10:15+00:00,doc:0000789019-0001564590-21-051992,X1
600,facts,0000789019-0001564590-21-051992-us-gaap:CommonStockSharesOutstanding-shares--2021-09-30,source_dimensions,INCONNU,,"edgar_normalize.py (règles edgar_v1 sha256:f95d7e2287bb49a3, automatique)",2026-09-28T13:10:15+00:00,doc:0000789019-0001564590-21-051992,D1 : une seule valeur brute pour cette clé
601,facts,0000789019-0001564590-21-051992-us-gaap:CommonStockSharesOutstanding-shares--2021-09-30,share_class,INCONNU,ordinaire (déduit C1 : titre coté unique MSFT),"edgar_normalize.py (règles edgar_v1 sha256:f95d7e2287bb49a3, automatique)",2026-09-28T13:10:15+00:00,doc:0000789019-0001564590-21-051992,C1
602,facts,0000789019-0001564590-21-051992-us-gaap:CommonStockSharesOutstanding-shares--2021-09-30,normalized_concept,,shares_outstanding,"edgar_normalize.py (règles edgar_v1 sha256:f95d7e2287bb49a3, automatique)",2026-09-28T13:10:15+00:00,doc:0000789019-0001564590-21-051992,R4
603,facts,0000789019-0001564590-21-051992-us-gaap:CommonStockSharesOutstanding-shares--2021-09-30,transformation,,aucune,"edgar_normalize.py (règles edgar_v1 sha256:f95d7e2287bb49a3, automatique)",2026-09-28T13:10:15+00:00,doc:0000789019-0001564590-21-051992,T1
604,facts,0000789019-0001564590-21-051992-us-gaap:CommonStockSharesOutstanding-shares--2021-09-30,value,,7510000000,"edgar_normalize.py (règles edgar_v1 sha256:f95d7e2287bb49a3, automatique)",2026-09-28T13:10:15+00:00,doc:0000789019-0001564590-21-051992,T1
605,facts,0000789019-0001564590-21-051992-us-gaap:CommonStockSharesOutstanding-shares--2021-09-30,normalization_justification,,"Règle R4 (edgar_v1) : us-gaap:CommonStockSharesOutstanding [shares, instant] -> shares_outstanding. Valeur reprise telle quelle (T1). Dimensions : aucune, déduit (D1). Entrée brute facts/us-gaap/CommonStockSharesOutstanding/units/shares/138 (sha256 9051938d04a3d292…). À confirmer sur l'instance XBRL.","edgar_normalize.py (règles edgar_v1 sha256:f95d7e2287bb49a3, automatique)",2026-09-28T13:10:15+00:00,doc:0000789019-0001564590-21-051992,R4
606,facts,0000789019-0001564590-22-002324-us-gaap:CommonStockSharesOutstanding-shares--2021-12-31,source_context,,companyfacts;entite=CIK0000789019;periode=2021-12-31;segment=aucun(deduit D1),"edgar_normalize.py (règles edgar_v1 sha256:f95d7e2287bb49a3, automatique)",2026-09-28T13:10:15+00:00,doc:0000789019-0001564590-22-002324,X1
607,facts,0000789019-0001564590-22-002324-us-gaap:CommonStockSharesOutstanding-shares--2021-12-31,source_dimensions,INCONNU,,"edgar_normalize.py (règles edgar_v1 sha256:f95d7e2287bb49a3, automatique)",2026-09-28T13:10:15+00:00,doc:0000789019-0001564590-22-002324,D1 : une seule valeur brute pour cette clé
608,facts,0000789019-0001564590-22-002324-us-gaap:CommonStockSharesOutstanding-shares--2021-12-31,share_class,INCONNU,ordinaire (déduit C1 : titre coté unique MSFT),"edgar_normalize.py (règles edgar_v1 sha256:f95d7e2287bb49a3, automatique)",2026-09-28T13:10:15+00:00,doc:0000789019-0001564590-22-002324,C1
609,facts,0000789019-0001564590-22-002324-us-gaap:CommonStockSharesOutstanding-shares--2021-12-31,normalized_concept,,shares_outstanding,"edgar_normalize.py (règles edgar_v1 sha256:f95d7e2287bb49a3, automatique)",2026-09-28T13:10:15+00:00,doc:0000789019-0001564590-22-002324,R4
610,facts,0000789019-0001564590-22-002324-us-gaap:CommonStockSharesOutstanding-shares--2021-12-31,transformation,,aucune,"edgar_normalize.py (règles edgar_v1 sha256:f95d7e2287bb49a3, automatique)",2026-09-28T13:10:15+00:00,doc:0000789019-0001564590-22-002324,T1
611,facts,0000789019-0001564590-22-002324-us-gaap:CommonStockSharesOutstanding-shares--2021-12-31,value,,7500000000,"edgar_normalize.py (règles edgar_v1 sha256:f95d7e2287bb49a3, automatique)",2026-09-28T13:10:15+00:00,doc:0000789019-0001564590-22-002324,T1
612,facts,0000789019-0001564590-22-002324-us-gaap:CommonStockSharesOutstanding-shares--2021-12-31,normalization_justification,,"Règle R4 (edgar_v1) : us-gaap:CommonStockSharesOutstanding [shares, instant] -> shares_outstanding. Valeur reprise telle quelle (T1). Dimensions : aucune, déduit (D1). Entrée brute facts/us-gaap/CommonStockSharesOutstanding/units/shares/139 (sha256 b308a7121c58f715…). À confirmer sur l'instance XBRL.","edgar_normalize.py (règles edgar_v1 sha256:f95d7e2287bb49a3, automatique)",2026-09-28T13:10:15+00:00,doc:0000789019-0001564590-22-002324,R4
613,facts,0000789019-0001564590-22-015675-us-gaap:CommonStockSharesOutstanding-shares--2022-03-31,source_context,,companyfacts;entite=CIK0000789019;periode=2022-03-31;segment=aucun(deduit D1),"edgar_normalize.py (règles edgar_v1 sha256:f95d7e2287bb49a3, automatique)",2026-09-28T13:10:15+00:00,doc:0000789019-0001564590-22-015675,X1
614,facts,0000789019-0001564590-22-015675-us-gaap:CommonStockSharesOutstanding-shares--2022-03-31,source_dimensions,INCONNU,,"edgar_normalize.py (règles edgar_v1 sha256:f95d7e2287bb49a3, automatique)",2026-09-28T13:10:15+00:00,doc:0000789019-0001564590-22-015675,D1 : une seule valeur brute pour cette clé
615,facts,0000789019-0001564590-22-015675-us-gaap:CommonStockSharesOutstanding-shares--2022-03-31,share_class,INCONNU,ordinaire (déduit C1 : titre coté unique MSFT),"edgar_normalize.py (règles edgar_v1 sha256:f95d7e2287bb49a3, automatique)",2026-09-28T13:10:15+00:00,doc:0000789019-0001564590-22-015675,C1
616,facts,0000789019-0001564590-22-015675-us-gaap:CommonStockSharesOutstanding-shares--2022-03-31,normalized_concept,,shares_outstanding,"edgar_normalize.py (règles edgar_v1 sha256:f95d7e2287bb49a3, automatique)",2026-09-28T13:10:15+00:00,doc:0000789019-0001564590-22-015675,R4
617,facts,0000789019-0001564590-22-015675-us-gaap:CommonStockSharesOutstanding-shares--2022-03-31,transformation,,aucune,"edgar_normalize.py (règles edgar_v1 sha256:f95d7e2287bb49a3, automatique)",2026-09-28T13:10:15+00:00,doc:0000789019-0001564590-22-015675,T1
618,facts,0000789019-0001564590-22-015675-us-gaap:CommonStockSharesOutstanding-shares--2022-03-31,value,,7483000000,"edgar_normalize.py (règles edgar_v1 sha256:f95d7e2287bb49a3, automatique)",2026-09-28T13:10:15+00:00,doc:0000789019-0001564590-22-015675,T1
619,facts,0000789019-0001564590-22-015675-us-gaap:CommonStockSharesOutstanding-shares--2022-03-31,normalization_justification,,"Règle R4 (edgar_v1) : us-gaap:CommonStockSharesOutstanding [shares, instant] -> shares_outstanding. Valeur reprise telle quelle (T1). Dimensions : aucune, déduit (D1). Entrée brute facts/us-gaap/CommonStockSharesOutstanding/units/shares/140 (sha256 58f1548479979120…). À confirmer sur l'instance XBRL.","edgar_normalize.py (règles edgar_v1 sha256:f95d7e2287bb49a3, automatique)",2026-09-28T13:10:15+00:00,doc:0000789019-0001564590-22-015675,R4
620,facts,0000789019-0001564590-22-026876-us-gaap:CommonStockSharesOutstanding-shares--2022-06-30,source_context,,companyfacts;entite=CIK0000789019;periode=2022-06-30;segment=aucun(deduit D1),"edgar_normalize.py (règles edgar_v1 sha256:f95d7e2287bb49a3, automatique)",2026-09-28T13:10:15+00:00,doc:0000789019-0001564590-22-026876,X1
621,facts,0000789019-0001564590-22-026876-us-gaap:CommonStockSharesOutstanding-shares--2022-06-30,source_dimensions,INCONNU,,"edgar_normalize.py (règles edgar_v1 sha256:f95d7e2287bb49a3, automatique)",2026-09-28T13:10:15+00:00,doc:0000789019-0001564590-22-026876,D1 : une seule valeur brute pour cette clé
622,facts,0000789019-0001564590-22-026876-us-gaap:CommonStockSharesOutstanding-shares--2022-06-30,share_class,INCONNU,ordinaire (déduit C1 : titre coté unique MSFT),"edgar_normalize.py (règles edgar_v1 sha256:f95d7e2287bb49a3, automatique)",2026-09-28T13:10:15+00:00,doc:0000789019-0001564590-22-026876,C1
623,facts,0000789019-0001564590-22-026876-us-gaap:CommonStockSharesOutstanding-shares--2022-06-30,normalized_concept,,shares_outstanding,"edgar_normalize.py (règles edgar_v1 sha256:f95d7e2287bb49a3, automatique)",2026-09-28T13:10:15+00:00,doc:0000789019-0001564590-22-026876,R4
624,facts,0000789019-0001564590-22-026876-us-gaap:CommonStockSharesOutstanding-shares--2022-06-30,transformation,,aucune,"edgar_normalize.py (règles edgar_v1 sha256:f95d7e2287bb49a3, automatique)",2026-09-28T13:10:15+00:00,doc:0000789019-0001564590-22-026876,T1
625,facts,0000789019-0001564590-22-026876-us-gaap:CommonStockSharesOutstanding-shares--2022-06-30,value,,7464000000,"edgar_normalize.py (règles edgar_v1 sha256:f95d7e2287bb49a3, automatique)",2026-09-28T13:10:15+00:00,doc:0000789019-0001564590-22-026876,T1
626,facts,0000789019-0001564590-22-026876-us-gaap:CommonStockSharesOutstanding-shares--2022-06-30,normalization_justification,,"Règle R4 (edgar_v1) : us-gaap:CommonStockSharesOutstanding [shares, instant] -> shares_outstanding. Valeur reprise telle quelle (T1). Dimensions : aucune, déduit (D1). Entrée brute facts/us-gaap/CommonStockSharesOutstanding/units/shares/141 (sha256 81a86a58403bb464…). À confirmer sur l'instance XBRL.","edgar_normalize.py (règles edgar_v1 sha256:f95d7e2287bb49a3, automatique)",2026-09-28T13:10:15+00:00,doc:0000789019-0001564590-22-026876,R4
627,facts,0000789019-0001564590-22-035087-us-gaap:CommonStockSharesOutstanding-shares--2022-06-30,source_context,,companyfacts;entite=CIK0000789019;periode=2022-06-30;segment=aucun(deduit D1),"edgar_normalize.py (règles edgar_v1 sha256:f95d7e2287bb49a3, automatique)",2026-09-28T13:10:15+00:00,doc:0000789019-0001564590-22-035087,X1
628,facts,0000789019-0001564590-22-035087-us-gaap:CommonStockSharesOutstanding-shares--2022-06-30,source_dimensions,INCONNU,,"edgar_normalize.py (règles edgar_v1 sha256:f95d7e2287bb49a3, automatique)",2026-09-28T13:10:15+00:00,doc:0000789019-0001564590-22-035087,D1 : une seule valeur brute pour cette clé
629,facts,0000789019-0001564590-22-035087-us-gaap:CommonStockSharesOutstanding-shares--2022-06-30,share_class,INCONNU,ordinaire (déduit C1 : titre coté unique MSFT),"edgar_normalize.py (règles edgar_v1 sha256:f95d7e2287bb49a3, automatique)",2026-09-28T13:10:15+00:00,doc:0000789019-0001564590-22-035087,C1
630,facts,0000789019-0001564590-22-035087-us-gaap:CommonStockSharesOutstanding-shares--2022-06-30,normalized_concept,,shares_outstanding,"edgar_normalize.py (règles edgar_v1 sha256:f95d7e2287bb49a3, automatique)",2026-09-28T13:10:15+00:00,doc:0000789019-0001564590-22-035087,R4
631,facts,0000789019-0001564590-22-035087-us-gaap:CommonStockSharesOutstanding-shares--2022-06-30,transformation,,aucune,"edgar_normalize.py (règles edgar_v1 sha256:f95d7e2287bb49a3, automatique)",2026-09-28T13:10:15+00:00,doc:0000789019-0001564590-22-035087,T1
632,facts,0000789019-0001564590-22-035087-us-gaap:CommonStockSharesOutstanding-shares--2022-06-30,value,,7464000000,"edgar_normalize.py (règles edgar_v1 sha256:f95d7e2287bb49a3, automatique)",2026-09-28T13:10:15+00:00,doc:0000789019-0001564590-22-035087,T1
633,facts,0000789019-0001564590-22-035087-us-gaap:CommonStockSharesOutstanding-shares--2022-06-30,normalization_justification,,"Règle R4 (edgar_v1) : us-gaap:CommonStockSharesOutstanding [shares, instant] -> shares_outstanding. Valeur reprise telle quelle (T1). Dimensions : aucune, déduit (D1). Entrée brute facts/us-gaap/CommonStockSharesOutstanding/units/shares/142 (sha256 7841ec059384b18e…). À confirmer sur l'instance XBRL.","edgar_normalize.py (règles edgar_v1 sha256:f95d7e2287bb49a3, automatique)",2026-09-28T13:10:15+00:00,doc:0000789019-0001564590-22-035087,R4
634,facts,0000789019-0001564590-23-000733-us-gaap:CommonStockSharesOutstanding-shares--2022-06-30,source_context,,companyfacts;entite=CIK0000789019;periode=2022-06-30;segment=aucun(deduit D1),"edgar_normalize.py (règles edgar_v1 sha256:f95d7e2287bb49a3, automatique)",2026-09-28T13:10:15+00:00,doc:0000789019-0001564590-23-000733,X1
635,facts,0000789019-0001564590-23-000733-us-gaap:CommonStockSharesOutstanding-shares--2022-06-30,source_dimensions,INCONNU,,"edgar_normalize.py (règles edgar_v1 sha256:f95d7e2287bb49a3, automatique)",2026-09-28T13:10:15+00:00,doc:0000789019-0001564590-23-000733,D1 : une seule valeur brute pour cette clé
636,facts,0000789019-0001564590-23-000733-us-gaap:CommonStockSharesOutstanding-shares--2022-06-30,share_class,INCONNU,ordinaire (déduit C1 : titre coté unique MSFT),"edgar_normalize.py (règles edgar_v1 sha256:f95d7e2287bb49a3, automatique)",2026-09-28T13:10:15+00:00,doc:0000789019-0001564590-23-000733,C1
637,facts,0000789019-0001564590-23-000733-us-gaap:CommonStockSharesOutstanding-shares--2022-06-30,normalized_concept,,shares_outstanding,"edgar_normalize.py (règles edgar_v1 sha256:f95d7e2287bb49a3, automatique)",2026-09-28T13:10:15+00:00,doc:0000789019-0001564590-23-000733,R4
638,facts,0000789019-0001564590-23-000733-us-gaap:CommonStockSharesOutstanding-shares--2022-06-30,transformation,,aucune,"edgar_normalize.py (règles edgar_v1 sha256:f95d7e2287bb49a3, automatique)",2026-09-28T13:10:15+00:00,doc:0000789019-0001564590-23-000733,T1
639,facts,0000789019-0001564590-23-000733-us-gaap:CommonStockSharesOutstanding-shares--2022-06-30,value,,7464000000,"edgar_normalize.py (règles edgar_v1 sha256:f95d7e2287bb49a3, automatique)",2026-09-28T13:10:15+00:00,doc:0000789019-0001564590-23-000733,T1
640,facts,0000789019-0001564590-23-000733-us-gaap:CommonStockSharesOutstanding-shares--2022-06-30,normalization_justification,,"Règle R4 (edgar_v1) : us-gaap:CommonStockSharesOutstanding [shares, instant] -> shares_outstanding. Valeur reprise telle quelle (T1). Dimensions : aucune, déduit (D1). Entrée brute facts/us-gaap/CommonStockSharesOutstanding/units/shares/143 (sha256 5d8661896b50cbe1…). À confirmer sur l'instance XBRL.","edgar_normalize.py (règles edgar_v1 sha256:f95d7e2287bb49a3, automatique)",2026-09-28T13:10:15+00:00,doc:0000789019-0001564590-23-000733,R4
641,facts,0000789019-0000950170-23-014423-us-gaap:CommonStockSharesOutstanding-shares--2022-06-30,source_context,,companyfacts;entite=CIK0000789019;periode=2022-06-30;segment=aucun(deduit D1),"edgar_normalize.py (règles edgar_v1 sha256:f95d7e2287bb49a3, automatique)",2026-09-28T13:10:15+00:00,doc:0000789019-0000950170-23-014423,X1
642,facts,0000789019-0000950170-23-014423-us-gaap:CommonStockSharesOutstanding-shares--2022-06-30,source_dimensions,INCONNU,,"edgar_normalize.py (règles edgar_v1 sha256:f95d7e2287bb49a3, automatique)",2026-09-28T13:10:15+00:00,doc:0000789019-0000950170-23-014423,D1 : une seule valeur brute pour cette clé
643,facts,0000789019-0000950170-23-014423-us-gaap:CommonStockSharesOutstanding-shares--2022-06-30,share_class,INCONNU,ordinaire (déduit C1 : titre coté unique MSFT),"edgar_normalize.py (règles edgar_v1 sha256:f95d7e2287bb49a3, automatique)",2026-09-28T13:10:15+00:00,doc:0000789019-0000950170-23-014423,C1
644,facts,0000789019-0000950170-23-014423-us-gaap:CommonStockSharesOutstanding-shares--2022-06-30,normalized_concept,,shares_outstanding,"edgar_normalize.py (règles edgar_v1 sha256:f95d7e2287bb49a3, automatique)",2026-09-28T13:10:15+00:00,doc:0000789019-0000950170-23-014423,R4
645,facts,0000789019-0000950170-23-014423-us-gaap:CommonStockSharesOutstanding-shares--2022-06-30,transformation,,aucune,"edgar_normalize.py (règles edgar_v1 sha256:f95d7e2287bb49a3, automatique)",2026-09-28T13:10:15+00:00,doc:0000789019-0000950170-23-014423,T1
646,facts,0000789019-0000950170-23-014423-us-gaap:CommonStockSharesOutstanding-shares--2022-06-30,value,,7464000000,"edgar_normalize.py (règles edgar_v1 sha256:f95d7e2287bb49a3, automatique)",2026-09-28T13:10:15+00:00,doc:0000789019-0000950170-23-014423,T1
647,facts,0000789019-0000950170-23-014423-us-gaap:CommonStockSharesOutstanding-shares--2022-06-30,normalization_justification,,"Règle R4 (edgar_v1) : us-gaap:CommonStockSharesOutstanding [shares, instant] -> shares_outstanding. Valeur reprise telle quelle (T1). Dimensions : aucune, déduit (D1). Entrée brute facts/us-gaap/CommonStockSharesOutstanding/units/shares/144 (sha256 b8b08170793ecc64…). À confirmer sur l'instance XBRL.","edgar_normalize.py (règles edgar_v1 sha256:f95d7e2287bb49a3, automatique)",2026-09-28T13:10:15+00:00,doc:0000789019-0000950170-23-014423,R4
648,facts,0000789019-0000950170-23-035122-us-gaap:CommonStockSharesOutstanding-shares--2022-06-30,source_context,,companyfacts;entite=CIK0000789019;periode=2022-06-30;segment=aucun(deduit D1),"edgar_normalize.py (règles edgar_v1 sha256:f95d7e2287bb49a3, automatique)",2026-09-28T13:10:15+00:00,doc:0000789019-0000950170-23-035122,X1
649,facts,0000789019-0000950170-23-035122-us-gaap:CommonStockSharesOutstanding-shares--2022-06-30,source_dimensions,INCONNU,,"edgar_normalize.py (règles edgar_v1 sha256:f95d7e2287bb49a3, automatique)",2026-09-28T13:10:15+00:00,doc:0000789019-0000950170-23-035122,D1 : une seule valeur brute pour cette clé
650,facts,0000789019-0000950170-23-035122-us-gaap:CommonStockSharesOutstanding-shares--2022-06-30,share_class,INCONNU,ordinaire (déduit C1 : titre coté unique MSFT),"edgar_normalize.py (règles edgar_v1 sha256:f95d7e2287bb49a3, automatique)",2026-09-28T13:10:15+00:00,doc:0000789019-0000950170-23-035122,C1
651,facts,0000789019-0000950170-23-035122-us-gaap:CommonStockSharesOutstanding-shares--2022-06-30,normalized_concept,,shares_outstanding,"edgar_normalize.py (règles edgar_v1 sha256:f95d7e2287bb49a3, automatique)",2026-09-28T13:10:15+00:00,doc:0000789019-0000950170-23-035122,R4
652,facts,0000789019-0000950170-23-035122-us-gaap:CommonStockSharesOutstanding-shares--2022-06-30,transformation,,aucune,"edgar_normalize.py (règles edgar_v1 sha256:f95d7e2287bb49a3, automatique)",2026-09-28T13:10:15+00:00,doc:0000789019-0000950170-23-035122,T1
653,facts,0000789019-0000950170-23-035122-us-gaap:CommonStockSharesOutstanding-shares--2022-06-30,value,,7464000000,"edgar_normalize.py (règles edgar_v1 sha256:f95d7e2287bb49a3, automatique)",2026-09-28T13:10:15+00:00,doc:0000789019-0000950170-23-035122,T1
654,facts,0000789019-0000950170-23-035122-us-gaap:CommonStockSharesOutstanding-shares--2022-06-30,normalization_justification,,"Règle R4 (edgar_v1) : us-gaap:CommonStockSharesOutstanding [shares, instant] -> shares_outstanding. Valeur reprise telle quelle (T1). Dimensions : aucune, déduit (D1). Entrée brute facts/us-gaap/CommonStockSharesOutstanding/units/shares/145 (sha256 7165688a1fc71f2f…). À confirmer sur l'instance XBRL.","edgar_normalize.py (règles edgar_v1 sha256:f95d7e2287bb49a3, automatique)",2026-09-28T13:10:15+00:00,doc:0000789019-0000950170-23-035122,R4
655,facts,0000789019-0000950170-24-087843-us-gaap:CommonStockSharesOutstanding-shares--2022-06-30,source_context,,companyfacts;entite=CIK0000789019;periode=2022-06-30;segment=aucun(deduit D1),"edgar_normalize.py (règles edgar_v1 sha256:f95d7e2287bb49a3, automatique)",2026-09-28T13:10:15+00:00,doc:0000789019-0000950170-24-087843,X1
656,facts,0000789019-0000950170-24-087843-us-gaap:CommonStockSharesOutstanding-shares--2022-06-30,source_dimensions,INCONNU,,"edgar_normalize.py (règles edgar_v1 sha256:f95d7e2287bb49a3, automatique)",2026-09-28T13:10:15+00:00,doc:0000789019-0000950170-24-087843,D1 : une seule valeur brute pour cette clé
657,facts,0000789019-0000950170-24-087843-us-gaap:CommonStockSharesOutstanding-shares--2022-06-30,share_class,INCONNU,ordinaire (déduit C1 : titre coté unique MSFT),"edgar_normalize.py (règles edgar_v1 sha256:f95d7e2287bb49a3, automatique)",2026-09-28T13:10:15+00:00,doc:0000789019-0000950170-24-087843,C1
658,facts,0000789019-0000950170-24-087843-us-gaap:CommonStockSharesOutstanding-shares--2022-06-30,normalized_concept,,shares_outstanding,"edgar_normalize.py (règles edgar_v1 sha256:f95d7e2287bb49a3, automatique)",2026-09-28T13:10:15+00:00,doc:0000789019-0000950170-24-087843,R4
659,facts,0000789019-0000950170-24-087843-us-gaap:CommonStockSharesOutstanding-shares--2022-06-30,transformation,,aucune,"edgar_normalize.py (règles edgar_v1 sha256:f95d7e2287bb49a3, automatique)",2026-09-28T13:10:15+00:00,doc:0000789019-0000950170-24-087843,T1
660,facts,0000789019-0000950170-24-087843-us-gaap:CommonStockSharesOutstanding-shares--2022-06-30,value,,7464000000,"edgar_normalize.py (règles edgar_v1 sha256:f95d7e2287bb49a3, automatique)",2026-09-28T13:10:15+00:00,doc:0000789019-0000950170-24-087843,T1
661,facts,0000789019-0000950170-24-087843-us-gaap:CommonStockSharesOutstanding-shares--2022-06-30,normalization_justification,,"Règle R4 (edgar_v1) : us-gaap:CommonStockSharesOutstanding [shares, instant] -> shares_outstanding. Valeur reprise telle quelle (T1). Dimensions : aucune, déduit (D1). Entrée brute facts/us-gaap/CommonStockSharesOutstanding/units/shares/146 (sha256 03579c5d5b8bfa6c…). À confirmer sur l'instance XBRL.","edgar_normalize.py (règles edgar_v1 sha256:f95d7e2287bb49a3, automatique)",2026-09-28T13:10:15+00:00,doc:0000789019-0000950170-24-087843,R4
662,facts,0000789019-0000950170-25-100235-us-gaap:CommonStockSharesOutstanding-shares--2022-06-30,source_context,,companyfacts;entite=CIK0000789019;periode=2022-06-30;segment=aucun(deduit D1),"edgar_normalize.py (règles edgar_v1 sha256:f95d7e2287bb49a3, automatique)",2026-09-28T13:10:15+00:00,doc:0000789019-0000950170-25-100235,X1
663,facts,0000789019-0000950170-25-100235-us-gaap:CommonStockSharesOutstanding-shares--2022-06-30,source_dimensions,INCONNU,,"edgar_normalize.py (règles edgar_v1 sha256:f95d7e2287bb49a3, automatique)",2026-09-28T13:10:15+00:00,doc:0000789019-0000950170-25-100235,D1 : une seule valeur brute pour cette clé
664,facts,0000789019-0000950170-25-100235-us-gaap:CommonStockSharesOutstanding-shares--2022-06-30,share_class,INCONNU,ordinaire (déduit C1 : titre coté unique MSFT),"edgar_normalize.py (règles edgar_v1 sha256:f95d7e2287bb49a3, automatique)",2026-09-28T13:10:15+00:00,doc:0000789019-0000950170-25-100235,C1
665,facts,0000789019-0000950170-25-100235-us-gaap:CommonStockSharesOutstanding-shares--2022-06-30,normalized_concept,,shares_outstanding,"edgar_normalize.py (règles edgar_v1 sha256:f95d7e2287bb49a3, automatique)",2026-09-28T13:10:15+00:00,doc:0000789019-0000950170-25-100235,R4
666,facts,0000789019-0000950170-25-100235-us-gaap:CommonStockSharesOutstanding-shares--2022-06-30,transformation,,aucune,"edgar_normalize.py (règles edgar_v1 sha256:f95d7e2287bb49a3, automatique)",2026-09-28T13:10:15+00:00,doc:0000789019-0000950170-25-100235,T1
667,facts,0000789019-0000950170-25-100235-us-gaap:CommonStockSharesOutstanding-shares--2022-06-30,value,,7464000000,"edgar_normalize.py (règles edgar_v1 sha256:f95d7e2287bb49a3, automatique)",2026-09-28T13:10:15+00:00,doc:0000789019-0000950170-25-100235,T1
668,facts,0000789019-0000950170-25-100235-us-gaap:CommonStockSharesOutstanding-shares--2022-06-30,normalization_justification,,"Règle R4 (edgar_v1) : us-gaap:CommonStockSharesOutstanding [shares, instant] -> shares_outstanding. Valeur reprise telle quelle (T1). Dimensions : aucune, déduit (D1). Entrée brute facts/us-gaap/CommonStockSharesOutstanding/units/shares/148 (sha256 5654c48e1bd45632…). À confirmer sur l'instance XBRL.","edgar_normalize.py (règles edgar_v1 sha256:f95d7e2287bb49a3, automatique)",2026-09-28T13:10:15+00:00,doc:0000789019-0000950170-25-100235,R4
669,facts,0000789019-0001564590-22-035087-us-gaap:CommonStockSharesOutstanding-shares--2022-09-30,source_context,,companyfacts;entite=CIK0000789019;periode=2022-09-30;segment=aucun(deduit D1),"edgar_normalize.py (règles edgar_v1 sha256:f95d7e2287bb49a3, automatique)",2026-09-28T13:10:15+00:00,doc:0000789019-0001564590-22-035087,X1
670,facts,0000789019-0001564590-22-035087-us-gaap:CommonStockSharesOutstanding-shares--2022-09-30,source_dimensions,INCONNU,,"edgar_normalize.py (règles edgar_v1 sha256:f95d7e2287bb49a3, automatique)",2026-09-28T13:10:15+00:00,doc:0000789019-0001564590-22-035087,D1 : une seule valeur brute pour cette clé
671,facts,0000789019-0001564590-22-035087-us-gaap:CommonStockSharesOutstanding-shares--2022-09-30,share_class,INCONNU,ordinaire (déduit C1 : titre coté unique MSFT),"edgar_normalize.py (règles edgar_v1 sha256:f95d7e2287bb49a3, automatique)",2026-09-28T13:10:15+00:00,doc:0000789019-0001564590-22-035087,C1
672,facts,0000789019-0001564590-22-035087-us-gaap:CommonStockSharesOutstanding-shares--2022-09-30,normalized_concept,,shares_outstanding,"edgar_normalize.py (règles edgar_v1 sha256:f95d7e2287bb49a3, automatique)",2026-09-28T13:10:15+00:00,doc:0000789019-0001564590-22-035087,R4
673,facts,0000789019-0001564590-22-035087-us-gaap:CommonStockSharesOutstanding-shares--2022-09-30,transformation,,aucune,"edgar_normalize.py (règles edgar_v1 sha256:f95d7e2287bb49a3, automatique)",2026-09-28T13:10:15+00:00,doc:0000789019-0001564590-22-035087,T1
674,facts,0000789019-0001564590-22-035087-us-gaap:CommonStockSharesOutstanding-shares--2022-09-30,value,,7457000000,"edgar_normalize.py (règles edgar_v1 sha256:f95d7e2287bb49a3, automatique)",2026-09-28T13:10:15+00:00,doc:0000789019-0001564590-22-035087,T1
675,facts,0000789019-0001564590-22-035087-us-gaap:CommonStockSharesOutstanding-shares--2022-09-30,normalization_justification,,"Règle R4 (edgar_v1) : us-gaap:CommonStockSharesOutstanding [shares, instant] -> shares_outstanding. Valeur reprise telle quelle (T1). Dimensions : aucune, déduit (D1). Entrée brute facts/us-gaap/CommonStockSharesOutstanding/units/shares/149 (sha256 323dd33ef6aa7a07…). À confirmer sur l'instance XBRL.","edgar_normalize.py (règles edgar_v1 sha256:f95d7e2287bb49a3, automatique)",2026-09-28T13:10:15+00:00,doc:0000789019-0001564590-22-035087,R4
676,facts,0000789019-0001564590-23-000733-us-gaap:CommonStockSharesOutstanding-shares--2022-12-31,source_context,,companyfacts;entite=CIK0000789019;periode=2022-12-31;segment=aucun(deduit D1),"edgar_normalize.py (règles edgar_v1 sha256:f95d7e2287bb49a3, automatique)",2026-09-28T13:10:15+00:00,doc:0000789019-0001564590-23-000733,X1
677,facts,0000789019-0001564590-23-000733-us-gaap:CommonStockSharesOutstanding-shares--2022-12-31,source_dimensions,INCONNU,,"edgar_normalize.py (règles edgar_v1 sha256:f95d7e2287bb49a3, automatique)",2026-09-28T13:10:15+00:00,doc:0000789019-0001564590-23-000733,D1 : une seule valeur brute pour cette clé
678,facts,0000789019-0001564590-23-000733-us-gaap:CommonStockSharesOutstanding-shares--2022-12-31,share_class,INCONNU,ordinaire (déduit C1 : titre coté unique MSFT),"edgar_normalize.py (règles edgar_v1 sha256:f95d7e2287bb49a3, automatique)",2026-09-28T13:10:15+00:00,doc:0000789019-0001564590-23-000733,C1
679,facts,0000789019-0001564590-23-000733-us-gaap:CommonStockSharesOutstanding-shares--2022-12-31,normalized_concept,,shares_outstanding,"edgar_normalize.py (règles edgar_v1 sha256:f95d7e2287bb49a3, automatique)",2026-09-28T13:10:15+00:00,doc:0000789019-0001564590-23-000733,R4
680,facts,0000789019-0001564590-23-000733-us-gaap:CommonStockSharesOutstanding-shares--2022-12-31,transformation,,aucune,"edgar_normalize.py (règles edgar_v1 sha256:f95d7e2287bb49a3, automatique)",2026-09-28T13:10:15+00:00,doc:0000789019-0001564590-23-000733,T1
681,facts,0000789019-0001564590-23-000733-us-gaap:CommonStockSharesOutstanding-shares--2022-12-31,value,,7447000000,"edgar_normalize.py (règles edgar_v1 sha256:f95d7e2287bb49a3, automatique)",2026-09-28T13:10:15+00:00,doc:0000789019-0001564590-23-000733,T1
682,facts,0000789019-0001564590-23-000733-us-gaap:CommonStockSharesOutstanding-shares--2022-12-31,normalization_justification,,"Règle R4 (edgar_v1) : us-gaap:CommonStockSharesOutstanding [shares, instant] -> shares_outstanding. Valeur reprise telle quelle (T1). Dimensions : aucune, déduit (D1). Entrée brute facts/us-gaap/CommonStockSharesOutstanding/units/shares/150 (sha256 2d586a0ce87b1c80…). À confirmer sur l'instance XBRL.","edgar_normalize.py (règles edgar_v1 sha256:f95d7e2287bb49a3, automatique)",2026-09-28T13:10:15+00:00,doc:0000789019-0001564590-23-000733,R4
683,facts,0000789019-0000950170-23-014423-us-gaap:CommonStockSharesOutstanding-shares--2023-03-31,source_context,,companyfacts;entite=CIK0000789019;periode=2023-03-31;segment=aucun(deduit D1),"edgar_normalize.py (règles edgar_v1 sha256:f95d7e2287bb49a3, automatique)",2026-09-28T13:10:15+00:00,doc:0000789019-0000950170-23-014423,X1
684,facts,0000789019-0000950170-23-014423-us-gaap:CommonStockSharesOutstanding-shares--2023-03-31,source_dimensions,INCONNU,,"edgar_normalize.py (règles edgar_v1 sha256:f95d7e2287bb49a3, automatique)",2026-09-28T13:10:15+00:00,doc:0000789019-0000950170-23-014423,D1 : une seule valeur brute pour cette clé
685,facts,0000789019-0000950170-23-014423-us-gaap:CommonStockSharesOutstanding-shares--2023-03-31,share_class,INCONNU,ordinaire (déduit C1 : titre coté unique MSFT),"edgar_normalize.py (règles edgar_v1 sha256:f95d7e2287bb49a3, automatique)",2026-09-28T13:10:15+00:00,doc:0000789019-0000950170-23-014423,C1
686,facts,0000789019-0000950170-23-014423-us-gaap:CommonStockSharesOutstanding-shares--2023-03-31,normalized_concept,,shares_outstanding,"edgar_normalize.py (règles edgar_v1 sha256:f95d7e2287bb49a3, automatique)",2026-09-28T13:10:15+00:00,doc:0000789019-0000950170-23-014423,R4
687,facts,0000789019-0000950170-23-014423-us-gaap:CommonStockSharesOutstanding-shares--2023-03-31,transformation,,aucune,"edgar_normalize.py (règles edgar_v1 sha256:f95d7e2287bb49a3, automatique)",2026-09-28T13:10:15+00:00,doc:0000789019-0000950170-23-014423,T1
688,facts,0000789019-0000950170-23-014423-us-gaap:CommonStockSharesOutstanding-shares--2023-03-31,value,,7437000000,"edgar_normalize.py (règles edgar_v1 sha256:f95d7e2287bb49a3, automatique)",2026-09-28T13:10:15+00:00,doc:0000789019-0000950170-23-014423,T1
689,facts,0000789019-0000950170-23-014423-us-gaap:CommonStockSharesOutstanding-shares--2023-03-31,normalization_justification,,"Règle R4 (edgar_v1) : us-gaap:CommonStockSharesOutstanding [shares, instant] -> shares_outstanding. Valeur reprise telle quelle (T1). Dimensions : aucune, déduit (D1). Entrée brute facts/us-gaap/CommonStockSharesOutstanding/units/shares/151 (sha256 4bd00dc8f95f22af…). À confirmer sur l'instance XBRL.","edgar_normalize.py (règles edgar_v1 sha256:f95d7e2287bb49a3, automatique)",2026-09-28T13:10:15+00:00,doc:0000789019-0000950170-23-014423,R4
690,facts,0000789019-0000950170-23-035122-us-gaap:CommonStockSharesOutstanding-shares--2023-06-30,source_context,,companyfacts;entite=CIK0000789019;periode=2023-06-30;segment=aucun(deduit D1),"edgar_normalize.py (règles edgar_v1 sha256:f95d7e2287bb49a3, automatique)",2026-09-28T13:10:15+00:00,doc:0000789019-0000950170-23-035122,X1
691,facts,0000789019-0000950170-23-035122-us-gaap:CommonStockSharesOutstanding-shares--2023-06-30,source_dimensions,INCONNU,,"edgar_normalize.py (règles edgar_v1 sha256:f95d7e2287bb49a3, automatique)",2026-09-28T13:10:15+00:00,doc:0000789019-0000950170-23-035122,D1 : une seule valeur brute pour cette clé
692,facts,0000789019-0000950170-23-035122-us-gaap:CommonStockSharesOutstanding-shares--2023-06-30,share_class,INCONNU,ordinaire (déduit C1 : titre coté unique MSFT),"edgar_normalize.py (règles edgar_v1 sha256:f95d7e2287bb49a3, automatique)",2026-09-28T13:10:15+00:00,doc:0000789019-0000950170-23-035122,C1
693,facts,0000789019-0000950170-23-035122-us-gaap:CommonStockSharesOutstanding-shares--2023-06-30,normalized_concept,,shares_outstanding,"edgar_normalize.py (règles edgar_v1 sha256:f95d7e2287bb49a3, automatique)",2026-09-28T13:10:15+00:00,doc:0000789019-0000950170-23-035122,R4
694,facts,0000789019-0000950170-23-035122-us-gaap:CommonStockSharesOutstanding-shares--2023-06-30,transformation,,aucune,"edgar_normalize.py (règles edgar_v1 sha256:f95d7e2287bb49a3, automatique)",2026-09-28T13:10:15+00:00,doc:0000789019-0000950170-23-035122,T1
695,facts,0000789019-0000950170-23-035122-us-gaap:CommonStockSharesOutstanding-shares--2023-06-30,value,,7432000000,"edgar_normalize.py (règles edgar_v1 sha256:f95d7e2287bb49a3, automatique)",2026-09-28T13:10:15+00:00,doc:0000789019-0000950170-23-035122,T1
696,facts,0000789019-0000950170-23-035122-us-gaap:CommonStockSharesOutstanding-shares--2023-06-30,normalization_justification,,"Règle R4 (edgar_v1) : us-gaap:CommonStockSharesOutstanding [shares, instant] -> shares_outstanding. Valeur reprise telle quelle (T1). Dimensions : aucune, déduit (D1). Entrée brute facts/us-gaap/CommonStockSharesOutstanding/units/shares/152 (sha256 352085c0402eb720…). À confirmer sur l'instance XBRL.","edgar_normalize.py (règles edgar_v1 sha256:f95d7e2287bb49a3, automatique)",2026-09-28T13:10:15+00:00,doc:0000789019-0000950170-23-035122,R4
697,facts,0000789019-0000950170-23-054855-us-gaap:CommonStockSharesOutstanding-shares--2023-06-30,source_context,,companyfacts;entite=CIK0000789019;periode=2023-06-30;segment=aucun(deduit D1),"edgar_normalize.py (règles edgar_v1 sha256:f95d7e2287bb49a3, automatique)",2026-09-28T13:10:15+00:00,doc:0000789019-0000950170-23-054855,X1
698,facts,0000789019-0000950170-23-054855-us-gaap:CommonStockSharesOutstanding-shares--2023-06-30,source_dimensions,INCONNU,,"edgar_normalize.py (règles edgar_v1 sha256:f95d7e2287bb49a3, automatique)",2026-09-28T13:10:15+00:00,doc:0000789019-0000950170-23-054855,D1 : une seule valeur brute pour cette clé
699,facts,0000789019-0000950170-23-054855-us-gaap:CommonStockSharesOutstanding-shares--2023-06-30,share_class,INCONNU,ordinaire (déduit C1 : titre coté unique MSFT),"edgar_normalize.py (règles edgar_v1 sha256:f95d7e2287bb49a3, automatique)",2026-09-28T13:10:15+00:00,doc:0000789019-0000950170-23-054855,C1
700,facts,0000789019-0000950170-23-054855-us-gaap:CommonStockSharesOutstanding-shares--2023-06-30,normalized_concept,,shares_outstanding,"edgar_normalize.py (règles edgar_v1 sha256:f95d7e2287bb49a3, automatique)",2026-09-28T13:10:15+00:00,doc:0000789019-0000950170-23-054855,R4
701,facts,0000789019-0000950170-23-054855-us-gaap:CommonStockSharesOutstanding-shares--2023-06-30,transformation,,aucune,"edgar_normalize.py (règles edgar_v1 sha256:f95d7e2287bb49a3, automatique)",2026-09-28T13:10:15+00:00,doc:0000789019-0000950170-23-054855,T1
702,facts,0000789019-0000950170-23-054855-us-gaap:CommonStockSharesOutstanding-shares--2023-06-30,value,,7432000000,"edgar_normalize.py (règles edgar_v1 sha256:f95d7e2287bb49a3, automatique)",2026-09-28T13:10:15+00:00,doc:0000789019-0000950170-23-054855,T1
703,facts,0000789019-0000950170-23-054855-us-gaap:CommonStockSharesOutstanding-shares--2023-06-30,normalization_justification,,"Règle R4 (edgar_v1) : us-gaap:CommonStockSharesOutstanding [shares, instant] -> shares_outstanding. Valeur reprise telle quelle (T1). Dimensions : aucune, déduit (D1). Entrée brute facts/us-gaap/CommonStockSharesOutstanding/units/shares/153 (sha256 7f35be7a847ff505…). À confirmer sur l'instance XBRL.","edgar_normalize.py (règles edgar_v1 sha256:f95d7e2287bb49a3, automatique)",2026-09-28T13:10:15+00:00,doc:0000789019-0000950170-23-054855,R4
704,facts,0000789019-0000950170-24-008814-us-gaap:CommonStockSharesOutstanding-shares--2023-06-30,source_context,,companyfacts;entite=CIK0000789019;periode=2023-06-30;segment=aucun(deduit D1),"edgar_normalize.py (règles edgar_v1 sha256:f95d7e2287bb49a3, automatique)",2026-09-28T13:10:15+00:00,doc:0000789019-0000950170-24-008814,X1
705,facts,0000789019-0000950170-24-008814-us-gaap:CommonStockSharesOutstanding-shares--2023-06-30,source_dimensions,INCONNU,,"edgar_normalize.py (règles edgar_v1 sha256:f95d7e2287bb49a3, automatique)",2026-09-28T13:10:15+00:00,doc:0000789019-0000950170-24-008814,D1 : une seule valeur brute pour cette clé
706,facts,0000789019-0000950170-24-008814-us-gaap:CommonStockSharesOutstanding-shares--2023-06-30,share_class,INCONNU,ordinaire (déduit C1 : titre coté unique MSFT),"edgar_normalize.py (règles edgar_v1 sha256:f95d7e2287bb49a3, automatique)",2026-09-28T13:10:15+00:00,doc:0000789019-0000950170-24-008814,C1
707,facts,0000789019-0000950170-24-008814-us-gaap:CommonStockSharesOutstanding-shares--2023-06-30,normalized_concept,,shares_outstanding,"edgar_normalize.py (règles edgar_v1 sha256:f95d7e2287bb49a3, automatique)",2026-09-28T13:10:15+00:00,doc:0000789019-0000950170-24-008814,R4
708,facts,0000789019-0000950170-24-008814-us-gaap:CommonStockSharesOutstanding-shares--2023-06-30,transformation,,aucune,"edgar_normalize.py (règles edgar_v1 sha256:f95d7e2287bb49a3, automatique)",2026-09-28T13:10:15+00:00,doc:0000789019-0000950170-24-008814,T1
709,facts,0000789019-0000950170-24-008814-us-gaap:CommonStockSharesOutstanding-shares--2023-06-30,value,,7432000000,"edgar_normalize.py (règles edgar_v1 sha256:f95d7e2287bb49a3, automatique)",2026-09-28T13:10:15+00:00,doc:0000789019-0000950170-24-008814,T1
710,facts,0000789019-0000950170-24-008814-us-gaap:CommonStockSharesOutstanding-shares--2023-06-30,normalization_justification,,"Règle R4 (edgar_v1) : us-gaap:CommonStockSharesOutstanding [shares, instant] -> shares_outstanding. Valeur reprise telle quelle (T1). Dimensions : aucune, déduit (D1). Entrée brute facts/us-gaap/CommonStockSharesOutstanding/units/shares/154 (sha256 76da0468808b561d…). À confirmer sur l'instance XBRL.","edgar_normalize.py (règles edgar_v1 sha256:f95d7e2287bb49a3, automatique)",2026-09-28T13:10:15+00:00,doc:0000789019-0000950170-24-008814,R4
711,facts,0000789019-0000950170-24-048288-us-gaap:CommonStockSharesOutstanding-shares--2023-06-30,source_context,,companyfacts;entite=CIK0000789019;periode=2023-06-30;segment=aucun(deduit D1),"edgar_normalize.py (règles edgar_v1 sha256:f95d7e2287bb49a3, automatique)",2026-09-28T13:10:15+00:00,doc:0000789019-0000950170-24-048288,X1
712,facts,0000789019-0000950170-24-048288-us-gaap:CommonStockSharesOutstanding-shares--2023-06-30,source_dimensions,INCONNU,,"edgar_normalize.py (règles edgar_v1 sha256:f95d7e2287bb49a3, automatique)",2026-09-28T13:10:15+00:00,doc:0000789019-0000950170-24-048288,D1 : une seule valeur brute pour cette clé
713,facts,0000789019-0000950170-24-048288-us-gaap:CommonStockSharesOutstanding-shares--2023-06-30,share_class,INCONNU,ordinaire (déduit C1 : titre coté unique MSFT),"edgar_normalize.py (règles edgar_v1 sha256:f95d7e2287bb49a3, automatique)",2026-09-28T13:10:15+00:00,doc:0000789019-0000950170-24-048288,C1
714,facts,0000789019-0000950170-24-048288-us-gaap:CommonStockSharesOutstanding-shares--2023-06-30,normalized_concept,,shares_outstanding,"edgar_normalize.py (règles edgar_v1 sha256:f95d7e2287bb49a3, automatique)",2026-09-28T13:10:15+00:00,doc:0000789019-0000950170-24-048288,R4
715,facts,0000789019-0000950170-24-048288-us-gaap:CommonStockSharesOutstanding-shares--2023-06-30,transformation,,aucune,"edgar_normalize.py (règles edgar_v1 sha256:f95d7e2287bb49a3, automatique)",2026-09-28T13:10:15+00:00,doc:0000789019-0000950170-24-048288,T1
716,facts,0000789019-0000950170-24-048288-us-gaap:CommonStockSharesOutstanding-shares--2023-06-30,value,,7432000000,"edgar_normalize.py (règles edgar_v1 sha256:f95d7e2287bb49a3, automatique)",2026-09-28T13:10:15+00:00,doc:0000789019-0000950170-24-048288,T1
717,facts,0000789019-0000950170-24-048288-us-gaap:CommonStockSharesOutstanding-shares--2023-06-30,normalization_justification,,"Règle R4 (edgar_v1) : us-gaap:CommonStockSharesOutstanding [shares, instant] -> shares_outstanding. Valeur reprise telle quelle (T1). Dimensions : aucune, déduit (D1). Entrée brute facts/us-gaap/CommonStockSharesOutstanding/units/shares/155 (sha256 a8729105d25d1337…). À confirmer sur l'instance XBRL.","edgar_normalize.py (règles edgar_v1 sha256:f95d7e2287bb49a3, automatique)",2026-09-28T13:10:15+00:00,doc:0000789019-0000950170-24-048288,R4
718,facts,0000789019-0000950170-24-087843-us-gaap:CommonStockSharesOutstanding-shares--2023-06-30,source_context,,companyfacts;entite=CIK0000789019;periode=2023-06-30;segment=aucun(deduit D1),"edgar_normalize.py (règles edgar_v1 sha256:f95d7e2287bb49a3, automatique)",2026-09-28T13:10:15+00:00,doc:0000789019-0000950170-24-087843,X1
719,facts,0000789019-0000950170-24-087843-us-gaap:CommonStockSharesOutstanding-shares--2023-06-30,source_dimensions,INCONNU,,"edgar_normalize.py (règles edgar_v1 sha256:f95d7e2287bb49a3, automatique)",2026-09-28T13:10:15+00:00,doc:0000789019-0000950170-24-087843,D1 : une seule valeur brute pour cette clé
720,facts,0000789019-0000950170-24-087843-us-gaap:CommonStockSharesOutstanding-shares--2023-06-30,share_class,INCONNU,ordinaire (déduit C1 : titre coté unique MSFT),"edgar_normalize.py (règles edgar_v1 sha256:f95d7e2287bb49a3, automatique)",2026-09-28T13:10:15+00:00,doc:0000789019-0000950170-24-087843,C1
721,facts,0000789019-0000950170-24-087843-us-gaap:CommonStockSharesOutstanding-shares--2023-06-30,normalized_concept,,shares_outstanding,"edgar_normalize.py (règles edgar_v1 sha256:f95d7e2287bb49a3, automatique)",2026-09-28T13:10:15+00:00,doc:0000789019-0000950170-24-087843,R4
722,facts,0000789019-0000950170-24-087843-us-gaap:CommonStockSharesOutstanding-shares--2023-06-30,transformation,,aucune,"edgar_normalize.py (règles edgar_v1 sha256:f95d7e2287bb49a3, automatique)",2026-09-28T13:10:15+00:00,doc:0000789019-0000950170-24-087843,T1
723,facts,0000789019-0000950170-24-087843-us-gaap:CommonStockSharesOutstanding-shares--2023-06-30,value,,7432000000,"edgar_normalize.py (règles edgar_v1 sha256:f95d7e2287bb49a3, automatique)",2026-09-28T13:10:15+00:00,doc:0000789019-0000950170-24-087843,T1
724,facts,0000789019-0000950170-24-087843-us-gaap:CommonStockSharesOutstanding-shares--2023-06-30,normalization_justification,,"Règle R4 (edgar_v1) : us-gaap:CommonStockSharesOutstanding [shares, instant] -> shares_outstanding. Valeur reprise telle quelle (T1). Dimensions : aucune, déduit (D1). Entrée brute facts/us-gaap/CommonStockSharesOutstanding/units/shares/156 (sha256 8ad1e8b55f556062…). À confirmer sur l'instance XBRL.","edgar_normalize.py (règles edgar_v1 sha256:f95d7e2287bb49a3, automatique)",2026-09-28T13:10:15+00:00,doc:0000789019-0000950170-24-087843,R4
725,facts,0000789019-0000950170-25-100235-us-gaap:CommonStockSharesOutstanding-shares--2023-06-30,source_context,,companyfacts;entite=CIK0000789019;periode=2023-06-30;segment=aucun(deduit D1),"edgar_normalize.py (règles edgar_v1 sha256:f95d7e2287bb49a3, automatique)",2026-09-28T13:10:15+00:00,doc:0000789019-0000950170-25-100235,X1
726,facts,0000789019-0000950170-25-100235-us-gaap:CommonStockSharesOutstanding-shares--2023-06-30,source_dimensions,INCONNU,,"edgar_normalize.py (règles edgar_v1 sha256:f95d7e2287bb49a3, automatique)",2026-09-28T13:10:15+00:00,doc:0000789019-0000950170-25-100235,D1 : une seule valeur brute pour cette clé
727,facts,0000789019-0000950170-25-100235-us-gaap:CommonStockSharesOutstanding-shares--2023-06-30,share_class,INCONNU,ordinaire (déduit C1 : titre coté unique MSFT),"edgar_normalize.py (règles edgar_v1 sha256:f95d7e2287bb49a3, automatique)",2026-09-28T13:10:15+00:00,doc:0000789019-0000950170-25-100235,C1
728,facts,0000789019-0000950170-25-100235-us-gaap:CommonStockSharesOutstanding-shares--2023-06-30,normalized_concept,,shares_outstanding,"edgar_normalize.py (règles edgar_v1 sha256:f95d7e2287bb49a3, automatique)",2026-09-28T13:10:15+00:00,doc:0000789019-0000950170-25-100235,R4
729,facts,0000789019-0000950170-25-100235-us-gaap:CommonStockSharesOutstanding-shares--2023-06-30,transformation,,aucune,"edgar_normalize.py (règles edgar_v1 sha256:f95d7e2287bb49a3, automatique)",2026-09-28T13:10:15+00:00,doc:0000789019-0000950170-25-100235,T1
730,facts,0000789019-0000950170-25-100235-us-gaap:CommonStockSharesOutstanding-shares--2023-06-30,value,,7432000000,"edgar_normalize.py (règles edgar_v1 sha256:f95d7e2287bb49a3, automatique)",2026-09-28T13:10:15+00:00,doc:0000789019-0000950170-25-100235,T1
731,facts,0000789019-0000950170-25-100235-us-gaap:CommonStockSharesOutstanding-shares--2023-06-30,normalization_justification,,"Règle R4 (edgar_v1) : us-gaap:CommonStockSharesOutstanding [shares, instant] -> shares_outstanding. Valeur reprise telle quelle (T1). Dimensions : aucune, déduit (D1). Entrée brute facts/us-gaap/CommonStockSharesOutstanding/units/shares/158 (sha256 0c5f7e465e5e038c…). À confirmer sur l'instance XBRL.","edgar_normalize.py (règles edgar_v1 sha256:f95d7e2287bb49a3, automatique)",2026-09-28T13:10:15+00:00,doc:0000789019-0000950170-25-100235,R4
732,facts,0000789019-0001193125-26-323660-us-gaap:CommonStockSharesOutstanding-shares--2023-06-30,source_context,,companyfacts;entite=CIK0000789019;periode=2023-06-30;segment=aucun(deduit D1),"edgar_normalize.py (règles edgar_v1 sha256:f95d7e2287bb49a3, automatique)",2026-09-28T13:10:15+00:00,doc:0000789019-0001193125-26-323660,X1
733,facts,0000789019-0001193125-26-323660-us-gaap:CommonStockSharesOutstanding-shares--2023-06-30,source_dimensions,INCONNU,,"edgar_normalize.py (règles edgar_v1 sha256:f95d7e2287bb49a3, automatique)",2026-09-28T13:10:15+00:00,doc:0000789019-0001193125-26-323660,D1 : une seule valeur brute pour cette clé
734,facts,0000789019-0001193125-26-323660-us-gaap:CommonStockSharesOutstanding-shares--2023-06-30,share_class,INCONNU,ordinaire (déduit C1 : titre coté unique MSFT),"edgar_normalize.py (règles edgar_v1 sha256:f95d7e2287bb49a3, automatique)",2026-09-28T13:10:15+00:00,doc:0000789019-0001193125-26-323660,C1
735,facts,0000789019-0001193125-26-323660-us-gaap:CommonStockSharesOutstanding-shares--2023-06-30,normalized_concept,,shares_outstanding,"edgar_normalize.py (règles edgar_v1 sha256:f95d7e2287bb49a3, automatique)",2026-09-28T13:10:15+00:00,doc:0000789019-0001193125-26-323660,R4
736,facts,0000789019-0001193125-26-323660-us-gaap:CommonStockSharesOutstanding-shares--2023-06-30,transformation,,aucune,"edgar_normalize.py (règles edgar_v1 sha256:f95d7e2287bb49a3, automatique)",2026-09-28T13:10:15+00:00,doc:0000789019-0001193125-26-323660,T1
737,facts,0000789019-0001193125-26-323660-us-gaap:CommonStockSharesOutstanding-shares--2023-06-30,value,,7432000000,"edgar_normalize.py (règles edgar_v1 sha256:f95d7e2287bb49a3, automatique)",2026-09-28T13:10:15+00:00,doc:0000789019-0001193125-26-323660,T1
738,facts,0000789019-0001193125-26-323660-us-gaap:CommonStockSharesOutstanding-shares--2023-06-30,normalization_justification,,"Règle R4 (edgar_v1) : us-gaap:CommonStockSharesOutstanding [shares, instant] -> shares_outstanding. Valeur reprise telle quelle (T1). Dimensions : aucune, déduit (D1). Entrée brute facts/us-gaap/CommonStockSharesOutstanding/units/shares/159 (sha256 966ceee470ed2fd1…). À confirmer sur l'instance XBRL.","edgar_normalize.py (règles edgar_v1 sha256:f95d7e2287bb49a3, automatique)",2026-09-28T13:10:15+00:00,doc:0000789019-0001193125-26-323660,R4
739,facts,0000789019-0000950170-23-054855-us-gaap:CommonStockSharesOutstanding-shares--2023-09-30,source_context,,companyfacts;entite=CIK0000789019;periode=2023-09-30;segment=aucun(deduit D1),"edgar_normalize.py (règles edgar_v1 sha256:f95d7e2287bb49a3, automatique)",2026-09-28T13:10:15+00:00,doc:0000789019-0000950170-23-054855,X1
740,facts,0000789019-0000950170-23-054855-us-gaap:CommonStockSharesOutstanding-shares--2023-09-30,source_dimensions,INCONNU,,"edgar_normalize.py (règles edgar_v1 sha256:f95d7e2287bb49a3, automatique)",2026-09-28T13:10:15+00:00,doc:0000789019-0000950170-23-054855,D1 : une seule valeur brute pour cette clé
741,facts,0000789019-0000950170-23-054855-us-gaap:CommonStockSharesOutstanding-shares--2023-09-30,share_class,INCONNU,ordinaire (déduit C1 : titre coté unique MSFT),"edgar_normalize.py (règles edgar_v1 sha256:f95d7e2287bb49a3, automatique)",2026-09-28T13:10:15+00:00,doc:0000789019-0000950170-23-054855,C1
742,facts,0000789019-0000950170-23-054855-us-gaap:CommonStockSharesOutstanding-shares--2023-09-30,normalized_concept,,shares_outstanding,"edgar_normalize.py (règles edgar_v1 sha256:f95d7e2287bb49a3, automatique)",2026-09-28T13:10:15+00:00,doc:0000789019-0000950170-23-054855,R4
743,facts,0000789019-0000950170-23-054855-us-gaap:CommonStockSharesOutstanding-shares--2023-09-30,transformation,,aucune,"edgar_normalize.py (règles edgar_v1 sha256:f95d7e2287bb49a3, automatique)",2026-09-28T13:10:15+00:00,doc:0000789019-0000950170-23-054855,T1
744,facts,0000789019-0000950170-23-054855-us-gaap:CommonStockSharesOutstanding-shares--2023-09-30,value,,7431000000,"edgar_normalize.py (règles edgar_v1 sha256:f95d7e2287bb49a3, automatique)",2026-09-28T13:10:15+00:00,doc:0000789019-0000950170-23-054855,T1
745,facts,0000789019-0000950170-23-054855-us-gaap:CommonStockSharesOutstanding-shares--2023-09-30,normalization_justification,,"Règle R4 (edgar_v1) : us-gaap:CommonStockSharesOutstanding [shares, instant] -> shares_outstanding. Valeur reprise telle quelle (T1). Dimensions : aucune, déduit (D1). Entrée brute facts/us-gaap/CommonStockSharesOutstanding/units/shares/160 (sha256 faec924dc6258e84…). À confirmer sur l'instance XBRL.","edgar_normalize.py (règles edgar_v1 sha256:f95d7e2287bb49a3, automatique)",2026-09-28T13:10:15+00:00,doc:0000789019-0000950170-23-054855,R4
746,facts,0000789019-0000950170-24-008814-us-gaap:CommonStockSharesOutstanding-shares--2023-12-31,source_context,,companyfacts;entite=CIK0000789019;periode=2023-12-31;segment=aucun(deduit D1),"edgar_normalize.py (règles edgar_v1 sha256:f95d7e2287bb49a3, automatique)",2026-09-28T13:10:15+00:00,doc:0000789019-0000950170-24-008814,X1
747,facts,0000789019-0000950170-24-008814-us-gaap:CommonStockSharesOutstanding-shares--2023-12-31,source_dimensions,INCONNU,,"edgar_normalize.py (règles edgar_v1 sha256:f95d7e2287bb49a3, automatique)",2026-09-28T13:10:15+00:00,doc:0000789019-0000950170-24-008814,D1 : une seule valeur brute pour cette clé
748,facts,0000789019-0000950170-24-008814-us-gaap:CommonStockSharesOutstanding-shares--2023-12-31,share_class,INCONNU,ordinaire (déduit C1 : titre coté unique MSFT),"edgar_normalize.py (règles edgar_v1 sha256:f95d7e2287bb49a3, automatique)",2026-09-28T13:10:15+00:00,doc:0000789019-0000950170-24-008814,C1
749,facts,0000789019-0000950170-24-008814-us-gaap:CommonStockSharesOutstanding-shares--2023-12-31,normalized_concept,,shares_outstanding,"edgar_normalize.py (règles edgar_v1 sha256:f95d7e2287bb49a3, automatique)",2026-09-28T13:10:15+00:00,doc:0000789019-0000950170-24-008814,R4
750,facts,0000789019-0000950170-24-008814-us-gaap:CommonStockSharesOutstanding-shares--2023-12-31,transformation,,aucune,"edgar_normalize.py (règles edgar_v1 sha256:f95d7e2287bb49a3, automatique)",2026-09-28T13:10:15+00:00,doc:0000789019-0000950170-24-008814,T1
751,facts,0000789019-0000950170-24-008814-us-gaap:CommonStockSharesOutstanding-shares--2023-12-31,value,,7432000000,"edgar_normalize.py (règles edgar_v1 sha256:f95d7e2287bb49a3, automatique)",2026-09-28T13:10:15+00:00,doc:0000789019-0000950170-24-008814,T1
752,facts,0000789019-0000950170-24-008814-us-gaap:CommonStockSharesOutstanding-shares--2023-12-31,normalization_justification,,"Règle R4 (edgar_v1) : us-gaap:CommonStockSharesOutstanding [shares, instant] -> shares_outstanding. Valeur reprise telle quelle (T1). Dimensions : aucune, déduit (D1). Entrée brute facts/us-gaap/CommonStockSharesOutstanding/units/shares/161 (sha256 fcdb3cf1165ccbb0…). À confirmer sur l'instance XBRL.","edgar_normalize.py (règles edgar_v1 sha256:f95d7e2287bb49a3, automatique)",2026-09-28T13:10:15+00:00,doc:0000789019-0000950170-24-008814,R4
753,facts,0000789019-0000950170-24-048288-us-gaap:CommonStockSharesOutstanding-shares--2024-03-31,source_context,,companyfacts;entite=CIK0000789019;periode=2024-03-31;segment=aucun(deduit D1),"edgar_normalize.py (règles edgar_v1 sha256:f95d7e2287bb49a3, automatique)",2026-09-28T13:10:15+00:00,doc:0000789019-0000950170-24-048288,X1
754,facts,0000789019-0000950170-24-048288-us-gaap:CommonStockSharesOutstanding-shares--2024-03-31,source_dimensions,INCONNU,,"edgar_normalize.py (règles edgar_v1 sha256:f95d7e2287bb49a3, automatique)",2026-09-28T13:10:15+00:00,doc:0000789019-0000950170-24-048288,D1 : une seule valeur brute pour cette clé
755,facts,0000789019-0000950170-24-048288-us-gaap:CommonStockSharesOutstanding-shares--2024-03-31,share_class,INCONNU,ordinaire (déduit C1 : titre coté unique MSFT),"edgar_normalize.py (règles edgar_v1 sha256:f95d7e2287bb49a3, automatique)",2026-09-28T13:10:15+00:00,doc:0000789019-0000950170-24-048288,C1
756,facts,0000789019-0000950170-24-048288-us-gaap:CommonStockSharesOutstanding-shares--2024-03-31,normalized_concept,,shares_outstanding,"edgar_normalize.py (règles edgar_v1 sha256:f95d7e2287bb49a3, automatique)",2026-09-28T13:10:15+00:00,doc:0000789019-0000950170-24-048288,R4
757,facts,0000789019-0000950170-24-048288-us-gaap:CommonStockSharesOutstanding-shares--2024-03-31,transformation,,aucune,"edgar_normalize.py (règles edgar_v1 sha256:f95d7e2287bb49a3, automatique)",2026-09-28T13:10:15+00:00,doc:0000789019-0000950170-24-048288,T1
758,facts,0000789019-0000950170-24-048288-us-gaap:CommonStockSharesOutstanding-shares--2024-03-31,value,,7433000000,"edgar_normalize.py (règles edgar_v1 sha256:f95d7e2287bb49a3, automatique)",2026-09-28T13:10:15+00:00,doc:0000789019-0000950170-24-048288,T1
759,facts,0000789019-0000950170-24-048288-us-gaap:CommonStockSharesOutstanding-shares--2024-03-31,normalization_justification,,"Règle R4 (edgar_v1) : us-gaap:CommonStockSharesOutstanding [shares, instant] -> shares_outstanding. Valeur reprise telle quelle (T1). Dimensions : aucune, déduit (D1). Entrée brute facts/us-gaap/CommonStockSharesOutstanding/units/shares/162 (sha256 4a45cbb6f130ca4e…). À confirmer sur l'instance XBRL.","edgar_normalize.py (règles edgar_v1 sha256:f95d7e2287bb49a3, automatique)",2026-09-28T13:10:15+00:00,doc:0000789019-0000950170-24-048288,R4
760,facts,0000789019-0000950170-24-087843-us-gaap:CommonStockSharesOutstanding-shares--2024-06-30,source_context,,companyfacts;entite=CIK0000789019;periode=2024-06-30;segment=aucun(deduit D1),"edgar_normalize.py (règles edgar_v1 sha256:f95d7e2287bb49a3, automatique)",2026-09-28T13:10:15+00:00,doc:0000789019-0000950170-24-087843,X1
761,facts,0000789019-0000950170-24-087843-us-gaap:CommonStockSharesOutstanding-shares--2024-06-30,source_dimensions,INCONNU,,"edgar_normalize.py (règles edgar_v1 sha256:f95d7e2287bb49a3, automatique)",2026-09-28T13:10:15+00:00,doc:0000789019-0000950170-24-087843,D1 : une seule valeur brute pour cette clé
762,facts,0000789019-0000950170-24-087843-us-gaap:CommonStockSharesOutstanding-shares--2024-06-30,share_class,INCONNU,ordinaire (déduit C1 : titre coté unique MSFT),"edgar_normalize.py (règles edgar_v1 sha256:f95d7e2287bb49a3, automatique)",2026-09-28T13:10:15+00:00,doc:0000789019-0000950170-24-087843,C1
763,facts,0000789019-0000950170-24-087843-us-gaap:CommonStockSharesOutstanding-shares--2024-06-30,normalized_concept,,shares_outstanding,"edgar_normalize.py (règles edgar_v1 sha256:f95d7e2287bb49a3, automatique)",2026-09-28T13:10:15+00:00,doc:0000789019-0000950170-24-087843,R4
764,facts,0000789019-0000950170-24-087843-us-gaap:CommonStockSharesOutstanding-shares--2024-06-30,transformation,,aucune,"edgar_normalize.py (règles edgar_v1 sha256:f95d7e2287bb49a3, automatique)",2026-09-28T13:10:15+00:00,doc:0000789019-0000950170-24-087843,T1
765,facts,0000789019-0000950170-24-087843-us-gaap:CommonStockSharesOutstanding-shares--2024-06-30,value,,7434000000,"edgar_normalize.py (règles edgar_v1 sha256:f95d7e2287bb49a3, automatique)",2026-09-28T13:10:15+00:00,doc:0000789019-0000950170-24-087843,T1
766,facts,0000789019-0000950170-24-087843-us-gaap:CommonStockSharesOutstanding-shares--2024-06-30,normalization_justification,,"Règle R4 (edgar_v1) : us-gaap:CommonStockSharesOutstanding [shares, instant] -> shares_outstanding. Valeur reprise telle quelle (T1). Dimensions : aucune, déduit (D1). Entrée brute facts/us-gaap/CommonStockSharesOutstanding/units/shares/163 (sha256 26d8b61153513a92…). À confirmer sur l'instance XBRL.","edgar_normalize.py (règles edgar_v1 sha256:f95d7e2287bb49a3, automatique)",2026-09-28T13:10:15+00:00,doc:0000789019-0000950170-24-087843,R4
767,facts,0000789019-0000950170-24-118967-us-gaap:CommonStockSharesOutstanding-shares--2024-06-30,source_context,,companyfacts;entite=CIK0000789019;periode=2024-06-30;segment=aucun(deduit D1),"edgar_normalize.py (règles edgar_v1 sha256:f95d7e2287bb49a3, automatique)",2026-09-28T13:10:15+00:00,doc:0000789019-0000950170-24-118967,X1
768,facts,0000789019-0000950170-24-118967-us-gaap:CommonStockSharesOutstanding-shares--2024-06-30,source_dimensions,INCONNU,,"edgar_normalize.py (règles edgar_v1 sha256:f95d7e2287bb49a3, automatique)",2026-09-28T13:10:15+00:00,doc:0000789019-0000950170-24-118967,D1 : une seule valeur brute pour cette clé
769,facts,0000789019-0000950170-24-118967-us-gaap:CommonStockSharesOutstanding-shares--2024-06-30,share_class,INCONNU,ordinaire (déduit C1 : titre coté unique MSFT),"edgar_normalize.py (règles edgar_v1 sha256:f95d7e2287bb49a3, automatique)",2026-09-28T13:10:15+00:00,doc:0000789019-0000950170-24-118967,C1
770,facts,0000789019-0000950170-24-118967-us-gaap:CommonStockSharesOutstanding-shares--2024-06-30,normalized_concept,,shares_outstanding,"edgar_normalize.py (règles edgar_v1 sha256:f95d7e2287bb49a3, automatique)",2026-09-28T13:10:15+00:00,doc:0000789019-0000950170-24-118967,R4
771,facts,0000789019-0000950170-24-118967-us-gaap:CommonStockSharesOutstanding-shares--2024-06-30,transformation,,aucune,"edgar_normalize.py (règles edgar_v1 sha256:f95d7e2287bb49a3, automatique)",2026-09-28T13:10:15+00:00,doc:0000789019-0000950170-24-118967,T1
772,facts,0000789019-0000950170-24-118967-us-gaap:CommonStockSharesOutstanding-shares--2024-06-30,value,,7434000000,"edgar_normalize.py (règles edgar_v1 sha256:f95d7e2287bb49a3, automatique)",2026-09-28T13:10:15+00:00,doc:0000789019-0000950170-24-118967,T1
773,facts,0000789019-0000950170-24-118967-us-gaap:CommonStockSharesOutstanding-shares--2024-06-30,normalization_justification,,"Règle R4 (edgar_v1) : us-gaap:CommonStockSharesOutstanding [shares, instant] -> shares_outstanding. Valeur reprise telle quelle (T1). Dimensions : aucune, déduit (D1). Entrée brute facts/us-gaap/CommonStockSharesOutstanding/units/shares/164 (sha256 ee1fabe20a6aebd3…). À confirmer sur l'instance XBRL.","edgar_normalize.py (règles edgar_v1 sha256:f95d7e2287bb49a3, automatique)",2026-09-28T13:10:15+00:00,doc:0000789019-0000950170-24-118967,R4
774,facts,0000789019-0000950170-25-010491-us-gaap:CommonStockSharesOutstanding-shares--2024-06-30,source_context,,companyfacts;entite=CIK0000789019;periode=2024-06-30;segment=aucun(deduit D1),"edgar_normalize.py (règles edgar_v1 sha256:f95d7e2287bb49a3, automatique)",2026-09-28T13:10:15+00:00,doc:0000789019-0000950170-25-010491,X1
775,facts,0000789019-0000950170-25-010491-us-gaap:CommonStockSharesOutstanding-shares--2024-06-30,source_dimensions,INCONNU,,"edgar_normalize.py (règles edgar_v1 sha256:f95d7e2287bb49a3, automatique)",2026-09-28T13:10:15+00:00,doc:0000789019-0000950170-25-010491,D1 : une seule valeur brute pour cette clé
776,facts,0000789019-0000950170-25-010491-us-gaap:CommonStockSharesOutstanding-shares--2024-06-30,share_class,INCONNU,ordinaire (déduit C1 : titre coté unique MSFT),"edgar_normalize.py (règles edgar_v1 sha256:f95d7e2287bb49a3, automatique)",2026-09-28T13:10:15+00:00,doc:0000789019-0000950170-25-010491,C1
777,facts,0000789019-0000950170-25-010491-us-gaap:CommonStockSharesOutstanding-shares--2024-06-30,normalized_concept,,shares_outstanding,"edgar_normalize.py (règles edgar_v1 sha256:f95d7e2287bb49a3, automatique)",2026-09-28T13:10:15+00:00,doc:0000789019-0000950170-25-010491,R4
778,facts,0000789019-0000950170-25-010491-us-gaap:CommonStockSharesOutstanding-shares--2024-06-30,transformation,,aucune,"edgar_normalize.py (règles edgar_v1 sha256:f95d7e2287bb49a3, automatique)",2026-09-28T13:10:15+00:00,doc:0000789019-0000950170-25-010491,T1
779,facts,0000789019-0000950170-25-010491-us-gaap:CommonStockSharesOutstanding-shares--2024-06-30,value,,7434000000,"edgar_normalize.py (règles edgar_v1 sha256:f95d7e2287bb49a3, automatique)",2026-09-28T13:10:15+00:00,doc:0000789019-0000950170-25-010491,T1
780,facts,0000789019-0000950170-25-010491-us-gaap:CommonStockSharesOutstanding-shares--2024-06-30,normalization_justification,,"Règle R4 (edgar_v1) : us-gaap:CommonStockSharesOutstanding [shares, instant] -> shares_outstanding. Valeur reprise telle quelle (T1). Dimensions : aucune, déduit (D1). Entrée brute facts/us-gaap/CommonStockSharesOutstanding/units/shares/166 (sha256 46821ac5ca00814f…). À confirmer sur l'instance XBRL.","edgar_normalize.py (règles edgar_v1 sha256:f95d7e2287bb49a3, automatique)",2026-09-28T13:10:15+00:00,doc:0000789019-0000950170-25-010491,R4
781,facts,0000789019-0000950170-25-061046-us-gaap:CommonStockSharesOutstanding-shares--2024-06-30,source_context,,companyfacts;entite=CIK0000789019;periode=2024-06-30;segment=aucun(deduit D1),"edgar_normalize.py (règles edgar_v1 sha256:f95d7e2287bb49a3, automatique)",2026-09-28T13:10:15+00:00,doc:0000789019-0000950170-25-061046,X1
782,facts,0000789019-0000950170-25-061046-us-gaap:CommonStockSharesOutstanding-shares--2024-06-30,source_dimensions,INCONNU,,"edgar_normalize.py (règles edgar_v1 sha256:f95d7e2287bb49a3, automatique)",2026-09-28T13:10:15+00:00,doc:0000789019-0000950170-25-061046,D1 : une seule valeur brute pour cette clé
783,facts,0000789019-0000950170-25-061046-us-gaap:CommonStockSharesOutstanding-shares--2024-06-30,share_class,INCONNU,ordinaire (déduit C1 : titre coté unique MSFT),"edgar_normalize.py (règles edgar_v1 sha256:f95d7e2287bb49a3, automatique)",2026-09-28T13:10:15+00:00,doc:0000789019-0000950170-25-061046,C1
784,facts,0000789019-0000950170-25-061046-us-gaap:CommonStockSharesOutstanding-shares--2024-06-30,normalized_concept,,shares_outstanding,"edgar_normalize.py (règles edgar_v1 sha256:f95d7e2287bb49a3, automatique)",2026-09-28T13:10:15+00:00,doc:0000789019-0000950170-25-061046,R4
785,facts,0000789019-0000950170-25-061046-us-gaap:CommonStockSharesOutstanding-shares--2024-06-30,transformation,,aucune,"edgar_normalize.py (règles edgar_v1 sha256:f95d7e2287bb49a3, automatique)",2026-09-28T13:10:15+00:00,doc:0000789019-0000950170-25-061046,T1
786,facts,0000789019-0000950170-25-061046-us-gaap:CommonStockSharesOutstanding-shares--2024-06-30,value,,7434000000,"edgar_normalize.py (règles edgar_v1 sha256:f95d7e2287bb49a3, automatique)",2026-09-28T13:10:15+00:00,doc:0000789019-0000950170-25-061046,T1
787,facts,0000789019-0000950170-25-061046-us-gaap:CommonStockSharesOutstanding-shares--2024-06-30,normalization_justification,,"Règle R4 (edgar_v1) : us-gaap:CommonStockSharesOutstanding [shares, instant] -> shares_outstanding. Valeur reprise telle quelle (T1). Dimensions : aucune, déduit (D1). Entrée brute facts/us-gaap/CommonStockSharesOutstanding/units/shares/167 (sha256 92a8a848162f62f6…). À confirmer sur l'instance XBRL.","edgar_normalize.py (règles edgar_v1 sha256:f95d7e2287bb49a3, automatique)",2026-09-28T13:10:15+00:00,doc:0000789019-0000950170-25-061046,R4
788,facts,0000789019-0000950170-25-100235-us-gaap:CommonStockSharesOutstanding-shares--2024-06-30,source_context,,companyfacts;entite=CIK0000789019;periode=2024-06-30;segment=aucun(deduit D1),"edgar_normalize.py (règles edgar_v1 sha256:f95d7e2287bb49a3, automatique)",2026-09-28T13:10:15+00:00,doc:0000789019-0000950170-25-100235,X1
789,facts,0000789019-0000950170-25-100235-us-gaap:CommonStockSharesOutstanding-shares--2024-06-30,source_dimensions,INCONNU,,"edgar_normalize.py (règles edgar_v1 sha256:f95d7e2287bb49a3, automatique)",2026-09-28T13:10:15+00:00,doc:0000789019-0000950170-25-100235,D1 : une seule valeur brute pour cette clé
790,facts,0000789019-0000950170-25-100235-us-gaap:CommonStockSharesOutstanding-shares--2024-06-30,share_class,INCONNU,ordinaire (déduit C1 : titre coté unique MSFT),"edgar_normalize.py (règles edgar_v1 sha256:f95d7e2287bb49a3, automatique)",2026-09-28T13:10:15+00:00,doc:0000789019-0000950170-25-100235,C1
791,facts,0000789019-0000950170-25-100235-us-gaap:CommonStockSharesOutstanding-shares--2024-06-30,normalized_concept,,shares_outstanding,"edgar_normalize.py (règles edgar_v1 sha256:f95d7e2287bb49a3, automatique)",2026-09-28T13:10:15+00:00,doc:0000789019-0000950170-25-100235,R4
792,facts,0000789019-0000950170-25-100235-us-gaap:CommonStockSharesOutstanding-shares--2024-06-30,transformation,,aucune,"edgar_normalize.py (règles edgar_v1 sha256:f95d7e2287bb49a3, automatique)",2026-09-28T13:10:15+00:00,doc:0000789019-0000950170-25-100235,T1
793,facts,0000789019-0000950170-25-100235-us-gaap:CommonStockSharesOutstanding-shares--2024-06-30,value,,7434000000,"edgar_normalize.py (règles edgar_v1 sha256:f95d7e2287bb49a3, automatique)",2026-09-28T13:10:15+00:00,doc:0000789019-0000950170-25-100235,T1
794,facts,0000789019-0000950170-25-100235-us-gaap:CommonStockSharesOutstanding-shares--2024-06-30,normalization_justification,,"Règle R4 (edgar_v1) : us-gaap:CommonStockSharesOutstanding [shares, instant] -> shares_outstanding. Valeur reprise telle quelle (T1). Dimensions : aucune, déduit (D1). Entrée brute facts/us-gaap/CommonStockSharesOutstanding/units/shares/168 (sha256 074fa7e1c08fdae4…). À confirmer sur l'instance XBRL.","edgar_normalize.py (règles edgar_v1 sha256:f95d7e2287bb49a3, automatique)",2026-09-28T13:10:15+00:00,doc:0000789019-0000950170-25-100235,R4
795,facts,0000789019-0001193125-26-323660-us-gaap:CommonStockSharesOutstanding-shares--2024-06-30,source_context,,companyfacts;entite=CIK0000789019;periode=2024-06-30;segment=aucun(deduit D1),"edgar_normalize.py (règles edgar_v1 sha256:f95d7e2287bb49a3, automatique)",2026-09-28T13:10:15+00:00,doc:0000789019-0001193125-26-323660,X1
796,facts,0000789019-0001193125-26-323660-us-gaap:CommonStockSharesOutstanding-shares--2024-06-30,source_dimensions,INCONNU,,"edgar_normalize.py (règles edgar_v1 sha256:f95d7e2287bb49a3, automatique)",2026-09-28T13:10:15+00:00,doc:0000789019-0001193125-26-323660,D1 : une seule valeur brute pour cette clé
797,facts,0000789019-0001193125-26-323660-us-gaap:CommonStockSharesOutstanding-shares--2024-06-30,share_class,INCONNU,ordinaire (déduit C1 : titre coté unique MSFT),"edgar_normalize.py (règles edgar_v1 sha256:f95d7e2287bb49a3, automatique)",2026-09-28T13:10:15+00:00,doc:0000789019-0001193125-26-323660,C1
798,facts,0000789019-0001193125-26-323660-us-gaap:CommonStockSharesOutstanding-shares--2024-06-30,normalized_concept,,shares_outstanding,"edgar_normalize.py (règles edgar_v1 sha256:f95d7e2287bb49a3, automatique)",2026-09-28T13:10:15+00:00,doc:0000789019-0001193125-26-323660,R4
799,facts,0000789019-0001193125-26-323660-us-gaap:CommonStockSharesOutstanding-shares--2024-06-30,transformation,,aucune,"edgar_normalize.py (règles edgar_v1 sha256:f95d7e2287bb49a3, automatique)",2026-09-28T13:10:15+00:00,doc:0000789019-0001193125-26-323660,T1
800,facts,0000789019-0001193125-26-323660-us-gaap:CommonStockSharesOutstanding-shares--2024-06-30,value,,7434000000,"edgar_normalize.py (règles edgar_v1 sha256:f95d7e2287bb49a3, automatique)",2026-09-28T13:10:15+00:00,doc:0000789019-0001193125-26-323660,T1
801,facts,0000789019-0001193125-26-323660-us-gaap:CommonStockSharesOutstanding-shares--2024-06-30,normalization_justification,,"Règle R4 (edgar_v1) : us-gaap:CommonStockSharesOutstanding [shares, instant] -> shares_outstanding. Valeur reprise telle quelle (T1). Dimensions : aucune, déduit (D1). Entrée brute facts/us-gaap/CommonStockSharesOutstanding/units/shares/169 (sha256 97b049678920989b…). À confirmer sur l'instance XBRL.","edgar_normalize.py (règles edgar_v1 sha256:f95d7e2287bb49a3, automatique)",2026-09-28T13:10:15+00:00,doc:0000789019-0001193125-26-323660,R4
802,facts,0000789019-0000950170-24-118967-us-gaap:CommonStockSharesOutstanding-shares--2024-09-30,source_context,,companyfacts;entite=CIK0000789019;periode=2024-09-30;segment=aucun(deduit D1),"edgar_normalize.py (règles edgar_v1 sha256:f95d7e2287bb49a3, automatique)",2026-09-28T13:10:15+00:00,doc:0000789019-0000950170-24-118967,X1
803,facts,0000789019-0000950170-24-118967-us-gaap:CommonStockSharesOutstanding-shares--2024-09-30,source_dimensions,INCONNU,,"edgar_normalize.py (règles edgar_v1 sha256:f95d7e2287bb49a3, automatique)",2026-09-28T13:10:15+00:00,doc:0000789019-0000950170-24-118967,D1 : une seule valeur brute pour cette clé
804,facts,0000789019-0000950170-24-118967-us-gaap:CommonStockSharesOutstanding-shares--2024-09-30,share_class,INCONNU,ordinaire (déduit C1 : titre coté unique MSFT),"edgar_normalize.py (règles edgar_v1 sha256:f95d7e2287bb49a3, automatique)",2026-09-28T13:10:15+00:00,doc:0000789019-0000950170-24-118967,C1
805,facts,0000789019-0000950170-24-118967-us-gaap:CommonStockSharesOutstanding-shares--2024-09-30,normalized_concept,,shares_outstanding,"edgar_normalize.py (règles edgar_v1 sha256:f95d7e2287bb49a3, automatique)",2026-09-28T13:10:15+00:00,doc:0000789019-0000950170-24-118967,R4
806,facts,0000789019-0000950170-24-118967-us-gaap:CommonStockSharesOutstanding-shares--2024-09-30,transformation,,aucune,"edgar_normalize.py (règles edgar_v1 sha256:f95d7e2287bb49a3, automatique)",2026-09-28T13:10:15+00:00,doc:0000789019-0000950170-24-118967,T1
807,facts,0000789019-0000950170-24-118967-us-gaap:CommonStockSharesOutstanding-shares--2024-09-30,value,,7436000000,"edgar_normalize.py (règles edgar_v1 sha256:f95d7e2287bb49a3, automatique)",2026-09-28T13:10:15+00:00,doc:0000789019-0000950170-24-118967,T1
808,facts,0000789019-0000950170-24-118967-us-gaap:CommonStockSharesOutstanding-shares--2024-09-30,normalization_justification,,"Règle R4 (edgar_v1) : us-gaap:CommonStockSharesOutstanding [shares, instant] -> shares_outstanding. Valeur reprise telle quelle (T1). Dimensions : aucune, déduit (D1). Entrée brute facts/us-gaap/CommonStockSharesOutstanding/units/shares/170 (sha256 93be52b0a2ef93c7…). À confirmer sur l'instance XBRL.","edgar_normalize.py (règles edgar_v1 sha256:f95d7e2287bb49a3, automatique)",2026-09-28T13:10:15+00:00,doc:0000789019-0000950170-24-118967,R4
809,facts,0000789019-0000950170-25-010491-us-gaap:CommonStockSharesOutstanding-shares--2024-12-31,source_context,,companyfacts;entite=CIK0000789019;periode=2024-12-31;segment=aucun(deduit D1),"edgar_normalize.py (règles edgar_v1 sha256:f95d7e2287bb49a3, automatique)",2026-09-28T13:10:15+00:00,doc:0000789019-0000950170-25-010491,X1
810,facts,0000789019-0000950170-25-010491-us-gaap:CommonStockSharesOutstanding-shares--2024-12-31,source_dimensions,INCONNU,,"edgar_normalize.py (règles edgar_v1 sha256:f95d7e2287bb49a3, automatique)",2026-09-28T13:10:15+00:00,doc:0000789019-0000950170-25-010491,D1 : une seule valeur brute pour cette clé
811,facts,0000789019-0000950170-25-010491-us-gaap:CommonStockSharesOutstanding-shares--2024-12-31,share_class,INCONNU,ordinaire (déduit C1 : titre coté unique MSFT),"edgar_normalize.py (règles edgar_v1 sha256:f95d7e2287bb49a3, automatique)",2026-09-28T13:10:15+00:00,doc:0000789019-0000950170-25-010491,C1
812,facts,0000789019-0000950170-25-010491-us-gaap:CommonStockSharesOutstanding-shares--2024-12-31,normalized_concept,,shares_outstanding,"edgar_normalize.py (règles edgar_v1 sha256:f95d7e2287bb49a3, automatique)",2026-09-28T13:10:15+00:00,doc:0000789019-0000950170-25-010491,R4
813,facts,0000789019-0000950170-25-010491-us-gaap:CommonStockSharesOutstanding-shares--2024-12-31,transformation,,aucune,"edgar_normalize.py (règles edgar_v1 sha256:f95d7e2287bb49a3, automatique)",2026-09-28T13:10:15+00:00,doc:0000789019-0000950170-25-010491,T1
814,facts,0000789019-0000950170-25-010491-us-gaap:CommonStockSharesOutstanding-shares--2024-12-31,value,,7435000000,"edgar_normalize.py (règles edgar_v1 sha256:f95d7e2287bb49a3, automatique)",2026-09-28T13:10:15+00:00,doc:0000789019-0000950170-25-010491,T1
815,facts,0000789019-0000950170-25-010491-us-gaap:CommonStockSharesOutstanding-shares--2024-12-31,normalization_justification,,"Règle R4 (edgar_v1) : us-gaap:CommonStockSharesOutstanding [shares, instant] -> shares_outstanding. Valeur reprise telle quelle (T1). Dimensions : aucune, déduit (D1). Entrée brute facts/us-gaap/CommonStockSharesOutstanding/units/shares/171 (sha256 6e3e7911ad21f8e2…). À confirmer sur l'instance XBRL.","edgar_normalize.py (règles edgar_v1 sha256:f95d7e2287bb49a3, automatique)",2026-09-28T13:10:15+00:00,doc:0000789019-0000950170-25-010491,R4
816,facts,0000789019-0000950170-25-061046-us-gaap:CommonStockSharesOutstanding-shares--2025-03-31,source_context,,companyfacts;entite=CIK0000789019;periode=2025-03-31;segment=aucun(deduit D1),"edgar_normalize.py (règles edgar_v1 sha256:f95d7e2287bb49a3, automatique)",2026-09-28T13:10:15+00:00,doc:0000789019-0000950170-25-061046,X1
817,facts,0000789019-0000950170-25-061046-us-gaap:CommonStockSharesOutstanding-shares--2025-03-31,source_dimensions,INCONNU,,"edgar_normalize.py (règles edgar_v1 sha256:f95d7e2287bb49a3, automatique)",2026-09-28T13:10:15+00:00,doc:0000789019-0000950170-25-061046,D1 : une seule valeur brute pour cette clé
818,facts,0000789019-0000950170-25-061046-us-gaap:CommonStockSharesOutstanding-shares--2025-03-31,share_class,INCONNU,ordinaire (déduit C1 : titre coté unique MSFT),"edgar_normalize.py (règles edgar_v1 sha256:f95d7e2287bb49a3, automatique)",2026-09-28T13:10:15+00:00,doc:0000789019-0000950170-25-061046,C1
819,facts,0000789019-0000950170-25-061046-us-gaap:CommonStockSharesOutstanding-shares--2025-03-31,normalized_concept,,shares_outstanding,"edgar_normalize.py (règles edgar_v1 sha256:f95d7e2287bb49a3, automatique)",2026-09-28T13:10:15+00:00,doc:0000789019-0000950170-25-061046,R4
820,facts,0000789019-0000950170-25-061046-us-gaap:CommonStockSharesOutstanding-shares--2025-03-31,transformation,,aucune,"edgar_normalize.py (règles edgar_v1 sha256:f95d7e2287bb49a3, automatique)",2026-09-28T13:10:15+00:00,doc:0000789019-0000950170-25-061046,T1
821,facts,0000789019-0000950170-25-061046-us-gaap:CommonStockSharesOutstanding-shares--2025-03-31,value,,7434000000,"edgar_normalize.py (règles edgar_v1 sha256:f95d7e2287bb49a3, automatique)",2026-09-28T13:10:15+00:00,doc:0000789019-0000950170-25-061046,T1
822,facts,0000789019-0000950170-25-061046-us-gaap:CommonStockSharesOutstanding-shares--2025-03-31,normalization_justification,,"Règle R4 (edgar_v1) : us-gaap:CommonStockSharesOutstanding [shares, instant] -> shares_outstanding. Valeur reprise telle quelle (T1). Dimensions : aucune, déduit (D1). Entrée brute facts/us-gaap/CommonStockSharesOutstanding/units/shares/172 (sha256 7cabd4e8308b6786…). À confirmer sur l'instance XBRL.","edgar_normalize.py (règles edgar_v1 sha256:f95d7e2287bb49a3, automatique)",2026-09-28T13:10:15+00:00,doc:0000789019-0000950170-25-061046,R4
823,facts,0000789019-0000950170-25-100235-us-gaap:CommonStockSharesOutstanding-shares--2025-06-30,source_context,,companyfacts;entite=CIK0000789019;periode=2025-06-30;segment=aucun(deduit D1),"edgar_normalize.py (règles edgar_v1 sha256:f95d7e2287bb49a3, automatique)",2026-09-28T13:10:15+00:00,doc:0000789019-0000950170-25-100235,X1
824,facts,0000789019-0000950170-25-100235-us-gaap:CommonStockSharesOutstanding-shares--2025-06-30,source_dimensions,INCONNU,,"edgar_normalize.py (règles edgar_v1 sha256:f95d7e2287bb49a3, automatique)",2026-09-28T13:10:15+00:00,doc:0000789019-0000950170-25-100235,D1 : une seule valeur brute pour cette clé
825,facts,0000789019-0000950170-25-100235-us-gaap:CommonStockSharesOutstanding-shares--2025-06-30,share_class,INCONNU,ordinaire (déduit C1 : titre coté unique MSFT),"edgar_normalize.py (règles edgar_v1 sha256:f95d7e2287bb49a3, automatique)",2026-09-28T13:10:15+00:00,doc:0000789019-0000950170-25-100235,C1
826,facts,0000789019-0000950170-25-100235-us-gaap:CommonStockSharesOutstanding-shares--2025-06-30,normalized_concept,,shares_outstanding,"edgar_normalize.py (règles edgar_v1 sha256:f95d7e2287bb49a3, automatique)",2026-09-28T13:10:15+00:00,doc:0000789019-0000950170-25-100235,R4
827,facts,0000789019-0000950170-25-100235-us-gaap:CommonStockSharesOutstanding-shares--2025-06-30,transformation,,aucune,"edgar_normalize.py (règles edgar_v1 sha256:f95d7e2287bb49a3, automatique)",2026-09-28T13:10:15+00:00,doc:0000789019-0000950170-25-100235,T1
828,facts,0000789019-0000950170-25-100235-us-gaap:CommonStockSharesOutstanding-shares--2025-06-30,value,,7434000000,"edgar_normalize.py (règles edgar_v1 sha256:f95d7e2287bb49a3, automatique)",2026-09-28T13:10:15+00:00,doc:0000789019-0000950170-25-100235,T1
829,facts,0000789019-0000950170-25-100235-us-gaap:CommonStockSharesOutstanding-shares--2025-06-30,normalization_justification,,"Règle R4 (edgar_v1) : us-gaap:CommonStockSharesOutstanding [shares, instant] -> shares_outstanding. Valeur reprise telle quelle (T1). Dimensions : aucune, déduit (D1). Entrée brute facts/us-gaap/CommonStockSharesOutstanding/units/shares/173 (sha256 e0afb299bccdb62e…). À confirmer sur l'instance XBRL.","edgar_normalize.py (règles edgar_v1 sha256:f95d7e2287bb49a3, automatique)",2026-09-28T13:10:15+00:00,doc:0000789019-0000950170-25-100235,R4
830,facts,0000789019-0001193125-25-256321-us-gaap:CommonStockSharesOutstanding-shares--2025-06-30,source_context,,companyfacts;entite=CIK0000789019;periode=2025-06-30;segment=aucun(deduit D1),"edgar_normalize.py (règles edgar_v1 sha256:f95d7e2287bb49a3, automatique)",2026-09-28T13:10:15+00:00,doc:0000789019-0001193125-25-256321,X1
831,facts,0000789019-0001193125-25-256321-us-gaap:CommonStockSharesOutstanding-shares--2025-06-30,source_dimensions,INCONNU,,"edgar_normalize.py (règles edgar_v1 sha256:f95d7e2287bb49a3, automatique)",2026-09-28T13:10:15+00:00,doc:0000789019-0001193125-25-256321,D1 : une seule valeur brute pour cette clé
832,facts,0000789019-0001193125-25-256321-us-gaap:CommonStockSharesOutstanding-shares--2025-06-30,share_class,INCONNU,ordinaire (déduit C1 : titre coté unique MSFT),"edgar_normalize.py (règles edgar_v1 sha256:f95d7e2287bb49a3, automatique)",2026-09-28T13:10:15+00:00,doc:0000789019-0001193125-25-256321,C1
833,facts,0000789019-0001193125-25-256321-us-gaap:CommonStockSharesOutstanding-shares--2025-06-30,normalized_concept,,shares_outstanding,"edgar_normalize.py (règles edgar_v1 sha256:f95d7e2287bb49a3, automatique)",2026-09-28T13:10:15+00:00,doc:0000789019-0001193125-25-256321,R4
834,facts,0000789019-0001193125-25-256321-us-gaap:CommonStockSharesOutstanding-shares--2025-06-30,transformation,,aucune,"edgar_normalize.py (règles edgar_v1 sha256:f95d7e2287bb49a3, automatique)",2026-09-28T13:10:15+00:00,doc:0000789019-0001193125-25-256321,T1
835,facts,0000789019-0001193125-25-256321-us-gaap:CommonStockSharesOutstanding-shares--2025-06-30,value,,7434000000,"edgar_normalize.py (règles edgar_v1 sha256:f95d7e2287bb49a3, automatique)",2026-09-28T13:10:15+00:00,doc:0000789019-0001193125-25-256321,T1
836,facts,0000789019-0001193125-25-256321-us-gaap:CommonStockSharesOutstanding-shares--2025-06-30,normalization_justification,,"Règle R4 (edgar_v1) : us-gaap:CommonStockSharesOutstanding [shares, instant] -> shares_outstanding. Valeur reprise telle quelle (T1). Dimensions : aucune, déduit (D1). Entrée brute facts/us-gaap/CommonStockSharesOutstanding/units/shares/174 (sha256 9f3fbaea08121a6f…). À confirmer sur l'instance XBRL.","edgar_normalize.py (règles edgar_v1 sha256:f95d7e2287bb49a3, automatique)",2026-09-28T13:10:15+00:00,doc:0000789019-0001193125-25-256321,R4
837,facts,0000789019-0001193125-26-027207-us-gaap:CommonStockSharesOutstanding-shares--2025-06-30,source_context,,companyfacts;entite=CIK0000789019;periode=2025-06-30;segment=aucun(deduit D1),"edgar_normalize.py (règles edgar_v1 sha256:f95d7e2287bb49a3, automatique)",2026-09-28T13:10:15+00:00,doc:0000789019-0001193125-26-027207,X1
838,facts,0000789019-0001193125-26-027207-us-gaap:CommonStockSharesOutstanding-shares--2025-06-30,source_dimensions,INCONNU,,"edgar_normalize.py (règles edgar_v1 sha256:f95d7e2287bb49a3, automatique)",2026-09-28T13:10:15+00:00,doc:0000789019-0001193125-26-027207,D1 : une seule valeur brute pour cette clé
839,facts,0000789019-0001193125-26-027207-us-gaap:CommonStockSharesOutstanding-shares--2025-06-30,share_class,INCONNU,ordinaire (déduit C1 : titre coté unique MSFT),"edgar_normalize.py (règles edgar_v1 sha256:f95d7e2287bb49a3, automatique)",2026-09-28T13:10:15+00:00,doc:0000789019-0001193125-26-027207,C1
840,facts,0000789019-0001193125-26-027207-us-gaap:CommonStockSharesOutstanding-shares--2025-06-30,normalized_concept,,shares_outstanding,"edgar_normalize.py (règles edgar_v1 sha256:f95d7e2287bb49a3, automatique)",2026-09-28T13:10:15+00:00,doc:0000789019-0001193125-26-027207,R4
841,facts,0000789019-0001193125-26-027207-us-gaap:CommonStockSharesOutstanding-shares--2025-06-30,transformation,,aucune,"edgar_normalize.py (règles edgar_v1 sha256:f95d7e2287bb49a3, automatique)",2026-09-28T13:10:15+00:00,doc:0000789019-0001193125-26-027207,T1
842,facts,0000789019-0001193125-26-027207-us-gaap:CommonStockSharesOutstanding-shares--2025-06-30,value,,7434000000,"edgar_normalize.py (règles edgar_v1 sha256:f95d7e2287bb49a3, automatique)",2026-09-28T13:10:15+00:00,doc:0000789019-0001193125-26-027207,T1
843,facts,0000789019-0001193125-26-027207-us-gaap:CommonStockSharesOutstanding-shares--2025-06-30,normalization_justification,,"Règle R4 (edgar_v1) : us-gaap:CommonStockSharesOutstanding [shares, instant] -> shares_outstanding. Valeur reprise telle quelle (T1). Dimensions : aucune, déduit (D1). Entrée brute facts/us-gaap/CommonStockSharesOutstanding/units/shares/175 (sha256 de7afeaf68a1b62f…). À confirmer sur l'instance XBRL.","edgar_normalize.py (règles edgar_v1 sha256:f95d7e2287bb49a3, automatique)",2026-09-28T13:10:15+00:00,doc:0000789019-0001193125-26-027207,R4
844,facts,0000789019-0001193125-26-191507-us-gaap:CommonStockSharesOutstanding-shares--2025-06-30,source_context,,companyfacts;entite=CIK0000789019;periode=2025-06-30;segment=aucun(deduit D1),"edgar_normalize.py (règles edgar_v1 sha256:f95d7e2287bb49a3, automatique)",2026-09-28T13:10:15+00:00,doc:0000789019-0001193125-26-191507,X1
845,facts,0000789019-0001193125-26-191507-us-gaap:CommonStockSharesOutstanding-shares--2025-06-30,source_dimensions,INCONNU,,"edgar_normalize.py (règles edgar_v1 sha256:f95d7e2287bb49a3, automatique)",2026-09-28T13:10:15+00:00,doc:0000789019-0001193125-26-191507,D1 : une seule valeur brute pour cette clé
846,facts,0000789019-0001193125-26-191507-us-gaap:CommonStockSharesOutstanding-shares--2025-06-30,share_class,INCONNU,ordinaire (déduit C1 : titre coté unique MSFT),"edgar_normalize.py (règles edgar_v1 sha256:f95d7e2287bb49a3, automatique)",2026-09-28T13:10:15+00:00,doc:0000789019-0001193125-26-191507,C1
847,facts,0000789019-0001193125-26-191507-us-gaap:CommonStockSharesOutstanding-shares--2025-06-30,normalized_concept,,shares_outstanding,"edgar_normalize.py (règles edgar_v1 sha256:f95d7e2287bb49a3, automatique)",2026-09-28T13:10:15+00:00,doc:0000789019-0001193125-26-191507,R4
848,facts,0000789019-0001193125-26-191507-us-gaap:CommonStockSharesOutstanding-shares--2025-06-30,transformation,,aucune,"edgar_normalize.py (règles edgar_v1 sha256:f95d7e2287bb49a3, automatique)",2026-09-28T13:10:15+00:00,doc:0000789019-0001193125-26-191507,T1
849,facts,0000789019-0001193125-26-191507-us-gaap:CommonStockSharesOutstanding-shares--2025-06-30,value,,7434000000,"edgar_normalize.py (règles edgar_v1 sha256:f95d7e2287bb49a3, automatique)",2026-09-28T13:10:15+00:00,doc:0000789019-0001193125-26-191507,T1
850,facts,0000789019-0001193125-26-191507-us-gaap:CommonStockSharesOutstanding-shares--2025-06-30,normalization_justification,,"Règle R4 (edgar_v1) : us-gaap:CommonStockSharesOutstanding [shares, instant] -> shares_outstanding. Valeur reprise telle quelle (T1). Dimensions : aucune, déduit (D1). Entrée brute facts/us-gaap/CommonStockSharesOutstanding/units/shares/176 (sha256 d68be22db681bd22…). À confirmer sur l'instance XBRL.","edgar_normalize.py (règles edgar_v1 sha256:f95d7e2287bb49a3, automatique)",2026-09-28T13:10:15+00:00,doc:0000789019-0001193125-26-191507,R4
851,facts,0000789019-0001193125-26-323660-us-gaap:CommonStockSharesOutstanding-shares--2025-06-30,source_context,,companyfacts;entite=CIK0000789019;periode=2025-06-30;segment=aucun(deduit D1),"edgar_normalize.py (règles edgar_v1 sha256:f95d7e2287bb49a3, automatique)",2026-09-28T13:10:15+00:00,doc:0000789019-0001193125-26-323660,X1
852,facts,0000789019-0001193125-26-323660-us-gaap:CommonStockSharesOutstanding-shares--2025-06-30,source_dimensions,INCONNU,,"edgar_normalize.py (règles edgar_v1 sha256:f95d7e2287bb49a3, automatique)",2026-09-28T13:10:15+00:00,doc:0000789019-0001193125-26-323660,D1 : une seule valeur brute pour cette clé
853,facts,0000789019-0001193125-26-323660-us-gaap:CommonStockSharesOutstanding-shares--2025-06-30,share_class,INCONNU,ordinaire (déduit C1 : titre coté unique MSFT),"edgar_normalize.py (règles edgar_v1 sha256:f95d7e2287bb49a3, automatique)",2026-09-28T13:10:15+00:00,doc:0000789019-0001193125-26-323660,C1
854,facts,0000789019-0001193125-26-323660-us-gaap:CommonStockSharesOutstanding-shares--2025-06-30,normalized_concept,,shares_outstanding,"edgar_normalize.py (règles edgar_v1 sha256:f95d7e2287bb49a3, automatique)",2026-09-28T13:10:15+00:00,doc:0000789019-0001193125-26-323660,R4
855,facts,0000789019-0001193125-26-323660-us-gaap:CommonStockSharesOutstanding-shares--2025-06-30,transformation,,aucune,"edgar_normalize.py (règles edgar_v1 sha256:f95d7e2287bb49a3, automatique)",2026-09-28T13:10:15+00:00,doc:0000789019-0001193125-26-323660,T1
856,facts,0000789019-0001193125-26-323660-us-gaap:CommonStockSharesOutstanding-shares--2025-06-30,value,,7434000000,"edgar_normalize.py (règles edgar_v1 sha256:f95d7e2287bb49a3, automatique)",2026-09-28T13:10:15+00:00,doc:0000789019-0001193125-26-323660,T1
857,facts,0000789019-0001193125-26-323660-us-gaap:CommonStockSharesOutstanding-shares--2025-06-30,normalization_justification,,"Règle R4 (edgar_v1) : us-gaap:CommonStockSharesOutstanding [shares, instant] -> shares_outstanding. Valeur reprise telle quelle (T1). Dimensions : aucune, déduit (D1). Entrée brute facts/us-gaap/CommonStockSharesOutstanding/units/shares/177 (sha256 d8561707f34f6dd5…). À confirmer sur l'instance XBRL.","edgar_normalize.py (règles edgar_v1 sha256:f95d7e2287bb49a3, automatique)",2026-09-28T13:10:15+00:00,doc:0000789019-0001193125-26-323660,R4
858,facts,0000789019-0001193125-25-256321-us-gaap:CommonStockSharesOutstanding-shares--2025-09-30,source_context,,companyfacts;entite=CIK0000789019;periode=2025-09-30;segment=aucun(deduit D1),"edgar_normalize.py (règles edgar_v1 sha256:f95d7e2287bb49a3, automatique)",2026-09-28T13:10:15+00:00,doc:0000789019-0001193125-25-256321,X1
859,facts,0000789019-0001193125-25-256321-us-gaap:CommonStockSharesOutstanding-shares--2025-09-30,source_dimensions,INCONNU,,"edgar_normalize.py (règles edgar_v1 sha256:f95d7e2287bb49a3, automatique)",2026-09-28T13:10:15+00:00,doc:0000789019-0001193125-25-256321,D1 : une seule valeur brute pour cette clé
860,facts,0000789019-0001193125-25-256321-us-gaap:CommonStockSharesOutstanding-shares--2025-09-30,share_class,INCONNU,ordinaire (déduit C1 : titre coté unique MSFT),"edgar_normalize.py (règles edgar_v1 sha256:f95d7e2287bb49a3, automatique)",2026-09-28T13:10:15+00:00,doc:0000789019-0001193125-25-256321,C1
861,facts,0000789019-0001193125-25-256321-us-gaap:CommonStockSharesOutstanding-shares--2025-09-30,normalized_concept,,shares_outstanding,"edgar_normalize.py (règles edgar_v1 sha256:f95d7e2287bb49a3, automatique)",2026-09-28T13:10:15+00:00,doc:0000789019-0001193125-25-256321,R4
862,facts,0000789019-0001193125-25-256321-us-gaap:CommonStockSharesOutstanding-shares--2025-09-30,transformation,,aucune,"edgar_normalize.py (règles edgar_v1 sha256:f95d7e2287bb49a3, automatique)",2026-09-28T13:10:15+00:00,doc:0000789019-0001193125-25-256321,T1
863,facts,0000789019-0001193125-25-256321-us-gaap:CommonStockSharesOutstanding-shares--2025-09-30,value,,7434000000,"edgar_normalize.py (règles edgar_v1 sha256:f95d7e2287bb49a3, automatique)",2026-09-28T13:10:15+00:00,doc:0000789019-0001193125-25-256321,T1
864,facts,0000789019-0001193125-25-256321-us-gaap:CommonStockSharesOutstanding-shares--2025-09-30,normalization_justification,,"Règle R4 (edgar_v1) : us-gaap:CommonStockSharesOutstanding [shares, instant] -> shares_outstanding. Valeur reprise telle quelle (T1). Dimensions : aucune, déduit (D1). Entrée brute facts/us-gaap/CommonStockSharesOutstanding/units/shares/178 (sha256 b0ee462449b5dcd4…). À confirmer sur l'instance XBRL.","edgar_normalize.py (règles edgar_v1 sha256:f95d7e2287bb49a3, automatique)",2026-09-28T13:10:15+00:00,doc:0000789019-0001193125-25-256321,R4
865,facts,0000789019-0001193125-26-027207-us-gaap:CommonStockSharesOutstanding-shares--2025-12-31,source_context,,companyfacts;entite=CIK0000789019;periode=2025-12-31;segment=aucun(deduit D1),"edgar_normalize.py (règles edgar_v1 sha256:f95d7e2287bb49a3, automatique)",2026-09-28T13:10:15+00:00,doc:0000789019-0001193125-26-027207,X1
866,facts,0000789019-0001193125-26-027207-us-gaap:CommonStockSharesOutstanding-shares--2025-12-31,source_dimensions,INCONNU,,"edgar_normalize.py (règles edgar_v1 sha256:f95d7e2287bb49a3, automatique)",2026-09-28T13:10:15+00:00,doc:0000789019-0001193125-26-027207,D1 : une seule valeur brute pour cette clé
867,facts,0000789019-0001193125-26-027207-us-gaap:CommonStockSharesOutstanding-shares--2025-12-31,share_class,INCONNU,ordinaire (déduit C1 : titre coté unique MSFT),"edgar_normalize.py (règles edgar_v1 sha256:f95d7e2287bb49a3, automatique)",2026-09-28T13:10:15+00:00,doc:0000789019-0001193125-26-027207,C1
868,facts,0000789019-0001193125-26-027207-us-gaap:CommonStockSharesOutstanding-shares--2025-12-31,normalized_concept,,shares_outstanding,"edgar_normalize.py (règles edgar_v1 sha256:f95d7e2287bb49a3, automatique)",2026-09-28T13:10:15+00:00,doc:0000789019-0001193125-26-027207,R4
869,facts,0000789019-0001193125-26-027207-us-gaap:CommonStockSharesOutstanding-shares--2025-12-31,transformation,,aucune,"edgar_normalize.py (règles edgar_v1 sha256:f95d7e2287bb49a3, automatique)",2026-09-28T13:10:15+00:00,doc:0000789019-0001193125-26-027207,T1
870,facts,0000789019-0001193125-26-027207-us-gaap:CommonStockSharesOutstanding-shares--2025-12-31,value,,7429000000,"edgar_normalize.py (règles edgar_v1 sha256:f95d7e2287bb49a3, automatique)",2026-09-28T13:10:15+00:00,doc:0000789019-0001193125-26-027207,T1
871,facts,0000789019-0001193125-26-027207-us-gaap:CommonStockSharesOutstanding-shares--2025-12-31,normalization_justification,,"Règle R4 (edgar_v1) : us-gaap:CommonStockSharesOutstanding [shares, instant] -> shares_outstanding. Valeur reprise telle quelle (T1). Dimensions : aucune, déduit (D1). Entrée brute facts/us-gaap/CommonStockSharesOutstanding/units/shares/179 (sha256 5e1e9a8b59dad923…). À confirmer sur l'instance XBRL.","edgar_normalize.py (règles edgar_v1 sha256:f95d7e2287bb49a3, automatique)",2026-09-28T13:10:15+00:00,doc:0000789019-0001193125-26-027207,R4
872,facts,0000789019-0001193125-26-191507-us-gaap:CommonStockSharesOutstanding-shares--2026-03-31,source_context,,companyfacts;entite=CIK0000789019;periode=2026-03-31;segment=aucun(deduit D1),"edgar_normalize.py (règles edgar_v1 sha256:f95d7e2287bb49a3, automatique)",2026-09-28T13:10:15+00:00,doc:0000789019-0001193125-26-191507,X1
873,facts,0000789019-0001193125-26-191507-us-gaap:CommonStockSharesOutstanding-shares--2026-03-31,source_dimensions,INCONNU,,"edgar_normalize.py (règles edgar_v1 sha256:f95d7e2287bb49a3, automatique)",2026-09-28T13:10:15+00:00,doc:0000789019-0001193125-26-191507,D1 : une seule valeur brute pour cette clé
874,facts,0000789019-0001193125-26-191507-us-gaap:CommonStockSharesOutstanding-shares--2026-03-31,share_class,INCONNU,ordinaire (déduit C1 : titre coté unique MSFT),"edgar_normalize.py (règles edgar_v1 sha256:f95d7e2287bb49a3, automatique)",2026-09-28T13:10:15+00:00,doc:0000789019-0001193125-26-191507,C1
875,facts,0000789019-0001193125-26-191507-us-gaap:CommonStockSharesOutstanding-shares--2026-03-31,normalized_concept,,shares_outstanding,"edgar_normalize.py (règles edgar_v1 sha256:f95d7e2287bb49a3, automatique)",2026-09-28T13:10:15+00:00,doc:0000789019-0001193125-26-191507,R4
876,facts,0000789019-0001193125-26-191507-us-gaap:CommonStockSharesOutstanding-shares--2026-03-31,transformation,,aucune,"edgar_normalize.py (règles edgar_v1 sha256:f95d7e2287bb49a3, automatique)",2026-09-28T13:10:15+00:00,doc:0000789019-0001193125-26-191507,T1
877,facts,0000789019-0001193125-26-191507-us-gaap:CommonStockSharesOutstanding-shares--2026-03-31,value,,7429000000,"edgar_normalize.py (règles edgar_v1 sha256:f95d7e2287bb49a3, automatique)",2026-09-28T13:10:15+00:00,doc:0000789019-0001193125-26-191507,T1
878,facts,0000789019-0001193125-26-191507-us-gaap:CommonStockSharesOutstanding-shares--2026-03-31,normalization_justification,,"Règle R4 (edgar_v1) : us-gaap:CommonStockSharesOutstanding [shares, instant] -> shares_outstanding. Valeur reprise telle quelle (T1). Dimensions : aucune, déduit (D1). Entrée brute facts/us-gaap/CommonStockSharesOutstanding/units/shares/180 (sha256 e1ab58e159ed8845…). À confirmer sur l'instance XBRL.","edgar_normalize.py (règles edgar_v1 sha256:f95d7e2287bb49a3, automatique)",2026-09-28T13:10:15+00:00,doc:0000789019-0001193125-26-191507,R4
879,facts,0000789019-0001193125-26-323660-us-gaap:CommonStockSharesOutstanding-shares--2026-06-30,source_context,,companyfacts;entite=CIK0000789019;periode=2026-06-30;segment=aucun(deduit D1),"edgar_normalize.py (règles edgar_v1 sha256:f95d7e2287bb49a3, automatique)",2026-09-28T13:10:15+00:00,doc:0000789019-0001193125-26-323660,X1
880,facts,0000789019-0001193125-26-323660-us-gaap:CommonStockSharesOutstanding-shares--2026-06-30,source_dimensions,INCONNU,,"edgar_normalize.py (règles edgar_v1 sha256:f95d7e2287bb49a3, automatique)",2026-09-28T13:10:15+00:00,doc:0000789019-0001193125-26-323660,D1 : une seule valeur brute pour cette clé
881,facts,0000789019-0001193125-26-323660-us-gaap:CommonStockSharesOutstanding-shares--2026-06-30,share_class,INCONNU,ordinaire (déduit C1 : titre coté unique MSFT),"edgar_normalize.py (règles edgar_v1 sha256:f95d7e2287bb49a3, automatique)",2026-09-28T13:10:15+00:00,doc:0000789019-0001193125-26-323660,C1
882,facts,0000789019-0001193125-26-323660-us-gaap:CommonStockSharesOutstanding-shares--2026-06-30,normalized_concept,,shares_outstanding,"edgar_normalize.py (règles edgar_v1 sha256:f95d7e2287bb49a3, automatique)",2026-09-28T13:10:15+00:00,doc:0000789019-0001193125-26-323660,R4
883,facts,0000789019-0001193125-26-323660-us-gaap:CommonStockSharesOutstanding-shares--2026-06-30,transformation,,aucune,"edgar_normalize.py (règles edgar_v1 sha256:f95d7e2287bb49a3, automatique)",2026-09-28T13:10:15+00:00,doc:0000789019-0001193125-26-323660,T1
884,facts,0000789019-0001193125-26-323660-us-gaap:CommonStockSharesOutstanding-shares--2026-06-30,value,,7427000000,"edgar_normalize.py (règles edgar_v1 sha256:f95d7e2287bb49a3, automatique)",2026-09-28T13:10:15+00:00,doc:0000789019-0001193125-26-323660,T1
885,facts,0000789019-0001193125-26-323660-us-gaap:CommonStockSharesOutstanding-shares--2026-06-30,normalization_justification,,"Règle R4 (edgar_v1) : us-gaap:CommonStockSharesOutstanding [shares, instant] -> shares_outstanding. Valeur reprise telle quelle (T1). Dimensions : aucune, déduit (D1). Entrée brute facts/us-gaap/CommonStockSharesOutstanding/units/shares/181 (sha256 8ca58b5a291fbc44…). À confirmer sur l'instance XBRL.","edgar_normalize.py (règles edgar_v1 sha256:f95d7e2287bb49a3, automatique)",2026-09-28T13:10:15+00:00,doc:0000789019-0001193125-26-323660,R4
886,concept_map,us-gaap:RevenueFromContractWithCustomerExcludingAssessedTax,source_concept,,us-gaap:RevenueFromContractWithCustomerExcludingAssessedTax,"edgar_normalize.py (règles edgar_v1 sha256:f95d7e2287bb49a3, automatique)",2026-09-28T13:10:15+00:00,url:https://data.sec.gov/api/xbrl/companyfacts/CIK0000789019.json,"règle R1 (edgar_v1) ; libellé taxonomie : Revenue from Contract with Customer, Excluding Assessed Tax"
887,concept_map,us-gaap:RevenueFromContractWithCustomerExcludingAssessedTax,normalized_concept,,total_revenue,"edgar_normalize.py (règles edgar_v1 sha256:f95d7e2287bb49a3, automatique)",2026-09-28T13:10:15+00:00,url:https://data.sec.gov/api/xbrl/companyfacts/CIK0000789019.json,"règle R1 (edgar_v1) ; libellé taxonomie : Revenue from Contract with Customer, Excluding Assessed Tax"
888,concept_map,us-gaap:RevenueFromContractWithCustomerExcludingAssessedTax,justification,,"Chiffre d'affaires tiré des contrats clients (ASC 606), hors taxes collectées pour des tiers : total des revenus de l'entité quand le fait est sans dimension. Définition de la taxonomie recopiée depuis companyfacts (champ description). Définition (us-gaap) : « Amount, excluding tax collected from customer, of revenue from satisfaction of performance obligation by transferring promised good or service to customer. Tax collected from customer is tax assessed by governmental authority that is both imposed on and concurrent with specific revenue-producing transaction, including, but not limited to, sales, use, value added and excise. »","edgar_normalize.py (règles edgar_v1 sha256:f95d7e2287bb49a3, automatique)",2026-09-28T13:10:15+00:00,url:https://data.sec.gov/api/xbrl/companyfacts/CIK0000789019.json,"règle R1 (edgar_v1) ; libellé taxonomie : Revenue from Contract with Customer, Excluding Assessed Tax"
889,facts,0000789019-0001564590-21-039151-us-gaap:RevenueFromContractWithCustomerExcludingAssessedTax-USD-2018-07-01-2019-06-30,source_context,,companyfacts;entite=CIK0000789019;periode=2018-07-01/2019-06-30;segment=aucun(deduit D1),"edgar_normalize.py (règles edgar_v1 sha256:f95d7e2287bb49a3, automatique)",2026-09-28T13:10:15+00:00,doc:0000789019-0001564590-21-039151,X1
890,facts,0000789019-0001564590-21-039151-us-gaap:RevenueFromContractWithCustomerExcludingAssessedTax-USD-2018-07-01-2019-06-30,source_dimensions,INCONNU,,"edgar_normalize.py (règles edgar_v1 sha256:f95d7e2287bb49a3, automatique)",2026-09-28T13:10:15+00:00,doc:0000789019-0001564590-21-039151,D1 : une seule valeur brute pour cette clé
891,facts,0000789019-0001564590-21-039151-us-gaap:RevenueFromContractWithCustomerExcludingAssessedTax-USD-2018-07-01-2019-06-30,normalized_concept,,total_revenue,"edgar_normalize.py (règles edgar_v1 sha256:f95d7e2287bb49a3, automatique)",2026-09-28T13:10:15+00:00,doc:0000789019-0001564590-21-039151,R1
892,facts,0000789019-0001564590-21-039151-us-gaap:RevenueFromContractWithCustomerExcludingAssessedTax-USD-2018-07-01-2019-06-30,transformation,,aucune,"edgar_normalize.py (règles edgar_v1 sha256:f95d7e2287bb49a3, automatique)",2026-09-28T13:10:15+00:00,doc:0000789019-0001564590-21-039151,T1
893,facts,0000789019-0001564590-21-039151-us-gaap:RevenueFromContractWithCustomerExcludingAssessedTax-USD-2018-07-01-2019-06-30,value,,125843000000,"edgar_normalize.py (règles edgar_v1 sha256:f95d7e2287bb49a3, automatique)",2026-09-28T13:10:15+00:00,doc:0000789019-0001564590-21-039151,T1
894,facts,0000789019-0001564590-21-039151-us-gaap:RevenueFromContractWithCustomerExcludingAssessedTax-USD-2018-07-01-2019-06-30,normalization_justification,,"Règle R1 (edgar_v1) : us-gaap:RevenueFromContractWithCustomerExcludingAssessedTax [USD, duration] -> total_revenue. Valeur reprise telle quelle (T1). Dimensions : aucune, déduit (D1). Entrée brute facts/us-gaap/RevenueFromContractWithCustomerExcludingAssessedTax/units/USD/41 (sha256 c24c61b2a2b2b3af…). À confirmer sur l'instance XBRL.","edgar_normalize.py (règles edgar_v1 sha256:f95d7e2287bb49a3, automatique)",2026-09-28T13:10:15+00:00,doc:0000789019-0001564590-21-039151,R1
895,facts,0000789019-0001564590-20-047996-us-gaap:RevenueFromContractWithCustomerExcludingAssessedTax-USD-2019-07-01-2019-09-30,source_context,,companyfacts;entite=CIK0000789019;periode=2019-07-01/2019-09-30;segment=aucun(deduit D1),"edgar_normalize.py (règles edgar_v1 sha256:f95d7e2287bb49a3, automatique)",2026-09-28T13:10:15+00:00,doc:0000789019-0001564590-20-047996,X1
896,facts,0000789019-0001564590-20-047996-us-gaap:RevenueFromContractWithCustomerExcludingAssessedTax-USD-2019-07-01-2019-09-30,source_dimensions,INCONNU,,"edgar_normalize.py (règles edgar_v1 sha256:f95d7e2287bb49a3, automatique)",2026-09-28T13:10:15+00:00,doc:0000789019-0001564590-20-047996,D1 : une seule valeur brute pour cette clé
897,facts,0000789019-0001564590-20-047996-us-gaap:RevenueFromContractWithCustomerExcludingAssessedTax-USD-2019-07-01-2019-09-30,normalized_concept,,total_revenue,"edgar_normalize.py (règles edgar_v1 sha256:f95d7e2287bb49a3, automatique)",2026-09-28T13:10:15+00:00,doc:0000789019-0001564590-20-047996,R1
898,facts,0000789019-0001564590-20-047996-us-gaap:RevenueFromContractWithCustomerExcludingAssessedTax-USD-2019-07-01-2019-09-30,transformation,,aucune,"edgar_normalize.py (règles edgar_v1 sha256:f95d7e2287bb49a3, automatique)",2026-09-28T13:10:15+00:00,doc:0000789019-0001564590-20-047996,T1
899,facts,0000789019-0001564590-20-047996-us-gaap:RevenueFromContractWithCustomerExcludingAssessedTax-USD-2019-07-01-2019-09-30,value,,33055000000,"edgar_normalize.py (règles edgar_v1 sha256:f95d7e2287bb49a3, automatique)",2026-09-28T13:10:15+00:00,doc:0000789019-0001564590-20-047996,T1
900,facts,0000789019-0001564590-20-047996-us-gaap:RevenueFromContractWithCustomerExcludingAssessedTax-USD-2019-07-01-2019-09-30,normalization_justification,,"Règle R1 (edgar_v1) : us-gaap:RevenueFromContractWithCustomerExcludingAssessedTax [USD, duration] -> total_revenue. Valeur reprise telle quelle (T1). Dimensions : aucune, déduit (D1). Entrée brute facts/us-gaap/RevenueFromContractWithCustomerExcludingAssessedTax/units/USD/46 (sha256 cafde67b302daef6…). À confirmer sur l'instance XBRL.","edgar_normalize.py (règles edgar_v1 sha256:f95d7e2287bb49a3, automatique)",2026-09-28T13:10:15+00:00,doc:0000789019-0001564590-20-047996,R1
901,facts,0000789019-0001564590-21-002316-us-gaap:RevenueFromContractWithCustomerExcludingAssessedTax-USD-2019-07-01-2019-12-31,source_context,,companyfacts;entite=CIK0000789019;periode=2019-07-01/2019-12-31;segment=aucun(deduit D1),"edgar_normalize.py (règles edgar_v1 sha256:f95d7e2287bb49a3, automatique)",2026-09-28T13:10:15+00:00,doc:0000789019-0001564590-21-002316,X1
902,facts,0000789019-0001564590-21-002316-us-gaap:RevenueFromContractWithCustomerExcludingAssessedTax-USD-2019-07-01-2019-12-31,source_dimensions,INCONNU,,"edgar_normalize.py (règles edgar_v1 sha256:f95d7e2287bb49a3, automatique)",2026-09-28T13:10:15+00:00,doc:0000789019-0001564590-21-002316,D1 : une seule valeur brute pour cette clé
903,facts,0000789019-0001564590-21-002316-us-gaap:RevenueFromContractWithCustomerExcludingAssessedTax-USD-2019-07-01-2019-12-31,normalized_concept,,total_revenue,"edgar_normalize.py (règles edgar_v1 sha256:f95d7e2287bb49a3, automatique)",2026-09-28T13:10:15+00:00,doc:0000789019-0001564590-21-002316,R1
904,facts,0000789019-0001564590-21-002316-us-gaap:RevenueFromContractWithCustomerExcludingAssessedTax-USD-2019-07-01-2019-12-31,transformation,,aucune,"edgar_normalize.py (règles edgar_v1 sha256:f95d7e2287bb49a3, automatique)",2026-09-28T13:10:15+00:00,doc:0000789019-0001564590-21-002316,T1
905,facts,0000789019-0001564590-21-002316-us-gaap:RevenueFromContractWithCustomerExcludingAssessedTax-USD-2019-07-01-2019-12-31,value,,69961000000,"edgar_normalize.py (règles edgar_v1 sha256:f95d7e2287bb49a3, automatique)",2026-09-28T13:10:15+00:00,doc:0000789019-0001564590-21-002316,T1
906,facts,0000789019-0001564590-21-002316-us-gaap:RevenueFromContractWithCustomerExcludingAssessedTax-USD-2019-07-01-2019-12-31,normalization_justification,,"Règle R1 (edgar_v1) : us-gaap:RevenueFromContractWithCustomerExcludingAssessedTax [USD, duration] -> total_revenue. Valeur reprise telle quelle (T1). Dimensions : aucune, déduit (D1). Entrée brute facts/us-gaap/RevenueFromContractWithCustomerExcludingAssessedTax/units/USD/48 (sha256 a47cf1e04d7fc596…). À confirmer sur l'instance XBRL.","edgar_normalize.py (règles edgar_v1 sha256:f95d7e2287bb49a3, automatique)",2026-09-28T13:10:15+00:00,doc:0000789019-0001564590-21-002316,R1
907,facts,0000789019-0001564590-21-002316-us-gaap:RevenueFromContractWithCustomerExcludingAssessedTax-USD-2019-10-01-2019-12-31,source_context,,companyfacts;entite=CIK0000789019;periode=2019-10-01/2019-12-31;segment=aucun(deduit D1),"edgar_normalize.py (règles edgar_v1 sha256:f95d7e2287bb49a3, automatique)",2026-09-28T13:10:15+00:00,doc:0000789019-0001564590-21-002316,X1
908,facts,0000789019-0001564590-21-002316-us-gaap:RevenueFromContractWithCustomerExcludingAssessedTax-USD-2019-10-01-2019-12-31,source_dimensions,INCONNU,,"edgar_normalize.py (règles edgar_v1 sha256:f95d7e2287bb49a3, automatique)",2026-09-28T13:10:15+00:00,doc:0000789019-0001564590-21-002316,D1 : une seule valeur brute pour cette clé
909,facts,0000789019-0001564590-21-002316-us-gaap:RevenueFromContractWithCustomerExcludingAssessedTax-USD-2019-10-01-2019-12-31,normalized_concept,,total_revenue,"edgar_normalize.py (règles edgar_v1 sha256:f95d7e2287bb49a3, automatique)",2026-09-28T13:10:15+00:00,doc:0000789019-0001564590-21-002316,R1
910,facts,0000789019-0001564590-21-002316-us-gaap:RevenueFromContractWithCustomerExcludingAssessedTax-USD-2019-10-01-2019-12-31,transformation,,aucune,"edgar_normalize.py (règles edgar_v1 sha256:f95d7e2287bb49a3, automatique)",2026-09-28T13:10:15+00:00,doc:0000789019-0001564590-21-002316,T1
911,facts,0000789019-0001564590-21-002316-us-gaap:RevenueFromContractWithCustomerExcludingAssessedTax-USD-2019-10-01-2019-12-31,value,,36906000000,"edgar_normalize.py (règles edgar_v1 sha256:f95d7e2287bb49a3, automatique)",2026-09-28T13:10:15+00:00,doc:0000789019-0001564590-21-002316,T1
912,facts,0000789019-0001564590-21-002316-us-gaap:RevenueFromContractWithCustomerExcludingAssessedTax-USD-2019-10-01-2019-12-31,normalization_justification,,"Règle R1 (edgar_v1) : us-gaap:RevenueFromContractWithCustomerExcludingAssessedTax [USD, duration] -> total_revenue. Valeur reprise telle quelle (T1). Dimensions : aucune, déduit (D1). Entrée brute facts/us-gaap/RevenueFromContractWithCustomerExcludingAssessedTax/units/USD/51 (sha256 923f72125bb7555e…). À confirmer sur l'instance XBRL.","edgar_normalize.py (règles edgar_v1 sha256:f95d7e2287bb49a3, automatique)",2026-09-28T13:10:15+00:00,doc:0000789019-0001564590-21-002316,R1
913,facts,0000789019-0001564590-21-020891-us-gaap:RevenueFromContractWithCustomerExcludingAssessedTax-USD-2019-07-01-2020-03-31,source_context,,companyfacts;entite=CIK0000789019;periode=2019-07-01/2020-03-31;segment=aucun(deduit D1),"edgar_normalize.py (règles edgar_v1 sha256:f95d7e2287bb49a3, automatique)",2026-09-28T13:10:15+00:00,doc:0000789019-0001564590-21-020891,X1
914,facts,0000789019-0001564590-21-020891-us-gaap:RevenueFromContractWithCustomerExcludingAssessedTax-USD-2019-07-01-2020-03-31,source_dimensions,INCONNU,,"edgar_normalize.py (règles edgar_v1 sha256:f95d7e2287bb49a3, automatique)",2026-09-28T13:10:15+00:00,doc:0000789019-0001564590-21-020891,D1 : une seule valeur brute pour cette clé
915,facts,0000789019-0001564590-21-020891-us-gaap:RevenueFromContractWithCustomerExcludingAssessedTax-USD-2019-07-01-2020-03-31,normalized_concept,,total_revenue,"edgar_normalize.py (règles edgar_v1 sha256:f95d7e2287bb49a3, automatique)",2026-09-28T13:10:15+00:00,doc:0000789019-0001564590-21-020891,R1
916,facts,0000789019-0001564590-21-020891-us-gaap:RevenueFromContractWithCustomerExcludingAssessedTax-USD-2019-07-01-2020-03-31,transformation,,aucune,"edgar_normalize.py (règles edgar_v1 sha256:f95d7e2287bb49a3, automatique)",2026-09-28T13:10:15+00:00,doc:0000789019-0001564590-21-020891,T1
917,facts,0000789019-0001564590-21-020891-us-gaap:RevenueFromContractWithCustomerExcludingAssessedTax-USD-2019-07-01-2020-03-31,value,,104982000000,"edgar_normalize.py (règles edgar_v1 sha256:f95d7e2287bb49a3, automatique)",2026-09-28T13:10:15+00:00,doc:0000789019-0001564590-21-020891,T1
918,facts,0000789019-0001564590-21-020891-us-gaap:RevenueFromContractWithCustomerExcludingAssessedTax-USD-2019-07-01-2020-03-31,normalization_justification,,"Règle R1 (edgar_v1) : us-gaap:RevenueFromContractWithCustomerExcludingAssessedTax [USD, duration] -> total_revenue. Valeur reprise telle quelle (T1). Dimensions : aucune, déduit (D1). Entrée brute facts/us-gaap/RevenueFromContractWithCustomerExcludingAssessedTax/units/USD/53 (sha256 f4cc276f49a40a4f…). À confirmer sur l'instance XBRL.","edgar_normalize.py (règles edgar_v1 sha256:f95d7e2287bb49a3, automatique)",2026-09-28T13:10:15+00:00,doc:0000789019-0001564590-21-020891,R1
919,facts,0000789019-0001564590-21-020891-us-gaap:RevenueFromContractWithCustomerExcludingAssessedTax-USD-2020-01-01-2020-03-31,source_context,,companyfacts;entite=CIK0000789019;periode=2020-01-01/2020-03-31;segment=aucun(deduit D1),"edgar_normalize.py (règles edgar_v1 sha256:f95d7e2287bb49a3, automatique)",2026-09-28T13:10:15+00:00,doc:0000789019-0001564590-21-020891,X1
920,facts,0000789019-0001564590-21-020891-us-gaap:RevenueFromContractWithCustomerExcludingAssessedTax-USD-2020-01-01-2020-03-31,source_dimensions,INCONNU,,"edgar_normalize.py (règles edgar_v1 sha256:f95d7e2287bb49a3, automatique)",2026-09-28T13:10:15+00:00,doc:0000789019-0001564590-21-020891,D1 : une seule valeur brute pour cette clé
921,facts,0000789019-0001564590-21-020891-us-gaap:RevenueFromContractWithCustomerExcludingAssessedTax-USD-2020-01-01-2020-03-31,normalized_concept,,total_revenue,"edgar_normalize.py (règles edgar_v1 sha256:f95d7e2287bb49a3, automatique)",2026-09-28T13:10:15+00:00,doc:0000789019-0001564590-21-020891,R1
922,facts,0000789019-0001564590-21-020891-us-gaap:RevenueFromContractWithCustomerExcludingAssessedTax-USD-2020-01-01-2020-03-31,transformation,,aucune,"edgar_normalize.py (règles edgar_v1 sha256:f95d7e2287bb49a3, automatique)",2026-09-28T13:10:15+00:00,doc:0000789019-0001564590-21-020891,T1
923,facts,0000789019-0001564590-21-020891-us-gaap:RevenueFromContractWithCustomerExcludingAssessedTax-USD-2020-01-01-2020-03-31,value,,35021000000,"edgar_normalize.py (règles edgar_v1 sha256:f95d7e2287bb49a3, automatique)",2026-09-28T13:10:15+00:00,doc:0000789019-0001564590-21-020891,T1
924,facts,0000789019-0001564590-21-020891-us-gaap:RevenueFromContractWithCustomerExcludingAssessedTax-USD-2020-01-01-2020-03-31,normalization_justification,,"Règle R1 (edgar_v1) : us-gaap:RevenueFromContractWithCustomerExcludingAssessedTax [USD, duration] -> total_revenue. Valeur reprise telle quelle (T1). Dimensions : aucune, déduit (D1). Entrée brute facts/us-gaap/RevenueFromContractWithCustomerExcludingAssessedTax/units/USD/56 (sha256 fb59c1921d44257f…). À confirmer sur l'instance XBRL.","edgar_normalize.py (règles edgar_v1 sha256:f95d7e2287bb49a3, automatique)",2026-09-28T13:10:15+00:00,doc:0000789019-0001564590-21-020891,R1
925,facts,0000789019-0001564590-21-039151-us-gaap:RevenueFromContractWithCustomerExcludingAssessedTax-USD-2019-07-01-2020-06-30,source_context,,companyfacts;entite=CIK0000789019;periode=2019-07-01/2020-06-30;segment=aucun(deduit D1),"edgar_normalize.py (règles edgar_v1 sha256:f95d7e2287bb49a3, automatique)",2026-09-28T13:10:15+00:00,doc:0000789019-0001564590-21-039151,X1
926,facts,0000789019-0001564590-21-039151-us-gaap:RevenueFromContractWithCustomerExcludingAssessedTax-USD-2019-07-01-2020-06-30,source_dimensions,INCONNU,,"edgar_normalize.py (règles edgar_v1 sha256:f95d7e2287bb49a3, automatique)",2026-09-28T13:10:15+00:00,doc:0000789019-0001564590-21-039151,D1 : une seule valeur brute pour cette clé
927,facts,0000789019-0001564590-21-039151-us-gaap:RevenueFromContractWithCustomerExcludingAssessedTax-USD-2019-07-01-2020-06-30,normalized_concept,,total_revenue,"edgar_normalize.py (règles edgar_v1 sha256:f95d7e2287bb49a3, automatique)",2026-09-28T13:10:15+00:00,doc:0000789019-0001564590-21-039151,R1
928,facts,0000789019-0001564590-21-039151-us-gaap:RevenueFromContractWithCustomerExcludingAssessedTax-USD-2019-07-01-2020-06-30,transformation,,aucune,"edgar_normalize.py (règles edgar_v1 sha256:f95d7e2287bb49a3, automatique)",2026-09-28T13:10:15+00:00,doc:0000789019-0001564590-21-039151,T1
929,facts,0000789019-0001564590-21-039151-us-gaap:RevenueFromContractWithCustomerExcludingAssessedTax-USD-2019-07-01-2020-06-30,value,,143015000000,"edgar_normalize.py (règles edgar_v1 sha256:f95d7e2287bb49a3, automatique)",2026-09-28T13:10:15+00:00,doc:0000789019-0001564590-21-039151,T1
930,facts,0000789019-0001564590-21-039151-us-gaap:RevenueFromContractWithCustomerExcludingAssessedTax-USD-2019-07-01-2020-06-30,normalization_justification,,"Règle R1 (edgar_v1) : us-gaap:RevenueFromContractWithCustomerExcludingAssessedTax [USD, duration] -> total_revenue. Valeur reprise telle quelle (T1). Dimensions : aucune, déduit (D1). Entrée brute facts/us-gaap/RevenueFromContractWithCustomerExcludingAssessedTax/units/USD/58 (sha256 1ee3cfea721fb972…). À confirmer sur l'instance XBRL.","edgar_normalize.py (règles edgar_v1 sha256:f95d7e2287bb49a3, automatique)",2026-09-28T13:10:15+00:00,doc:0000789019-0001564590-21-039151,R1
931,facts,0000789019-0001564590-22-026876-us-gaap:RevenueFromContractWithCustomerExcludingAssessedTax-USD-2019-07-01-2020-06-30,source_context,,companyfacts;entite=CIK0000789019;periode=2019-07-01/2020-06-30;segment=aucun(deduit D1),"edgar_normalize.py (règles edgar_v1 sha256:f95d7e2287bb49a3, automatique)",2026-09-28T13:10:15+00:00,doc:0000789019-0001564590-22-026876,X1
932,facts,0000789019-0001564590-22-026876-us-gaap:RevenueFromContractWithCustomerExcludingAssessedTax-USD-2019-07-01-2020-06-30,source_dimensions,INCONNU,,"edgar_normalize.py (règles edgar_v1 sha256:f95d7e2287bb49a3, automatique)",2026-09-28T13:10:15+00:00,doc:0000789019-0001564590-22-026876,D1 : une seule valeur brute pour cette clé
933,facts,0000789019-0001564590-22-026876-us-gaap:RevenueFromContractWithCustomerExcludingAssessedTax-USD-2019-07-01-2020-06-30,normalized_concept,,total_revenue,"edgar_normalize.py (règles edgar_v1 sha256:f95d7e2287bb49a3, automatique)",2026-09-28T13:10:15+00:00,doc:0000789019-0001564590-22-026876,R1
934,facts,0000789019-0001564590-22-026876-us-gaap:RevenueFromContractWithCustomerExcludingAssessedTax-USD-2019-07-01-2020-06-30,transformation,,aucune,"edgar_normalize.py (règles edgar_v1 sha256:f95d7e2287bb49a3, automatique)",2026-09-28T13:10:15+00:00,doc:0000789019-0001564590-22-026876,T1
935,facts,0000789019-0001564590-22-026876-us-gaap:RevenueFromContractWithCustomerExcludingAssessedTax-USD-2019-07-01-2020-06-30,value,,143015000000,"edgar_normalize.py (règles edgar_v1 sha256:f95d7e2287bb49a3, automatique)",2026-09-28T13:10:15+00:00,doc:0000789019-0001564590-22-026876,T1
936,facts,0000789019-0001564590-22-026876-us-gaap:RevenueFromContractWithCustomerExcludingAssessedTax-USD-2019-07-01-2020-06-30,normalization_justification,,"Règle R1 (edgar_v1) : us-gaap:RevenueFromContractWithCustomerExcludingAssessedTax [USD, duration] -> total_revenue. Valeur reprise telle quelle (T1). Dimensions : aucune, déduit (D1). Entrée brute facts/us-gaap/RevenueFromContractWithCustomerExcludingAssessedTax/units/USD/59 (sha256 6f0bf4dd5e1f365a…). À confirmer sur l'instance XBRL.","edgar_normalize.py (règles edgar_v1 sha256:f95d7e2287bb49a3, automatique)",2026-09-28T13:10:15+00:00,doc:0000789019-0001564590-22-026876,R1
937,facts,0000789019-0001564590-20-047996-us-gaap:RevenueFromContractWithCustomerExcludingAssessedTax-USD-2020-07-01-2020-09-30,source_context,,companyfacts;entite=CIK0000789019;periode=2020-07-01/2020-09-30;segment=aucun(deduit D1),"edgar_normalize.py (règles edgar_v1 sha256:f95d7e2287bb49a3, automatique)",2026-09-28T13:10:15+00:00,doc:0000789019-0001564590-20-047996,X1
938,facts,0000789019-0001564590-20-047996-us-gaap:RevenueFromContractWithCustomerExcludingAssessedTax-USD-2020-07-01-2020-09-30,source_dimensions,INCONNU,,"edgar_normalize.py (règles edgar_v1 sha256:f95d7e2287bb49a3, automatique)",2026-09-28T13:10:15+00:00,doc:0000789019-0001564590-20-047996,D1 : une seule valeur brute pour cette clé
939,facts,0000789019-0001564590-20-047996-us-gaap:RevenueFromContractWithCustomerExcludingAssessedTax-USD-2020-07-01-2020-09-30,normalized_concept,,total_revenue,"edgar_normalize.py (règles edgar_v1 sha256:f95d7e2287bb49a3, automatique)",2026-09-28T13:10:15+00:00,doc:0000789019-0001564590-20-047996,R1
940,facts,0000789019-0001564590-20-047996-us-gaap:RevenueFromContractWithCustomerExcludingAssessedTax-USD-2020-07-01-2020-09-30,transformation,,aucune,"edgar_normalize.py (règles edgar_v1 sha256:f95d7e2287bb49a3, automatique)",2026-09-28T13:10:15+00:00,doc:0000789019-0001564590-20-047996,T1
941,facts,0000789019-0001564590-20-047996-us-gaap:RevenueFromContractWithCustomerExcludingAssessedTax-USD-2020-07-01-2020-09-30,value,,37154000000,"edgar_normalize.py (règles edgar_v1 sha256:f95d7e2287bb49a3, automatique)",2026-09-28T13:10:15+00:00,doc:0000789019-0001564590-20-047996,T1
942,facts,0000789019-0001564590-20-047996-us-gaap:RevenueFromContractWithCustomerExcludingAssessedTax-USD-2020-07-01-2020-09-30,normalization_justification,,"Règle R1 (edgar_v1) : us-gaap:RevenueFromContractWithCustomerExcludingAssessedTax [USD, duration] -> total_revenue. Valeur reprise telle quelle (T1). Dimensions : aucune, déduit (D1). Entrée brute facts/us-gaap/RevenueFromContractWithCustomerExcludingAssessedTax/units/USD/61 (sha256 ce12700bd6fa8605…). À confirmer sur l'instance XBRL.","edgar_normalize.py (règles edgar_v1 sha256:f95d7e2287bb49a3, automatique)",2026-09-28T13:10:15+00:00,doc:0000789019-0001564590-20-047996,R1
943,facts,0000789019-0001564590-21-051992-us-gaap:RevenueFromContractWithCustomerExcludingAssessedTax-USD-2020-07-01-2020-09-30,source_context,,companyfacts;entite=CIK0000789019;periode=2020-07-01/2020-09-30;segment=aucun(deduit D1),"edgar_normalize.py (règles edgar_v1 sha256:f95d7e2287bb49a3, automatique)",2026-09-28T13:10:15+00:00,doc:0000789019-0001564590-21-051992,X1
944,facts,0000789019-0001564590-21-051992-us-gaap:RevenueFromContractWithCustomerExcludingAssessedTax-USD-2020-07-01-2020-09-30,source_dimensions,INCONNU,,"edgar_normalize.py (règles edgar_v1 sha256:f95d7e2287bb49a3, automatique)",2026-09-28T13:10:15+00:00,doc:0000789019-0001564590-21-051992,D1 : une seule valeur brute pour cette clé
945,facts,0000789019-0001564590-21-051992-us-gaap:RevenueFromContractWithCustomerExcludingAssessedTax-USD-2020-07-01-2020-09-30,normalized_concept,,total_revenue,"edgar_normalize.py (règles edgar_v1 sha256:f95d7e2287bb49a3, automatique)",2026-09-28T13:10:15+00:00,doc:0000789019-0001564590-21-051992,R1
946,facts,0000789019-0001564590-21-051992-us-gaap:RevenueFromContractWithCustomerExcludingAssessedTax-USD-2020-07-01-2020-09-30,transformation,,aucune,"edgar_normalize.py (règles edgar_v1 sha256:f95d7e2287bb49a3, automatique)",2026-09-28T13:10:15+00:00,doc:0000789019-0001564590-21-051992,T1
947,facts,0000789019-0001564590-21-051992-us-gaap:RevenueFromContractWithCustomerExcludingAssessedTax-USD-2020-07-01-2020-09-30,value,,37154000000,"edgar_normalize.py (règles edgar_v1 sha256:f95d7e2287bb49a3, automatique)",2026-09-28T13:10:15+00:00,doc:0000789019-0001564590-21-051992,T1
948,facts,0000789019-0001564590-21-051992-us-gaap:RevenueFromContractWithCustomerExcludingAssessedTax-USD-2020-07-01-2020-09-30,normalization_justification,,"Règle R1 (edgar_v1) : us-gaap:RevenueFromContractWithCustomerExcludingAssessedTax [USD, duration] -> total_revenue. Valeur reprise telle quelle (T1). Dimensions : aucune, déduit (D1). Entrée brute facts/us-gaap/RevenueFromContractWithCustomerExcludingAssessedTax/units/USD/62 (sha256 f2728e4558f84783…). À confirmer sur l'instance XBRL.","edgar_normalize.py (règles edgar_v1 sha256:f95d7e2287bb49a3, automatique)",2026-09-28T13:10:15+00:00,doc:0000789019-0001564590-21-051992,R1
949,facts,0000789019-0001564590-21-002316-us-gaap:RevenueFromContractWithCustomerExcludingAssessedTax-USD-2020-07-01-2020-12-31,source_context,,companyfacts;entite=CIK0000789019;periode=2020-07-01/2020-12-31;segment=aucun(deduit D1),"edgar_normalize.py (règles edgar_v1 sha256:f95d7e2287bb49a3, automatique)",2026-09-28T13:10:15+00:00,doc:0000789019-0001564590-21-002316,X1
950,facts,0000789019-0001564590-21-002316-us-gaap:RevenueFromContractWithCustomerExcludingAssessedTax-USD-2020-07-01-2020-12-31,source_dimensions,INCONNU,,"edgar_normalize.py (règles edgar_v1 sha256:f95d7e2287bb49a3, automatique)",2026-09-28T13:10:15+00:00,doc:0000789019-0001564590-21-002316,D1 : une seule valeur brute pour cette clé
951,facts,0000789019-0001564590-21-002316-us-gaap:RevenueFromContractWithCustomerExcludingAssessedTax-USD-2020-07-01-2020-12-31,normalized_concept,,total_revenue,"edgar_normalize.py (règles edgar_v1 sha256:f95d7e2287bb49a3, automatique)",2026-09-28T13:10:15+00:00,doc:0000789019-0001564590-21-002316,R1
952,facts,0000789019-0001564590-21-002316-us-gaap:RevenueFromContractWithCustomerExcludingAssessedTax-USD-2020-07-01-2020-12-31,transformation,,aucune,"edgar_normalize.py (règles edgar_v1 sha256:f95d7e2287bb49a3, automatique)",2026-09-28T13:10:15+00:00,doc:0000789019-0001564590-21-002316,T1
953,facts,0000789019-0001564590-21-002316-us-gaap:RevenueFromContractWithCustomerExcludingAssessedTax-USD-2020-07-01-2020-12-31,value,,80230000000,"edgar_normalize.py (règles edgar_v1 sha256:f95d7e2287bb49a3, automatique)",2026-09-28T13:10:15+00:00,doc:0000789019-0001564590-21-002316,T1
954,facts,0000789019-0001564590-21-002316-us-gaap:RevenueFromContractWithCustomerExcludingAssessedTax-USD-2020-07-01-2020-12-31,normalization_justification,,"Règle R1 (edgar_v1) : us-gaap:RevenueFromContractWithCustomerExcludingAssessedTax [USD, duration] -> total_revenue. Valeur reprise telle quelle (T1). Dimensions : aucune, déduit (D1). Entrée brute facts/us-gaap/RevenueFromContractWithCustomerExcludingAssessedTax/units/USD/63 (sha256 0de1c644f483dc16…). À confirmer sur l'instance XBRL.","edgar_normalize.py (règles edgar_v1 sha256:f95d7e2287bb49a3, automatique)",2026-09-28T13:10:15+00:00,doc:0000789019-0001564590-21-002316,R1
955,facts,0000789019-0001564590-22-002324-us-gaap:RevenueFromContractWithCustomerExcludingAssessedTax-USD-2020-07-01-2020-12-31,source_context,,companyfacts;entite=CIK0000789019;periode=2020-07-01/2020-12-31;segment=aucun(deduit D1),"edgar_normalize.py (règles edgar_v1 sha256:f95d7e2287bb49a3, automatique)",2026-09-28T13:10:15+00:00,doc:0000789019-0001564590-22-002324,X1
956,facts,0000789019-0001564590-22-002324-us-gaap:RevenueFromContractWithCustomerExcludingAssessedTax-USD-2020-07-01-2020-12-31,source_dimensions,INCONNU,,"edgar_normalize.py (règles edgar_v1 sha256:f95d7e2287bb49a3, automatique)",2026-09-28T13:10:15+00:00,doc:0000789019-0001564590-22-002324,D1 : une seule valeur brute pour cette clé
957,facts,0000789019-0001564590-22-002324-us-gaap:RevenueFromContractWithCustomerExcludingAssessedTax-USD-2020-07-01-2020-12-31,normalized_concept,,total_revenue,"edgar_normalize.py (règles edgar_v1 sha256:f95d7e2287bb49a3, automatique)",2026-09-28T13:10:15+00:00,doc:0000789019-0001564590-22-002324,R1
958,facts,0000789019-0001564590-22-002324-us-gaap:RevenueFromContractWithCustomerExcludingAssessedTax-USD-2020-07-01-2020-12-31,transformation,,aucune,"edgar_normalize.py (règles edgar_v1 sha256:f95d7e2287bb49a3, automatique)",2026-09-28T13:10:15+00:00,doc:0000789019-0001564590-22-002324,T1
959,facts,0000789019-0001564590-22-002324-us-gaap:RevenueFromContractWithCustomerExcludingAssessedTax-USD-2020-07-01-2020-12-31,value,,80230000000,"edgar_normalize.py (règles edgar_v1 sha256:f95d7e2287bb49a3, automatique)",2026-09-28T13:10:15+00:00,doc:0000789019-0001564590-22-002324,T1
960,facts,0000789019-0001564590-22-002324-us-gaap:RevenueFromContractWithCustomerExcludingAssessedTax-USD-2020-07-01-2020-12-31,normalization_justification,,"Règle R1 (edgar_v1) : us-gaap:RevenueFromContractWithCustomerExcludingAssessedTax [USD, duration] -> total_revenue. Valeur reprise telle quelle (T1). Dimensions : aucune, déduit (D1). Entrée brute facts/us-gaap/RevenueFromContractWithCustomerExcludingAssessedTax/units/USD/64 (sha256 70175fb94ed74356…). À confirmer sur l'instance XBRL.","edgar_normalize.py (règles edgar_v1 sha256:f95d7e2287bb49a3, automatique)",2026-09-28T13:10:15+00:00,doc:0000789019-0001564590-22-002324,R1
961,facts,0000789019-0001564590-21-002316-us-gaap:RevenueFromContractWithCustomerExcludingAssessedTax-USD-2020-10-01-2020-12-31,source_context,,companyfacts;entite=CIK0000789019;periode=2020-10-01/2020-12-31;segment=aucun(deduit D1),"edgar_normalize.py (règles edgar_v1 sha256:f95d7e2287bb49a3, automatique)",2026-09-28T13:10:15+00:00,doc:0000789019-0001564590-21-002316,X1
962,facts,0000789019-0001564590-21-002316-us-gaap:RevenueFromContractWithCustomerExcludingAssessedTax-USD-2020-10-01-2020-12-31,source_dimensions,INCONNU,,"edgar_normalize.py (règles edgar_v1 sha256:f95d7e2287bb49a3, automatique)",2026-09-28T13:10:15+00:00,doc:0000789019-0001564590-21-002316,D1 : une seule valeur brute pour cette clé
963,facts,0000789019-0001564590-21-002316-us-gaap:RevenueFromContractWithCustomerExcludingAssessedTax-USD-2020-10-01-2020-12-31,normalized_concept,,total_revenue,"edgar_normalize.py (règles edgar_v1 sha256:f95d7e2287bb49a3, automatique)",2026-09-28T13:10:15+00:00,doc:0000789019-0001564590-21-002316,R1
964,facts,0000789019-0001564590-21-002316-us-gaap:RevenueFromContractWithCustomerExcludingAssessedTax-USD-2020-10-01-2020-12-31,transformation,,aucune,"edgar_normalize.py (règles edgar_v1 sha256:f95d7e2287bb49a3, automatique)",2026-09-28T13:10:15+00:00,doc:0000789019-0001564590-21-002316,T1
965,facts,0000789019-0001564590-21-002316-us-gaap:RevenueFromContractWithCustomerExcludingAssessedTax-USD-2020-10-01-2020-12-31,value,,43076000000,"edgar_normalize.py (règles edgar_v1 sha256:f95d7e2287bb49a3, automatique)",2026-09-28T13:10:15+00:00,doc:0000789019-0001564590-21-002316,T1
966,facts,0000789019-0001564590-21-002316-us-gaap:RevenueFromContractWithCustomerExcludingAssessedTax-USD-2020-10-01-2020-12-31,normalization_justification,,"Règle R1 (edgar_v1) : us-gaap:RevenueFromContractWithCustomerExcludingAssessedTax [USD, duration] -> total_revenue. Valeur reprise telle quelle (T1). Dimensions : aucune, déduit (D1). Entrée brute facts/us-gaap/RevenueFromContractWithCustomerExcludingAssessedTax/units/USD/65 (sha256 fb2c5d11be72994c…). À confirmer sur l'instance XBRL.","edgar_normalize.py (règles edgar_v1 sha256:f95d7e2287bb49a3, automatique)",2026-09-28T13:10:15+00:00,doc:0000789019-0001564590-21-002316,R1
967,facts,0000789019-0001564590-22-002324-us-gaap:RevenueFromContractWithCustomerExcludingAssessedTax-USD-2020-10-01-2020-12-31,source_context,,companyfacts;entite=CIK0000789019;periode=2020-10-01/2020-12-31;segment=aucun(deduit D1),"edgar_normalize.py (règles edgar_v1 sha256:f95d7e2287bb49a3, automatique)",2026-09-28T13:10:15+00:00,doc:0000789019-0001564590-22-002324,X1
968,facts,0000789019-0001564590-22-002324-us-gaap:RevenueFromContractWithCustomerExcludingAssessedTax-USD-2020-10-01-2020-12-31,source_dimensions,INCONNU,,"edgar_normalize.py (règles edgar_v1 sha256:f95d7e2287bb49a3, automatique)",2026-09-28T13:10:15+00:00,doc:0000789019-0001564590-22-002324,D1 : une seule valeur brute pour cette clé
969,facts,0000789019-0001564590-22-002324-us-gaap:RevenueFromContractWithCustomerExcludingAssessedTax-USD-2020-10-01-2020-12-31,normalized_concept,,total_revenue,"edgar_normalize.py (règles edgar_v1 sha256:f95d7e2287bb49a3, automatique)",2026-09-28T13:10:15+00:00,doc:0000789019-0001564590-22-002324,R1
970,facts,0000789019-0001564590-22-002324-us-gaap:RevenueFromContractWithCustomerExcludingAssessedTax-USD-2020-10-01-2020-12-31,transformation,,aucune,"edgar_normalize.py (règles edgar_v1 sha256:f95d7e2287bb49a3, automatique)",2026-09-28T13:10:15+00:00,doc:0000789019-0001564590-22-002324,T1
971,facts,0000789019-0001564590-22-002324-us-gaap:RevenueFromContractWithCustomerExcludingAssessedTax-USD-2020-10-01-2020-12-31,value,,43076000000,"edgar_normalize.py (règles edgar_v1 sha256:f95d7e2287bb49a3, automatique)",2026-09-28T13:10:15+00:00,doc:0000789019-0001564590-22-002324,T1
972,facts,0000789019-0001564590-22-002324-us-gaap:RevenueFromContractWithCustomerExcludingAssessedTax-USD-2020-10-01-2020-12-31,normalization_justification,,"Règle R1 (edgar_v1) : us-gaap:RevenueFromContractWithCustomerExcludingAssessedTax [USD, duration] -> total_revenue. Valeur reprise telle quelle (T1). Dimensions : aucune, déduit (D1). Entrée brute facts/us-gaap/RevenueFromContractWithCustomerExcludingAssessedTax/units/USD/66 (sha256 35f9493cf28c9176…). À confirmer sur l'instance XBRL.","edgar_normalize.py (règles edgar_v1 sha256:f95d7e2287bb49a3, automatique)",2026-09-28T13:10:15+00:00,doc:0000789019-0001564590-22-002324,R1
973,facts,0000789019-0001564590-21-020891-us-gaap:RevenueFromContractWithCustomerExcludingAssessedTax-USD-2020-07-01-2021-03-31,source_context,,companyfacts;entite=CIK0000789019;periode=2020-07-01/2021-03-31;segment=aucun(deduit D1),"edgar_normalize.py (règles edgar_v1 sha256:f95d7e2287bb49a3, automatique)",2026-09-28T13:10:15+00:00,doc:0000789019-0001564590-21-020891,X1
974,facts,0000789019-0001564590-21-020891-us-gaap:RevenueFromContractWithCustomerExcludingAssessedTax-USD-2020-07-01-2021-03-31,source_dimensions,INCONNU,,"edgar_normalize.py (règles edgar_v1 sha256:f95d7e2287bb49a3, automatique)",2026-09-28T13:10:15+00:00,doc:0000789019-0001564590-21-020891,D1 : une seule valeur brute pour cette clé
975,facts,0000789019-0001564590-21-020891-us-gaap:RevenueFromContractWithCustomerExcludingAssessedTax-USD-2020-07-01-2021-03-31,normalized_concept,,total_revenue,"edgar_normalize.py (règles edgar_v1 sha256:f95d7e2287bb49a3, automatique)",2026-09-28T13:10:15+00:00,doc:0000789019-0001564590-21-020891,R1
976,facts,0000789019-0001564590-21-020891-us-gaap:RevenueFromContractWithCustomerExcludingAssessedTax-USD-2020-07-01-2021-03-31,transformation,,aucune,"edgar_normalize.py (règles edgar_v1 sha256:f95d7e2287bb49a3, automatique)",2026-09-28T13:10:15+00:00,doc:0000789019-0001564590-21-020891,T1
977,facts,0000789019-0001564590-21-020891-us-gaap:RevenueFromContractWithCustomerExcludingAssessedTax-USD-2020-07-01-2021-03-31,value,,121936000000,"edgar_normalize.py (règles edgar_v1 sha256:f95d7e2287bb49a3, automatique)",2026-09-28T13:10:15+00:00,doc:0000789019-0001564590-21-020891,T1
978,facts,0000789019-0001564590-21-020891-us-gaap:RevenueFromContractWithCustomerExcludingAssessedTax-USD-2020-07-01-2021-03-31,normalization_justification,,"Règle R1 (edgar_v1) : us-gaap:RevenueFromContractWithCustomerExcludingAssessedTax [USD, duration] -> total_revenue. Valeur reprise telle quelle (T1). Dimensions : aucune, déduit (D1). Entrée brute facts/us-gaap/RevenueFromContractWithCustomerExcludingAssessedTax/units/USD/67 (sha256 ede370d261eda0a4…). À confirmer sur l'instance XBRL.","edgar_normalize.py (règles edgar_v1 sha256:f95d7e2287bb49a3, automatique)",2026-09-28T13:10:15+00:00,doc:0000789019-0001564590-21-020891,R1
979,facts,0000789019-0001564590-22-015675-us-gaap:RevenueFromContractWithCustomerExcludingAssessedTax-USD-2020-07-01-2021-03-31,source_context,,companyfacts;entite=CIK0000789019;periode=2020-07-01/2021-03-31;segment=aucun(deduit D1),"edgar_normalize.py (règles edgar_v1 sha256:f95d7e2287bb49a3, automatique)",2026-09-28T13:10:15+00:00,doc:0000789019-0001564590-22-015675,X1
980,facts,0000789019-0001564590-22-015675-us-gaap:RevenueFromContractWithCustomerExcludingAssessedTax-USD-2020-07-01-2021-03-31,source_dimensions,INCONNU,,"edgar_normalize.py (règles edgar_v1 sha256:f95d7e2287bb49a3, automatique)",2026-09-28T13:10:15+00:00,doc:0000789019-0001564590-22-015675,D1 : une seule valeur brute pour cette clé
981,facts,0000789019-0001564590-22-015675-us-gaap:RevenueFromContractWithCustomerExcludingAssessedTax-USD-2020-07-01-2021-03-31,normalized_concept,,total_revenue,"edgar_normalize.py (règles edgar_v1 sha256:f95d7e2287bb49a3, automatique)",2026-09-28T13:10:15+00:00,doc:0000789019-0001564590-22-015675,R1
982,facts,0000789019-0001564590-22-015675-us-gaap:RevenueFromContractWithCustomerExcludingAssessedTax-USD-2020-07-01-2021-03-31,transformation,,aucune,"edgar_normalize.py (règles edgar_v1 sha256:f95d7e2287bb49a3, automatique)",2026-09-28T13:10:15+00:00,doc:0000789019-0001564590-22-015675,T1
983,facts,0000789019-0001564590-22-015675-us-gaap:RevenueFromContractWithCustomerExcludingAssessedTax-USD-2020-07-01-2021-03-31,value,,121936000000,"edgar_normalize.py (règles edgar_v1 sha256:f95d7e2287bb49a3, automatique)",2026-09-28T13:10:15+00:00,doc:0000789019-0001564590-22-015675,T1
984,facts,0000789019-0001564590-22-015675-us-gaap:RevenueFromContractWithCustomerExcludingAssessedTax-USD-2020-07-01-2021-03-31,normalization_justification,,"Règle R1 (edgar_v1) : us-gaap:RevenueFromContractWithCustomerExcludingAssessedTax [USD, duration] -> total_revenue. Valeur reprise telle quelle (T1). Dimensions : aucune, déduit (D1). Entrée brute facts/us-gaap/RevenueFromContractWithCustomerExcludingAssessedTax/units/USD/68 (sha256 8a869ef423d98acc…). À confirmer sur l'instance XBRL.","edgar_normalize.py (règles edgar_v1 sha256:f95d7e2287bb49a3, automatique)",2026-09-28T13:10:15+00:00,doc:0000789019-0001564590-22-015675,R1
985,facts,0000789019-0001564590-21-020891-us-gaap:RevenueFromContractWithCustomerExcludingAssessedTax-USD-2021-01-01-2021-03-31,source_context,,companyfacts;entite=CIK0000789019;periode=2021-01-01/2021-03-31;segment=aucun(deduit D1),"edgar_normalize.py (règles edgar_v1 sha256:f95d7e2287bb49a3, automatique)",2026-09-28T13:10:15+00:00,doc:0000789019-0001564590-21-020891,X1
986,facts,0000789019-0001564590-21-020891-us-gaap:RevenueFromContractWithCustomerExcludingAssessedTax-USD-2021-01-01-2021-03-31,source_dimensions,INCONNU,,"edgar_normalize.py (règles edgar_v1 sha256:f95d7e2287bb49a3, automatique)",2026-09-28T13:10:15+00:00,doc:0000789019-0001564590-21-020891,D1 : une seule valeur brute pour cette clé
987,facts,0000789019-0001564590-21-020891-us-gaap:RevenueFromContractWithCustomerExcludingAssessedTax-USD-2021-01-01-2021-03-31,normalized_concept,,total_revenue,"edgar_normalize.py (règles edgar_v1 sha256:f95d7e2287bb49a3, automatique)",2026-09-28T13:10:15+00:00,doc:0000789019-0001564590-21-020891,R1
988,facts,0000789019-0001564590-21-020891-us-gaap:RevenueFromContractWithCustomerExcludingAssessedTax-USD-2021-01-01-2021-03-31,transformation,,aucune,"edgar_normalize.py (règles edgar_v1 sha256:f95d7e2287bb49a3, automatique)",2026-09-28T13:10:15+00:00,doc:0000789019-0001564590-21-020891,T1
989,facts,0000789019-0001564590-21-020891-us-gaap:RevenueFromContractWithCustomerExcludingAssessedTax-USD-2021-01-01-2021-03-31,value,,41706000000,"edgar_normalize.py (règles edgar_v1 sha256:f95d7e2287bb49a3, automatique)",2026-09-28T13:10:15+00:00,doc:0000789019-0001564590-21-020891,T1
990,facts,0000789019-0001564590-21-020891-us-gaap:RevenueFromContractWithCustomerExcludingAssessedTax-USD-2021-01-01-2021-03-31,normalization_justification,,"Règle R1 (edgar_v1) : us-gaap:RevenueFromContractWithCustomerExcludingAssessedTax [USD, duration] -> total_revenue. Valeur reprise telle quelle (T1). Dimensions : aucune, déduit (D1). Entrée brute facts/us-gaap/RevenueFromContractWithCustomerExcludingAssessedTax/units/USD/69 (sha256 bdbec7c84d95b95d…). À confirmer sur l'instance XBRL.","edgar_normalize.py (règles edgar_v1 sha256:f95d7e2287bb49a3, automatique)",2026-09-28T13:10:15+00:00,doc:0000789019-0001564590-21-020891,R1
991,facts,0000789019-0001564590-22-015675-us-gaap:RevenueFromContractWithCustomerExcludingAssessedTax-USD-2021-01-01-2021-03-31,source_context,,companyfacts;entite=CIK0000789019;periode=2021-01-01/2021-03-31;segment=aucun(deduit D1),"edgar_normalize.py (règles edgar_v1 sha256:f95d7e2287bb49a3, automatique)",2026-09-28T13:10:15+00:00,doc:0000789019-0001564590-22-015675,X1
992,facts,0000789019-0001564590-22-015675-us-gaap:RevenueFromContractWithCustomerExcludingAssessedTax-USD-2021-01-01-2021-03-31,source_dimensions,INCONNU,,"edgar_normalize.py (règles edgar_v1 sha256:f95d7e2287bb49a3, automatique)",2026-09-28T13:10:15+00:00,doc:0000789019-0001564590-22-015675,D1 : une seule valeur brute pour cette clé
993,facts,0000789019-0001564590-22-015675-us-gaap:RevenueFromContractWithCustomerExcludingAssessedTax-USD-2021-01-01-2021-03-31,normalized_concept,,total_revenue,"edgar_normalize.py (règles edgar_v1 sha256:f95d7e2287bb49a3, automatique)",2026-09-28T13:10:15+00:00,doc:0000789019-0001564590-22-015675,R1
994,facts,0000789019-0001564590-22-015675-us-gaap:RevenueFromContractWithCustomerExcludingAssessedTax-USD-2021-01-01-2021-03-31,transformation,,aucune,"edgar_normalize.py (règles edgar_v1 sha256:f95d7e2287bb49a3, automatique)",2026-09-28T13:10:15+00:00,doc:0000789019-0001564590-22-015675,T1
995,facts,0000789019-0001564590-22-015675-us-gaap:RevenueFromContractWithCustomerExcludingAssessedTax-USD-2021-01-01-2021-03-31,value,,41706000000,"edgar_normalize.py (règles edgar_v1 sha256:f95d7e2287bb49a3, automatique)",2026-09-28T13:10:15+00:00,doc:0000789019-0001564590-22-015675,T1
996,facts,0000789019-0001564590-22-015675-us-gaap:RevenueFromContractWithCustomerExcludingAssessedTax-USD-2021-01-01-2021-03-31,normalization_justification,,"Règle R1 (edgar_v1) : us-gaap:RevenueFromContractWithCustomerExcludingAssessedTax [USD, duration] -> total_revenue. Valeur reprise telle quelle (T1). Dimensions : aucune, déduit (D1). Entrée brute facts/us-gaap/RevenueFromContractWithCustomerExcludingAssessedTax/units/USD/70 (sha256 17ab310fc7875e3e…). À confirmer sur l'instance XBRL.","edgar_normalize.py (règles edgar_v1 sha256:f95d7e2287bb49a3, automatique)",2026-09-28T13:10:15+00:00,doc:0000789019-0001564590-22-015675,R1
997,facts,0000789019-0001564590-21-039151-us-gaap:RevenueFromContractWithCustomerExcludingAssessedTax-USD-2020-07-01-2021-06-30,source_context,,companyfacts;entite=CIK0000789019;periode=2020-07-01/2021-06-30;segment=aucun(deduit D1),"edgar_normalize.py (règles edgar_v1 sha256:f95d7e2287bb49a3, automatique)",2026-09-28T13:10:15+00:00,doc:0000789019-0001564590-21-039151,X1
998,facts,0000789019-0001564590-21-039151-us-gaap:RevenueFromContractWithCustomerExcludingAssessedTax-USD-2020-07-01-2021-06-30,source_dimensions,INCONNU,,"edgar_normalize.py (règles edgar_v1 sha256:f95d7e2287bb49a3, automatique)",2026-09-28T13:10:15+00:00,doc:0000789019-0001564590-21-039151,D1 : une seule valeur brute pour cette clé
999,facts,0000789019-0001564590-21-039151-us-gaap:RevenueFromContractWithCustomerExcludingAssessedTax-USD-2020-07-01-2021-06-30,normalized_concept,,total_revenue,"edgar_normalize.py (règles edgar_v1 sha256:f95d7e2287bb49a3, automatique)",2026-09-28T13:10:15+00:00,doc:0000789019-0001564590-21-039151,R1
1000,facts,0000789019-0001564590-21-039151-us-gaap:RevenueFromContractWithCustomerExcludingAssessedTax-USD-2020-07-01-2021-06-30,transformation,,aucune,"edgar_normalize.py (règles edgar_v1 sha256:f95d7e2287bb49a3, automatique)",2026-09-28T13:10:15+00:00,doc:0000789019-0001564590-21-039151,T1
1001,facts,0000789019-0001564590-21-039151-us-gaap:RevenueFromContractWithCustomerExcludingAssessedTax-USD-2020-07-01-2021-06-30,value,,168088000000,"edgar_normalize.py (règles edgar_v1 sha256:f95d7e2287bb49a3, automatique)",2026-09-28T13:10:15+00:00,doc:0000789019-0001564590-21-039151,T1
1002,facts,0000789019-0001564590-21-039151-us-gaap:RevenueFromContractWithCustomerExcludingAssessedTax-USD-2020-07-01-2021-06-30,normalization_justification,,"Règle R1 (edgar_v1) : us-gaap:RevenueFromContractWithCustomerExcludingAssessedTax [USD, duration] -> total_revenue. Valeur reprise telle quelle (T1). Dimensions : aucune, déduit (D1). Entrée brute facts/us-gaap/RevenueFromContractWithCustomerExcludingAssessedTax/units/USD/71 (sha256 0d2bb7619edddc76…). À confirmer sur l'instance XBRL.","edgar_normalize.py (règles edgar_v1 sha256:f95d7e2287bb49a3, automatique)",2026-09-28T13:10:15+00:00,doc:0000789019-0001564590-21-039151,R1
1003,facts,0000789019-0001564590-22-026876-us-gaap:RevenueFromContractWithCustomerExcludingAssessedTax-USD-2020-07-01-2021-06-30,source_context,,companyfacts;entite=CIK0000789019;periode=2020-07-01/2021-06-30;segment=aucun(deduit D1),"edgar_normalize.py (règles edgar_v1 sha256:f95d7e2287bb49a3, automatique)",2026-09-28T13:10:15+00:00,doc:0000789019-0001564590-22-026876,X1
1004,facts,0000789019-0001564590-22-026876-us-gaap:RevenueFromContractWithCustomerExcludingAssessedTax-USD-2020-07-01-2021-06-30,source_dimensions,INCONNU,,"edgar_normalize.py (règles edgar_v1 sha256:f95d7e2287bb49a3, automatique)",2026-09-28T13:10:15+00:00,doc:0000789019-0001564590-22-026876,D1 : une seule valeur brute pour cette clé
1005,facts,0000789019-0001564590-22-026876-us-gaap:RevenueFromContractWithCustomerExcludingAssessedTax-USD-2020-07-01-2021-06-30,normalized_concept,,total_revenue,"edgar_normalize.py (règles edgar_v1 sha256:f95d7e2287bb49a3, automatique)",2026-09-28T13:10:15+00:00,doc:0000789019-0001564590-22-026876,R1
1006,facts,0000789019-0001564590-22-026876-us-gaap:RevenueFromContractWithCustomerExcludingAssessedTax-USD-2020-07-01-2021-06-30,transformation,,aucune,"edgar_normalize.py (règles edgar_v1 sha256:f95d7e2287bb49a3, automatique)",2026-09-28T13:10:15+00:00,doc:0000789019-0001564590-22-026876,T1
1007,facts,0000789019-0001564590-22-026876-us-gaap:RevenueFromContractWithCustomerExcludingAssessedTax-USD-2020-07-01-2021-06-30,value,,168088000000,"edgar_normalize.py (règles edgar_v1 sha256:f95d7e2287bb49a3, automatique)",2026-09-28T13:10:15+00:00,doc:0000789019-0001564590-22-026876,T1
1008,facts,0000789019-0001564590-22-026876-us-gaap:RevenueFromContractWithCustomerExcludingAssessedTax-USD-2020-07-01-2021-06-30,normalization_justification,,"Règle R1 (edgar_v1) : us-gaap:RevenueFromContractWithCustomerExcludingAssessedTax [USD, duration] -> total_revenue. Valeur reprise telle quelle (T1). Dimensions : aucune, déduit (D1). Entrée brute facts/us-gaap/RevenueFromContractWithCustomerExcludingAssessedTax/units/USD/72 (sha256 3e712c2dcdb97ddf…). À confirmer sur l'instance XBRL.","edgar_normalize.py (règles edgar_v1 sha256:f95d7e2287bb49a3, automatique)",2026-09-28T13:10:15+00:00,doc:0000789019-0001564590-22-026876,R1
1009,facts,0000789019-0000950170-23-035122-us-gaap:RevenueFromContractWithCustomerExcludingAssessedTax-USD-2020-07-01-2021-06-30,source_context,,companyfacts;entite=CIK0000789019;periode=2020-07-01/2021-06-30;segment=aucun(deduit D1),"edgar_normalize.py (règles edgar_v1 sha256:f95d7e2287bb49a3, automatique)",2026-09-28T13:10:15+00:00,doc:0000789019-0000950170-23-035122,X1
1010,facts,0000789019-0000950170-23-035122-us-gaap:RevenueFromContractWithCustomerExcludingAssessedTax-USD-2020-07-01-2021-06-30,source_dimensions,INCONNU,,"edgar_normalize.py (règles edgar_v1 sha256:f95d7e2287bb49a3, automatique)",2026-09-28T13:10:15+00:00,doc:0000789019-0000950170-23-035122,D1 : une seule valeur brute pour cette clé
1011,facts,0000789019-0000950170-23-035122-us-gaap:RevenueFromContractWithCustomerExcludingAssessedTax-USD-2020-07-01-2021-06-30,normalized_concept,,total_revenue,"edgar_normalize.py (règles edgar_v1 sha256:f95d7e2287bb49a3, automatique)",2026-09-28T13:10:15+00:00,doc:0000789019-0000950170-23-035122,R1
1012,facts,0000789019-0000950170-23-035122-us-gaap:RevenueFromContractWithCustomerExcludingAssessedTax-USD-2020-07-01-2021-06-30,transformation,,aucune,"edgar_normalize.py (règles edgar_v1 sha256:f95d7e2287bb49a3, automatique)",2026-09-28T13:10:15+00:00,doc:0000789019-0000950170-23-035122,T1
1013,facts,0000789019-0000950170-23-035122-us-gaap:RevenueFromContractWithCustomerExcludingAssessedTax-USD-2020-07-01-2021-06-30,value,,168088000000,"edgar_normalize.py (règles edgar_v1 sha256:f95d7e2287bb49a3, automatique)",2026-09-28T13:10:15+00:00,doc:0000789019-0000950170-23-035122,T1
1014,facts,0000789019-0000950170-23-035122-us-gaap:RevenueFromContractWithCustomerExcludingAssessedTax-USD-2020-07-01-2021-06-30,normalization_justification,,"Règle R1 (edgar_v1) : us-gaap:RevenueFromContractWithCustomerExcludingAssessedTax [USD, duration] -> total_revenue. Valeur reprise telle quelle (T1). Dimensions : aucune, déduit (D1). Entrée brute facts/us-gaap/RevenueFromContractWithCustomerExcludingAssessedTax/units/USD/73 (sha256 969e26a74139188d…). À confirmer sur l'instance XBRL.","edgar_normalize.py (règles edgar_v1 sha256:f95d7e2287bb49a3, automatique)",2026-09-28T13:10:15+00:00,doc:0000789019-0000950170-23-035122,R1
1015,facts,0000789019-0001564590-21-051992-us-gaap:RevenueFromContractWithCustomerExcludingAssessedTax-USD-2021-07-01-2021-09-30,source_context,,companyfacts;entite=CIK0000789019;periode=2021-07-01/2021-09-30;segment=aucun(deduit D1),"edgar_normalize.py (règles edgar_v1 sha256:f95d7e2287bb49a3, automatique)",2026-09-28T13:10:15+00:00,doc:0000789019-0001564590-21-051992,X1
1016,facts,0000789019-0001564590-21-051992-us-gaap:RevenueFromContractWithCustomerExcludingAssessedTax-USD-2021-07-01-2021-09-30,source_dimensions,INCONNU,,"edgar_normalize.py (règles edgar_v1 sha256:f95d7e2287bb49a3, automatique)",2026-09-28T13:10:15+00:00,doc:0000789019-0001564590-21-051992,D1 : une seule valeur brute pour cette clé
1017,facts,0000789019-0001564590-21-051992-us-gaap:RevenueFromContractWithCustomerExcludingAssessedTax-USD-2021-07-01-2021-09-30,normalized_concept,,total_revenue,"edgar_normalize.py (règles edgar_v1 sha256:f95d7e2287bb49a3, automatique)",2026-09-28T13:10:15+00:00,doc:0000789019-0001564590-21-051992,R1
1018,facts,0000789019-0001564590-21-051992-us-gaap:RevenueFromContractWithCustomerExcludingAssessedTax-USD-2021-07-01-2021-09-30,transformation,,aucune,"edgar_normalize.py (règles edgar_v1 sha256:f95d7e2287bb49a3, automatique)",2026-09-28T13:10:15+00:00,doc:0000789019-0001564590-21-051992,T1
1019,facts,0000789019-0001564590-21-051992-us-gaap:RevenueFromContractWithCustomerExcludingAssessedTax-USD-2021-07-01-2021-09-30,value,,45317000000,"edgar_normalize.py (règles edgar_v1 sha256:f95d7e2287bb49a3, automatique)",2026-09-28T13:10:15+00:00,doc:0000789019-0001564590-21-051992,T1
1020,facts,0000789019-0001564590-21-051992-us-gaap:RevenueFromContractWithCustomerExcludingAssessedTax-USD-2021-07-01-2021-09-30,normalization_justification,,"Règle R1 (edgar_v1) : us-gaap:RevenueFromContractWithCustomerExcludingAssessedTax [USD, duration] -> total_revenue. Valeur reprise telle quelle (T1). Dimensions : aucune, déduit (D1). Entrée brute facts/us-gaap/RevenueFromContractWithCustomerExcludingAssessedTax/units/USD/74 (sha256 e8d0c5d77c782a01…). À confirmer sur l'instance XBRL.","edgar_normalize.py (règles edgar_v1 sha256:f95d7e2287bb49a3, automatique)",2026-09-28T13:10:15+00:00,doc:0000789019-0001564590-21-051992,R1
1021,facts,0000789019-0001564590-22-035087-us-gaap:RevenueFromContractWithCustomerExcludingAssessedTax-USD-2021-07-01-2021-09-30,source_context,,companyfacts;entite=CIK0000789019;periode=2021-07-01/2021-09-30;segment=aucun(deduit D1),"edgar_normalize.py (règles edgar_v1 sha256:f95d7e2287bb49a3, automatique)",2026-09-28T13:10:15+00:00,doc:0000789019-0001564590-22-035087,X1
1022,facts,0000789019-0001564590-22-035087-us-gaap:RevenueFromContractWithCustomerExcludingAssessedTax-USD-2021-07-01-2021-09-30,source_dimensions,INCONNU,,"edgar_normalize.py (règles edgar_v1 sha256:f95d7e2287bb49a3, automatique)",2026-09-28T13:10:15+00:00,doc:0000789019-0001564590-22-035087,D1 : une seule valeur brute pour cette clé
1023,facts,0000789019-0001564590-22-035087-us-gaap:RevenueFromContractWithCustomerExcludingAssessedTax-USD-2021-07-01-2021-09-30,normalized_concept,,total_revenue,"edgar_normalize.py (règles edgar_v1 sha256:f95d7e2287bb49a3, automatique)",2026-09-28T13:10:15+00:00,doc:0000789019-0001564590-22-035087,R1
1024,facts,0000789019-0001564590-22-035087-us-gaap:RevenueFromContractWithCustomerExcludingAssessedTax-USD-2021-07-01-2021-09-30,transformation,,aucune,"edgar_normalize.py (règles edgar_v1 sha256:f95d7e2287bb49a3, automatique)",2026-09-28T13:10:15+00:00,doc:0000789019-0001564590-22-035087,T1
1025,facts,0000789019-0001564590-22-035087-us-gaap:RevenueFromContractWithCustomerExcludingAssessedTax-USD-2021-07-01-2021-09-30,value,,45317000000,"edgar_normalize.py (règles edgar_v1 sha256:f95d7e2287bb49a3, automatique)",2026-09-28T13:10:15+00:00,doc:0000789019-0001564590-22-035087,T1
1026,facts,0000789019-0001564590-22-035087-us-gaap:RevenueFromContractWithCustomerExcludingAssessedTax-USD-2021-07-01-2021-09-30,normalization_justification,,"Règle R1 (edgar_v1) : us-gaap:RevenueFromContractWithCustomerExcludingAssessedTax [USD, duration] -> total_revenue. Valeur reprise telle quelle (T1). Dimensions : aucune, déduit (D1). Entrée brute facts/us-gaap/RevenueFromContractWithCustomerExcludingAssessedTax/units/USD/75 (sha256 0be81d4a6fcffcbf…). À confirmer sur l'instance XBRL.","edgar_normalize.py (règles edgar_v1 sha256:f95d7e2287bb49a3, automatique)",2026-09-28T13:10:15+00:00,doc:0000789019-0001564590-22-035087,R1
1027,facts,0000789019-0001564590-22-002324-us-gaap:RevenueFromContractWithCustomerExcludingAssessedTax-USD-2021-07-01-2021-12-31,source_context,,companyfacts;entite=CIK0000789019;periode=2021-07-01/2021-12-31;segment=aucun(deduit D1),"edgar_normalize.py (règles edgar_v1 sha256:f95d7e2287bb49a3, automatique)",2026-09-28T13:10:15+00:00,doc:0000789019-0001564590-22-002324,X1
1028,facts,0000789019-0001564590-22-002324-us-gaap:RevenueFromContractWithCustomerExcludingAssessedTax-USD-2021-07-01-2021-12-31,source_dimensions,INCONNU,,"edgar_normalize.py (règles edgar_v1 sha256:f95d7e2287bb49a3, automatique)",2026-09-28T13:10:15+00:00,doc:0000789019-0001564590-22-002324,D1 : une seule valeur brute pour cette clé
1029,facts,0000789019-0001564590-22-002324-us-gaap:RevenueFromContractWithCustomerExcludingAssessedTax-USD-2021-07-01-2021-12-31,normalized_concept,,total_revenue,"edgar_normalize.py (règles edgar_v1 sha256:f95d7e2287bb49a3, automatique)",2026-09-28T13:10:15+00:00,doc:0000789019-0001564590-22-002324,R1
1030,facts,0000789019-0001564590-22-002324-us-gaap:RevenueFromContractWithCustomerExcludingAssessedTax-USD-2021-07-01-2021-12-31,transformation,,aucune,"edgar_normalize.py (règles edgar_v1 sha256:f95d7e2287bb49a3, automatique)",2026-09-28T13:10:15+00:00,doc:0000789019-0001564590-22-002324,T1
1031,facts,0000789019-0001564590-22-002324-us-gaap:RevenueFromContractWithCustomerExcludingAssessedTax-USD-2021-07-01-2021-12-31,value,,97045000000,"edgar_normalize.py (règles edgar_v1 sha256:f95d7e2287bb49a3, automatique)",2026-09-28T13:10:15+00:00,doc:0000789019-0001564590-22-002324,T1
1032,facts,0000789019-0001564590-22-002324-us-gaap:RevenueFromContractWithCustomerExcludingAssessedTax-USD-2021-07-01-2021-12-31,normalization_justification,,"Règle R1 (edgar_v1) : us-gaap:RevenueFromContractWithCustomerExcludingAssessedTax [USD, duration] -> total_revenue. Valeur reprise telle quelle (T1). Dimensions : aucune, déduit (D1). Entrée brute facts/us-gaap/RevenueFromContractWithCustomerExcludingAssessedTax/units/USD/76 (sha256 69a26242de9780ce…). À confirmer sur l'instance XBRL.","edgar_normalize.py (règles edgar_v1 sha256:f95d7e2287bb49a3, automatique)",2026-09-28T13:10:15+00:00,doc:0000789019-0001564590-22-002324,R1
1033,facts,0000789019-0001564590-23-000733-us-gaap:RevenueFromContractWithCustomerExcludingAssessedTax-USD-2021-07-01-2021-12-31,source_context,,companyfacts;entite=CIK0000789019;periode=2021-07-01/2021-12-31;segment=aucun(deduit D1),"edgar_normalize.py (règles edgar_v1 sha256:f95d7e2287bb49a3, automatique)",2026-09-28T13:10:15+00:00,doc:0000789019-0001564590-23-000733,X1
1034,facts,0000789019-0001564590-23-000733-us-gaap:RevenueFromContractWithCustomerExcludingAssessedTax-USD-2021-07-01-2021-12-31,source_dimensions,INCONNU,,"edgar_normalize.py (règles edgar_v1 sha256:f95d7e2287bb49a3, automatique)",2026-09-28T13:10:15+00:00,doc:0000789019-0001564590-23-000733,D1 : une seule valeur brute pour cette clé
1035,facts,0000789019-0001564590-23-000733-us-gaap:RevenueFromContractWithCustomerExcludingAssessedTax-USD-2021-07-01-2021-12-31,normalized_concept,,total_revenue,"edgar_normalize.py (règles edgar_v1 sha256:f95d7e2287bb49a3, automatique)",2026-09-28T13:10:15+00:00,doc:0000789019-0001564590-23-000733,R1
1036,facts,0000789019-0001564590-23-000733-us-gaap:RevenueFromContractWithCustomerExcludingAssessedTax-USD-2021-07-01-2021-12-31,transformation,,aucune,"edgar_normalize.py (règles edgar_v1 sha256:f95d7e2287bb49a3, automatique)",2026-09-28T13:10:15+00:00,doc:0000789019-0001564590-23-000733,T1
1037,facts,0000789019-0001564590-23-000733-us-gaap:RevenueFromContractWithCustomerExcludingAssessedTax-USD-2021-07-01-2021-12-31,value,,97045000000,"edgar_normalize.py (règles edgar_v1 sha256:f95d7e2287bb49a3, automatique)",2026-09-28T13:10:15+00:00,doc:0000789019-0001564590-23-000733,T1
1038,facts,0000789019-0001564590-23-000733-us-gaap:RevenueFromContractWithCustomerExcludingAssessedTax-USD-2021-07-01-2021-12-31,normalization_justification,,"Règle R1 (edgar_v1) : us-gaap:RevenueFromContractWithCustomerExcludingAssessedTax [USD, duration] -> total_revenue. Valeur reprise telle quelle (T1). Dimensions : aucune, déduit (D1). Entrée brute facts/us-gaap/RevenueFromContractWithCustomerExcludingAssessedTax/units/USD/77 (sha256 12b79f8ac51d3a56…). À confirmer sur l'instance XBRL.","edgar_normalize.py (règles edgar_v1 sha256:f95d7e2287bb49a3, automatique)",2026-09-28T13:10:15+00:00,doc:0000789019-0001564590-23-000733,R1
1039,facts,0000789019-0001564590-22-002324-us-gaap:RevenueFromContractWithCustomerExcludingAssessedTax-USD-2021-10-01-2021-12-31,source_context,,companyfacts;entite=CIK0000789019;periode=2021-10-01/2021-12-31;segment=aucun(deduit D1),"edgar_normalize.py (règles edgar_v1 sha256:f95d7e2287bb49a3, automatique)",2026-09-28T13:10:15+00:00,doc:0000789019-0001564590-22-002324,X1
1040,facts,0000789019-0001564590-22-002324-us-gaap:RevenueFromContractWithCustomerExcludingAssessedTax-USD-2021-10-01-2021-12-31,source_dimensions,INCONNU,,"edgar_normalize.py (règles edgar_v1 sha256:f95d7e2287bb49a3, automatique)",2026-09-28T13:10:15+00:00,doc:0000789019-0001564590-22-002324,D1 : une seule valeur brute pour cette clé
1041,facts,0000789019-0001564590-22-002324-us-gaap:RevenueFromContractWithCustomerExcludingAssessedTax-USD-2021-10-01-2021-12-31,normalized_concept,,total_revenue,"edgar_normalize.py (règles edgar_v1 sha256:f95d7e2287bb49a3, automatique)",2026-09-28T13:10:15+00:00,doc:0000789019-0001564590-22-002324,R1
1042,facts,0000789019-0001564590-22-002324-us-gaap:RevenueFromContractWithCustomerExcludingAssessedTax-USD-2021-10-01-2021-12-31,transformation,,aucune,"edgar_normalize.py (règles edgar_v1 sha256:f95d7e2287bb49a3, automatique)",2026-09-28T13:10:15+00:00,doc:0000789019-0001564590-22-002324,T1
1043,facts,0000789019-0001564590-22-002324-us-gaap:RevenueFromContractWithCustomerExcludingAssessedTax-USD-2021-10-01-2021-12-31,value,,51728000000,"edgar_normalize.py (règles edgar_v1 sha256:f95d7e2287bb49a3, automatique)",2026-09-28T13:10:15+00:00,doc:0000789019-0001564590-22-002324,T1
1044,facts,0000789019-0001564590-22-002324-us-gaap:RevenueFromContractWithCustomerExcludingAssessedTax-USD-2021-10-01-2021-12-31,normalization_justification,,"Règle R1 (edgar_v1) : us-gaap:RevenueFromContractWithCustomerExcludingAssessedTax [USD, duration] -> total_revenue. Valeur reprise telle quelle (T1). Dimensions : aucune, déduit (D1). Entrée brute facts/us-gaap/RevenueFromContractWithCustomerExcludingAssessedTax/units/USD/78 (sha256 1eb0beb064fd4758…). À confirmer sur l'instance XBRL.","edgar_normalize.py (règles edgar_v1 sha256:f95d7e2287bb49a3, automatique)",2026-09-28T13:10:15+00:00,doc:0000789019-0001564590-22-002324,R1
1045,facts,0000789019-0001564590-23-000733-us-gaap:RevenueFromContractWithCustomerExcludingAssessedTax-USD-2021-10-01-2021-12-31,source_context,,companyfacts;entite=CIK0000789019;periode=2021-10-01/2021-12-31;segment=aucun(deduit D1),"edgar_normalize.py (règles edgar_v1 sha256:f95d7e2287bb49a3, automatique)",2026-09-28T13:10:15+00:00,doc:0000789019-0001564590-23-000733,X1
1046,facts,0000789019-0001564590-23-000733-us-gaap:RevenueFromContractWithCustomerExcludingAssessedTax-USD-2021-10-01-2021-12-31,source_dimensions,INCONNU,,"edgar_normalize.py (règles edgar_v1 sha256:f95d7e2287bb49a3, automatique)",2026-09-28T13:10:15+00:00,doc:0000789019-0001564590-23-000733,D1 : une seule valeur brute pour cette clé
1047,facts,0000789019-0001564590-23-000733-us-gaap:RevenueFromContractWithCustomerExcludingAssessedTax-USD-2021-10-01-2021-12-31,normalized_concept,,total_revenue,"edgar_normalize.py (règles edgar_v1 sha256:f95d7e2287bb49a3, automatique)",2026-09-28T13:10:15+00:00,doc:0000789019-0001564590-23-000733,R1
1048,facts,0000789019-0001564590-23-000733-us-gaap:RevenueFromContractWithCustomerExcludingAssessedTax-USD-2021-10-01-2021-12-31,transformation,,aucune,"edgar_normalize.py (règles edgar_v1 sha256:f95d7e2287bb49a3, automatique)",2026-09-28T13:10:15+00:00,doc:0000789019-0001564590-23-000733,T1
1049,facts,0000789019-0001564590-23-000733-us-gaap:RevenueFromContractWithCustomerExcludingAssessedTax-USD-2021-10-01-2021-12-31,value,,51728000000,"edgar_normalize.py (règles edgar_v1 sha256:f95d7e2287bb49a3, automatique)",2026-09-28T13:10:15+00:00,doc:0000789019-0001564590-23-000733,T1
1050,facts,0000789019-0001564590-23-000733-us-gaap:RevenueFromContractWithCustomerExcludingAssessedTax-USD-2021-10-01-2021-12-31,normalization_justification,,"Règle R1 (edgar_v1) : us-gaap:RevenueFromContractWithCustomerExcludingAssessedTax [USD, duration] -> total_revenue. Valeur reprise telle quelle (T1). Dimensions : aucune, déduit (D1). Entrée brute facts/us-gaap/RevenueFromContractWithCustomerExcludingAssessedTax/units/USD/79 (sha256 60e667ed64d029be…). À confirmer sur l'instance XBRL.","edgar_normalize.py (règles edgar_v1 sha256:f95d7e2287bb49a3, automatique)",2026-09-28T13:10:15+00:00,doc:0000789019-0001564590-23-000733,R1
1051,facts,0000789019-0001564590-22-015675-us-gaap:RevenueFromContractWithCustomerExcludingAssessedTax-USD-2021-07-01-2022-03-31,source_context,,companyfacts;entite=CIK0000789019;periode=2021-07-01/2022-03-31;segment=aucun(deduit D1),"edgar_normalize.py (règles edgar_v1 sha256:f95d7e2287bb49a3, automatique)",2026-09-28T13:10:15+00:00,doc:0000789019-0001564590-22-015675,X1
1052,facts,0000789019-0001564590-22-015675-us-gaap:RevenueFromContractWithCustomerExcludingAssessedTax-USD-2021-07-01-2022-03-31,source_dimensions,INCONNU,,"edgar_normalize.py (règles edgar_v1 sha256:f95d7e2287bb49a3, automatique)",2026-09-28T13:10:15+00:00,doc:0000789019-0001564590-22-015675,D1 : une seule valeur brute pour cette clé
1053,facts,0000789019-0001564590-22-015675-us-gaap:RevenueFromContractWithCustomerExcludingAssessedTax-USD-2021-07-01-2022-03-31,normalized_concept,,total_revenue,"edgar_normalize.py (règles edgar_v1 sha256:f95d7e2287bb49a3, automatique)",2026-09-28T13:10:15+00:00,doc:0000789019-0001564590-22-015675,R1
1054,facts,0000789019-0001564590-22-015675-us-gaap:RevenueFromContractWithCustomerExcludingAssessedTax-USD-2021-07-01-2022-03-31,transformation,,aucune,"edgar_normalize.py (règles edgar_v1 sha256:f95d7e2287bb49a3, automatique)",2026-09-28T13:10:15+00:00,doc:0000789019-0001564590-22-015675,T1
1055,facts,0000789019-0001564590-22-015675-us-gaap:RevenueFromContractWithCustomerExcludingAssessedTax-USD-2021-07-01-2022-03-31,value,,146405000000,"edgar_normalize.py (règles edgar_v1 sha256:f95d7e2287bb49a3, automatique)",2026-09-28T13:10:15+00:00,doc:0000789019-0001564590-22-015675,T1
1056,facts,0000789019-0001564590-22-015675-us-gaap:RevenueFromContractWithCustomerExcludingAssessedTax-USD-2021-07-01-2022-03-31,normalization_justification,,"Règle R1 (edgar_v1) : us-gaap:RevenueFromContractWithCustomerExcludingAssessedTax [USD, duration] -> total_revenue. Valeur reprise telle quelle (T1). Dimensions : aucune, déduit (D1). Entrée brute facts/us-gaap/RevenueFromContractWithCustomerExcludingAssessedTax/units/USD/80 (sha256 04ff399cf30a315e…). À confirmer sur l'instance XBRL.","edgar_normalize.py (règles edgar_v1 sha256:f95d7e2287bb49a3, automatique)",2026-09-28T13:10:15+00:00,doc:0000789019-0001564590-22-015675,R1
1057,facts,0000789019-0000950170-23-014423-us-gaap:RevenueFromContractWithCustomerExcludingAssessedTax-USD-2021-07-01-2022-03-31,source_context,,companyfacts;entite=CIK0000789019;periode=2021-07-01/2022-03-31;segment=aucun(deduit D1),"edgar_normalize.py (règles edgar_v1 sha256:f95d7e2287bb49a3, automatique)",2026-09-28T13:10:15+00:00,doc:0000789019-0000950170-23-014423,X1
1058,facts,0000789019-0000950170-23-014423-us-gaap:RevenueFromContractWithCustomerExcludingAssessedTax-USD-2021-07-01-2022-03-31,source_dimensions,INCONNU,,"edgar_normalize.py (règles edgar_v1 sha256:f95d7e2287bb49a3, automatique)",2026-09-28T13:10:15+00:00,doc:0000789019-0000950170-23-014423,D1 : une seule valeur brute pour cette clé
1059,facts,0000789019-0000950170-23-014423-us-gaap:RevenueFromContractWithCustomerExcludingAssessedTax-USD-2021-07-01-2022-03-31,normalized_concept,,total_revenue,"edgar_normalize.py (règles edgar_v1 sha256:f95d7e2287bb49a3, automatique)",2026-09-28T13:10:15+00:00,doc:0000789019-0000950170-23-014423,R1
1060,facts,0000789019-0000950170-23-014423-us-gaap:RevenueFromContractWithCustomerExcludingAssessedTax-USD-2021-07-01-2022-03-31,transformation,,aucune,"edgar_normalize.py (règles edgar_v1 sha256:f95d7e2287bb49a3, automatique)",2026-09-28T13:10:15+00:00,doc:0000789019-0000950170-23-014423,T1
1061,facts,0000789019-0000950170-23-014423-us-gaap:RevenueFromContractWithCustomerExcludingAssessedTax-USD-2021-07-01-2022-03-31,value,,146405000000,"edgar_normalize.py (règles edgar_v1 sha256:f95d7e2287bb49a3, automatique)",2026-09-28T13:10:15+00:00,doc:0000789019-0000950170-23-014423,T1
1062,facts,0000789019-0000950170-23-014423-us-gaap:RevenueFromContractWithCustomerExcludingAssessedTax-USD-2021-07-01-2022-03-31,normalization_justification,,"Règle R1 (edgar_v1) : us-gaap:RevenueFromContractWithCustomerExcludingAssessedTax [USD, duration] -> total_revenue. Valeur reprise telle quelle (T1). Dimensions : aucune, déduit (D1). Entrée brute facts/us-gaap/RevenueFromContractWithCustomerExcludingAssessedTax/units/USD/81 (sha256 5e0c090f8d273702…). À confirmer sur l'instance XBRL.","edgar_normalize.py (règles edgar_v1 sha256:f95d7e2287bb49a3, automatique)",2026-09-28T13:10:15+00:00,doc:0000789019-0000950170-23-014423,R1
1063,facts,0000789019-0001564590-22-015675-us-gaap:RevenueFromContractWithCustomerExcludingAssessedTax-USD-2022-01-01-2022-03-31,source_context,,companyfacts;entite=CIK0000789019;periode=2022-01-01/2022-03-31;segment=aucun(deduit D1),"edgar_normalize.py (règles edgar_v1 sha256:f95d7e2287bb49a3, automatique)",2026-09-28T13:10:15+00:00,doc:0000789019-0001564590-22-015675,X1
1064,facts,0000789019-0001564590-22-015675-us-gaap:RevenueFromContractWithCustomerExcludingAssessedTax-USD-2022-01-01-2022-03-31,source_dimensions,INCONNU,,"edgar_normalize.py (règles edgar_v1 sha256:f95d7e2287bb49a3, automatique)",2026-09-28T13:10:15+00:00,doc:0000789019-0001564590-22-015675,D1 : une seule valeur brute pour cette clé
1065,facts,0000789019-0001564590-22-015675-us-gaap:RevenueFromContractWithCustomerExcludingAssessedTax-USD-2022-01-01-2022-03-31,normalized_concept,,total_revenue,"edgar_normalize.py (règles edgar_v1 sha256:f95d7e2287bb49a3, automatique)",2026-09-28T13:10:15+00:00,doc:0000789019-0001564590-22-015675,R1
1066,facts,0000789019-0001564590-22-015675-us-gaap:RevenueFromContractWithCustomerExcludingAssessedTax-USD-2022-01-01-2022-03-31,transformation,,aucune,"edgar_normalize.py (règles edgar_v1 sha256:f95d7e2287bb49a3, automatique)",2026-09-28T13:10:15+00:00,doc:0000789019-0001564590-22-015675,T1
1067,facts,0000789019-0001564590-22-015675-us-gaap:RevenueFromContractWithCustomerExcludingAssessedTax-USD-2022-01-01-2022-03-31,value,,49360000000,"edgar_normalize.py (règles edgar_v1 sha256:f95d7e2287bb49a3, automatique)",2026-09-28T13:10:15+00:00,doc:0000789019-0001564590-22-015675,T1
1068,facts,0000789019-0001564590-22-015675-us-gaap:RevenueFromContractWithCustomerExcludingAssessedTax-USD-2022-01-01-2022-03-31,normalization_justification,,"Règle R1 (edgar_v1) : us-gaap:RevenueFromContractWithCustomerExcludingAssessedTax [USD, duration] -> total_revenue. Valeur reprise telle quelle (T1). Dimensions : aucune, déduit (D1). Entrée brute facts/us-gaap/RevenueFromContractWithCustomerExcludingAssessedTax/units/USD/82 (sha256 90b9149277acc3fd…). À confirmer sur l'instance XBRL.","edgar_normalize.py (règles edgar_v1 sha256:f95d7e2287bb49a3, automatique)",2026-09-28T13:10:15+00:00,doc:0000789019-0001564590-22-015675,R1
1069,facts,0000789019-0000950170-23-014423-us-gaap:RevenueFromContractWithCustomerExcludingAssessedTax-USD-2022-01-01-2022-03-31,source_context,,companyfacts;entite=CIK0000789019;periode=2022-01-01/2022-03-31;segment=aucun(deduit D1),"edgar_normalize.py (règles edgar_v1 sha256:f95d7e2287bb49a3, automatique)",2026-09-28T13:10:15+00:00,doc:0000789019-0000950170-23-014423,X1
1070,facts,0000789019-0000950170-23-014423-us-gaap:RevenueFromContractWithCustomerExcludingAssessedTax-USD-2022-01-01-2022-03-31,source_dimensions,INCONNU,,"edgar_normalize.py (règles edgar_v1 sha256:f95d7e2287bb49a3, automatique)",2026-09-28T13:10:15+00:00,doc:0000789019-0000950170-23-014423,D1 : une seule valeur brute pour cette clé
1071,facts,0000789019-0000950170-23-014423-us-gaap:RevenueFromContractWithCustomerExcludingAssessedTax-USD-2022-01-01-2022-03-31,normalized_concept,,total_revenue,"edgar_normalize.py (règles edgar_v1 sha256:f95d7e2287bb49a3, automatique)",2026-09-28T13:10:15+00:00,doc:0000789019-0000950170-23-014423,R1
1072,facts,0000789019-0000950170-23-014423-us-gaap:RevenueFromContractWithCustomerExcludingAssessedTax-USD-2022-01-01-2022-03-31,transformation,,aucune,"edgar_normalize.py (règles edgar_v1 sha256:f95d7e2287bb49a3, automatique)",2026-09-28T13:10:15+00:00,doc:0000789019-0000950170-23-014423,T1
1073,facts,0000789019-0000950170-23-014423-us-gaap:RevenueFromContractWithCustomerExcludingAssessedTax-USD-2022-01-01-2022-03-31,value,,49360000000,"edgar_normalize.py (règles edgar_v1 sha256:f95d7e2287bb49a3, automatique)",2026-09-28T13:10:15+00:00,doc:0000789019-0000950170-23-014423,T1
1074,facts,0000789019-0000950170-23-014423-us-gaap:RevenueFromContractWithCustomerExcludingAssessedTax-USD-2022-01-01-2022-03-31,normalization_justification,,"Règle R1 (edgar_v1) : us-gaap:RevenueFromContractWithCustomerExcludingAssessedTax [USD, duration] -> total_revenue. Valeur reprise telle quelle (T1). Dimensions : aucune, déduit (D1). Entrée brute facts/us-gaap/RevenueFromContractWithCustomerExcludingAssessedTax/units/USD/83 (sha256 b121b9f5a43608d9…). À confirmer sur l'instance XBRL.","edgar_normalize.py (règles edgar_v1 sha256:f95d7e2287bb49a3, automatique)",2026-09-28T13:10:15+00:00,doc:0000789019-0000950170-23-014423,R1
1075,facts,0000789019-0001564590-22-026876-us-gaap:RevenueFromContractWithCustomerExcludingAssessedTax-USD-2021-07-01-2022-06-30,source_context,,companyfacts;entite=CIK0000789019;periode=2021-07-01/2022-06-30;segment=aucun(deduit D1),"edgar_normalize.py (règles edgar_v1 sha256:f95d7e2287bb49a3, automatique)",2026-09-28T13:10:15+00:00,doc:0000789019-0001564590-22-026876,X1
1076,facts,0000789019-0001564590-22-026876-us-gaap:RevenueFromContractWithCustomerExcludingAssessedTax-USD-2021-07-01-2022-06-30,source_dimensions,INCONNU,,"edgar_normalize.py (règles edgar_v1 sha256:f95d7e2287bb49a3, automatique)",2026-09-28T13:10:15+00:00,doc:0000789019-0001564590-22-026876,D1 : une seule valeur brute pour cette clé
1077,facts,0000789019-0001564590-22-026876-us-gaap:RevenueFromContractWithCustomerExcludingAssessedTax-USD-2021-07-01-2022-06-30,normalized_concept,,total_revenue,"edgar_normalize.py (règles edgar_v1 sha256:f95d7e2287bb49a3, automatique)",2026-09-28T13:10:15+00:00,doc:0000789019-0001564590-22-026876,R1
1078,facts,0000789019-0001564590-22-026876-us-gaap:RevenueFromContractWithCustomerExcludingAssessedTax-USD-2021-07-01-2022-06-30,transformation,,aucune,"edgar_normalize.py (règles edgar_v1 sha256:f95d7e2287bb49a3, automatique)",2026-09-28T13:10:15+00:00,doc:0000789019-0001564590-22-026876,T1
1079,facts,0000789019-0001564590-22-026876-us-gaap:RevenueFromContractWithCustomerExcludingAssessedTax-USD-2021-07-01-2022-06-30,value,,198270000000,"edgar_normalize.py (règles edgar_v1 sha256:f95d7e2287bb49a3, automatique)",2026-09-28T13:10:15+00:00,doc:0000789019-0001564590-22-026876,T1
1080,facts,0000789019-0001564590-22-026876-us-gaap:RevenueFromContractWithCustomerExcludingAssessedTax-USD-2021-07-01-2022-06-30,normalization_justification,,"Règle R1 (edgar_v1) : us-gaap:RevenueFromContractWithCustomerExcludingAssessedTax [USD, duration] -> total_revenue. Valeur reprise telle quelle (T1). Dimensions : aucune, déduit (D1). Entrée brute facts/us-gaap/RevenueFromContractWithCustomerExcludingAssessedTax/units/USD/84 (sha256 991395e1e444f770…). À confirmer sur l'instance XBRL.","edgar_normalize.py (règles edgar_v1 sha256:f95d7e2287bb49a3, automatique)",2026-09-28T13:10:15+00:00,doc:0000789019-0001564590-22-026876,R1
1081,facts,0000789019-0000950170-23-035122-us-gaap:RevenueFromContractWithCustomerExcludingAssessedTax-USD-2021-07-01-2022-06-30,source_context,,companyfacts;entite=CIK0000789019;periode=2021-07-01/2022-06-30;segment=aucun(deduit D1),"edgar_normalize.py (règles edgar_v1 sha256:f95d7e2287bb49a3, automatique)",2026-09-28T13:10:15+00:00,doc:0000789019-0000950170-23-035122,X1
1082,facts,0000789019-0000950170-23-035122-us-gaap:RevenueFromContractWithCustomerExcludingAssessedTax-USD-2021-07-01-2022-06-30,source_dimensions,INCONNU,,"edgar_normalize.py (règles edgar_v1 sha256:f95d7e2287bb49a3, automatique)",2026-09-28T13:10:15+00:00,doc:0000789019-0000950170-23-035122,D1 : une seule valeur brute pour cette clé
1083,facts,0000789019-0000950170-23-035122-us-gaap:RevenueFromContractWithCustomerExcludingAssessedTax-USD-2021-07-01-2022-06-30,normalized_concept,,total_revenue,"edgar_normalize.py (règles edgar_v1 sha256:f95d7e2287bb49a3, automatique)",2026-09-28T13:10:15+00:00,doc:0000789019-0000950170-23-035122,R1
1084,facts,0000789019-0000950170-23-035122-us-gaap:RevenueFromContractWithCustomerExcludingAssessedTax-USD-2021-07-01-2022-06-30,transformation,,aucune,"edgar_normalize.py (règles edgar_v1 sha256:f95d7e2287bb49a3, automatique)",2026-09-28T13:10:15+00:00,doc:0000789019-0000950170-23-035122,T1
1085,facts,0000789019-0000950170-23-035122-us-gaap:RevenueFromContractWithCustomerExcludingAssessedTax-USD-2021-07-01-2022-06-30,value,,198270000000,"edgar_normalize.py (règles edgar_v1 sha256:f95d7e2287bb49a3, automatique)",2026-09-28T13:10:15+00:00,doc:0000789019-0000950170-23-035122,T1
1086,facts,0000789019-0000950170-23-035122-us-gaap:RevenueFromContractWithCustomerExcludingAssessedTax-USD-2021-07-01-2022-06-30,normalization_justification,,"Règle R1 (edgar_v1) : us-gaap:RevenueFromContractWithCustomerExcludingAssessedTax [USD, duration] -> total_revenue. Valeur reprise telle quelle (T1). Dimensions : aucune, déduit (D1). Entrée brute facts/us-gaap/RevenueFromContractWithCustomerExcludingAssessedTax/units/USD/85 (sha256 51a35158b94cc9cf…). À confirmer sur l'instance XBRL.","edgar_normalize.py (règles edgar_v1 sha256:f95d7e2287bb49a3, automatique)",2026-09-28T13:10:15+00:00,doc:0000789019-0000950170-23-035122,R1
1087,facts,0000789019-0000950170-24-087843-us-gaap:RevenueFromContractWithCustomerExcludingAssessedTax-USD-2021-07-01-2022-06-30,source_context,,companyfacts;entite=CIK0000789019;periode=2021-07-01/2022-06-30;segment=aucun(deduit D1),"edgar_normalize.py (règles edgar_v1 sha256:f95d7e2287bb49a3, automatique)",2026-09-28T13:10:15+00:00,doc:0000789019-0000950170-24-087843,X1
1088,facts,0000789019-0000950170-24-087843-us-gaap:RevenueFromContractWithCustomerExcludingAssessedTax-USD-2021-07-01-2022-06-30,source_dimensions,INCONNU,,"edgar_normalize.py (règles edgar_v1 sha256:f95d7e2287bb49a3, automatique)",2026-09-28T13:10:15+00:00,doc:0000789019-0000950170-24-087843,D1 : une seule valeur brute pour cette clé
1089,facts,0000789019-0000950170-24-087843-us-gaap:RevenueFromContractWithCustomerExcludingAssessedTax-USD-2021-07-01-2022-06-30,normalized_concept,,total_revenue,"edgar_normalize.py (règles edgar_v1 sha256:f95d7e2287bb49a3, automatique)",2026-09-28T13:10:15+00:00,doc:0000789019-0000950170-24-087843,R1
1090,facts,0000789019-0000950170-24-087843-us-gaap:RevenueFromContractWithCustomerExcludingAssessedTax-USD-2021-07-01-2022-06-30,transformation,,aucune,"edgar_normalize.py (règles edgar_v1 sha256:f95d7e2287bb49a3, automatique)",2026-09-28T13:10:15+00:00,doc:0000789019-0000950170-24-087843,T1
1091,facts,0000789019-0000950170-24-087843-us-gaap:RevenueFromContractWithCustomerExcludingAssessedTax-USD-2021-07-01-2022-06-30,value,,198270000000,"edgar_normalize.py (règles edgar_v1 sha256:f95d7e2287bb49a3, automatique)",2026-09-28T13:10:15+00:00,doc:0000789019-0000950170-24-087843,T1
1092,facts,0000789019-0000950170-24-087843-us-gaap:RevenueFromContractWithCustomerExcludingAssessedTax-USD-2021-07-01-2022-06-30,normalization_justification,,"Règle R1 (edgar_v1) : us-gaap:RevenueFromContractWithCustomerExcludingAssessedTax [USD, duration] -> total_revenue. Valeur reprise telle quelle (T1). Dimensions : aucune, déduit (D1). Entrée brute facts/us-gaap/RevenueFromContractWithCustomerExcludingAssessedTax/units/USD/86 (sha256 fb8f5b483833b1db…). À confirmer sur l'instance XBRL.","edgar_normalize.py (règles edgar_v1 sha256:f95d7e2287bb49a3, automatique)",2026-09-28T13:10:15+00:00,doc:0000789019-0000950170-24-087843,R1
1093,facts,0000789019-0001564590-22-035087-us-gaap:RevenueFromContractWithCustomerExcludingAssessedTax-USD-2022-07-01-2022-09-30,source_context,,companyfacts;entite=CIK0000789019;periode=2022-07-01/2022-09-30;segment=aucun(deduit D1),"edgar_normalize.py (règles edgar_v1 sha256:f95d7e2287bb49a3, automatique)",2026-09-28T13:10:15+00:00,doc:0000789019-0001564590-22-035087,X1
1094,facts,0000789019-0001564590-22-035087-us-gaap:RevenueFromContractWithCustomerExcludingAssessedTax-USD-2022-07-01-2022-09-30,source_dimensions,INCONNU,,"edgar_normalize.py (règles edgar_v1 sha256:f95d7e2287bb49a3, automatique)",2026-09-28T13:10:15+00:00,doc:0000789019-0001564590-22-035087,D1 : une seule valeur brute pour cette clé
1095,facts,0000789019-0001564590-22-035087-us-gaap:RevenueFromContractWithCustomerExcludingAssessedTax-USD-2022-07-01-2022-09-30,normalized_concept,,total_revenue,"edgar_normalize.py (règles edgar_v1 sha256:f95d7e2287bb49a3, automatique)",2026-09-28T13:10:15+00:00,doc:0000789019-0001564590-22-035087,R1
1096,facts,0000789019-0001564590-22-035087-us-gaap:RevenueFromContractWithCustomerExcludingAssessedTax-USD-2022-07-01-2022-09-30,transformation,,aucune,"edgar_normalize.py (règles edgar_v1 sha256:f95d7e2287bb49a3, automatique)",2026-09-28T13:10:15+00:00,doc:0000789019-0001564590-22-035087,T1
1097,facts,0000789019-0001564590-22-035087-us-gaap:RevenueFromContractWithCustomerExcludingAssessedTax-USD-2022-07-01-2022-09-30,value,,50122000000,"edgar_normalize.py (règles edgar_v1 sha256:f95d7e2287bb49a3, automatique)",2026-09-28T13:10:15+00:00,doc:0000789019-0001564590-22-035087,T1
1098,facts,0000789019-0001564590-22-035087-us-gaap:RevenueFromContractWithCustomerExcludingAssessedTax-USD-2022-07-01-2022-09-30,normalization_justification,,"Règle R1 (edgar_v1) : us-gaap:RevenueFromContractWithCustomerExcludingAssessedTax [USD, duration] -> total_revenue. Valeur reprise telle quelle (T1). Dimensions : aucune, déduit (D1). Entrée brute facts/us-gaap/RevenueFromContractWithCustomerExcludingAssessedTax/units/USD/88 (sha256 541b27c42efe8995…). À confirmer sur l'instance XBRL.","edgar_normalize.py (règles edgar_v1 sha256:f95d7e2287bb49a3, automatique)",2026-09-28T13:10:15+00:00,doc:0000789019-0001564590-22-035087,R1
1099,facts,0000789019-0000950170-23-054855-us-gaap:RevenueFromContractWithCustomerExcludingAssessedTax-USD-2022-07-01-2022-09-30,source_context,,companyfacts;entite=CIK0000789019;periode=2022-07-01/2022-09-30;segment=aucun(deduit D1),"edgar_normalize.py (règles edgar_v1 sha256:f95d7e2287bb49a3, automatique)",2026-09-28T13:10:15+00:00,doc:0000789019-0000950170-23-054855,X1
1100,facts,0000789019-0000950170-23-054855-us-gaap:RevenueFromContractWithCustomerExcludingAssessedTax-USD-2022-07-01-2022-09-30,source_dimensions,INCONNU,,"edgar_normalize.py (règles edgar_v1 sha256:f95d7e2287bb49a3, automatique)",2026-09-28T13:10:15+00:00,doc:0000789019-0000950170-23-054855,D1 : une seule valeur brute pour cette clé
1101,facts,0000789019-0000950170-23-054855-us-gaap:RevenueFromContractWithCustomerExcludingAssessedTax-USD-2022-07-01-2022-09-30,normalized_concept,,total_revenue,"edgar_normalize.py (règles edgar_v1 sha256:f95d7e2287bb49a3, automatique)",2026-09-28T13:10:15+00:00,doc:0000789019-0000950170-23-054855,R1
1102,facts,0000789019-0000950170-23-054855-us-gaap:RevenueFromContractWithCustomerExcludingAssessedTax-USD-2022-07-01-2022-09-30,transformation,,aucune,"edgar_normalize.py (règles edgar_v1 sha256:f95d7e2287bb49a3, automatique)",2026-09-28T13:10:15+00:00,doc:0000789019-0000950170-23-054855,T1
1103,facts,0000789019-0000950170-23-054855-us-gaap:RevenueFromContractWithCustomerExcludingAssessedTax-USD-2022-07-01-2022-09-30,value,,50122000000,"edgar_normalize.py (règles edgar_v1 sha256:f95d7e2287bb49a3, automatique)",2026-09-28T13:10:15+00:00,doc:0000789019-0000950170-23-054855,T1
1104,facts,0000789019-0000950170-23-054855-us-gaap:RevenueFromContractWithCustomerExcludingAssessedTax-USD-2022-07-01-2022-09-30,normalization_justification,,"Règle R1 (edgar_v1) : us-gaap:RevenueFromContractWithCustomerExcludingAssessedTax [USD, duration] -> total_revenue. Valeur reprise telle quelle (T1). Dimensions : aucune, déduit (D1). Entrée brute facts/us-gaap/RevenueFromContractWithCustomerExcludingAssessedTax/units/USD/89 (sha256 d909412724fdae1d…). À confirmer sur l'instance XBRL.","edgar_normalize.py (règles edgar_v1 sha256:f95d7e2287bb49a3, automatique)",2026-09-28T13:10:15+00:00,doc:0000789019-0000950170-23-054855,R1
1105,facts,0000789019-0001564590-23-000733-us-gaap:RevenueFromContractWithCustomerExcludingAssessedTax-USD-2022-07-01-2022-12-31,source_context,,companyfacts;entite=CIK0000789019;periode=2022-07-01/2022-12-31;segment=aucun(deduit D1),"edgar_normalize.py (règles edgar_v1 sha256:f95d7e2287bb49a3, automatique)",2026-09-28T13:10:15+00:00,doc:0000789019-0001564590-23-000733,X1
1106,facts,0000789019-0001564590-23-000733-us-gaap:RevenueFromContractWithCustomerExcludingAssessedTax-USD-2022-07-01-2022-12-31,source_dimensions,INCONNU,,"edgar_normalize.py (règles edgar_v1 sha256:f95d7e2287bb49a3, automatique)",2026-09-28T13:10:15+00:00,doc:0000789019-0001564590-23-000733,D1 : une seule valeur brute pour cette clé
1107,facts,0000789019-0001564590-23-000733-us-gaap:RevenueFromContractWithCustomerExcludingAssessedTax-USD-2022-07-01-2022-12-31,normalized_concept,,total_revenue,"edgar_normalize.py (règles edgar_v1 sha256:f95d7e2287bb49a3, automatique)",2026-09-28T13:10:15+00:00,doc:0000789019-0001564590-23-000733,R1
1108,facts,0000789019-0001564590-23-000733-us-gaap:RevenueFromContractWithCustomerExcludingAssessedTax-USD-2022-07-01-2022-12-31,transformation,,aucune,"edgar_normalize.py (règles edgar_v1 sha256:f95d7e2287bb49a3, automatique)",2026-09-28T13:10:15+00:00,doc:0000789019-0001564590-23-000733,T1
1109,facts,0000789019-0001564590-23-000733-us-gaap:RevenueFromContractWithCustomerExcludingAssessedTax-USD-2022-07-01-2022-12-31,value,,102869000000,"edgar_normalize.py (règles edgar_v1 sha256:f95d7e2287bb49a3, automatique)",2026-09-28T13:10:15+00:00,doc:0000789019-0001564590-23-000733,T1
1110,facts,0000789019-0001564590-23-000733-us-gaap:RevenueFromContractWithCustomerExcludingAssessedTax-USD-2022-07-01-2022-12-31,normalization_justification,,"Règle R1 (edgar_v1) : us-gaap:RevenueFromContractWithCustomerExcludingAssessedTax [USD, duration] -> total_revenue. Valeur reprise telle quelle (T1). Dimensions : aucune, déduit (D1). Entrée brute facts/us-gaap/RevenueFromContractWithCustomerExcludingAssessedTax/units/USD/90 (sha256 060f758f11689656…). À confirmer sur l'instance XBRL.","edgar_normalize.py (règles edgar_v1 sha256:f95d7e2287bb49a3, automatique)",2026-09-28T13:10:15+00:00,doc:0000789019-0001564590-23-000733,R1
1111,facts,0000789019-0000950170-24-008814-us-gaap:RevenueFromContractWithCustomerExcludingAssessedTax-USD-2022-07-01-2022-12-31,source_context,,companyfacts;entite=CIK0000789019;periode=2022-07-01/2022-12-31;segment=aucun(deduit D1),"edgar_normalize.py (règles edgar_v1 sha256:f95d7e2287bb49a3, automatique)",2026-09-28T13:10:15+00:00,doc:0000789019-0000950170-24-008814,X1
1112,facts,0000789019-0000950170-24-008814-us-gaap:RevenueFromContractWithCustomerExcludingAssessedTax-USD-2022-07-01-2022-12-31,source_dimensions,INCONNU,,"edgar_normalize.py (règles edgar_v1 sha256:f95d7e2287bb49a3, automatique)",2026-09-28T13:10:15+00:00,doc:0000789019-0000950170-24-008814,D1 : une seule valeur brute pour cette clé
1113,facts,0000789019-0000950170-24-008814-us-gaap:RevenueFromContractWithCustomerExcludingAssessedTax-USD-2022-07-01-2022-12-31,normalized_concept,,total_revenue,"edgar_normalize.py (règles edgar_v1 sha256:f95d7e2287bb49a3, automatique)",2026-09-28T13:10:15+00:00,doc:0000789019-0000950170-24-008814,R1
1114,facts,0000789019-0000950170-24-008814-us-gaap:RevenueFromContractWithCustomerExcludingAssessedTax-USD-2022-07-01-2022-12-31,transformation,,aucune,"edgar_normalize.py (règles edgar_v1 sha256:f95d7e2287bb49a3, automatique)",2026-09-28T13:10:15+00:00,doc:0000789019-0000950170-24-008814,T1
1115,facts,0000789019-0000950170-24-008814-us-gaap:RevenueFromContractWithCustomerExcludingAssessedTax-USD-2022-07-01-2022-12-31,value,,102869000000,"edgar_normalize.py (règles edgar_v1 sha256:f95d7e2287bb49a3, automatique)",2026-09-28T13:10:15+00:00,doc:0000789019-0000950170-24-008814,T1
1116,facts,0000789019-0000950170-24-008814-us-gaap:RevenueFromContractWithCustomerExcludingAssessedTax-USD-2022-07-01-2022-12-31,normalization_justification,,"Règle R1 (edgar_v1) : us-gaap:RevenueFromContractWithCustomerExcludingAssessedTax [USD, duration] -> total_revenue. Valeur reprise telle quelle (T1). Dimensions : aucune, déduit (D1). Entrée brute facts/us-gaap/RevenueFromContractWithCustomerExcludingAssessedTax/units/USD/91 (sha256 8839714f2938b862…). À confirmer sur l'instance XBRL.","edgar_normalize.py (règles edgar_v1 sha256:f95d7e2287bb49a3, automatique)",2026-09-28T13:10:15+00:00,doc:0000789019-0000950170-24-008814,R1
1117,facts,0000789019-0001564590-23-000733-us-gaap:RevenueFromContractWithCustomerExcludingAssessedTax-USD-2022-10-01-2022-12-31,source_context,,companyfacts;entite=CIK0000789019;periode=2022-10-01/2022-12-31;segment=aucun(deduit D1),"edgar_normalize.py (règles edgar_v1 sha256:f95d7e2287bb49a3, automatique)",2026-09-28T13:10:15+00:00,doc:0000789019-0001564590-23-000733,X1
1118,facts,0000789019-0001564590-23-000733-us-gaap:RevenueFromContractWithCustomerExcludingAssessedTax-USD-2022-10-01-2022-12-31,source_dimensions,INCONNU,,"edgar_normalize.py (règles edgar_v1 sha256:f95d7e2287bb49a3, automatique)",2026-09-28T13:10:15+00:00,doc:0000789019-0001564590-23-000733,D1 : une seule valeur brute pour cette clé
1119,facts,0000789019-0001564590-23-000733-us-gaap:RevenueFromContractWithCustomerExcludingAssessedTax-USD-2022-10-01-2022-12-31,normalized_concept,,total_revenue,"edgar_normalize.py (règles edgar_v1 sha256:f95d7e2287bb49a3, automatique)",2026-09-28T13:10:15+00:00,doc:0000789019-0001564590-23-000733,R1
1120,facts,0000789019-0001564590-23-000733-us-gaap:RevenueFromContractWithCustomerExcludingAssessedTax-USD-2022-10-01-2022-12-31,transformation,,aucune,"edgar_normalize.py (règles edgar_v1 sha256:f95d7e2287bb49a3, automatique)",2026-09-28T13:10:15+00:00,doc:0000789019-0001564590-23-000733,T1
1121,facts,0000789019-0001564590-23-000733-us-gaap:RevenueFromContractWithCustomerExcludingAssessedTax-USD-2022-10-01-2022-12-31,value,,52747000000,"edgar_normalize.py (règles edgar_v1 sha256:f95d7e2287bb49a3, automatique)",2026-09-28T13:10:15+00:00,doc:0000789019-0001564590-23-000733,T1
1122,facts,0000789019-0001564590-23-000733-us-gaap:RevenueFromContractWithCustomerExcludingAssessedTax-USD-2022-10-01-2022-12-31,normalization_justification,,"Règle R1 (edgar_v1) : us-gaap:RevenueFromContractWithCustomerExcludingAssessedTax [USD, duration] -> total_revenue. Valeur reprise telle quelle (T1). Dimensions : aucune, déduit (D1). Entrée brute facts/us-gaap/RevenueFromContractWithCustomerExcludingAssessedTax/units/USD/92 (sha256 99077ae5ca5db9e9…). À confirmer sur l'instance XBRL.","edgar_normalize.py (règles edgar_v1 sha256:f95d7e2287bb49a3, automatique)",2026-09-28T13:10:15+00:00,doc:0000789019-0001564590-23-000733,R1
1123,facts,0000789019-0000950170-24-008814-us-gaap:RevenueFromContractWithCustomerExcludingAssessedTax-USD-2022-10-01-2022-12-31,source_context,,companyfacts;entite=CIK0000789019;periode=2022-10-01/2022-12-31;segment=aucun(deduit D1),"edgar_normalize.py (règles edgar_v1 sha256:f95d7e2287bb49a3, automatique)",2026-09-28T13:10:15+00:00,doc:0000789019-0000950170-24-008814,X1
1124,facts,0000789019-0000950170-24-008814-us-gaap:RevenueFromContractWithCustomerExcludingAssessedTax-USD-2022-10-01-2022-12-31,source_dimensions,INCONNU,,"edgar_normalize.py (règles edgar_v1 sha256:f95d7e2287bb49a3, automatique)",2026-09-28T13:10:15+00:00,doc:0000789019-0000950170-24-008814,D1 : une seule valeur brute pour cette clé
1125,facts,0000789019-0000950170-24-008814-us-gaap:RevenueFromContractWithCustomerExcludingAssessedTax-USD-2022-10-01-2022-12-31,normalized_concept,,total_revenue,"edgar_normalize.py (règles edgar_v1 sha256:f95d7e2287bb49a3, automatique)",2026-09-28T13:10:15+00:00,doc:0000789019-0000950170-24-008814,R1
1126,facts,0000789019-0000950170-24-008814-us-gaap:RevenueFromContractWithCustomerExcludingAssessedTax-USD-2022-10-01-2022-12-31,transformation,,aucune,"edgar_normalize.py (règles edgar_v1 sha256:f95d7e2287bb49a3, automatique)",2026-09-28T13:10:15+00:00,doc:0000789019-0000950170-24-008814,T1
1127,facts,0000789019-0000950170-24-008814-us-gaap:RevenueFromContractWithCustomerExcludingAssessedTax-USD-2022-10-01-2022-12-31,value,,52747000000,"edgar_normalize.py (règles edgar_v1 sha256:f95d7e2287bb49a3, automatique)",2026-09-28T13:10:15+00:00,doc:0000789019-0000950170-24-008814,T1
1128,facts,0000789019-0000950170-24-008814-us-gaap:RevenueFromContractWithCustomerExcludingAssessedTax-USD-2022-10-01-2022-12-31,normalization_justification,,"Règle R1 (edgar_v1) : us-gaap:RevenueFromContractWithCustomerExcludingAssessedTax [USD, duration] -> total_revenue. Valeur reprise telle quelle (T1). Dimensions : aucune, déduit (D1). Entrée brute facts/us-gaap/RevenueFromContractWithCustomerExcludingAssessedTax/units/USD/93 (sha256 d3b81a1fdfe4268a…). À confirmer sur l'instance XBRL.","edgar_normalize.py (règles edgar_v1 sha256:f95d7e2287bb49a3, automatique)",2026-09-28T13:10:15+00:00,doc:0000789019-0000950170-24-008814,R1
1129,facts,0000789019-0000950170-23-014423-us-gaap:RevenueFromContractWithCustomerExcludingAssessedTax-USD-2022-07-01-2023-03-31,source_context,,companyfacts;entite=CIK0000789019;periode=2022-07-01/2023-03-31;segment=aucun(deduit D1),"edgar_normalize.py (règles edgar_v1 sha256:f95d7e2287bb49a3, automatique)",2026-09-28T13:10:15+00:00,doc:0000789019-0000950170-23-014423,X1
1130,facts,0000789019-0000950170-23-014423-us-gaap:RevenueFromContractWithCustomerExcludingAssessedTax-USD-2022-07-01-2023-03-31,source_dimensions,INCONNU,,"edgar_normalize.py (règles edgar_v1 sha256:f95d7e2287bb49a3, automatique)",2026-09-28T13:10:15+00:00,doc:0000789019-0000950170-23-014423,D1 : une seule valeur brute pour cette clé
1131,facts,0000789019-0000950170-23-014423-us-gaap:RevenueFromContractWithCustomerExcludingAssessedTax-USD-2022-07-01-2023-03-31,normalized_concept,,total_revenue,"edgar_normalize.py (règles edgar_v1 sha256:f95d7e2287bb49a3, automatique)",2026-09-28T13:10:15+00:00,doc:0000789019-0000950170-23-014423,R1
1132,facts,0000789019-0000950170-23-014423-us-gaap:RevenueFromContractWithCustomerExcludingAssessedTax-USD-2022-07-01-2023-03-31,transformation,,aucune,"edgar_normalize.py (règles edgar_v1 sha256:f95d7e2287bb49a3, automatique)",2026-09-28T13:10:15+00:00,doc:0000789019-0000950170-23-014423,T1
1133,facts,0000789019-0000950170-23-014423-us-gaap:RevenueFromContractWithCustomerExcludingAssessedTax-USD-2022-07-01-2023-03-31,value,,155726000000,"edgar_normalize.py (règles edgar_v1 sha256:f95d7e2287bb49a3, automatique)",2026-09-28T13:10:15+00:00,doc:0000789019-0000950170-23-014423,T1
1134,facts,0000789019-0000950170-23-014423-us-gaap:RevenueFromContractWithCustomerExcludingAssessedTax-USD-2022-07-01-2023-03-31,normalization_justification,,"Règle R1 (edgar_v1) : us-gaap:RevenueFromContractWithCustomerExcludingAssessedTax [USD, duration] -> total_revenue. Valeur reprise telle quelle (T1). Dimensions : aucune, déduit (D1). Entrée brute facts/us-gaap/RevenueFromContractWithCustomerExcludingAssessedTax/units/USD/94 (sha256 fc1995f316b7b03d…). À confirmer sur l'instance XBRL.","edgar_normalize.py (règles edgar_v1 sha256:f95d7e2287bb49a3, automatique)",2026-09-28T13:10:15+00:00,doc:0000789019-0000950170-23-014423,R1
1135,facts,0000789019-0000950170-24-048288-us-gaap:RevenueFromContractWithCustomerExcludingAssessedTax-USD-2022-07-01-2023-03-31,source_context,,companyfacts;entite=CIK0000789019;periode=2022-07-01/2023-03-31;segment=aucun(deduit D1),"edgar_normalize.py (règles edgar_v1 sha256:f95d7e2287bb49a3, automatique)",2026-09-28T13:10:15+00:00,doc:0000789019-0000950170-24-048288,X1
1136,facts,0000789019-0000950170-24-048288-us-gaap:RevenueFromContractWithCustomerExcludingAssessedTax-USD-2022-07-01-2023-03-31,source_dimensions,INCONNU,,"edgar_normalize.py (règles edgar_v1 sha256:f95d7e2287bb49a3, automatique)",2026-09-28T13:10:15+00:00,doc:0000789019-0000950170-24-048288,D1 : une seule valeur brute pour cette clé
1137,facts,0000789019-0000950170-24-048288-us-gaap:RevenueFromContractWithCustomerExcludingAssessedTax-USD-2022-07-01-2023-03-31,normalized_concept,,total_revenue,"edgar_normalize.py (règles edgar_v1 sha256:f95d7e2287bb49a3, automatique)",2026-09-28T13:10:15+00:00,doc:0000789019-0000950170-24-048288,R1
1138,facts,0000789019-0000950170-24-048288-us-gaap:RevenueFromContractWithCustomerExcludingAssessedTax-USD-2022-07-01-2023-03-31,transformation,,aucune,"edgar_normalize.py (règles edgar_v1 sha256:f95d7e2287bb49a3, automatique)",2026-09-28T13:10:15+00:00,doc:0000789019-0000950170-24-048288,T1
1139,facts,0000789019-0000950170-24-048288-us-gaap:RevenueFromContractWithCustomerExcludingAssessedTax-USD-2022-07-01-2023-03-31,value,,155726000000,"edgar_normalize.py (règles edgar_v1 sha256:f95d7e2287bb49a3, automatique)",2026-09-28T13:10:15+00:00,doc:0000789019-0000950170-24-048288,T1
1140,facts,0000789019-0000950170-24-048288-us-gaap:RevenueFromContractWithCustomerExcludingAssessedTax-USD-2022-07-01-2023-03-31,normalization_justification,,"Règle R1 (edgar_v1) : us-gaap:RevenueFromContractWithCustomerExcludingAssessedTax [USD, duration] -> total_revenue. Valeur reprise telle quelle (T1). Dimensions : aucune, déduit (D1). Entrée brute facts/us-gaap/RevenueFromContractWithCustomerExcludingAssessedTax/units/USD/95 (sha256 469563d4ad250cbc…). À confirmer sur l'instance XBRL.","edgar_normalize.py (règles edgar_v1 sha256:f95d7e2287bb49a3, automatique)",2026-09-28T13:10:15+00:00,doc:0000789019-0000950170-24-048288,R1
1141,facts,0000789019-0000950170-23-014423-us-gaap:RevenueFromContractWithCustomerExcludingAssessedTax-USD-2023-01-01-2023-03-31,source_context,,companyfacts;entite=CIK0000789019;periode=2023-01-01/2023-03-31;segment=aucun(deduit D1),"edgar_normalize.py (règles edgar_v1 sha256:f95d7e2287bb49a3, automatique)",2026-09-28T13:10:15+00:00,doc:0000789019-0000950170-23-014423,X1
1142,facts,0000789019-0000950170-23-014423-us-gaap:RevenueFromContractWithCustomerExcludingAssessedTax-USD-2023-01-01-2023-03-31,source_dimensions,INCONNU,,"edgar_normalize.py (règles edgar_v1 sha256:f95d7e2287bb49a3, automatique)",2026-09-28T13:10:15+00:00,doc:0000789019-0000950170-23-014423,D1 : une seule valeur brute pour cette clé
1143,facts,0000789019-0000950170-23-014423-us-gaap:RevenueFromContractWithCustomerExcludingAssessedTax-USD-2023-01-01-2023-03-31,normalized_concept,,total_revenue,"edgar_normalize.py (règles edgar_v1 sha256:f95d7e2287bb49a3, automatique)",2026-09-28T13:10:15+00:00,doc:0000789019-0000950170-23-014423,R1
1144,facts,0000789019-0000950170-23-014423-us-gaap:RevenueFromContractWithCustomerExcludingAssessedTax-USD-2023-01-01-2023-03-31,transformation,,aucune,"edgar_normalize.py (règles edgar_v1 sha256:f95d7e2287bb49a3, automatique)",2026-09-28T13:10:15+00:00,doc:0000789019-0000950170-23-014423,T1
1145,facts,0000789019-0000950170-23-014423-us-gaap:RevenueFromContractWithCustomerExcludingAssessedTax-USD-2023-01-01-2023-03-31,value,,52857000000,"edgar_normalize.py (règles edgar_v1 sha256:f95d7e2287bb49a3, automatique)",2026-09-28T13:10:15+00:00,doc:0000789019-0000950170-23-014423,T1
1146,facts,0000789019-0000950170-23-014423-us-gaap:RevenueFromContractWithCustomerExcludingAssessedTax-USD-2023-01-01-2023-03-31,normalization_justification,,"Règle R1 (edgar_v1) : us-gaap:RevenueFromContractWithCustomerExcludingAssessedTax [USD, duration] -> total_revenue. Valeur reprise telle quelle (T1). Dimensions : aucune, déduit (D1). Entrée brute facts/us-gaap/RevenueFromContractWithCustomerExcludingAssessedTax/units/USD/96 (sha256 7941a7285ab0662f…). À confirmer sur l'instance XBRL.","edgar_normalize.py (règles edgar_v1 sha256:f95d7e2287bb49a3, automatique)",2026-09-28T13:10:15+00:00,doc:0000789019-0000950170-23-014423,R1
1147,facts,0000789019-0000950170-24-048288-us-gaap:RevenueFromContractWithCustomerExcludingAssessedTax-USD-2023-01-01-2023-03-31,source_context,,companyfacts;entite=CIK0000789019;periode=2023-01-01/2023-03-31;segment=aucun(deduit D1),"edgar_normalize.py (règles edgar_v1 sha256:f95d7e2287bb49a3, automatique)",2026-09-28T13:10:15+00:00,doc:0000789019-0000950170-24-048288,X1
1148,facts,0000789019-0000950170-24-048288-us-gaap:RevenueFromContractWithCustomerExcludingAssessedTax-USD-2023-01-01-2023-03-31,source_dimensions,INCONNU,,"edgar_normalize.py (règles edgar_v1 sha256:f95d7e2287bb49a3, automatique)",2026-09-28T13:10:15+00:00,doc:0000789019-0000950170-24-048288,D1 : une seule valeur brute pour cette clé
1149,facts,0000789019-0000950170-24-048288-us-gaap:RevenueFromContractWithCustomerExcludingAssessedTax-USD-2023-01-01-2023-03-31,normalized_concept,,total_revenue,"edgar_normalize.py (règles edgar_v1 sha256:f95d7e2287bb49a3, automatique)",2026-09-28T13:10:15+00:00,doc:0000789019-0000950170-24-048288,R1
1150,facts,0000789019-0000950170-24-048288-us-gaap:RevenueFromContractWithCustomerExcludingAssessedTax-USD-2023-01-01-2023-03-31,transformation,,aucune,"edgar_normalize.py (règles edgar_v1 sha256:f95d7e2287bb49a3, automatique)",2026-09-28T13:10:15+00:00,doc:0000789019-0000950170-24-048288,T1
1151,facts,0000789019-0000950170-24-048288-us-gaap:RevenueFromContractWithCustomerExcludingAssessedTax-USD-2023-01-01-2023-03-31,value,,52857000000,"edgar_normalize.py (règles edgar_v1 sha256:f95d7e2287bb49a3, automatique)",2026-09-28T13:10:15+00:00,doc:0000789019-0000950170-24-048288,T1
1152,facts,0000789019-0000950170-24-048288-us-gaap:RevenueFromContractWithCustomerExcludingAssessedTax-USD-2023-01-01-2023-03-31,normalization_justification,,"Règle R1 (edgar_v1) : us-gaap:RevenueFromContractWithCustomerExcludingAssessedTax [USD, duration] -> total_revenue. Valeur reprise telle quelle (T1). Dimensions : aucune, déduit (D1). Entrée brute facts/us-gaap/RevenueFromContractWithCustomerExcludingAssessedTax/units/USD/97 (sha256 6fd44156418c0bf6…). À confirmer sur l'instance XBRL.","edgar_normalize.py (règles edgar_v1 sha256:f95d7e2287bb49a3, automatique)",2026-09-28T13:10:15+00:00,doc:0000789019-0000950170-24-048288,R1
1153,facts,0000789019-0000950170-23-035122-us-gaap:RevenueFromContractWithCustomerExcludingAssessedTax-USD-2022-07-01-2023-06-30,source_context,,companyfacts;entite=CIK0000789019;periode=2022-07-01/2023-06-30;segment=aucun(deduit D1),"edgar_normalize.py (règles edgar_v1 sha256:f95d7e2287bb49a3, automatique)",2026-09-28T13:10:15+00:00,doc:0000789019-0000950170-23-035122,X1
1154,facts,0000789019-0000950170-23-035122-us-gaap:RevenueFromContractWithCustomerExcludingAssessedTax-USD-2022-07-01-2023-06-30,source_dimensions,INCONNU,,"edgar_normalize.py (règles edgar_v1 sha256:f95d7e2287bb49a3, automatique)",2026-09-28T13:10:15+00:00,doc:0000789019-0000950170-23-035122,D1 : une seule valeur brute pour cette clé
1155,facts,0000789019-0000950170-23-035122-us-gaap:RevenueFromContractWithCustomerExcludingAssessedTax-USD-2022-07-01-2023-06-30,normalized_concept,,total_revenue,"edgar_normalize.py (règles edgar_v1 sha256:f95d7e2287bb49a3, automatique)",2026-09-28T13:10:15+00:00,doc:0000789019-0000950170-23-035122,R1
1156,facts,0000789019-0000950170-23-035122-us-gaap:RevenueFromContractWithCustomerExcludingAssessedTax-USD-2022-07-01-2023-06-30,transformation,,aucune,"edgar_normalize.py (règles edgar_v1 sha256:f95d7e2287bb49a3, automatique)",2026-09-28T13:10:15+00:00,doc:0000789019-0000950170-23-035122,T1
1157,facts,0000789019-0000950170-23-035122-us-gaap:RevenueFromContractWithCustomerExcludingAssessedTax-USD-2022-07-01-2023-06-30,value,,211915000000,"edgar_normalize.py (règles edgar_v1 sha256:f95d7e2287bb49a3, automatique)",2026-09-28T13:10:15+00:00,doc:0000789019-0000950170-23-035122,T1
1158,facts,0000789019-0000950170-23-035122-us-gaap:RevenueFromContractWithCustomerExcludingAssessedTax-USD-2022-07-01-2023-06-30,normalization_justification,,"Règle R1 (edgar_v1) : us-gaap:RevenueFromContractWithCustomerExcludingAssessedTax [USD, duration] -> total_revenue. Valeur reprise telle quelle (T1). Dimensions : aucune, déduit (D1). Entrée brute facts/us-gaap/RevenueFromContractWithCustomerExcludingAssessedTax/units/USD/98 (sha256 81c7d53a75f3e38d…). À confirmer sur l'instance XBRL.","edgar_normalize.py (règles edgar_v1 sha256:f95d7e2287bb49a3, automatique)",2026-09-28T13:10:15+00:00,doc:0000789019-0000950170-23-035122,R1
1159,facts,0000789019-0000950170-24-087843-us-gaap:RevenueFromContractWithCustomerExcludingAssessedTax-USD-2022-07-01-2023-06-30,source_context,,companyfacts;entite=CIK0000789019;periode=2022-07-01/2023-06-30;segment=aucun(deduit D1),"edgar_normalize.py (règles edgar_v1 sha256:f95d7e2287bb49a3, automatique)",2026-09-28T13:10:15+00:00,doc:0000789019-0000950170-24-087843,X1
1160,facts,0000789019-0000950170-24-087843-us-gaap:RevenueFromContractWithCustomerExcludingAssessedTax-USD-2022-07-01-2023-06-30,source_dimensions,INCONNU,,"edgar_normalize.py (règles edgar_v1 sha256:f95d7e2287bb49a3, automatique)",2026-09-28T13:10:15+00:00,doc:0000789019-0000950170-24-087843,D1 : une seule valeur brute pour cette clé
1161,facts,0000789019-0000950170-24-087843-us-gaap:RevenueFromContractWithCustomerExcludingAssessedTax-USD-2022-07-01-2023-06-30,normalized_concept,,total_revenue,"edgar_normalize.py (règles edgar_v1 sha256:f95d7e2287bb49a3, automatique)",2026-09-28T13:10:15+00:00,doc:0000789019-0000950170-24-087843,R1
1162,facts,0000789019-0000950170-24-087843-us-gaap:RevenueFromContractWithCustomerExcludingAssessedTax-USD-2022-07-01-2023-06-30,transformation,,aucune,"edgar_normalize.py (règles edgar_v1 sha256:f95d7e2287bb49a3, automatique)",2026-09-28T13:10:15+00:00,doc:0000789019-0000950170-24-087843,T1
1163,facts,0000789019-0000950170-24-087843-us-gaap:RevenueFromContractWithCustomerExcludingAssessedTax-USD-2022-07-01-2023-06-30,value,,211915000000,"edgar_normalize.py (règles edgar_v1 sha256:f95d7e2287bb49a3, automatique)",2026-09-28T13:10:15+00:00,doc:0000789019-0000950170-24-087843,T1
1164,facts,0000789019-0000950170-24-087843-us-gaap:RevenueFromContractWithCustomerExcludingAssessedTax-USD-2022-07-01-2023-06-30,normalization_justification,,"Règle R1 (edgar_v1) : us-gaap:RevenueFromContractWithCustomerExcludingAssessedTax [USD, duration] -> total_revenue. Valeur reprise telle quelle (T1). Dimensions : aucune, déduit (D1). Entrée brute facts/us-gaap/RevenueFromContractWithCustomerExcludingAssessedTax/units/USD/99 (sha256 16f9cb4a9b741ba8…). À confirmer sur l'instance XBRL.","edgar_normalize.py (règles edgar_v1 sha256:f95d7e2287bb49a3, automatique)",2026-09-28T13:10:15+00:00,doc:0000789019-0000950170-24-087843,R1
1165,facts,0000789019-0000950170-25-100235-us-gaap:RevenueFromContractWithCustomerExcludingAssessedTax-USD-2022-07-01-2023-06-30,source_context,,companyfacts;entite=CIK0000789019;periode=2022-07-01/2023-06-30;segment=aucun(deduit D1),"edgar_normalize.py (règles edgar_v1 sha256:f95d7e2287bb49a3, automatique)",2026-09-28T13:10:15+00:00,doc:0000789019-0000950170-25-100235,X1
1166,facts,0000789019-0000950170-25-100235-us-gaap:RevenueFromContractWithCustomerExcludingAssessedTax-USD-2022-07-01-2023-06-30,source_dimensions,INCONNU,,"edgar_normalize.py (règles edgar_v1 sha256:f95d7e2287bb49a3, automatique)",2026-09-28T13:10:15+00:00,doc:0000789019-0000950170-25-100235,D1 : une seule valeur brute pour cette clé
1167,facts,0000789019-0000950170-25-100235-us-gaap:RevenueFromContractWithCustomerExcludingAssessedTax-USD-2022-07-01-2023-06-30,normalized_concept,,total_revenue,"edgar_normalize.py (règles edgar_v1 sha256:f95d7e2287bb49a3, automatique)",2026-09-28T13:10:15+00:00,doc:0000789019-0000950170-25-100235,R1
1168,facts,0000789019-0000950170-25-100235-us-gaap:RevenueFromContractWithCustomerExcludingAssessedTax-USD-2022-07-01-2023-06-30,transformation,,aucune,"edgar_normalize.py (règles edgar_v1 sha256:f95d7e2287bb49a3, automatique)",2026-09-28T13:10:15+00:00,doc:0000789019-0000950170-25-100235,T1
1169,facts,0000789019-0000950170-25-100235-us-gaap:RevenueFromContractWithCustomerExcludingAssessedTax-USD-2022-07-01-2023-06-30,value,,211915000000,"edgar_normalize.py (règles edgar_v1 sha256:f95d7e2287bb49a3, automatique)",2026-09-28T13:10:15+00:00,doc:0000789019-0000950170-25-100235,T1
1170,facts,0000789019-0000950170-25-100235-us-gaap:RevenueFromContractWithCustomerExcludingAssessedTax-USD-2022-07-01-2023-06-30,normalization_justification,,"Règle R1 (edgar_v1) : us-gaap:RevenueFromContractWithCustomerExcludingAssessedTax [USD, duration] -> total_revenue. Valeur reprise telle quelle (T1). Dimensions : aucune, déduit (D1). Entrée brute facts/us-gaap/RevenueFromContractWithCustomerExcludingAssessedTax/units/USD/101 (sha256 76d690fca715d2c8…). À confirmer sur l'instance XBRL.","edgar_normalize.py (règles edgar_v1 sha256:f95d7e2287bb49a3, automatique)",2026-09-28T13:10:15+00:00,doc:0000789019-0000950170-25-100235,R1
1171,facts,0000789019-0000950170-23-054855-us-gaap:RevenueFromContractWithCustomerExcludingAssessedTax-USD-2023-07-01-2023-09-30,source_context,,companyfacts;entite=CIK0000789019;periode=2023-07-01/2023-09-30;segment=aucun(deduit D1),"edgar_normalize.py (règles edgar_v1 sha256:f95d7e2287bb49a3, automatique)",2026-09-28T13:10:15+00:00,doc:0000789019-0000950170-23-054855,X1
1172,facts,0000789019-0000950170-23-054855-us-gaap:RevenueFromContractWithCustomerExcludingAssessedTax-USD-2023-07-01-2023-09-30,source_dimensions,INCONNU,,"edgar_normalize.py (règles edgar_v1 sha256:f95d7e2287bb49a3, automatique)",2026-09-28T13:10:15+00:00,doc:0000789019-0000950170-23-054855,D1 : une seule valeur brute pour cette clé
1173,facts,0000789019-0000950170-23-054855-us-gaap:RevenueFromContractWithCustomerExcludingAssessedTax-USD-2023-07-01-2023-09-30,normalized_concept,,total_revenue,"edgar_normalize.py (règles edgar_v1 sha256:f95d7e2287bb49a3, automatique)",2026-09-28T13:10:15+00:00,doc:0000789019-0000950170-23-054855,R1
1174,facts,0000789019-0000950170-23-054855-us-gaap:RevenueFromContractWithCustomerExcludingAssessedTax-USD-2023-07-01-2023-09-30,transformation,,aucune,"edgar_normalize.py (règles edgar_v1 sha256:f95d7e2287bb49a3, automatique)",2026-09-28T13:10:15+00:00,doc:0000789019-0000950170-23-054855,T1
1175,facts,0000789019-0000950170-23-054855-us-gaap:RevenueFromContractWithCustomerExcludingAssessedTax-USD-2023-07-01-2023-09-30,value,,56517000000,"edgar_normalize.py (règles edgar_v1 sha256:f95d7e2287bb49a3, automatique)",2026-09-28T13:10:15+00:00,doc:0000789019-0000950170-23-054855,T1
1176,facts,0000789019-0000950170-23-054855-us-gaap:RevenueFromContractWithCustomerExcludingAssessedTax-USD-2023-07-01-2023-09-30,normalization_justification,,"Règle R1 (edgar_v1) : us-gaap:RevenueFromContractWithCustomerExcludingAssessedTax [USD, duration] -> total_revenue. Valeur reprise telle quelle (T1). Dimensions : aucune, déduit (D1). Entrée brute facts/us-gaap/RevenueFromContractWithCustomerExcludingAssessedTax/units/USD/102 (sha256 61f8605eeb1a6e05…). À confirmer sur l'instance XBRL.","edgar_normalize.py (règles edgar_v1 sha256:f95d7e2287bb49a3, automatique)",2026-09-28T13:10:15+00:00,doc:0000789019-0000950170-23-054855,R1
1177,facts,0000789019-0000950170-24-118967-us-gaap:RevenueFromContractWithCustomerExcludingAssessedTax-USD-2023-07-01-2023-09-30,source_context,,companyfacts;entite=CIK0000789019;periode=2023-07-01/2023-09-30;segment=aucun(deduit D1),"edgar_normalize.py (règles edgar_v1 sha256:f95d7e2287bb49a3, automatique)",2026-09-28T13:10:15+00:00,doc:0000789019-0000950170-24-118967,X1
1178,facts,0000789019-0000950170-24-118967-us-gaap:RevenueFromContractWithCustomerExcludingAssessedTax-USD-2023-07-01-2023-09-30,source_dimensions,INCONNU,,"edgar_normalize.py (règles edgar_v1 sha256:f95d7e2287bb49a3, automatique)",2026-09-28T13:10:15+00:00,doc:0000789019-0000950170-24-118967,D1 : une seule valeur brute pour cette clé
1179,facts,0000789019-0000950170-24-118967-us-gaap:RevenueFromContractWithCustomerExcludingAssessedTax-USD-2023-07-01-2023-09-30,normalized_concept,,total_revenue,"edgar_normalize.py (règles edgar_v1 sha256:f95d7e2287bb49a3, automatique)",2026-09-28T13:10:15+00:00,doc:0000789019-0000950170-24-118967,R1
1180,facts,0000789019-0000950170-24-118967-us-gaap:RevenueFromContractWithCustomerExcludingAssessedTax-USD-2023-07-01-2023-09-30,transformation,,aucune,"edgar_normalize.py (règles edgar_v1 sha256:f95d7e2287bb49a3, automatique)",2026-09-28T13:10:15+00:00,doc:0000789019-0000950170-24-118967,T1
1181,facts,0000789019-0000950170-24-118967-us-gaap:RevenueFromContractWithCustomerExcludingAssessedTax-USD-2023-07-01-2023-09-30,value,,56517000000,"edgar_normalize.py (règles edgar_v1 sha256:f95d7e2287bb49a3, automatique)",2026-09-28T13:10:15+00:00,doc:0000789019-0000950170-24-118967,T1
1182,facts,0000789019-0000950170-24-118967-us-gaap:RevenueFromContractWithCustomerExcludingAssessedTax-USD-2023-07-01-2023-09-30,normalization_justification,,"Règle R1 (edgar_v1) : us-gaap:RevenueFromContractWithCustomerExcludingAssessedTax [USD, duration] -> total_revenue. Valeur reprise telle quelle (T1). Dimensions : aucune, déduit (D1). Entrée brute facts/us-gaap/RevenueFromContractWithCustomerExcludingAssessedTax/units/USD/103 (sha256 3b7577b9b574c3a1…). À confirmer sur l'instance XBRL.","edgar_normalize.py (règles edgar_v1 sha256:f95d7e2287bb49a3, automatique)",2026-09-28T13:10:15+00:00,doc:0000789019-0000950170-24-118967,R1
1183,facts,0000789019-0000950170-24-008814-us-gaap:RevenueFromContractWithCustomerExcludingAssessedTax-USD-2023-07-01-2023-12-31,source_context,,companyfacts;entite=CIK0000789019;periode=2023-07-01/2023-12-31;segment=aucun(deduit D1),"edgar_normalize.py (règles edgar_v1 sha256:f95d7e2287bb49a3, automatique)",2026-09-28T13:10:15+00:00,doc:0000789019-0000950170-24-008814,X1
1184,facts,0000789019-0000950170-24-008814-us-gaap:RevenueFromContractWithCustomerExcludingAssessedTax-USD-2023-07-01-2023-12-31,source_dimensions,INCONNU,,"edgar_normalize.py (règles edgar_v1 sha256:f95d7e2287bb49a3, automatique)",2026-09-28T13:10:15+00:00,doc:0000789019-0000950170-24-008814,D1 : une seule valeur brute pour cette clé
1185,facts,0000789019-0000950170-24-008814-us-gaap:RevenueFromContractWithCustomerExcludingAssessedTax-USD-2023-07-01-2023-12-31,normalized_concept,,total_revenue,"edgar_normalize.py (règles edgar_v1 sha256:f95d7e2287bb49a3, automatique)",2026-09-28T13:10:15+00:00,doc:0000789019-0000950170-24-008814,R1
1186,facts,0000789019-0000950170-24-008814-us-gaap:RevenueFromContractWithCustomerExcludingAssessedTax-USD-2023-07-01-2023-12-31,transformation,,aucune,"edgar_normalize.py (règles edgar_v1 sha256:f95d7e2287bb49a3, automatique)",2026-09-28T13:10:15+00:00,doc:0000789019-0000950170-24-008814,T1
1187,facts,0000789019-0000950170-24-008814-us-gaap:RevenueFromContractWithCustomerExcludingAssessedTax-USD-2023-07-01-2023-12-31,value,,118537000000,"edgar_normalize.py (règles edgar_v1 sha256:f95d7e2287bb49a3, automatique)",2026-09-28T13:10:15+00:00,doc:0000789019-0000950170-24-008814,T1
1188,facts,0000789019-0000950170-24-008814-us-gaap:RevenueFromContractWithCustomerExcludingAssessedTax-USD-2023-07-01-2023-12-31,normalization_justification,,"Règle R1 (edgar_v1) : us-gaap:RevenueFromContractWithCustomerExcludingAssessedTax [USD, duration] -> total_revenue. Valeur reprise telle quelle (T1). Dimensions : aucune, déduit (D1). Entrée brute facts/us-gaap/RevenueFromContractWithCustomerExcludingAssessedTax/units/USD/104 (sha256 65950a2b69a89a6a…). À confirmer sur l'instance XBRL.","edgar_normalize.py (règles edgar_v1 sha256:f95d7e2287bb49a3, automatique)",2026-09-28T13:10:15+00:00,doc:0000789019-0000950170-24-008814,R1
1189,facts,0000789019-0000950170-25-010491-us-gaap:RevenueFromContractWithCustomerExcludingAssessedTax-USD-2023-07-01-2023-12-31,source_context,,companyfacts;entite=CIK0000789019;periode=2023-07-01/2023-12-31;segment=aucun(deduit D1),"edgar_normalize.py (règles edgar_v1 sha256:f95d7e2287bb49a3, automatique)",2026-09-28T13:10:15+00:00,doc:0000789019-0000950170-25-010491,X1
1190,facts,0000789019-0000950170-25-010491-us-gaap:RevenueFromContractWithCustomerExcludingAssessedTax-USD-2023-07-01-2023-12-31,source_dimensions,INCONNU,,"edgar_normalize.py (règles edgar_v1 sha256:f95d7e2287bb49a3, automatique)",2026-09-28T13:10:15+00:00,doc:0000789019-0000950170-25-010491,D1 : une seule valeur brute pour cette clé
1191,facts,0000789019-0000950170-25-010491-us-gaap:RevenueFromContractWithCustomerExcludingAssessedTax-USD-2023-07-01-2023-12-31,normalized_concept,,total_revenue,"edgar_normalize.py (règles edgar_v1 sha256:f95d7e2287bb49a3, automatique)",2026-09-28T13:10:15+00:00,doc:0000789019-0000950170-25-010491,R1
1192,facts,0000789019-0000950170-25-010491-us-gaap:RevenueFromContractWithCustomerExcludingAssessedTax-USD-2023-07-01-2023-12-31,transformation,,aucune,"edgar_normalize.py (règles edgar_v1 sha256:f95d7e2287bb49a3, automatique)",2026-09-28T13:10:15+00:00,doc:0000789019-0000950170-25-010491,T1
1193,facts,0000789019-0000950170-25-010491-us-gaap:RevenueFromContractWithCustomerExcludingAssessedTax-USD-2023-07-01-2023-12-31,value,,118537000000,"edgar_normalize.py (règles edgar_v1 sha256:f95d7e2287bb49a3, automatique)",2026-09-28T13:10:15+00:00,doc:0000789019-0000950170-25-010491,T1
1194,facts,0000789019-0000950170-25-010491-us-gaap:RevenueFromContractWithCustomerExcludingAssessedTax-USD-2023-07-01-2023-12-31,normalization_justification,,"Règle R1 (edgar_v1) : us-gaap:RevenueFromContractWithCustomerExcludingAssessedTax [USD, duration] -> total_revenue. Valeur reprise telle quelle (T1). Dimensions : aucune, déduit (D1). Entrée brute facts/us-gaap/RevenueFromContractWithCustomerExcludingAssessedTax/units/USD/105 (sha256 12409c57e1d0ae6e…). À confirmer sur l'instance XBRL.","edgar_normalize.py (règles edgar_v1 sha256:f95d7e2287bb49a3, automatique)",2026-09-28T13:10:15+00:00,doc:0000789019-0000950170-25-010491,R1
1195,facts,0000789019-0000950170-24-008814-us-gaap:RevenueFromContractWithCustomerExcludingAssessedTax-USD-2023-10-01-2023-12-31,source_context,,companyfacts;entite=CIK0000789019;periode=2023-10-01/2023-12-31;segment=aucun(deduit D1),"edgar_normalize.py (règles edgar_v1 sha256:f95d7e2287bb49a3, automatique)",2026-09-28T13:10:15+00:00,doc:0000789019-0000950170-24-008814,X1
1196,facts,0000789019-0000950170-24-008814-us-gaap:RevenueFromContractWithCustomerExcludingAssessedTax-USD-2023-10-01-2023-12-31,source_dimensions,INCONNU,,"edgar_normalize.py (règles edgar_v1 sha256:f95d7e2287bb49a3, automatique)",2026-09-28T13:10:15+00:00,doc:0000789019-0000950170-24-008814,D1 : une seule valeur brute pour cette clé
1197,facts,0000789019-0000950170-24-008814-us-gaap:RevenueFromContractWithCustomerExcludingAssessedTax-USD-2023-10-01-2023-12-31,normalized_concept,,total_revenue,"edgar_normalize.py (règles edgar_v1 sha256:f95d7e2287bb49a3, automatique)",2026-09-28T13:10:15+00:00,doc:0000789019-0000950170-24-008814,R1
1198,facts,0000789019-0000950170-24-008814-us-gaap:RevenueFromContractWithCustomerExcludingAssessedTax-USD-2023-10-01-2023-12-31,transformation,,aucune,"edgar_normalize.py (règles edgar_v1 sha256:f95d7e2287bb49a3, automatique)",2026-09-28T13:10:15+00:00,doc:0000789019-0000950170-24-008814,T1
1199,facts,0000789019-0000950170-24-008814-us-gaap:RevenueFromContractWithCustomerExcludingAssessedTax-USD-2023-10-01-2023-12-31,value,,62020000000,"edgar_normalize.py (règles edgar_v1 sha256:f95d7e2287bb49a3, automatique)",2026-09-28T13:10:15+00:00,doc:0000789019-0000950170-24-008814,T1
1200,facts,0000789019-0000950170-24-008814-us-gaap:RevenueFromContractWithCustomerExcludingAssessedTax-USD-2023-10-01-2023-12-31,normalization_justification,,"Règle R1 (edgar_v1) : us-gaap:RevenueFromContractWithCustomerExcludingAssessedTax [USD, duration] -> total_revenue. Valeur reprise telle quelle (T1). Dimensions : aucune, déduit (D1). Entrée brute facts/us-gaap/RevenueFromContractWithCustomerExcludingAssessedTax/units/USD/106 (sha256 dc2b3913188b33ed…). À confirmer sur l'instance XBRL.","edgar_normalize.py (règles edgar_v1 sha256:f95d7e2287bb49a3, automatique)",2026-09-28T13:10:15+00:00,doc:0000789019-0000950170-24-008814,R1
1201,facts,0000789019-0000950170-25-010491-us-gaap:RevenueFromContractWithCustomerExcludingAssessedTax-USD-2023-10-01-2023-12-31,source_context,,companyfacts;entite=CIK0000789019;periode=2023-10-01/2023-12-31;segment=aucun(deduit D1),"edgar_normalize.py (règles edgar_v1 sha256:f95d7e2287bb49a3, automatique)",2026-09-28T13:10:15+00:00,doc:0000789019-0000950170-25-010491,X1
1202,facts,0000789019-0000950170-25-010491-us-gaap:RevenueFromContractWithCustomerExcludingAssessedTax-USD-2023-10-01-2023-12-31,source_dimensions,INCONNU,,"edgar_normalize.py (règles edgar_v1 sha256:f95d7e2287bb49a3, automatique)",2026-09-28T13:10:15+00:00,doc:0000789019-0000950170-25-010491,D1 : une seule valeur brute pour cette clé
1203,facts,0000789019-0000950170-25-010491-us-gaap:RevenueFromContractWithCustomerExcludingAssessedTax-USD-2023-10-01-2023-12-31,normalized_concept,,total_revenue,"edgar_normalize.py (règles edgar_v1 sha256:f95d7e2287bb49a3, automatique)",2026-09-28T13:10:15+00:00,doc:0000789019-0000950170-25-010491,R1
1204,facts,0000789019-0000950170-25-010491-us-gaap:RevenueFromContractWithCustomerExcludingAssessedTax-USD-2023-10-01-2023-12-31,transformation,,aucune,"edgar_normalize.py (règles edgar_v1 sha256:f95d7e2287bb49a3, automatique)",2026-09-28T13:10:15+00:00,doc:0000789019-0000950170-25-010491,T1
1205,facts,0000789019-0000950170-25-010491-us-gaap:RevenueFromContractWithCustomerExcludingAssessedTax-USD-2023-10-01-2023-12-31,value,,62020000000,"edgar_normalize.py (règles edgar_v1 sha256:f95d7e2287bb49a3, automatique)",2026-09-28T13:10:15+00:00,doc:0000789019-0000950170-25-010491,T1
1206,facts,0000789019-0000950170-25-010491-us-gaap:RevenueFromContractWithCustomerExcludingAssessedTax-USD-2023-10-01-2023-12-31,normalization_justification,,"Règle R1 (edgar_v1) : us-gaap:RevenueFromContractWithCustomerExcludingAssessedTax [USD, duration] -> total_revenue. Valeur reprise telle quelle (T1). Dimensions : aucune, déduit (D1). Entrée brute facts/us-gaap/RevenueFromContractWithCustomerExcludingAssessedTax/units/USD/107 (sha256 c9e27518c43c438d…). À confirmer sur l'instance XBRL.","edgar_normalize.py (règles edgar_v1 sha256:f95d7e2287bb49a3, automatique)",2026-09-28T13:10:15+00:00,doc:0000789019-0000950170-25-010491,R1
1207,facts,0000789019-0000950170-24-048288-us-gaap:RevenueFromContractWithCustomerExcludingAssessedTax-USD-2023-07-01-2024-03-31,source_context,,companyfacts;entite=CIK0000789019;periode=2023-07-01/2024-03-31;segment=aucun(deduit D1),"edgar_normalize.py (règles edgar_v1 sha256:f95d7e2287bb49a3, automatique)",2026-09-28T13:10:15+00:00,doc:0000789019-0000950170-24-048288,X1
1208,facts,0000789019-0000950170-24-048288-us-gaap:RevenueFromContractWithCustomerExcludingAssessedTax-USD-2023-07-01-2024-03-31,source_dimensions,INCONNU,,"edgar_normalize.py (règles edgar_v1 sha256:f95d7e2287bb49a3, automatique)",2026-09-28T13:10:15+00:00,doc:0000789019-0000950170-24-048288,D1 : une seule valeur brute pour cette clé
1209,facts,0000789019-0000950170-24-048288-us-gaap:RevenueFromContractWithCustomerExcludingAssessedTax-USD-2023-07-01-2024-03-31,normalized_concept,,total_revenue,"edgar_normalize.py (règles edgar_v1 sha256:f95d7e2287bb49a3, automatique)",2026-09-28T13:10:15+00:00,doc:0000789019-0000950170-24-048288,R1
1210,facts,0000789019-0000950170-24-048288-us-gaap:RevenueFromContractWithCustomerExcludingAssessedTax-USD-2023-07-01-2024-03-31,transformation,,aucune,"edgar_normalize.py (règles edgar_v1 sha256:f95d7e2287bb49a3, automatique)",2026-09-28T13:10:15+00:00,doc:0000789019-0000950170-24-048288,T1
1211,facts,0000789019-0000950170-24-048288-us-gaap:RevenueFromContractWithCustomerExcludingAssessedTax-USD-2023-07-01-2024-03-31,value,,180395000000,"edgar_normalize.py (règles edgar_v1 sha256:f95d7e2287bb49a3, automatique)",2026-09-28T13:10:15+00:00,doc:0000789019-0000950170-24-048288,T1
1212,facts,0000789019-0000950170-24-048288-us-gaap:RevenueFromContractWithCustomerExcludingAssessedTax-USD-2023-07-01-2024-03-31,normalization_justification,,"Règle R1 (edgar_v1) : us-gaap:RevenueFromContractWithCustomerExcludingAssessedTax [USD, duration] -> total_revenue. Valeur reprise telle quelle (T1). Dimensions : aucune, déduit (D1). Entrée brute facts/us-gaap/RevenueFromContractWithCustomerExcludingAssessedTax/units/USD/108 (sha256 c04954200cfee7c9…). À confirmer sur l'instance XBRL.","edgar_normalize.py (règles edgar_v1 sha256:f95d7e2287bb49a3, automatique)",2026-09-28T13:10:15+00:00,doc:0000789019-0000950170-24-048288,R1
1213,facts,0000789019-0000950170-25-061046-us-gaap:RevenueFromContractWithCustomerExcludingAssessedTax-USD-2023-07-01-2024-03-31,source_context,,companyfacts;entite=CIK0000789019;periode=2023-07-01/2024-03-31;segment=aucun(deduit D1),"edgar_normalize.py (règles edgar_v1 sha256:f95d7e2287bb49a3, automatique)",2026-09-28T13:10:15+00:00,doc:0000789019-0000950170-25-061046,X1
1214,facts,0000789019-0000950170-25-061046-us-gaap:RevenueFromContractWithCustomerExcludingAssessedTax-USD-2023-07-01-2024-03-31,source_dimensions,INCONNU,,"edgar_normalize.py (règles edgar_v1 sha256:f95d7e2287bb49a3, automatique)",2026-09-28T13:10:15+00:00,doc:0000789019-0000950170-25-061046,D1 : une seule valeur brute pour cette clé
1215,facts,0000789019-0000950170-25-061046-us-gaap:RevenueFromContractWithCustomerExcludingAssessedTax-USD-2023-07-01-2024-03-31,normalized_concept,,total_revenue,"edgar_normalize.py (règles edgar_v1 sha256:f95d7e2287bb49a3, automatique)",2026-09-28T13:10:15+00:00,doc:0000789019-0000950170-25-061046,R1
1216,facts,0000789019-0000950170-25-061046-us-gaap:RevenueFromContractWithCustomerExcludingAssessedTax-USD-2023-07-01-2024-03-31,transformation,,aucune,"edgar_normalize.py (règles edgar_v1 sha256:f95d7e2287bb49a3, automatique)",2026-09-28T13:10:15+00:00,doc:0000789019-0000950170-25-061046,T1
1217,facts,0000789019-0000950170-25-061046-us-gaap:RevenueFromContractWithCustomerExcludingAssessedTax-USD-2023-07-01-2024-03-31,value,,180395000000,"edgar_normalize.py (règles edgar_v1 sha256:f95d7e2287bb49a3, automatique)",2026-09-28T13:10:15+00:00,doc:0000789019-0000950170-25-061046,T1
1218,facts,0000789019-0000950170-25-061046-us-gaap:RevenueFromContractWithCustomerExcludingAssessedTax-USD-2023-07-01-2024-03-31,normalization_justification,,"Règle R1 (edgar_v1) : us-gaap:RevenueFromContractWithCustomerExcludingAssessedTax [USD, duration] -> total_revenue. Valeur reprise telle quelle (T1). Dimensions : aucune, déduit (D1). Entrée brute facts/us-gaap/RevenueFromContractWithCustomerExcludingAssessedTax/units/USD/109 (sha256 b43f4dbd127eecd5…). À confirmer sur l'instance XBRL.","edgar_normalize.py (règles edgar_v1 sha256:f95d7e2287bb49a3, automatique)",2026-09-28T13:10:15+00:00,doc:0000789019-0000950170-25-061046,R1
1219,facts,0000789019-0000950170-24-048288-us-gaap:RevenueFromContractWithCustomerExcludingAssessedTax-USD-2024-01-01-2024-03-31,source_context,,companyfacts;entite=CIK0000789019;periode=2024-01-01/2024-03-31;segment=aucun(deduit D1),"edgar_normalize.py (règles edgar_v1 sha256:f95d7e2287bb49a3, automatique)",2026-09-28T13:10:15+00:00,doc:0000789019-0000950170-24-048288,X1
1220,facts,0000789019-0000950170-24-048288-us-gaap:RevenueFromContractWithCustomerExcludingAssessedTax-USD-2024-01-01-2024-03-31,source_dimensions,INCONNU,,"edgar_normalize.py (règles edgar_v1 sha256:f95d7e2287bb49a3, automatique)",2026-09-28T13:10:15+00:00,doc:0000789019-0000950170-24-048288,D1 : une seule valeur brute pour cette clé
1221,facts,0000789019-0000950170-24-048288-us-gaap:RevenueFromContractWithCustomerExcludingAssessedTax-USD-2024-01-01-2024-03-31,normalized_concept,,total_revenue,"edgar_normalize.py (règles edgar_v1 sha256:f95d7e2287bb49a3, automatique)",2026-09-28T13:10:15+00:00,doc:0000789019-0000950170-24-048288,R1
1222,facts,0000789019-0000950170-24-048288-us-gaap:RevenueFromContractWithCustomerExcludingAssessedTax-USD-2024-01-01-2024-03-31,transformation,,aucune,"edgar_normalize.py (règles edgar_v1 sha256:f95d7e2287bb49a3, automatique)",2026-09-28T13:10:15+00:00,doc:0000789019-0000950170-24-048288,T1
1223,facts,0000789019-0000950170-24-048288-us-gaap:RevenueFromContractWithCustomerExcludingAssessedTax-USD-2024-01-01-2024-03-31,value,,61858000000,"edgar_normalize.py (règles edgar_v1 sha256:f95d7e2287bb49a3, automatique)",2026-09-28T13:10:15+00:00,doc:0000789019-0000950170-24-048288,T1
1224,facts,0000789019-0000950170-24-048288-us-gaap:RevenueFromContractWithCustomerExcludingAssessedTax-USD-2024-01-01-2024-03-31,normalization_justification,,"Règle R1 (edgar_v1) : us-gaap:RevenueFromContractWithCustomerExcludingAssessedTax [USD, duration] -> total_revenue. Valeur reprise telle quelle (T1). Dimensions : aucune, déduit (D1). Entrée brute facts/us-gaap/RevenueFromContractWithCustomerExcludingAssessedTax/units/USD/110 (sha256 140df3b35be4a21b…). À confirmer sur l'instance XBRL.","edgar_normalize.py (règles edgar_v1 sha256:f95d7e2287bb49a3, automatique)",2026-09-28T13:10:15+00:00,doc:0000789019-0000950170-24-048288,R1
1225,facts,0000789019-0000950170-25-061046-us-gaap:RevenueFromContractWithCustomerExcludingAssessedTax-USD-2024-01-01-2024-03-31,source_context,,companyfacts;entite=CIK0000789019;periode=2024-01-01/2024-03-31;segment=aucun(deduit D1),"edgar_normalize.py (règles edgar_v1 sha256:f95d7e2287bb49a3, automatique)",2026-09-28T13:10:15+00:00,doc:0000789019-0000950170-25-061046,X1
1226,facts,0000789019-0000950170-25-061046-us-gaap:RevenueFromContractWithCustomerExcludingAssessedTax-USD-2024-01-01-2024-03-31,source_dimensions,INCONNU,,"edgar_normalize.py (règles edgar_v1 sha256:f95d7e2287bb49a3, automatique)",2026-09-28T13:10:15+00:00,doc:0000789019-0000950170-25-061046,D1 : une seule valeur brute pour cette clé
1227,facts,0000789019-0000950170-25-061046-us-gaap:RevenueFromContractWithCustomerExcludingAssessedTax-USD-2024-01-01-2024-03-31,normalized_concept,,total_revenue,"edgar_normalize.py (règles edgar_v1 sha256:f95d7e2287bb49a3, automatique)",2026-09-28T13:10:15+00:00,doc:0000789019-0000950170-25-061046,R1
1228,facts,0000789019-0000950170-25-061046-us-gaap:RevenueFromContractWithCustomerExcludingAssessedTax-USD-2024-01-01-2024-03-31,transformation,,aucune,"edgar_normalize.py (règles edgar_v1 sha256:f95d7e2287bb49a3, automatique)",2026-09-28T13:10:15+00:00,doc:0000789019-0000950170-25-061046,T1
1229,facts,0000789019-0000950170-25-061046-us-gaap:RevenueFromContractWithCustomerExcludingAssessedTax-USD-2024-01-01-2024-03-31,value,,61858000000,"edgar_normalize.py (règles edgar_v1 sha256:f95d7e2287bb49a3, automatique)",2026-09-28T13:10:15+00:00,doc:0000789019-0000950170-25-061046,T1
1230,facts,0000789019-0000950170-25-061046-us-gaap:RevenueFromContractWithCustomerExcludingAssessedTax-USD-2024-01-01-2024-03-31,normalization_justification,,"Règle R1 (edgar_v1) : us-gaap:RevenueFromContractWithCustomerExcludingAssessedTax [USD, duration] -> total_revenue. Valeur reprise telle quelle (T1). Dimensions : aucune, déduit (D1). Entrée brute facts/us-gaap/RevenueFromContractWithCustomerExcludingAssessedTax/units/USD/111 (sha256 0611ab92689ad2e2…). À confirmer sur l'instance XBRL.","edgar_normalize.py (règles edgar_v1 sha256:f95d7e2287bb49a3, automatique)",2026-09-28T13:10:15+00:00,doc:0000789019-0000950170-25-061046,R1
1231,facts,0000789019-0000950170-24-087843-us-gaap:RevenueFromContractWithCustomerExcludingAssessedTax-USD-2023-07-01-2024-06-30,source_context,,companyfacts;entite=CIK0000789019;periode=2023-07-01/2024-06-30;segment=aucun(deduit D1),"edgar_normalize.py (règles edgar_v1 sha256:f95d7e2287bb49a3, automatique)",2026-09-28T13:10:15+00:00,doc:0000789019-0000950170-24-087843,X1
1232,facts,0000789019-0000950170-24-087843-us-gaap:RevenueFromContractWithCustomerExcludingAssessedTax-USD-2023-07-01-2024-06-30,source_dimensions,INCONNU,,"edgar_normalize.py (règles edgar_v1 sha256:f95d7e2287bb49a3, automatique)",2026-09-28T13:10:15+00:00,doc:0000789019-0000950170-24-087843,D1 : une seule valeur brute pour cette clé
1233,facts,0000789019-0000950170-24-087843-us-gaap:RevenueFromContractWithCustomerExcludingAssessedTax-USD-2023-07-01-2024-06-30,normalized_concept,,total_revenue,"edgar_normalize.py (règles edgar_v1 sha256:f95d7e2287bb49a3, automatique)",2026-09-28T13:10:15+00:00,doc:0000789019-0000950170-24-087843,R1
1234,facts,0000789019-0000950170-24-087843-us-gaap:RevenueFromContractWithCustomerExcludingAssessedTax-USD-2023-07-01-2024-06-30,transformation,,aucune,"edgar_normalize.py (règles edgar_v1 sha256:f95d7e2287bb49a3, automatique)",2026-09-28T13:10:15+00:00,doc:0000789019-0000950170-24-087843,T1
1235,facts,0000789019-0000950170-24-087843-us-gaap:RevenueFromContractWithCustomerExcludingAssessedTax-USD-2023-07-01-2024-06-30,value,,245122000000,"edgar_normalize.py (règles edgar_v1 sha256:f95d7e2287bb49a3, automatique)",2026-09-28T13:10:15+00:00,doc:0000789019-0000950170-24-087843,T1
1236,facts,0000789019-0000950170-24-087843-us-gaap:RevenueFromContractWithCustomerExcludingAssessedTax-USD-2023-07-01-2024-06-30,normalization_justification,,"Règle R1 (edgar_v1) : us-gaap:RevenueFromContractWithCustomerExcludingAssessedTax [USD, duration] -> total_revenue. Valeur reprise telle quelle (T1). Dimensions : aucune, déduit (D1). Entrée brute facts/us-gaap/RevenueFromContractWithCustomerExcludingAssessedTax/units/USD/112 (sha256 308cfeead8ba0370…). À confirmer sur l'instance XBRL.","edgar_normalize.py (règles edgar_v1 sha256:f95d7e2287bb49a3, automatique)",2026-09-28T13:10:15+00:00,doc:0000789019-0000950170-24-087843,R1
1237,facts,0000789019-0000950170-25-100235-us-gaap:RevenueFromContractWithCustomerExcludingAssessedTax-USD-2023-07-01-2024-06-30,source_context,,companyfacts;entite=CIK0000789019;periode=2023-07-01/2024-06-30;segment=aucun(deduit D1),"edgar_normalize.py (règles edgar_v1 sha256:f95d7e2287bb49a3, automatique)",2026-09-28T13:10:15+00:00,doc:0000789019-0000950170-25-100235,X1
1238,facts,0000789019-0000950170-25-100235-us-gaap:RevenueFromContractWithCustomerExcludingAssessedTax-USD-2023-07-01-2024-06-30,source_dimensions,INCONNU,,"edgar_normalize.py (règles edgar_v1 sha256:f95d7e2287bb49a3, automatique)",2026-09-28T13:10:15+00:00,doc:0000789019-0000950170-25-100235,D1 : une seule valeur brute pour cette clé
1239,facts,0000789019-0000950170-25-100235-us-gaap:RevenueFromContractWithCustomerExcludingAssessedTax-USD-2023-07-01-2024-06-30,normalized_concept,,total_revenue,"edgar_normalize.py (règles edgar_v1 sha256:f95d7e2287bb49a3, automatique)",2026-09-28T13:10:15+00:00,doc:0000789019-0000950170-25-100235,R1
1240,facts,0000789019-0000950170-25-100235-us-gaap:RevenueFromContractWithCustomerExcludingAssessedTax-USD-2023-07-01-2024-06-30,transformation,,aucune,"edgar_normalize.py (règles edgar_v1 sha256:f95d7e2287bb49a3, automatique)",2026-09-28T13:10:15+00:00,doc:0000789019-0000950170-25-100235,T1
1241,facts,0000789019-0000950170-25-100235-us-gaap:RevenueFromContractWithCustomerExcludingAssessedTax-USD-2023-07-01-2024-06-30,value,,245122000000,"edgar_normalize.py (règles edgar_v1 sha256:f95d7e2287bb49a3, automatique)",2026-09-28T13:10:15+00:00,doc:0000789019-0000950170-25-100235,T1
1242,facts,0000789019-0000950170-25-100235-us-gaap:RevenueFromContractWithCustomerExcludingAssessedTax-USD-2023-07-01-2024-06-30,normalization_justification,,"Règle R1 (edgar_v1) : us-gaap:RevenueFromContractWithCustomerExcludingAssessedTax [USD, duration] -> total_revenue. Valeur reprise telle quelle (T1). Dimensions : aucune, déduit (D1). Entrée brute facts/us-gaap/RevenueFromContractWithCustomerExcludingAssessedTax/units/USD/114 (sha256 3cc3284f05470900…). À confirmer sur l'instance XBRL.","edgar_normalize.py (règles edgar_v1 sha256:f95d7e2287bb49a3, automatique)",2026-09-28T13:10:15+00:00,doc:0000789019-0000950170-25-100235,R1
1243,facts,0000789019-0001193125-26-323660-us-gaap:RevenueFromContractWithCustomerExcludingAssessedTax-USD-2023-07-01-2024-06-30,source_context,,companyfacts;entite=CIK0000789019;periode=2023-07-01/2024-06-30;segment=aucun(deduit D1),"edgar_normalize.py (règles edgar_v1 sha256:f95d7e2287bb49a3, automatique)",2026-09-28T13:10:15+00:00,doc:0000789019-0001193125-26-323660,X1
1244,facts,0000789019-0001193125-26-323660-us-gaap:RevenueFromContractWithCustomerExcludingAssessedTax-USD-2023-07-01-2024-06-30,source_dimensions,INCONNU,,"edgar_normalize.py (règles edgar_v1 sha256:f95d7e2287bb49a3, automatique)",2026-09-28T13:10:15+00:00,doc:0000789019-0001193125-26-323660,D1 : une seule valeur brute pour cette clé
1245,facts,0000789019-0001193125-26-323660-us-gaap:RevenueFromContractWithCustomerExcludingAssessedTax-USD-2023-07-01-2024-06-30,normalized_concept,,total_revenue,"edgar_normalize.py (règles edgar_v1 sha256:f95d7e2287bb49a3, automatique)",2026-09-28T13:10:15+00:00,doc:0000789019-0001193125-26-323660,R1
1246,facts,0000789019-0001193125-26-323660-us-gaap:RevenueFromContractWithCustomerExcludingAssessedTax-USD-2023-07-01-2024-06-30,transformation,,aucune,"edgar_normalize.py (règles edgar_v1 sha256:f95d7e2287bb49a3, automatique)",2026-09-28T13:10:15+00:00,doc:0000789019-0001193125-26-323660,T1
1247,facts,0000789019-0001193125-26-323660-us-gaap:RevenueFromContractWithCustomerExcludingAssessedTax-USD-2023-07-01-2024-06-30,value,,245122000000,"edgar_normalize.py (règles edgar_v1 sha256:f95d7e2287bb49a3, automatique)",2026-09-28T13:10:15+00:00,doc:0000789019-0001193125-26-323660,T1
1248,facts,0000789019-0001193125-26-323660-us-gaap:RevenueFromContractWithCustomerExcludingAssessedTax-USD-2023-07-01-2024-06-30,normalization_justification,,"Règle R1 (edgar_v1) : us-gaap:RevenueFromContractWithCustomerExcludingAssessedTax [USD, duration] -> total_revenue. Valeur reprise telle quelle (T1). Dimensions : aucune, déduit (D1). Entrée brute facts/us-gaap/RevenueFromContractWithCustomerExcludingAssessedTax/units/USD/115 (sha256 295426909fdc0df2…). À confirmer sur l'instance XBRL.","edgar_normalize.py (règles edgar_v1 sha256:f95d7e2287bb49a3, automatique)",2026-09-28T13:10:15+00:00,doc:0000789019-0001193125-26-323660,R1
1249,facts,0000789019-0000950170-24-118967-us-gaap:RevenueFromContractWithCustomerExcludingAssessedTax-USD-2024-07-01-2024-09-30,source_context,,companyfacts;entite=CIK0000789019;periode=2024-07-01/2024-09-30;segment=aucun(deduit D1),"edgar_normalize.py (règles edgar_v1 sha256:f95d7e2287bb49a3, automatique)",2026-09-28T13:10:15+00:00,doc:0000789019-0000950170-24-118967,X1
1250,facts,0000789019-0000950170-24-118967-us-gaap:RevenueFromContractWithCustomerExcludingAssessedTax-USD-2024-07-01-2024-09-30,source_dimensions,INCONNU,,"edgar_normalize.py (règles edgar_v1 sha256:f95d7e2287bb49a3, automatique)",2026-09-28T13:10:15+00:00,doc:0000789019-0000950170-24-118967,D1 : une seule valeur brute pour cette clé
1251,facts,0000789019-0000950170-24-118967-us-gaap:RevenueFromContractWithCustomerExcludingAssessedTax-USD-2024-07-01-2024-09-30,normalized_concept,,total_revenue,"edgar_normalize.py (règles edgar_v1 sha256:f95d7e2287bb49a3, automatique)",2026-09-28T13:10:15+00:00,doc:0000789019-0000950170-24-118967,R1
1252,facts,0000789019-0000950170-24-118967-us-gaap:RevenueFromContractWithCustomerExcludingAssessedTax-USD-2024-07-01-2024-09-30,transformation,,aucune,"edgar_normalize.py (règles edgar_v1 sha256:f95d7e2287bb49a3, automatique)",2026-09-28T13:10:15+00:00,doc:0000789019-0000950170-24-118967,T1
1253,facts,0000789019-0000950170-24-118967-us-gaap:RevenueFromContractWithCustomerExcludingAssessedTax-USD-2024-07-01-2024-09-30,value,,65585000000,"edgar_normalize.py (règles edgar_v1 sha256:f95d7e2287bb49a3, automatique)",2026-09-28T13:10:15+00:00,doc:0000789019-0000950170-24-118967,T1
1254,facts,0000789019-0000950170-24-118967-us-gaap:RevenueFromContractWithCustomerExcludingAssessedTax-USD-2024-07-01-2024-09-30,normalization_justification,,"Règle R1 (edgar_v1) : us-gaap:RevenueFromContractWithCustomerExcludingAssessedTax [USD, duration] -> total_revenue. Valeur reprise telle quelle (T1). Dimensions : aucune, déduit (D1). Entrée brute facts/us-gaap/RevenueFromContractWithCustomerExcludingAssessedTax/units/USD/116 (sha256 f2c71817249180b2…). À confirmer sur l'instance XBRL.","edgar_normalize.py (règles edgar_v1 sha256:f95d7e2287bb49a3, automatique)",2026-09-28T13:10:15+00:00,doc:0000789019-0000950170-24-118967,R1
1255,facts,0000789019-0001193125-25-256321-us-gaap:RevenueFromContractWithCustomerExcludingAssessedTax-USD-2024-07-01-2024-09-30,source_context,,companyfacts;entite=CIK0000789019;periode=2024-07-01/2024-09-30;segment=aucun(deduit D1),"edgar_normalize.py (règles edgar_v1 sha256:f95d7e2287bb49a3, automatique)",2026-09-28T13:10:15+00:00,doc:0000789019-0001193125-25-256321,X1
1256,facts,0000789019-0001193125-25-256321-us-gaap:RevenueFromContractWithCustomerExcludingAssessedTax-USD-2024-07-01-2024-09-30,source_dimensions,INCONNU,,"edgar_normalize.py (règles edgar_v1 sha256:f95d7e2287bb49a3, automatique)",2026-09-28T13:10:15+00:00,doc:0000789019-0001193125-25-256321,D1 : une seule valeur brute pour cette clé
1257,facts,0000789019-0001193125-25-256321-us-gaap:RevenueFromContractWithCustomerExcludingAssessedTax-USD-2024-07-01-2024-09-30,normalized_concept,,total_revenue,"edgar_normalize.py (règles edgar_v1 sha256:f95d7e2287bb49a3, automatique)",2026-09-28T13:10:15+00:00,doc:0000789019-0001193125-25-256321,R1
1258,facts,0000789019-0001193125-25-256321-us-gaap:RevenueFromContractWithCustomerExcludingAssessedTax-USD-2024-07-01-2024-09-30,transformation,,aucune,"edgar_normalize.py (règles edgar_v1 sha256:f95d7e2287bb49a3, automatique)",2026-09-28T13:10:15+00:00,doc:0000789019-0001193125-25-256321,T1
1259,facts,0000789019-0001193125-25-256321-us-gaap:RevenueFromContractWithCustomerExcludingAssessedTax-USD-2024-07-01-2024-09-30,value,,65585000000,"edgar_normalize.py (règles edgar_v1 sha256:f95d7e2287bb49a3, automatique)",2026-09-28T13:10:15+00:00,doc:0000789019-0001193125-25-256321,T1
1260,facts,0000789019-0001193125-25-256321-us-gaap:RevenueFromContractWithCustomerExcludingAssessedTax-USD-2024-07-01-2024-09-30,normalization_justification,,"Règle R1 (edgar_v1) : us-gaap:RevenueFromContractWithCustomerExcludingAssessedTax [USD, duration] -> total_revenue. Valeur reprise telle quelle (T1). Dimensions : aucune, déduit (D1). Entrée brute facts/us-gaap/RevenueFromContractWithCustomerExcludingAssessedTax/units/USD/117 (sha256 3835012b9d3a8e9a…). À confirmer sur l'instance XBRL.","edgar_normalize.py (règles edgar_v1 sha256:f95d7e2287bb49a3, automatique)",2026-09-28T13:10:15+00:00,doc:0000789019-0001193125-25-256321,R1
1261,facts,0000789019-0000950170-25-010491-us-gaap:RevenueFromContractWithCustomerExcludingAssessedTax-USD-2024-07-01-2024-12-31,source_context,,companyfacts;entite=CIK0000789019;periode=2024-07-01/2024-12-31;segment=aucun(deduit D1),"edgar_normalize.py (règles edgar_v1 sha256:f95d7e2287bb49a3, automatique)",2026-09-28T13:10:15+00:00,doc:0000789019-0000950170-25-010491,X1
1262,facts,0000789019-0000950170-25-010491-us-gaap:RevenueFromContractWithCustomerExcludingAssessedTax-USD-2024-07-01-2024-12-31,source_dimensions,INCONNU,,"edgar_normalize.py (règles edgar_v1 sha256:f95d7e2287bb49a3, automatique)",2026-09-28T13:10:15+00:00,doc:0000789019-0000950170-25-010491,D1 : une seule valeur brute pour cette clé
1263,facts,0000789019-0000950170-25-010491-us-gaap:RevenueFromContractWithCustomerExcludingAssessedTax-USD-2024-07-01-2024-12-31,normalized_concept,,total_revenue,"edgar_normalize.py (règles edgar_v1 sha256:f95d7e2287bb49a3, automatique)",2026-09-28T13:10:15+00:00,doc:0000789019-0000950170-25-010491,R1
1264,facts,0000789019-0000950170-25-010491-us-gaap:RevenueFromContractWithCustomerExcludingAssessedTax-USD-2024-07-01-2024-12-31,transformation,,aucune,"edgar_normalize.py (règles edgar_v1 sha256:f95d7e2287bb49a3, automatique)",2026-09-28T13:10:15+00:00,doc:0000789019-0000950170-25-010491,T1
1265,facts,0000789019-0000950170-25-010491-us-gaap:RevenueFromContractWithCustomerExcludingAssessedTax-USD-2024-07-01-2024-12-31,value,,135217000000,"edgar_normalize.py (règles edgar_v1 sha256:f95d7e2287bb49a3, automatique)",2026-09-28T13:10:15+00:00,doc:0000789019-0000950170-25-010491,T1
1266,facts,0000789019-0000950170-25-010491-us-gaap:RevenueFromContractWithCustomerExcludingAssessedTax-USD-2024-07-01-2024-12-31,normalization_justification,,"Règle R1 (edgar_v1) : us-gaap:RevenueFromContractWithCustomerExcludingAssessedTax [USD, duration] -> total_revenue. Valeur reprise telle quelle (T1). Dimensions : aucune, déduit (D1). Entrée brute facts/us-gaap/RevenueFromContractWithCustomerExcludingAssessedTax/units/USD/118 (sha256 a8ebea976318373b…). À confirmer sur l'instance XBRL.","edgar_normalize.py (règles edgar_v1 sha256:f95d7e2287bb49a3, automatique)",2026-09-28T13:10:15+00:00,doc:0000789019-0000950170-25-010491,R1
1267,facts,0000789019-0001193125-26-027207-us-gaap:RevenueFromContractWithCustomerExcludingAssessedTax-USD-2024-07-01-2024-12-31,source_context,,companyfacts;entite=CIK0000789019;periode=2024-07-01/2024-12-31;segment=aucun(deduit D1),"edgar_normalize.py (règles edgar_v1 sha256:f95d7e2287bb49a3, automatique)",2026-09-28T13:10:15+00:00,doc:0000789019-0001193125-26-027207,X1
1268,facts,0000789019-0001193125-26-027207-us-gaap:RevenueFromContractWithCustomerExcludingAssessedTax-USD-2024-07-01-2024-12-31,source_dimensions,INCONNU,,"edgar_normalize.py (règles edgar_v1 sha256:f95d7e2287bb49a3, automatique)",2026-09-28T13:10:15+00:00,doc:0000789019-0001193125-26-027207,D1 : une seule valeur brute pour cette clé
1269,facts,0000789019-0001193125-26-027207-us-gaap:RevenueFromContractWithCustomerExcludingAssessedTax-USD-2024-07-01-2024-12-31,normalized_concept,,total_revenue,"edgar_normalize.py (règles edgar_v1 sha256:f95d7e2287bb49a3, automatique)",2026-09-28T13:10:15+00:00,doc:0000789019-0001193125-26-027207,R1
1270,facts,0000789019-0001193125-26-027207-us-gaap:RevenueFromContractWithCustomerExcludingAssessedTax-USD-2024-07-01-2024-12-31,transformation,,aucune,"edgar_normalize.py (règles edgar_v1 sha256:f95d7e2287bb49a3, automatique)",2026-09-28T13:10:15+00:00,doc:0000789019-0001193125-26-027207,T1
1271,facts,0000789019-0001193125-26-027207-us-gaap:RevenueFromContractWithCustomerExcludingAssessedTax-USD-2024-07-01-2024-12-31,value,,135217000000,"edgar_normalize.py (règles edgar_v1 sha256:f95d7e2287bb49a3, automatique)",2026-09-28T13:10:15+00:00,doc:0000789019-0001193125-26-027207,T1
1272,facts,0000789019-0001193125-26-027207-us-gaap:RevenueFromContractWithCustomerExcludingAssessedTax-USD-2024-07-01-2024-12-31,normalization_justification,,"Règle R1 (edgar_v1) : us-gaap:RevenueFromContractWithCustomerExcludingAssessedTax [USD, duration] -> total_revenue. Valeur reprise telle quelle (T1). Dimensions : aucune, déduit (D1). Entrée brute facts/us-gaap/RevenueFromContractWithCustomerExcludingAssessedTax/units/USD/119 (sha256 d6a55118c4f6d361…). À confirmer sur l'instance XBRL.","edgar_normalize.py (règles edgar_v1 sha256:f95d7e2287bb49a3, automatique)",2026-09-28T13:10:15+00:00,doc:0000789019-0001193125-26-027207,R1
1273,facts,0000789019-0000950170-25-010491-us-gaap:RevenueFromContractWithCustomerExcludingAssessedTax-USD-2024-10-01-2024-12-31,source_context,,companyfacts;entite=CIK0000789019;periode=2024-10-01/2024-12-31;segment=aucun(deduit D1),"edgar_normalize.py (règles edgar_v1 sha256:f95d7e2287bb49a3, automatique)",2026-09-28T13:10:15+00:00,doc:0000789019-0000950170-25-010491,X1
1274,facts,0000789019-0000950170-25-010491-us-gaap:RevenueFromContractWithCustomerExcludingAssessedTax-USD-2024-10-01-2024-12-31,source_dimensions,INCONNU,,"edgar_normalize.py (règles edgar_v1 sha256:f95d7e2287bb49a3, automatique)",2026-09-28T13:10:15+00:00,doc:0000789019-0000950170-25-010491,D1 : une seule valeur brute pour cette clé
1275,facts,0000789019-0000950170-25-010491-us-gaap:RevenueFromContractWithCustomerExcludingAssessedTax-USD-2024-10-01-2024-12-31,normalized_concept,,total_revenue,"edgar_normalize.py (règles edgar_v1 sha256:f95d7e2287bb49a3, automatique)",2026-09-28T13:10:15+00:00,doc:0000789019-0000950170-25-010491,R1
1276,facts,0000789019-0000950170-25-010491-us-gaap:RevenueFromContractWithCustomerExcludingAssessedTax-USD-2024-10-01-2024-12-31,transformation,,aucune,"edgar_normalize.py (règles edgar_v1 sha256:f95d7e2287bb49a3, automatique)",2026-09-28T13:10:15+00:00,doc:0000789019-0000950170-25-010491,T1
1277,facts,0000789019-0000950170-25-010491-us-gaap:RevenueFromContractWithCustomerExcludingAssessedTax-USD-2024-10-01-2024-12-31,value,,69632000000,"edgar_normalize.py (règles edgar_v1 sha256:f95d7e2287bb49a3, automatique)",2026-09-28T13:10:15+00:00,doc:0000789019-0000950170-25-010491,T1
1278,facts,0000789019-0000950170-25-010491-us-gaap:RevenueFromContractWithCustomerExcludingAssessedTax-USD-2024-10-01-2024-12-31,normalization_justification,,"Règle R1 (edgar_v1) : us-gaap:RevenueFromContractWithCustomerExcludingAssessedTax [USD, duration] -> total_revenue. Valeur reprise telle quelle (T1). Dimensions : aucune, déduit (D1). Entrée brute facts/us-gaap/RevenueFromContractWithCustomerExcludingAssessedTax/units/USD/120 (sha256 0ab9833005271851…). À confirmer sur l'instance XBRL.","edgar_normalize.py (règles edgar_v1 sha256:f95d7e2287bb49a3, automatique)",2026-09-28T13:10:15+00:00,doc:0000789019-0000950170-25-010491,R1
1279,facts,0000789019-0001193125-26-027207-us-gaap:RevenueFromContractWithCustomerExcludingAssessedTax-USD-2024-10-01-2024-12-31,source_context,,companyfacts;entite=CIK0000789019;periode=2024-10-01/2024-12-31;segment=aucun(deduit D1),"edgar_normalize.py (règles edgar_v1 sha256:f95d7e2287bb49a3, automatique)",2026-09-28T13:10:15+00:00,doc:0000789019-0001193125-26-027207,X1
1280,facts,0000789019-0001193125-26-027207-us-gaap:RevenueFromContractWithCustomerExcludingAssessedTax-USD-2024-10-01-2024-12-31,source_dimensions,INCONNU,,"edgar_normalize.py (règles edgar_v1 sha256:f95d7e2287bb49a3, automatique)",2026-09-28T13:10:15+00:00,doc:0000789019-0001193125-26-027207,D1 : une seule valeur brute pour cette clé
1281,facts,0000789019-0001193125-26-027207-us-gaap:RevenueFromContractWithCustomerExcludingAssessedTax-USD-2024-10-01-2024-12-31,normalized_concept,,total_revenue,"edgar_normalize.py (règles edgar_v1 sha256:f95d7e2287bb49a3, automatique)",2026-09-28T13:10:15+00:00,doc:0000789019-0001193125-26-027207,R1
1282,facts,0000789019-0001193125-26-027207-us-gaap:RevenueFromContractWithCustomerExcludingAssessedTax-USD-2024-10-01-2024-12-31,transformation,,aucune,"edgar_normalize.py (règles edgar_v1 sha256:f95d7e2287bb49a3, automatique)",2026-09-28T13:10:15+00:00,doc:0000789019-0001193125-26-027207,T1
1283,facts,0000789019-0001193125-26-027207-us-gaap:RevenueFromContractWithCustomerExcludingAssessedTax-USD-2024-10-01-2024-12-31,value,,69632000000,"edgar_normalize.py (règles edgar_v1 sha256:f95d7e2287bb49a3, automatique)",2026-09-28T13:10:15+00:00,doc:0000789019-0001193125-26-027207,T1
1284,facts,0000789019-0001193125-26-027207-us-gaap:RevenueFromContractWithCustomerExcludingAssessedTax-USD-2024-10-01-2024-12-31,normalization_justification,,"Règle R1 (edgar_v1) : us-gaap:RevenueFromContractWithCustomerExcludingAssessedTax [USD, duration] -> total_revenue. Valeur reprise telle quelle (T1). Dimensions : aucune, déduit (D1). Entrée brute facts/us-gaap/RevenueFromContractWithCustomerExcludingAssessedTax/units/USD/121 (sha256 cff4dc69a9c22705…). À confirmer sur l'instance XBRL.","edgar_normalize.py (règles edgar_v1 sha256:f95d7e2287bb49a3, automatique)",2026-09-28T13:10:15+00:00,doc:0000789019-0001193125-26-027207,R1
1285,facts,0000789019-0000950170-25-061046-us-gaap:RevenueFromContractWithCustomerExcludingAssessedTax-USD-2024-07-01-2025-03-31,source_context,,companyfacts;entite=CIK0000789019;periode=2024-07-01/2025-03-31;segment=aucun(deduit D1),"edgar_normalize.py (règles edgar_v1 sha256:f95d7e2287bb49a3, automatique)",2026-09-28T13:10:15+00:00,doc:0000789019-0000950170-25-061046,X1
1286,facts,0000789019-0000950170-25-061046-us-gaap:RevenueFromContractWithCustomerExcludingAssessedTax-USD-2024-07-01-2025-03-31,source_dimensions,INCONNU,,"edgar_normalize.py (règles edgar_v1 sha256:f95d7e2287bb49a3, automatique)",2026-09-28T13:10:15+00:00,doc:0000789019-0000950170-25-061046,D1 : une seule valeur brute pour cette clé
1287,facts,0000789019-0000950170-25-061046-us-gaap:RevenueFromContractWithCustomerExcludingAssessedTax-USD-2024-07-01-2025-03-31,normalized_concept,,total_revenue,"edgar_normalize.py (règles edgar_v1 sha256:f95d7e2287bb49a3, automatique)",2026-09-28T13:10:15+00:00,doc:0000789019-0000950170-25-061046,R1
1288,facts,0000789019-0000950170-25-061046-us-gaap:RevenueFromContractWithCustomerExcludingAssessedTax-USD-2024-07-01-2025-03-31,transformation,,aucune,"edgar_normalize.py (règles edgar_v1 sha256:f95d7e2287bb49a3, automatique)",2026-09-28T13:10:15+00:00,doc:0000789019-0000950170-25-061046,T1
1289,facts,0000789019-0000950170-25-061046-us-gaap:RevenueFromContractWithCustomerExcludingAssessedTax-USD-2024-07-01-2025-03-31,value,,205283000000,"edgar_normalize.py (règles edgar_v1 sha256:f95d7e2287bb49a3, automatique)",2026-09-28T13:10:15+00:00,doc:0000789019-0000950170-25-061046,T1
1290,facts,0000789019-0000950170-25-061046-us-gaap:RevenueFromContractWithCustomerExcludingAssessedTax-USD-2024-07-01-2025-03-31,normalization_justification,,"Règle R1 (edgar_v1) : us-gaap:RevenueFromContractWithCustomerExcludingAssessedTax [USD, duration] -> total_revenue. Valeur reprise telle quelle (T1). Dimensions : aucune, déduit (D1). Entrée brute facts/us-gaap/RevenueFromContractWithCustomerExcludingAssessedTax/units/USD/122 (sha256 c7f28cf0a6b5bd1b…). À confirmer sur l'instance XBRL.","edgar_normalize.py (règles edgar_v1 sha256:f95d7e2287bb49a3, automatique)",2026-09-28T13:10:15+00:00,doc:0000789019-0000950170-25-061046,R1
1291,facts,0000789019-0001193125-26-191507-us-gaap:RevenueFromContractWithCustomerExcludingAssessedTax-USD-2024-07-01-2025-03-31,source_context,,companyfacts;entite=CIK0000789019;periode=2024-07-01/2025-03-31;segment=aucun(deduit D1),"edgar_normalize.py (règles edgar_v1 sha256:f95d7e2287bb49a3, automatique)",2026-09-28T13:10:15+00:00,doc:0000789019-0001193125-26-191507,X1
1292,facts,0000789019-0001193125-26-191507-us-gaap:RevenueFromContractWithCustomerExcludingAssessedTax-USD-2024-07-01-2025-03-31,source_dimensions,INCONNU,,"edgar_normalize.py (règles edgar_v1 sha256:f95d7e2287bb49a3, automatique)",2026-09-28T13:10:15+00:00,doc:0000789019-0001193125-26-191507,D1 : une seule valeur brute pour cette clé
1293,facts,0000789019-0001193125-26-191507-us-gaap:RevenueFromContractWithCustomerExcludingAssessedTax-USD-2024-07-01-2025-03-31,normalized_concept,,total_revenue,"edgar_normalize.py (règles edgar_v1 sha256:f95d7e2287bb49a3, automatique)",2026-09-28T13:10:15+00:00,doc:0000789019-0001193125-26-191507,R1
1294,facts,0000789019-0001193125-26-191507-us-gaap:RevenueFromContractWithCustomerExcludingAssessedTax-USD-2024-07-01-2025-03-31,transformation,,aucune,"edgar_normalize.py (règles edgar_v1 sha256:f95d7e2287bb49a3, automatique)",2026-09-28T13:10:15+00:00,doc:0000789019-0001193125-26-191507,T1
1295,facts,0000789019-0001193125-26-191507-us-gaap:RevenueFromContractWithCustomerExcludingAssessedTax-USD-2024-07-01-2025-03-31,value,,205283000000,"edgar_normalize.py (règles edgar_v1 sha256:f95d7e2287bb49a3, automatique)",2026-09-28T13:10:15+00:00,doc:0000789019-0001193125-26-191507,T1
1296,facts,0000789019-0001193125-26-191507-us-gaap:RevenueFromContractWithCustomerExcludingAssessedTax-USD-2024-07-01-2025-03-31,normalization_justification,,"Règle R1 (edgar_v1) : us-gaap:RevenueFromContractWithCustomerExcludingAssessedTax [USD, duration] -> total_revenue. Valeur reprise telle quelle (T1). Dimensions : aucune, déduit (D1). Entrée brute facts/us-gaap/RevenueFromContractWithCustomerExcludingAssessedTax/units/USD/123 (sha256 8db25311d150dbcc…). À confirmer sur l'instance XBRL.","edgar_normalize.py (règles edgar_v1 sha256:f95d7e2287bb49a3, automatique)",2026-09-28T13:10:15+00:00,doc:0000789019-0001193125-26-191507,R1
1297,facts,0000789019-0000950170-25-061046-us-gaap:RevenueFromContractWithCustomerExcludingAssessedTax-USD-2025-01-01-2025-03-31,source_context,,companyfacts;entite=CIK0000789019;periode=2025-01-01/2025-03-31;segment=aucun(deduit D1),"edgar_normalize.py (règles edgar_v1 sha256:f95d7e2287bb49a3, automatique)",2026-09-28T13:10:15+00:00,doc:0000789019-0000950170-25-061046,X1
1298,facts,0000789019-0000950170-25-061046-us-gaap:RevenueFromContractWithCustomerExcludingAssessedTax-USD-2025-01-01-2025-03-31,source_dimensions,INCONNU,,"edgar_normalize.py (règles edgar_v1 sha256:f95d7e2287bb49a3, automatique)",2026-09-28T13:10:15+00:00,doc:0000789019-0000950170-25-061046,D1 : une seule valeur brute pour cette clé
1299,facts,0000789019-0000950170-25-061046-us-gaap:RevenueFromContractWithCustomerExcludingAssessedTax-USD-2025-01-01-2025-03-31,normalized_concept,,total_revenue,"edgar_normalize.py (règles edgar_v1 sha256:f95d7e2287bb49a3, automatique)",2026-09-28T13:10:15+00:00,doc:0000789019-0000950170-25-061046,R1
1300,facts,0000789019-0000950170-25-061046-us-gaap:RevenueFromContractWithCustomerExcludingAssessedTax-USD-2025-01-01-2025-03-31,transformation,,aucune,"edgar_normalize.py (règles edgar_v1 sha256:f95d7e2287bb49a3, automatique)",2026-09-28T13:10:15+00:00,doc:0000789019-0000950170-25-061046,T1
1301,facts,0000789019-0000950170-25-061046-us-gaap:RevenueFromContractWithCustomerExcludingAssessedTax-USD-2025-01-01-2025-03-31,value,,70066000000,"edgar_normalize.py (règles edgar_v1 sha256:f95d7e2287bb49a3, automatique)",2026-09-28T13:10:15+00:00,doc:0000789019-0000950170-25-061046,T1
1302,facts,0000789019-0000950170-25-061046-us-gaap:RevenueFromContractWithCustomerExcludingAssessedTax-USD-2025-01-01-2025-03-31,normalization_justification,,"Règle R1 (edgar_v1) : us-gaap:RevenueFromContractWithCustomerExcludingAssessedTax [USD, duration] -> total_revenue. Valeur reprise telle quelle (T1). Dimensions : aucune, déduit (D1). Entrée brute facts/us-gaap/RevenueFromContractWithCustomerExcludingAssessedTax/units/USD/124 (sha256 133e405710129839…). À confirmer sur l'instance XBRL.","edgar_normalize.py (règles edgar_v1 sha256:f95d7e2287bb49a3, automatique)",2026-09-28T13:10:15+00:00,doc:0000789019-0000950170-25-061046,R1
1303,facts,0000789019-0001193125-26-191507-us-gaap:RevenueFromContractWithCustomerExcludingAssessedTax-USD-2025-01-01-2025-03-31,source_context,,companyfacts;entite=CIK0000789019;periode=2025-01-01/2025-03-31;segment=aucun(deduit D1),"edgar_normalize.py (règles edgar_v1 sha256:f95d7e2287bb49a3, automatique)",2026-09-28T13:10:15+00:00,doc:0000789019-0001193125-26-191507,X1
1304,facts,0000789019-0001193125-26-191507-us-gaap:RevenueFromContractWithCustomerExcludingAssessedTax-USD-2025-01-01-2025-03-31,source_dimensions,INCONNU,,"edgar_normalize.py (règles edgar_v1 sha256:f95d7e2287bb49a3, automatique)",2026-09-28T13:10:15+00:00,doc:0000789019-0001193125-26-191507,D1 : une seule valeur brute pour cette clé
1305,facts,0000789019-0001193125-26-191507-us-gaap:RevenueFromContractWithCustomerExcludingAssessedTax-USD-2025-01-01-2025-03-31,normalized_concept,,total_revenue,"edgar_normalize.py (règles edgar_v1 sha256:f95d7e2287bb49a3, automatique)",2026-09-28T13:10:15+00:00,doc:0000789019-0001193125-26-191507,R1
1306,facts,0000789019-0001193125-26-191507-us-gaap:RevenueFromContractWithCustomerExcludingAssessedTax-USD-2025-01-01-2025-03-31,transformation,,aucune,"edgar_normalize.py (règles edgar_v1 sha256:f95d7e2287bb49a3, automatique)",2026-09-28T13:10:15+00:00,doc:0000789019-0001193125-26-191507,T1
1307,facts,0000789019-0001193125-26-191507-us-gaap:RevenueFromContractWithCustomerExcludingAssessedTax-USD-2025-01-01-2025-03-31,value,,70066000000,"edgar_normalize.py (règles edgar_v1 sha256:f95d7e2287bb49a3, automatique)",2026-09-28T13:10:15+00:00,doc:0000789019-0001193125-26-191507,T1
1308,facts,0000789019-0001193125-26-191507-us-gaap:RevenueFromContractWithCustomerExcludingAssessedTax-USD-2025-01-01-2025-03-31,normalization_justification,,"Règle R1 (edgar_v1) : us-gaap:RevenueFromContractWithCustomerExcludingAssessedTax [USD, duration] -> total_revenue. Valeur reprise telle quelle (T1). Dimensions : aucune, déduit (D1). Entrée brute facts/us-gaap/RevenueFromContractWithCustomerExcludingAssessedTax/units/USD/125 (sha256 aae5bbfbcda08662…). À confirmer sur l'instance XBRL.","edgar_normalize.py (règles edgar_v1 sha256:f95d7e2287bb49a3, automatique)",2026-09-28T13:10:15+00:00,doc:0000789019-0001193125-26-191507,R1
1309,facts,0000789019-0000950170-25-100235-us-gaap:RevenueFromContractWithCustomerExcludingAssessedTax-USD-2024-07-01-2025-06-30,source_context,,companyfacts;entite=CIK0000789019;periode=2024-07-01/2025-06-30;segment=aucun(deduit D1),"edgar_normalize.py (règles edgar_v1 sha256:f95d7e2287bb49a3, automatique)",2026-09-28T13:10:15+00:00,doc:0000789019-0000950170-25-100235,X1
1310,facts,0000789019-0000950170-25-100235-us-gaap:RevenueFromContractWithCustomerExcludingAssessedTax-USD-2024-07-01-2025-06-30,source_dimensions,INCONNU,,"edgar_normalize.py (règles edgar_v1 sha256:f95d7e2287bb49a3, automatique)",2026-09-28T13:10:15+00:00,doc:0000789019-0000950170-25-100235,D1 : une seule valeur brute pour cette clé
1311,facts,0000789019-0000950170-25-100235-us-gaap:RevenueFromContractWithCustomerExcludingAssessedTax-USD-2024-07-01-2025-06-30,normalized_concept,,total_revenue,"edgar_normalize.py (règles edgar_v1 sha256:f95d7e2287bb49a3, automatique)",2026-09-28T13:10:15+00:00,doc:0000789019-0000950170-25-100235,R1
1312,facts,0000789019-0000950170-25-100235-us-gaap:RevenueFromContractWithCustomerExcludingAssessedTax-USD-2024-07-01-2025-06-30,transformation,,aucune,"edgar_normalize.py (règles edgar_v1 sha256:f95d7e2287bb49a3, automatique)",2026-09-28T13:10:15+00:00,doc:0000789019-0000950170-25-100235,T1
1313,facts,0000789019-0000950170-25-100235-us-gaap:RevenueFromContractWithCustomerExcludingAssessedTax-USD-2024-07-01-2025-06-30,value,,281724000000,"edgar_normalize.py (règles edgar_v1 sha256:f95d7e2287bb49a3, automatique)",2026-09-28T13:10:15+00:00,doc:0000789019-0000950170-25-100235,T1
1314,facts,0000789019-0000950170-25-100235-us-gaap:RevenueFromContractWithCustomerExcludingAssessedTax-USD-2024-07-01-2025-06-30,normalization_justification,,"Règle R1 (edgar_v1) : us-gaap:RevenueFromContractWithCustomerExcludingAssessedTax [USD, duration] -> total_revenue. Valeur reprise telle quelle (T1). Dimensions : aucune, déduit (D1). Entrée brute facts/us-gaap/RevenueFromContractWithCustomerExcludingAssessedTax/units/USD/126 (sha256 62f9cfceb2b663a0…). À confirmer sur l'instance XBRL.","edgar_normalize.py (règles edgar_v1 sha256:f95d7e2287bb49a3, automatique)",2026-09-28T13:10:15+00:00,doc:0000789019-0000950170-25-100235,R1
1315,facts,0000789019-0001193125-26-323660-us-gaap:RevenueFromContractWithCustomerExcludingAssessedTax-USD-2024-07-01-2025-06-30,source_context,,companyfacts;entite=CIK0000789019;periode=2024-07-01/2025-06-30;segment=aucun(deduit D1),"edgar_normalize.py (règles edgar_v1 sha256:f95d7e2287bb49a3, automatique)",2026-09-28T13:10:15+00:00,doc:0000789019-0001193125-26-323660,X1
1316,facts,0000789019-0001193125-26-323660-us-gaap:RevenueFromContractWithCustomerExcludingAssessedTax-USD-2024-07-01-2025-06-30,source_dimensions,INCONNU,,"edgar_normalize.py (règles edgar_v1 sha256:f95d7e2287bb49a3, automatique)",2026-09-28T13:10:15+00:00,doc:0000789019-0001193125-26-323660,D1 : une seule valeur brute pour cette clé
1317,facts,0000789019-0001193125-26-323660-us-gaap:RevenueFromContractWithCustomerExcludingAssessedTax-USD-2024-07-01-2025-06-30,normalized_concept,,total_revenue,"edgar_normalize.py (règles edgar_v1 sha256:f95d7e2287bb49a3, automatique)",2026-09-28T13:10:15+00:00,doc:0000789019-0001193125-26-323660,R1
1318,facts,0000789019-0001193125-26-323660-us-gaap:RevenueFromContractWithCustomerExcludingAssessedTax-USD-2024-07-01-2025-06-30,transformation,,aucune,"edgar_normalize.py (règles edgar_v1 sha256:f95d7e2287bb49a3, automatique)",2026-09-28T13:10:15+00:00,doc:0000789019-0001193125-26-323660,T1
1319,facts,0000789019-0001193125-26-323660-us-gaap:RevenueFromContractWithCustomerExcludingAssessedTax-USD-2024-07-01-2025-06-30,value,,281724000000,"edgar_normalize.py (règles edgar_v1 sha256:f95d7e2287bb49a3, automatique)",2026-09-28T13:10:15+00:00,doc:0000789019-0001193125-26-323660,T1
1320,facts,0000789019-0001193125-26-323660-us-gaap:RevenueFromContractWithCustomerExcludingAssessedTax-USD-2024-07-01-2025-06-30,normalization_justification,,"Règle R1 (edgar_v1) : us-gaap:RevenueFromContractWithCustomerExcludingAssessedTax [USD, duration] -> total_revenue. Valeur reprise telle quelle (T1). Dimensions : aucune, déduit (D1). Entrée brute facts/us-gaap/RevenueFromContractWithCustomerExcludingAssessedTax/units/USD/127 (sha256 e7f83ec531873769…). À confirmer sur l'instance XBRL.","edgar_normalize.py (règles edgar_v1 sha256:f95d7e2287bb49a3, automatique)",2026-09-28T13:10:15+00:00,doc:0000789019-0001193125-26-323660,R1
1321,facts,0000789019-0001193125-25-256321-us-gaap:RevenueFromContractWithCustomerExcludingAssessedTax-USD-2025-07-01-2025-09-30,source_context,,companyfacts;entite=CIK0000789019;periode=2025-07-01/2025-09-30;segment=aucun(deduit D1),"edgar_normalize.py (règles edgar_v1 sha256:f95d7e2287bb49a3, automatique)",2026-09-28T13:10:15+00:00,doc:0000789019-0001193125-25-256321,X1
1322,facts,0000789019-0001193125-25-256321-us-gaap:RevenueFromContractWithCustomerExcludingAssessedTax-USD-2025-07-01-2025-09-30,source_dimensions,INCONNU,,"edgar_normalize.py (règles edgar_v1 sha256:f95d7e2287bb49a3, automatique)",2026-09-28T13:10:15+00:00,doc:0000789019-0001193125-25-256321,D1 : une seule valeur brute pour cette clé
1323,facts,0000789019-0001193125-25-256321-us-gaap:RevenueFromContractWithCustomerExcludingAssessedTax-USD-2025-07-01-2025-09-30,normalized_concept,,total_revenue,"edgar_normalize.py (règles edgar_v1 sha256:f95d7e2287bb49a3, automatique)",2026-09-28T13:10:15+00:00,doc:0000789019-0001193125-25-256321,R1
1324,facts,0000789019-0001193125-25-256321-us-gaap:RevenueFromContractWithCustomerExcludingAssessedTax-USD-2025-07-01-2025-09-30,transformation,,aucune,"edgar_normalize.py (règles edgar_v1 sha256:f95d7e2287bb49a3, automatique)",2026-09-28T13:10:15+00:00,doc:0000789019-0001193125-25-256321,T1
1325,facts,0000789019-0001193125-25-256321-us-gaap:RevenueFromContractWithCustomerExcludingAssessedTax-USD-2025-07-01-2025-09-30,value,,77673000000,"edgar_normalize.py (règles edgar_v1 sha256:f95d7e2287bb49a3, automatique)",2026-09-28T13:10:15+00:00,doc:0000789019-0001193125-25-256321,T1
1326,facts,0000789019-0001193125-25-256321-us-gaap:RevenueFromContractWithCustomerExcludingAssessedTax-USD-2025-07-01-2025-09-30,normalization_justification,,"Règle R1 (edgar_v1) : us-gaap:RevenueFromContractWithCustomerExcludingAssessedTax [USD, duration] -> total_revenue. Valeur reprise telle quelle (T1). Dimensions : aucune, déduit (D1). Entrée brute facts/us-gaap/RevenueFromContractWithCustomerExcludingAssessedTax/units/USD/128 (sha256 799c70c3dd40600e…). À confirmer sur l'instance XBRL.","edgar_normalize.py (règles edgar_v1 sha256:f95d7e2287bb49a3, automatique)",2026-09-28T13:10:15+00:00,doc:0000789019-0001193125-25-256321,R1
1327,facts,0000789019-0001193125-26-027207-us-gaap:RevenueFromContractWithCustomerExcludingAssessedTax-USD-2025-07-01-2025-12-31,source_context,,companyfacts;entite=CIK0000789019;periode=2025-07-01/2025-12-31;segment=aucun(deduit D1),"edgar_normalize.py (règles edgar_v1 sha256:f95d7e2287bb49a3, automatique)",2026-09-28T13:10:15+00:00,doc:0000789019-0001193125-26-027207,X1
1328,facts,0000789019-0001193125-26-027207-us-gaap:RevenueFromContractWithCustomerExcludingAssessedTax-USD-2025-07-01-2025-12-31,source_dimensions,INCONNU,,"edgar_normalize.py (règles edgar_v1 sha256:f95d7e2287bb49a3, automatique)",2026-09-28T13:10:15+00:00,doc:0000789019-0001193125-26-027207,D1 : une seule valeur brute pour cette clé
1329,facts,0000789019-0001193125-26-027207-us-gaap:RevenueFromContractWithCustomerExcludingAssessedTax-USD-2025-07-01-2025-12-31,normalized_concept,,total_revenue,"edgar_normalize.py (règles edgar_v1 sha256:f95d7e2287bb49a3, automatique)",2026-09-28T13:10:15+00:00,doc:0000789019-0001193125-26-027207,R1
1330,facts,0000789019-0001193125-26-027207-us-gaap:RevenueFromContractWithCustomerExcludingAssessedTax-USD-2025-07-01-2025-12-31,transformation,,aucune,"edgar_normalize.py (règles edgar_v1 sha256:f95d7e2287bb49a3, automatique)",2026-09-28T13:10:15+00:00,doc:0000789019-0001193125-26-027207,T1
1331,facts,0000789019-0001193125-26-027207-us-gaap:RevenueFromContractWithCustomerExcludingAssessedTax-USD-2025-07-01-2025-12-31,value,,158946000000,"edgar_normalize.py (règles edgar_v1 sha256:f95d7e2287bb49a3, automatique)",2026-09-28T13:10:15+00:00,doc:0000789019-0001193125-26-027207,T1
1332,facts,0000789019-0001193125-26-027207-us-gaap:RevenueFromContractWithCustomerExcludingAssessedTax-USD-2025-07-01-2025-12-31,normalization_justification,,"Règle R1 (edgar_v1) : us-gaap:RevenueFromContractWithCustomerExcludingAssessedTax [USD, duration] -> total_revenue. Valeur reprise telle quelle (T1). Dimensions : aucune, déduit (D1). Entrée brute facts/us-gaap/RevenueFromContractWithCustomerExcludingAssessedTax/units/USD/129 (sha256 f574d82b916470ba…). À confirmer sur l'instance XBRL.","edgar_normalize.py (règles edgar_v1 sha256:f95d7e2287bb49a3, automatique)",2026-09-28T13:10:15+00:00,doc:0000789019-0001193125-26-027207,R1
1333,facts,0000789019-0001193125-26-027207-us-gaap:RevenueFromContractWithCustomerExcludingAssessedTax-USD-2025-10-01-2025-12-31,source_context,,companyfacts;entite=CIK0000789019;periode=2025-10-01/2025-12-31;segment=aucun(deduit D1),"edgar_normalize.py (règles edgar_v1 sha256:f95d7e2287bb49a3, automatique)",2026-09-28T13:10:15+00:00,doc:0000789019-0001193125-26-027207,X1
1334,facts,0000789019-0001193125-26-027207-us-gaap:RevenueFromContractWithCustomerExcludingAssessedTax-USD-2025-10-01-2025-12-31,source_dimensions,INCONNU,,"edgar_normalize.py (règles edgar_v1 sha256:f95d7e2287bb49a3, automatique)",2026-09-28T13:10:15+00:00,doc:0000789019-0001193125-26-027207,D1 : une seule valeur brute pour cette clé
1335,facts,0000789019-0001193125-26-027207-us-gaap:RevenueFromContractWithCustomerExcludingAssessedTax-USD-2025-10-01-2025-12-31,normalized_concept,,total_revenue,"edgar_normalize.py (règles edgar_v1 sha256:f95d7e2287bb49a3, automatique)",2026-09-28T13:10:15+00:00,doc:0000789019-0001193125-26-027207,R1
1336,facts,0000789019-0001193125-26-027207-us-gaap:RevenueFromContractWithCustomerExcludingAssessedTax-USD-2025-10-01-2025-12-31,transformation,,aucune,"edgar_normalize.py (règles edgar_v1 sha256:f95d7e2287bb49a3, automatique)",2026-09-28T13:10:15+00:00,doc:0000789019-0001193125-26-027207,T1
1337,facts,0000789019-0001193125-26-027207-us-gaap:RevenueFromContractWithCustomerExcludingAssessedTax-USD-2025-10-01-2025-12-31,value,,81273000000,"edgar_normalize.py (règles edgar_v1 sha256:f95d7e2287bb49a3, automatique)",2026-09-28T13:10:15+00:00,doc:0000789019-0001193125-26-027207,T1
1338,facts,0000789019-0001193125-26-027207-us-gaap:RevenueFromContractWithCustomerExcludingAssessedTax-USD-2025-10-01-2025-12-31,normalization_justification,,"Règle R1 (edgar_v1) : us-gaap:RevenueFromContractWithCustomerExcludingAssessedTax [USD, duration] -> total_revenue. Valeur reprise telle quelle (T1). Dimensions : aucune, déduit (D1). Entrée brute facts/us-gaap/RevenueFromContractWithCustomerExcludingAssessedTax/units/USD/130 (sha256 06def77c30d5eed8…). À confirmer sur l'instance XBRL.","edgar_normalize.py (règles edgar_v1 sha256:f95d7e2287bb49a3, automatique)",2026-09-28T13:10:15+00:00,doc:0000789019-0001193125-26-027207,R1
1339,facts,0000789019-0001193125-26-191507-us-gaap:RevenueFromContractWithCustomerExcludingAssessedTax-USD-2025-07-01-2026-03-31,source_context,,companyfacts;entite=CIK0000789019;periode=2025-07-01/2026-03-31;segment=aucun(deduit D1),"edgar_normalize.py (règles edgar_v1 sha256:f95d7e2287bb49a3, automatique)",2026-09-28T13:10:15+00:00,doc:0000789019-0001193125-26-191507,X1
1340,facts,0000789019-0001193125-26-191507-us-gaap:RevenueFromContractWithCustomerExcludingAssessedTax-USD-2025-07-01-2026-03-31,source_dimensions,INCONNU,,"edgar_normalize.py (règles edgar_v1 sha256:f95d7e2287bb49a3, automatique)",2026-09-28T13:10:15+00:00,doc:0000789019-0001193125-26-191507,D1 : une seule valeur brute pour cette clé
1341,facts,0000789019-0001193125-26-191507-us-gaap:RevenueFromContractWithCustomerExcludingAssessedTax-USD-2025-07-01-2026-03-31,normalized_concept,,total_revenue,"edgar_normalize.py (règles edgar_v1 sha256:f95d7e2287bb49a3, automatique)",2026-09-28T13:10:15+00:00,doc:0000789019-0001193125-26-191507,R1
1342,facts,0000789019-0001193125-26-191507-us-gaap:RevenueFromContractWithCustomerExcludingAssessedTax-USD-2025-07-01-2026-03-31,transformation,,aucune,"edgar_normalize.py (règles edgar_v1 sha256:f95d7e2287bb49a3, automatique)",2026-09-28T13:10:15+00:00,doc:0000789019-0001193125-26-191507,T1
1343,facts,0000789019-0001193125-26-191507-us-gaap:RevenueFromContractWithCustomerExcludingAssessedTax-USD-2025-07-01-2026-03-31,value,,241832000000,"edgar_normalize.py (règles edgar_v1 sha256:f95d7e2287bb49a3, automatique)",2026-09-28T13:10:15+00:00,doc:0000789019-0001193125-26-191507,T1
1344,facts,0000789019-0001193125-26-191507-us-gaap:RevenueFromContractWithCustomerExcludingAssessedTax-USD-2025-07-01-2026-03-31,normalization_justification,,"Règle R1 (edgar_v1) : us-gaap:RevenueFromContractWithCustomerExcludingAssessedTax [USD, duration] -> total_revenue. Valeur reprise telle quelle (T1). Dimensions : aucune, déduit (D1). Entrée brute facts/us-gaap/RevenueFromContractWithCustomerExcludingAssessedTax/units/USD/131 (sha256 89c3d9fe37d3a2a8…). À confirmer sur l'instance XBRL.","edgar_normalize.py (règles edgar_v1 sha256:f95d7e2287bb49a3, automatique)",2026-09-28T13:10:15+00:00,doc:0000789019-0001193125-26-191507,R1
1345,facts,0000789019-0001193125-26-191507-us-gaap:RevenueFromContractWithCustomerExcludingAssessedTax-USD-2026-01-01-2026-03-31,source_context,,companyfacts;entite=CIK0000789019;periode=2026-01-01/2026-03-31;segment=aucun(deduit D1),"edgar_normalize.py (règles edgar_v1 sha256:f95d7e2287bb49a3, automatique)",2026-09-28T13:10:15+00:00,doc:0000789019-0001193125-26-191507,X1
1346,facts,0000789019-0001193125-26-191507-us-gaap:RevenueFromContractWithCustomerExcludingAssessedTax-USD-2026-01-01-2026-03-31,source_dimensions,INCONNU,,"edgar_normalize.py (règles edgar_v1 sha256:f95d7e2287bb49a3, automatique)",2026-09-28T13:10:15+00:00,doc:0000789019-0001193125-26-191507,D1 : une seule valeur brute pour cette clé
1347,facts,0000789019-0001193125-26-191507-us-gaap:RevenueFromContractWithCustomerExcludingAssessedTax-USD-2026-01-01-2026-03-31,normalized_concept,,total_revenue,"edgar_normalize.py (règles edgar_v1 sha256:f95d7e2287bb49a3, automatique)",2026-09-28T13:10:15+00:00,doc:0000789019-0001193125-26-191507,R1
1348,facts,0000789019-0001193125-26-191507-us-gaap:RevenueFromContractWithCustomerExcludingAssessedTax-USD-2026-01-01-2026-03-31,transformation,,aucune,"edgar_normalize.py (règles edgar_v1 sha256:f95d7e2287bb49a3, automatique)",2026-09-28T13:10:15+00:00,doc:0000789019-0001193125-26-191507,T1
1349,facts,0000789019-0001193125-26-191507-us-gaap:RevenueFromContractWithCustomerExcludingAssessedTax-USD-2026-01-01-2026-03-31,value,,82886000000,"edgar_normalize.py (règles edgar_v1 sha256:f95d7e2287bb49a3, automatique)",2026-09-28T13:10:15+00:00,doc:0000789019-0001193125-26-191507,T1
1350,facts,0000789019-0001193125-26-191507-us-gaap:RevenueFromContractWithCustomerExcludingAssessedTax-USD-2026-01-01-2026-03-31,normalization_justification,,"Règle R1 (edgar_v1) : us-gaap:RevenueFromContractWithCustomerExcludingAssessedTax [USD, duration] -> total_revenue. Valeur reprise telle quelle (T1). Dimensions : aucune, déduit (D1). Entrée brute facts/us-gaap/RevenueFromContractWithCustomerExcludingAssessedTax/units/USD/132 (sha256 d845b03899c12e35…). À confirmer sur l'instance XBRL.","edgar_normalize.py (règles edgar_v1 sha256:f95d7e2287bb49a3, automatique)",2026-09-28T13:10:15+00:00,doc:0000789019-0001193125-26-191507,R1
1351,facts,0000789019-0001193125-26-323660-us-gaap:RevenueFromContractWithCustomerExcludingAssessedTax-USD-2025-07-01-2026-06-30,source_context,,companyfacts;entite=CIK0000789019;periode=2025-07-01/2026-06-30;segment=aucun(deduit D1),"edgar_normalize.py (règles edgar_v1 sha256:f95d7e2287bb49a3, automatique)",2026-09-28T13:10:15+00:00,doc:0000789019-0001193125-26-323660,X1
1352,facts,0000789019-0001193125-26-323660-us-gaap:RevenueFromContractWithCustomerExcludingAssessedTax-USD-2025-07-01-2026-06-30,source_dimensions,INCONNU,,"edgar_normalize.py (règles edgar_v1 sha256:f95d7e2287bb49a3, automatique)",2026-09-28T13:10:15+00:00,doc:0000789019-0001193125-26-323660,D1 : une seule valeur brute pour cette clé
1353,facts,0000789019-0001193125-26-323660-us-gaap:RevenueFromContractWithCustomerExcludingAssessedTax-USD-2025-07-01-2026-06-30,normalized_concept,,total_revenue,"edgar_normalize.py (règles edgar_v1 sha256:f95d7e2287bb49a3, automatique)",2026-09-28T13:10:15+00:00,doc:0000789019-0001193125-26-323660,R1
1354,facts,0000789019-0001193125-26-323660-us-gaap:RevenueFromContractWithCustomerExcludingAssessedTax-USD-2025-07-01-2026-06-30,transformation,,aucune,"edgar_normalize.py (règles edgar_v1 sha256:f95d7e2287bb49a3, automatique)",2026-09-28T13:10:15+00:00,doc:0000789019-0001193125-26-323660,T1
1355,facts,0000789019-0001193125-26-323660-us-gaap:RevenueFromContractWithCustomerExcludingAssessedTax-USD-2025-07-01-2026-06-30,value,,331839000000,"edgar_normalize.py (règles edgar_v1 sha256:f95d7e2287bb49a3, automatique)",2026-09-28T13:10:15+00:00,doc:0000789019-0001193125-26-323660,T1
1356,facts,0000789019-0001193125-26-323660-us-gaap:RevenueFromContractWithCustomerExcludingAssessedTax-USD-2025-07-01-2026-06-30,normalization_justification,,"Règle R1 (edgar_v1) : us-gaap:RevenueFromContractWithCustomerExcludingAssessedTax [USD, duration] -> total_revenue. Valeur reprise telle quelle (T1). Dimensions : aucune, déduit (D1). Entrée brute facts/us-gaap/RevenueFromContractWithCustomerExcludingAssessedTax/units/USD/133 (sha256 cafb6cf0c95c4a22…). À confirmer sur l'instance XBRL.","edgar_normalize.py (règles edgar_v1 sha256:f95d7e2287bb49a3, automatique)",2026-09-28T13:10:15+00:00,doc:0000789019-0001193125-26-323660,R1
