n,fichier,cle,colonne,ancienne_valeur,nouvelle_valeur,auteur,saisi_le,preuve,note
1,documents,0001130464-0001193125-26-337444,local_copy,,copies/0001130464-0001193125-26-337444/bkh-20260630.htm,"edgar_normalize.py import-filing (téléchargé automatiquement depuis https://www.sec.gov/Archives/edgar/data/1130464/000119312526337444/bkh-20260630.htm, le 2026-09-28T15:59:49+00:00)",2026-09-28T15:59:49+00:00,url:https://www.sec.gov/Archives/edgar/data/1130464/000119312526337444/bkh-20260630.htm,"téléchargé automatiquement depuis https://www.sec.gov/Archives/edgar/data/1130464/000119312526337444/bkh-20260630.htm, le 2026-09-28T15:59:49+00:00"
2,documents,0001130464-0001193125-26-337444,local_sha256,,97081102f72fc0fd97fcbf82a8b003b2e537137016840af6d085669f1c37b974,"edgar_normalize.py import-filing (téléchargé automatiquement depuis https://www.sec.gov/Archives/edgar/data/1130464/000119312526337444/bkh-20260630.htm, le 2026-09-28T15:59:49+00:00)",2026-09-28T15:59:49+00:00,url:https://www.sec.gov/Archives/edgar/data/1130464/000119312526337444/bkh-20260630.htm,empreinte calculée à l'import
3,concept_map,us-gaap:Assets,source_concept,,us-gaap:Assets,"edgar_normalize.py reconcile-ixbrl (règles edgar_v3 sha256:c8f8ea3dee554395, automatique)",2026-09-28T15:59:53+00:00,url:https://data.sec.gov/api/xbrl/companyfacts/CIK0001130464.json,règle R2 (edgar_v3) ; libellé taxonomie : Assets
4,concept_map,us-gaap:Assets,normalized_concept,,total_assets,"edgar_normalize.py reconcile-ixbrl (règles edgar_v3 sha256:c8f8ea3dee554395, automatique)",2026-09-28T15:59:53+00:00,url:https://data.sec.gov/api/xbrl/companyfacts/CIK0001130464.json,règle R2 (edgar_v3) ; libellé taxonomie : Assets
5,concept_map,us-gaap:Assets,justification,,Total des actifs comptabilisés à la date du bilan. Définition de la taxonomie recopiée depuis companyfacts (champ description). Définition (us-gaap) : « Sum of the carrying amounts as of the balance sheet date of all assets that are recognized. Assets are probable future economic benefits obtained or controlled by an entity as a result of past transactions or events. »,"edgar_normalize.py reconcile-ixbrl (règles edgar_v3 sha256:c8f8ea3dee554395, automatique)",2026-09-28T15:59:53+00:00,url:https://data.sec.gov/api/xbrl/companyfacts/CIK0001130464.json,règle R2 (edgar_v3) ; libellé taxonomie : Assets
6,facts,0001130464-0001193125-26-337444-us-gaap:Assets-USD--2025-12-31,source_context,,C_68930964-0821-425e-b0e0-e776b684f0ef,"edgar_normalize.py reconcile-ixbrl (règles edgar_v3 sha256:c8f8ea3dee554395, automatique)",2026-09-28T15:59:53+00:00,fichier:copies/0001130464-0001193125-26-337444/bkh-20260630.htm#sha256=97081102f72fc0fd97fcbf82a8b003b2e537137016840af6d085669f1c37b974,identifiant du contexte XBRL du document
7,facts,0001130464-0001193125-26-337444-us-gaap:Assets-USD--2025-12-31,source_dimensions,INCONNU,,"edgar_normalize.py reconcile-ixbrl (règles edgar_v3 sha256:c8f8ea3dee554395, automatique)",2026-09-28T15:59:53+00:00,fichier:copies/0001130464-0001193125-26-337444/bkh-20260630.htm#sha256=97081102f72fc0fd97fcbf82a8b003b2e537137016840af6d085669f1c37b974,établi par le document : contexte sans segment
8,facts,0001130464-0001193125-26-337444-us-gaap:Assets-USD--2025-12-31,decimals,,-5,"edgar_normalize.py reconcile-ixbrl (règles edgar_v3 sha256:c8f8ea3dee554395, automatique)",2026-09-28T15:59:53+00:00,fichier:copies/0001130464-0001193125-26-337444/bkh-20260630.htm#sha256=97081102f72fc0fd97fcbf82a8b003b2e537137016840af6d085669f1c37b974,attribut decimals du document
9,facts,0001130464-0001193125-26-337444-us-gaap:Assets-USD--2025-12-31,normalized_concept,,total_assets,"edgar_normalize.py reconcile-ixbrl (règles edgar_v3 sha256:c8f8ea3dee554395, automatique)",2026-09-28T15:59:53+00:00,fichier:copies/0001130464-0001193125-26-337444/bkh-20260630.htm#sha256=97081102f72fc0fd97fcbf82a8b003b2e537137016840af6d085669f1c37b974,R2
10,facts,0001130464-0001193125-26-337444-us-gaap:Assets-USD--2025-12-31,transformation,,aucune,"edgar_normalize.py reconcile-ixbrl (règles edgar_v3 sha256:c8f8ea3dee554395, automatique)",2026-09-28T15:59:53+00:00,fichier:copies/0001130464-0001193125-26-337444/bkh-20260630.htm#sha256=97081102f72fc0fd97fcbf82a8b003b2e537137016840af6d085669f1c37b974,valeur reprise telle quelle
11,facts,0001130464-0001193125-26-337444-us-gaap:Assets-USD--2025-12-31,value,,10869800000,"edgar_normalize.py reconcile-ixbrl (règles edgar_v3 sha256:c8f8ea3dee554395, automatique)",2026-09-28T15:59:53+00:00,fichier:copies/0001130464-0001193125-26-337444/bkh-20260630.htm#sha256=97081102f72fc0fd97fcbf82a8b003b2e537137016840af6d085669f1c37b974,valeur reprise telle quelle
12,facts,0001130464-0001193125-26-337444-us-gaap:Assets-USD--2025-12-31,normalization_justification,,"Règle R2 (règles edgar_v3 sha256:c8f8ea3dee554395) : us-gaap:Assets [USD, instant] -> total_assets ; valeur reprise telle quelle ; contexte C_68930964-0821-425e-b0e0-e776b684f0ef sans segment dans le document ; entrée brute facts/us-gaap/Assets/units/USD/159 (sha256 cdd4a7c0891e4976…).","edgar_normalize.py reconcile-ixbrl (règles edgar_v3 sha256:c8f8ea3dee554395, automatique)",2026-09-28T15:59:53+00:00,fichier:copies/0001130464-0001193125-26-337444/bkh-20260630.htm#sha256=97081102f72fc0fd97fcbf82a8b003b2e537137016840af6d085669f1c37b974,R2
13,facts,0001130464-0001193125-26-337444-us-gaap:Assets-USD--2025-12-31,reconciled,,auto,"edgar_normalize.py reconcile-ixbrl (règles edgar_v3 sha256:c8f8ea3dee554395, automatique)",2026-09-28T15:59:53+00:00,fichier:copies/0001130464-0001193125-26-337444/bkh-20260630.htm#sha256=97081102f72fc0fd97fcbf82a8b003b2e537137016840af6d085669f1c37b974,rapprochement automatique XBRL en ligne
14,facts,0001130464-0001193125-26-337444-us-gaap:Assets-USD--2025-12-31,reconciled_note,,"AUTOMATIQUE : copies/0001130464-0001193125-26-337444/bkh-20260630.htm (sha256 97081102f72fc0fd…), 1 élément(s) ix:nonFraction us-gaap:Assets contexte C_68930964-0821-425e-b0e0-e776b684f0ef sans segment, id F_30e2bcad-95c8-4e26-8b3a-61bc8a09af65, affiché « 10,869.8 », échelle 6 = 10869800000.0 ; à relire par une personne.","edgar_normalize.py reconcile-ixbrl (règles edgar_v3 sha256:c8f8ea3dee554395, automatique)",2026-09-28T15:59:53+00:00,fichier:copies/0001130464-0001193125-26-337444/bkh-20260630.htm#sha256=97081102f72fc0fd97fcbf82a8b003b2e537137016840af6d085669f1c37b974,
15,facts,0001130464-0001193125-26-337444-us-gaap:Assets-USD--2026-06-30,source_context,,C_9e9e861a-5895-4fe4-b076-cf884a691eb2,"edgar_normalize.py reconcile-ixbrl (règles edgar_v3 sha256:c8f8ea3dee554395, automatique)",2026-09-28T15:59:53+00:00,fichier:copies/0001130464-0001193125-26-337444/bkh-20260630.htm#sha256=97081102f72fc0fd97fcbf82a8b003b2e537137016840af6d085669f1c37b974,identifiant du contexte XBRL du document
16,facts,0001130464-0001193125-26-337444-us-gaap:Assets-USD--2026-06-30,source_dimensions,INCONNU,,"edgar_normalize.py reconcile-ixbrl (règles edgar_v3 sha256:c8f8ea3dee554395, automatique)",2026-09-28T15:59:53+00:00,fichier:copies/0001130464-0001193125-26-337444/bkh-20260630.htm#sha256=97081102f72fc0fd97fcbf82a8b003b2e537137016840af6d085669f1c37b974,établi par le document : contexte sans segment
17,facts,0001130464-0001193125-26-337444-us-gaap:Assets-USD--2026-06-30,decimals,,-5,"edgar_normalize.py reconcile-ixbrl (règles edgar_v3 sha256:c8f8ea3dee554395, automatique)",2026-09-28T15:59:53+00:00,fichier:copies/0001130464-0001193125-26-337444/bkh-20260630.htm#sha256=97081102f72fc0fd97fcbf82a8b003b2e537137016840af6d085669f1c37b974,attribut decimals du document
18,facts,0001130464-0001193125-26-337444-us-gaap:Assets-USD--2026-06-30,normalized_concept,,total_assets,"edgar_normalize.py reconcile-ixbrl (règles edgar_v3 sha256:c8f8ea3dee554395, automatique)",2026-09-28T15:59:53+00:00,fichier:copies/0001130464-0001193125-26-337444/bkh-20260630.htm#sha256=97081102f72fc0fd97fcbf82a8b003b2e537137016840af6d085669f1c37b974,R2
19,facts,0001130464-0001193125-26-337444-us-gaap:Assets-USD--2026-06-30,transformation,,aucune,"edgar_normalize.py reconcile-ixbrl (règles edgar_v3 sha256:c8f8ea3dee554395, automatique)",2026-09-28T15:59:53+00:00,fichier:copies/0001130464-0001193125-26-337444/bkh-20260630.htm#sha256=97081102f72fc0fd97fcbf82a8b003b2e537137016840af6d085669f1c37b974,valeur reprise telle quelle
20,facts,0001130464-0001193125-26-337444-us-gaap:Assets-USD--2026-06-30,value,,11038100000,"edgar_normalize.py reconcile-ixbrl (règles edgar_v3 sha256:c8f8ea3dee554395, automatique)",2026-09-28T15:59:53+00:00,fichier:copies/0001130464-0001193125-26-337444/bkh-20260630.htm#sha256=97081102f72fc0fd97fcbf82a8b003b2e537137016840af6d085669f1c37b974,valeur reprise telle quelle
21,facts,0001130464-0001193125-26-337444-us-gaap:Assets-USD--2026-06-30,normalization_justification,,"Règle R2 (règles edgar_v3 sha256:c8f8ea3dee554395) : us-gaap:Assets [USD, instant] -> total_assets ; valeur reprise telle quelle ; contexte C_9e9e861a-5895-4fe4-b076-cf884a691eb2 sans segment dans le document ; entrée brute facts/us-gaap/Assets/units/USD/161 (sha256 8d764ce8e9663649…).","edgar_normalize.py reconcile-ixbrl (règles edgar_v3 sha256:c8f8ea3dee554395, automatique)",2026-09-28T15:59:53+00:00,fichier:copies/0001130464-0001193125-26-337444/bkh-20260630.htm#sha256=97081102f72fc0fd97fcbf82a8b003b2e537137016840af6d085669f1c37b974,R2
22,facts,0001130464-0001193125-26-337444-us-gaap:Assets-USD--2026-06-30,reconciled,,auto,"edgar_normalize.py reconcile-ixbrl (règles edgar_v3 sha256:c8f8ea3dee554395, automatique)",2026-09-28T15:59:53+00:00,fichier:copies/0001130464-0001193125-26-337444/bkh-20260630.htm#sha256=97081102f72fc0fd97fcbf82a8b003b2e537137016840af6d085669f1c37b974,rapprochement automatique XBRL en ligne
23,facts,0001130464-0001193125-26-337444-us-gaap:Assets-USD--2026-06-30,reconciled_note,,"AUTOMATIQUE : copies/0001130464-0001193125-26-337444/bkh-20260630.htm (sha256 97081102f72fc0fd…), 1 élément(s) ix:nonFraction us-gaap:Assets contexte C_9e9e861a-5895-4fe4-b076-cf884a691eb2 sans segment, id F_196a584a-fcbd-4c76-b17d-1357b7ebb4ee, affiché « 11,038.1 », échelle 6 = 11038100000.0 ; à relire par une personne.","edgar_normalize.py reconcile-ixbrl (règles edgar_v3 sha256:c8f8ea3dee554395, automatique)",2026-09-28T15:59:53+00:00,fichier:copies/0001130464-0001193125-26-337444/bkh-20260630.htm#sha256=97081102f72fc0fd97fcbf82a8b003b2e537137016840af6d085669f1c37b974,
24,concept_map,us-gaap:RevenueFromContractWithCustomerExcludingAssessedTax,source_concept,,us-gaap:RevenueFromContractWithCustomerExcludingAssessedTax,"edgar_normalize.py reconcile-ixbrl (règles edgar_v3 sha256:c8f8ea3dee554395, automatique)",2026-09-28T15:59:53+00:00,url:https://data.sec.gov/api/xbrl/companyfacts/CIK0001130464.json,"règle R1 (edgar_v3) ; libellé taxonomie : Revenue from Contract with Customer, Excluding Assessed Tax"
25,concept_map,us-gaap:RevenueFromContractWithCustomerExcludingAssessedTax,normalized_concept,,revenue_from_contracts_with_customers,"edgar_normalize.py reconcile-ixbrl (règles edgar_v3 sha256:c8f8ea3dee554395, automatique)",2026-09-28T15:59:53+00:00,url:https://data.sec.gov/api/xbrl/companyfacts/CIK0001130464.json,"règle R1 (edgar_v3) ; libellé taxonomie : Revenue from Contract with Customer, Excluding Assessed Tax"
26,concept_map,us-gaap:RevenueFromContractWithCustomerExcludingAssessedTax,justification,,"Revenus tirés des contrats avec les clients (ASC 606), hors taxes collectées : un COMPOSANT du revenu total, pas le total en général. Définition (us-gaap) : « Amount, excluding tax collected from customer, of revenue from satisfaction of performance obligation by transferring promised good or service to customer. Tax collected from customer is tax assessed by governmental authority that is both imposed on and concurrent with specific revenue-producing transaction, including, but not limited to, sales, use, value added and excise. »","edgar_normalize.py reconcile-ixbrl (règles edgar_v3 sha256:c8f8ea3dee554395, automatique)",2026-09-28T15:59:53+00:00,url:https://data.sec.gov/api/xbrl/companyfacts/CIK0001130464.json,"règle R1 (edgar_v3) ; libellé taxonomie : Revenue from Contract with Customer, Excluding Assessed Tax"
27,facts,0001130464-0001193125-26-337444-us-gaap:RevenueFromContractWithCustomerExcludingAssessedTax-USD-2025-01-01-2025-06-30,source_context,,C_1b57cd3b-dc2e-4455-b09b-fc63998e50dd,"edgar_normalize.py reconcile-ixbrl (règles edgar_v3 sha256:c8f8ea3dee554395, automatique)",2026-09-28T15:59:53+00:00,fichier:copies/0001130464-0001193125-26-337444/bkh-20260630.htm#sha256=97081102f72fc0fd97fcbf82a8b003b2e537137016840af6d085669f1c37b974,identifiant du contexte XBRL du document
28,facts,0001130464-0001193125-26-337444-us-gaap:RevenueFromContractWithCustomerExcludingAssessedTax-USD-2025-01-01-2025-06-30,source_dimensions,INCONNU,,"edgar_normalize.py reconcile-ixbrl (règles edgar_v3 sha256:c8f8ea3dee554395, automatique)",2026-09-28T15:59:53+00:00,fichier:copies/0001130464-0001193125-26-337444/bkh-20260630.htm#sha256=97081102f72fc0fd97fcbf82a8b003b2e537137016840af6d085669f1c37b974,établi par le document : contexte sans segment
29,facts,0001130464-0001193125-26-337444-us-gaap:RevenueFromContractWithCustomerExcludingAssessedTax-USD-2025-01-01-2025-06-30,decimals,,-5,"edgar_normalize.py reconcile-ixbrl (règles edgar_v3 sha256:c8f8ea3dee554395, automatique)",2026-09-28T15:59:53+00:00,fichier:copies/0001130464-0001193125-26-337444/bkh-20260630.htm#sha256=97081102f72fc0fd97fcbf82a8b003b2e537137016840af6d085669f1c37b974,attribut decimals du document
30,facts,0001130464-0001193125-26-337444-us-gaap:RevenueFromContractWithCustomerExcludingAssessedTax-USD-2025-01-01-2025-06-30,normalized_concept,,revenue_from_contracts_with_customers,"edgar_normalize.py reconcile-ixbrl (règles edgar_v3 sha256:c8f8ea3dee554395, automatique)",2026-09-28T15:59:53+00:00,fichier:copies/0001130464-0001193125-26-337444/bkh-20260630.htm#sha256=97081102f72fc0fd97fcbf82a8b003b2e537137016840af6d085669f1c37b974,R1
31,facts,0001130464-0001193125-26-337444-us-gaap:RevenueFromContractWithCustomerExcludingAssessedTax-USD-2025-01-01-2025-06-30,transformation,,aucune,"edgar_normalize.py reconcile-ixbrl (règles edgar_v3 sha256:c8f8ea3dee554395, automatique)",2026-09-28T15:59:53+00:00,fichier:copies/0001130464-0001193125-26-337444/bkh-20260630.htm#sha256=97081102f72fc0fd97fcbf82a8b003b2e537137016840af6d085669f1c37b974,valeur reprise telle quelle
32,facts,0001130464-0001193125-26-337444-us-gaap:RevenueFromContractWithCustomerExcludingAssessedTax-USD-2025-01-01-2025-06-30,value,,1236100000,"edgar_normalize.py reconcile-ixbrl (règles edgar_v3 sha256:c8f8ea3dee554395, automatique)",2026-09-28T15:59:53+00:00,fichier:copies/0001130464-0001193125-26-337444/bkh-20260630.htm#sha256=97081102f72fc0fd97fcbf82a8b003b2e537137016840af6d085669f1c37b974,valeur reprise telle quelle
33,facts,0001130464-0001193125-26-337444-us-gaap:RevenueFromContractWithCustomerExcludingAssessedTax-USD-2025-01-01-2025-06-30,normalization_justification,,"Règle R1 (règles edgar_v3 sha256:c8f8ea3dee554395) : us-gaap:RevenueFromContractWithCustomerExcludingAssessedTax [USD, duration] -> revenue_from_contracts_with_customers ; valeur reprise telle quelle ; contexte C_1b57cd3b-dc2e-4455-b09b-fc63998e50dd sans segment dans le document ; entrée brute facts/us-gaap/RevenueFromContractWithCustomerExcludingAssessedTax/units/USD/93 (sha256 16e779facaadab33…).","edgar_normalize.py reconcile-ixbrl (règles edgar_v3 sha256:c8f8ea3dee554395, automatique)",2026-09-28T15:59:53+00:00,fichier:copies/0001130464-0001193125-26-337444/bkh-20260630.htm#sha256=97081102f72fc0fd97fcbf82a8b003b2e537137016840af6d085669f1c37b974,R1
34,facts,0001130464-0001193125-26-337444-us-gaap:RevenueFromContractWithCustomerExcludingAssessedTax-USD-2025-01-01-2025-06-30,reconciled,,auto,"edgar_normalize.py reconcile-ixbrl (règles edgar_v3 sha256:c8f8ea3dee554395, automatique)",2026-09-28T15:59:53+00:00,fichier:copies/0001130464-0001193125-26-337444/bkh-20260630.htm#sha256=97081102f72fc0fd97fcbf82a8b003b2e537137016840af6d085669f1c37b974,rapprochement automatique XBRL en ligne
35,facts,0001130464-0001193125-26-337444-us-gaap:RevenueFromContractWithCustomerExcludingAssessedTax-USD-2025-01-01-2025-06-30,reconciled_note,,"AUTOMATIQUE : copies/0001130464-0001193125-26-337444/bkh-20260630.htm (sha256 97081102f72fc0fd…), 2 élément(s) ix:nonFraction us-gaap:RevenueFromContractWithCustomerExcludingAssessedTax contexte C_1b57cd3b-dc2e-4455-b09b-fc63998e50dd sans segment, id F_05a83b99-7588-4394-93ea-b7fc3f6aedb9, affiché « 1,236.1 », échelle 6 = 1236100000.0 ; à relire par une personne.","edgar_normalize.py reconcile-ixbrl (règles edgar_v3 sha256:c8f8ea3dee554395, automatique)",2026-09-28T15:59:53+00:00,fichier:copies/0001130464-0001193125-26-337444/bkh-20260630.htm#sha256=97081102f72fc0fd97fcbf82a8b003b2e537137016840af6d085669f1c37b974,
36,facts,0001130464-0001193125-26-337444-us-gaap:RevenueFromContractWithCustomerExcludingAssessedTax-USD-2025-04-01-2025-06-30,source_context,,C_4da4795c-6e11-4a95-aa2f-81ff384e8fc7,"edgar_normalize.py reconcile-ixbrl (règles edgar_v3 sha256:c8f8ea3dee554395, automatique)",2026-09-28T15:59:53+00:00,fichier:copies/0001130464-0001193125-26-337444/bkh-20260630.htm#sha256=97081102f72fc0fd97fcbf82a8b003b2e537137016840af6d085669f1c37b974,identifiant du contexte XBRL du document
37,facts,0001130464-0001193125-26-337444-us-gaap:RevenueFromContractWithCustomerExcludingAssessedTax-USD-2025-04-01-2025-06-30,source_dimensions,INCONNU,,"edgar_normalize.py reconcile-ixbrl (règles edgar_v3 sha256:c8f8ea3dee554395, automatique)",2026-09-28T15:59:53+00:00,fichier:copies/0001130464-0001193125-26-337444/bkh-20260630.htm#sha256=97081102f72fc0fd97fcbf82a8b003b2e537137016840af6d085669f1c37b974,établi par le document : contexte sans segment
38,facts,0001130464-0001193125-26-337444-us-gaap:RevenueFromContractWithCustomerExcludingAssessedTax-USD-2025-04-01-2025-06-30,decimals,,-5,"edgar_normalize.py reconcile-ixbrl (règles edgar_v3 sha256:c8f8ea3dee554395, automatique)",2026-09-28T15:59:53+00:00,fichier:copies/0001130464-0001193125-26-337444/bkh-20260630.htm#sha256=97081102f72fc0fd97fcbf82a8b003b2e537137016840af6d085669f1c37b974,attribut decimals du document
39,facts,0001130464-0001193125-26-337444-us-gaap:RevenueFromContractWithCustomerExcludingAssessedTax-USD-2025-04-01-2025-06-30,normalized_concept,,revenue_from_contracts_with_customers,"edgar_normalize.py reconcile-ixbrl (règles edgar_v3 sha256:c8f8ea3dee554395, automatique)",2026-09-28T15:59:53+00:00,fichier:copies/0001130464-0001193125-26-337444/bkh-20260630.htm#sha256=97081102f72fc0fd97fcbf82a8b003b2e537137016840af6d085669f1c37b974,R1
40,facts,0001130464-0001193125-26-337444-us-gaap:RevenueFromContractWithCustomerExcludingAssessedTax-USD-2025-04-01-2025-06-30,transformation,,aucune,"edgar_normalize.py reconcile-ixbrl (règles edgar_v3 sha256:c8f8ea3dee554395, automatique)",2026-09-28T15:59:53+00:00,fichier:copies/0001130464-0001193125-26-337444/bkh-20260630.htm#sha256=97081102f72fc0fd97fcbf82a8b003b2e537137016840af6d085669f1c37b974,valeur reprise telle quelle
41,facts,0001130464-0001193125-26-337444-us-gaap:RevenueFromContractWithCustomerExcludingAssessedTax-USD-2025-04-01-2025-06-30,value,,435700000,"edgar_normalize.py reconcile-ixbrl (règles edgar_v3 sha256:c8f8ea3dee554395, automatique)",2026-09-28T15:59:53+00:00,fichier:copies/0001130464-0001193125-26-337444/bkh-20260630.htm#sha256=97081102f72fc0fd97fcbf82a8b003b2e537137016840af6d085669f1c37b974,valeur reprise telle quelle
42,facts,0001130464-0001193125-26-337444-us-gaap:RevenueFromContractWithCustomerExcludingAssessedTax-USD-2025-04-01-2025-06-30,normalization_justification,,"Règle R1 (règles edgar_v3 sha256:c8f8ea3dee554395) : us-gaap:RevenueFromContractWithCustomerExcludingAssessedTax [USD, duration] -> revenue_from_contracts_with_customers ; valeur reprise telle quelle ; contexte C_4da4795c-6e11-4a95-aa2f-81ff384e8fc7 sans segment dans le document ; entrée brute facts/us-gaap/RevenueFromContractWithCustomerExcludingAssessedTax/units/USD/95 (sha256 2ad2f25b7e1ac2b9…).","edgar_normalize.py reconcile-ixbrl (règles edgar_v3 sha256:c8f8ea3dee554395, automatique)",2026-09-28T15:59:53+00:00,fichier:copies/0001130464-0001193125-26-337444/bkh-20260630.htm#sha256=97081102f72fc0fd97fcbf82a8b003b2e537137016840af6d085669f1c37b974,R1
43,facts,0001130464-0001193125-26-337444-us-gaap:RevenueFromContractWithCustomerExcludingAssessedTax-USD-2025-04-01-2025-06-30,reconciled,,auto,"edgar_normalize.py reconcile-ixbrl (règles edgar_v3 sha256:c8f8ea3dee554395, automatique)",2026-09-28T15:59:53+00:00,fichier:copies/0001130464-0001193125-26-337444/bkh-20260630.htm#sha256=97081102f72fc0fd97fcbf82a8b003b2e537137016840af6d085669f1c37b974,rapprochement automatique XBRL en ligne
44,facts,0001130464-0001193125-26-337444-us-gaap:RevenueFromContractWithCustomerExcludingAssessedTax-USD-2025-04-01-2025-06-30,reconciled_note,,"AUTOMATIQUE : copies/0001130464-0001193125-26-337444/bkh-20260630.htm (sha256 97081102f72fc0fd…), 2 élément(s) ix:nonFraction us-gaap:RevenueFromContractWithCustomerExcludingAssessedTax contexte C_4da4795c-6e11-4a95-aa2f-81ff384e8fc7 sans segment, id F_39c2af6c-421b-4586-9d25-037f1a25955d, affiché « 435.7 », échelle 6 = 435700000.0 ; à relire par une personne.","edgar_normalize.py reconcile-ixbrl (règles edgar_v3 sha256:c8f8ea3dee554395, automatique)",2026-09-28T15:59:53+00:00,fichier:copies/0001130464-0001193125-26-337444/bkh-20260630.htm#sha256=97081102f72fc0fd97fcbf82a8b003b2e537137016840af6d085669f1c37b974,
45,facts,0001130464-0001193125-26-337444-us-gaap:RevenueFromContractWithCustomerExcludingAssessedTax-USD-2026-01-01-2026-06-30,source_context,,C_d003b75b-e028-4192-b97d-b43705b994a2,"edgar_normalize.py reconcile-ixbrl (règles edgar_v3 sha256:c8f8ea3dee554395, automatique)",2026-09-28T15:59:53+00:00,fichier:copies/0001130464-0001193125-26-337444/bkh-20260630.htm#sha256=97081102f72fc0fd97fcbf82a8b003b2e537137016840af6d085669f1c37b974,identifiant du contexte XBRL du document
46,facts,0001130464-0001193125-26-337444-us-gaap:RevenueFromContractWithCustomerExcludingAssessedTax-USD-2026-01-01-2026-06-30,source_dimensions,INCONNU,,"edgar_normalize.py reconcile-ixbrl (règles edgar_v3 sha256:c8f8ea3dee554395, automatique)",2026-09-28T15:59:53+00:00,fichier:copies/0001130464-0001193125-26-337444/bkh-20260630.htm#sha256=97081102f72fc0fd97fcbf82a8b003b2e537137016840af6d085669f1c37b974,établi par le document : contexte sans segment
47,facts,0001130464-0001193125-26-337444-us-gaap:RevenueFromContractWithCustomerExcludingAssessedTax-USD-2026-01-01-2026-06-30,decimals,,-5,"edgar_normalize.py reconcile-ixbrl (règles edgar_v3 sha256:c8f8ea3dee554395, automatique)",2026-09-28T15:59:53+00:00,fichier:copies/0001130464-0001193125-26-337444/bkh-20260630.htm#sha256=97081102f72fc0fd97fcbf82a8b003b2e537137016840af6d085669f1c37b974,attribut decimals du document
48,facts,0001130464-0001193125-26-337444-us-gaap:RevenueFromContractWithCustomerExcludingAssessedTax-USD-2026-01-01-2026-06-30,normalized_concept,,revenue_from_contracts_with_customers,"edgar_normalize.py reconcile-ixbrl (règles edgar_v3 sha256:c8f8ea3dee554395, automatique)",2026-09-28T15:59:53+00:00,fichier:copies/0001130464-0001193125-26-337444/bkh-20260630.htm#sha256=97081102f72fc0fd97fcbf82a8b003b2e537137016840af6d085669f1c37b974,R1
49,facts,0001130464-0001193125-26-337444-us-gaap:RevenueFromContractWithCustomerExcludingAssessedTax-USD-2026-01-01-2026-06-30,transformation,,aucune,"edgar_normalize.py reconcile-ixbrl (règles edgar_v3 sha256:c8f8ea3dee554395, automatique)",2026-09-28T15:59:53+00:00,fichier:copies/0001130464-0001193125-26-337444/bkh-20260630.htm#sha256=97081102f72fc0fd97fcbf82a8b003b2e537137016840af6d085669f1c37b974,valeur reprise telle quelle
50,facts,0001130464-0001193125-26-337444-us-gaap:RevenueFromContractWithCustomerExcludingAssessedTax-USD-2026-01-01-2026-06-30,value,,1200600000,"edgar_normalize.py reconcile-ixbrl (règles edgar_v3 sha256:c8f8ea3dee554395, automatique)",2026-09-28T15:59:53+00:00,fichier:copies/0001130464-0001193125-26-337444/bkh-20260630.htm#sha256=97081102f72fc0fd97fcbf82a8b003b2e537137016840af6d085669f1c37b974,valeur reprise telle quelle
51,facts,0001130464-0001193125-26-337444-us-gaap:RevenueFromContractWithCustomerExcludingAssessedTax-USD-2026-01-01-2026-06-30,normalization_justification,,"Règle R1 (règles edgar_v3 sha256:c8f8ea3dee554395) : us-gaap:RevenueFromContractWithCustomerExcludingAssessedTax [USD, duration] -> revenue_from_contracts_with_customers ; valeur reprise telle quelle ; contexte C_d003b75b-e028-4192-b97d-b43705b994a2 sans segment dans le document ; entrée brute facts/us-gaap/RevenueFromContractWithCustomerExcludingAssessedTax/units/USD/100 (sha256 baf10e3cc1cc6d53…).","edgar_normalize.py reconcile-ixbrl (règles edgar_v3 sha256:c8f8ea3dee554395, automatique)",2026-09-28T15:59:53+00:00,fichier:copies/0001130464-0001193125-26-337444/bkh-20260630.htm#sha256=97081102f72fc0fd97fcbf82a8b003b2e537137016840af6d085669f1c37b974,R1
52,facts,0001130464-0001193125-26-337444-us-gaap:RevenueFromContractWithCustomerExcludingAssessedTax-USD-2026-01-01-2026-06-30,reconciled,,auto,"edgar_normalize.py reconcile-ixbrl (règles edgar_v3 sha256:c8f8ea3dee554395, automatique)",2026-09-28T15:59:53+00:00,fichier:copies/0001130464-0001193125-26-337444/bkh-20260630.htm#sha256=97081102f72fc0fd97fcbf82a8b003b2e537137016840af6d085669f1c37b974,rapprochement automatique XBRL en ligne
53,facts,0001130464-0001193125-26-337444-us-gaap:RevenueFromContractWithCustomerExcludingAssessedTax-USD-2026-01-01-2026-06-30,reconciled_note,,"AUTOMATIQUE : copies/0001130464-0001193125-26-337444/bkh-20260630.htm (sha256 97081102f72fc0fd…), 2 élément(s) ix:nonFraction us-gaap:RevenueFromContractWithCustomerExcludingAssessedTax contexte C_d003b75b-e028-4192-b97d-b43705b994a2 sans segment, id F_8b887b1d-7a9d-4425-a695-3015a8eda53b, affiché « 1,200.6 », échelle 6 = 1200600000.0 ; à relire par une personne.","edgar_normalize.py reconcile-ixbrl (règles edgar_v3 sha256:c8f8ea3dee554395, automatique)",2026-09-28T15:59:53+00:00,fichier:copies/0001130464-0001193125-26-337444/bkh-20260630.htm#sha256=97081102f72fc0fd97fcbf82a8b003b2e537137016840af6d085669f1c37b974,
54,facts,0001130464-0001193125-26-337444-us-gaap:RevenueFromContractWithCustomerExcludingAssessedTax-USD-2026-04-01-2026-06-30,source_context,,C_60aa3aac-d2f4-454b-b5a9-3d06732acba7,"edgar_normalize.py reconcile-ixbrl (règles edgar_v3 sha256:c8f8ea3dee554395, automatique)",2026-09-28T15:59:53+00:00,fichier:copies/0001130464-0001193125-26-337444/bkh-20260630.htm#sha256=97081102f72fc0fd97fcbf82a8b003b2e537137016840af6d085669f1c37b974,identifiant du contexte XBRL du document
55,facts,0001130464-0001193125-26-337444-us-gaap:RevenueFromContractWithCustomerExcludingAssessedTax-USD-2026-04-01-2026-06-30,source_dimensions,INCONNU,,"edgar_normalize.py reconcile-ixbrl (règles edgar_v3 sha256:c8f8ea3dee554395, automatique)",2026-09-28T15:59:53+00:00,fichier:copies/0001130464-0001193125-26-337444/bkh-20260630.htm#sha256=97081102f72fc0fd97fcbf82a8b003b2e537137016840af6d085669f1c37b974,établi par le document : contexte sans segment
56,facts,0001130464-0001193125-26-337444-us-gaap:RevenueFromContractWithCustomerExcludingAssessedTax-USD-2026-04-01-2026-06-30,decimals,,-5,"edgar_normalize.py reconcile-ixbrl (règles edgar_v3 sha256:c8f8ea3dee554395, automatique)",2026-09-28T15:59:53+00:00,fichier:copies/0001130464-0001193125-26-337444/bkh-20260630.htm#sha256=97081102f72fc0fd97fcbf82a8b003b2e537137016840af6d085669f1c37b974,attribut decimals du document
57,facts,0001130464-0001193125-26-337444-us-gaap:RevenueFromContractWithCustomerExcludingAssessedTax-USD-2026-04-01-2026-06-30,normalized_concept,,revenue_from_contracts_with_customers,"edgar_normalize.py reconcile-ixbrl (règles edgar_v3 sha256:c8f8ea3dee554395, automatique)",2026-09-28T15:59:53+00:00,fichier:copies/0001130464-0001193125-26-337444/bkh-20260630.htm#sha256=97081102f72fc0fd97fcbf82a8b003b2e537137016840af6d085669f1c37b974,R1
58,facts,0001130464-0001193125-26-337444-us-gaap:RevenueFromContractWithCustomerExcludingAssessedTax-USD-2026-04-01-2026-06-30,transformation,,aucune,"edgar_normalize.py reconcile-ixbrl (règles edgar_v3 sha256:c8f8ea3dee554395, automatique)",2026-09-28T15:59:53+00:00,fichier:copies/0001130464-0001193125-26-337444/bkh-20260630.htm#sha256=97081102f72fc0fd97fcbf82a8b003b2e537137016840af6d085669f1c37b974,valeur reprise telle quelle
59,facts,0001130464-0001193125-26-337444-us-gaap:RevenueFromContractWithCustomerExcludingAssessedTax-USD-2026-04-01-2026-06-30,value,,440600000,"edgar_normalize.py reconcile-ixbrl (règles edgar_v3 sha256:c8f8ea3dee554395, automatique)",2026-09-28T15:59:53+00:00,fichier:copies/0001130464-0001193125-26-337444/bkh-20260630.htm#sha256=97081102f72fc0fd97fcbf82a8b003b2e537137016840af6d085669f1c37b974,valeur reprise telle quelle
60,facts,0001130464-0001193125-26-337444-us-gaap:RevenueFromContractWithCustomerExcludingAssessedTax-USD-2026-04-01-2026-06-30,normalization_justification,,"Règle R1 (règles edgar_v3 sha256:c8f8ea3dee554395) : us-gaap:RevenueFromContractWithCustomerExcludingAssessedTax [USD, duration] -> revenue_from_contracts_with_customers ; valeur reprise telle quelle ; contexte C_60aa3aac-d2f4-454b-b5a9-3d06732acba7 sans segment dans le document ; entrée brute facts/us-gaap/RevenueFromContractWithCustomerExcludingAssessedTax/units/USD/101 (sha256 7b03c4061a76f6c3…).","edgar_normalize.py reconcile-ixbrl (règles edgar_v3 sha256:c8f8ea3dee554395, automatique)",2026-09-28T15:59:53+00:00,fichier:copies/0001130464-0001193125-26-337444/bkh-20260630.htm#sha256=97081102f72fc0fd97fcbf82a8b003b2e537137016840af6d085669f1c37b974,R1
61,facts,0001130464-0001193125-26-337444-us-gaap:RevenueFromContractWithCustomerExcludingAssessedTax-USD-2026-04-01-2026-06-30,reconciled,,auto,"edgar_normalize.py reconcile-ixbrl (règles edgar_v3 sha256:c8f8ea3dee554395, automatique)",2026-09-28T15:59:53+00:00,fichier:copies/0001130464-0001193125-26-337444/bkh-20260630.htm#sha256=97081102f72fc0fd97fcbf82a8b003b2e537137016840af6d085669f1c37b974,rapprochement automatique XBRL en ligne
62,facts,0001130464-0001193125-26-337444-us-gaap:RevenueFromContractWithCustomerExcludingAssessedTax-USD-2026-04-01-2026-06-30,reconciled_note,,"AUTOMATIQUE : copies/0001130464-0001193125-26-337444/bkh-20260630.htm (sha256 97081102f72fc0fd…), 2 élément(s) ix:nonFraction us-gaap:RevenueFromContractWithCustomerExcludingAssessedTax contexte C_60aa3aac-d2f4-454b-b5a9-3d06732acba7 sans segment, id F_349d0333-08c6-4b23-b2b0-c08213676b9d, affiché « 440.6 », échelle 6 = 440600000.0 ; à relire par une personne.","edgar_normalize.py reconcile-ixbrl (règles edgar_v3 sha256:c8f8ea3dee554395, automatique)",2026-09-28T15:59:53+00:00,fichier:copies/0001130464-0001193125-26-337444/bkh-20260630.htm#sha256=97081102f72fc0fd97fcbf82a8b003b2e537137016840af6d085669f1c37b974,
63,concept_map,us-gaap:Revenues,source_concept,,us-gaap:Revenues,"edgar_normalize.py reconcile-ixbrl (règles edgar_v3 sha256:c8f8ea3dee554395, automatique)",2026-09-28T15:59:53+00:00,url:https://data.sec.gov/api/xbrl/companyfacts/CIK0001130464.json,règle R0 (edgar_v3) ; libellé taxonomie : Revenues
64,concept_map,us-gaap:Revenues,normalized_concept,,total_revenue,"edgar_normalize.py reconcile-ixbrl (règles edgar_v3 sha256:c8f8ea3dee554395, automatique)",2026-09-28T15:59:53+00:00,url:https://data.sec.gov/api/xbrl/companyfacts/CIK0001130464.json,règle R0 (edgar_v3) ; libellé taxonomie : Revenues
65,concept_map,us-gaap:Revenues,justification,,"Agrégat des revenus de l'entité (biens, services et autres activités, y compris les revenus hors contrats clients). Prioritaire pour total_revenue (revue n° 14). Définition (us-gaap) : « Amount of revenue recognized from goods sold, services rendered, insurance premiums, or other activities that constitute an earning process. Includes, but is not limited to, investment and interest income before deduction of interest expense when recognized as a component of revenue, and sales and trading gain (loss). »","edgar_normalize.py reconcile-ixbrl (règles edgar_v3 sha256:c8f8ea3dee554395, automatique)",2026-09-28T15:59:53+00:00,url:https://data.sec.gov/api/xbrl/companyfacts/CIK0001130464.json,règle R0 (edgar_v3) ; libellé taxonomie : Revenues
66,facts,0001130464-0001193125-26-337444-us-gaap:Revenues-USD-2025-01-01-2025-06-30,source_context,,C_1b57cd3b-dc2e-4455-b09b-fc63998e50dd,"edgar_normalize.py reconcile-ixbrl (règles edgar_v3 sha256:c8f8ea3dee554395, automatique)",2026-09-28T15:59:53+00:00,fichier:copies/0001130464-0001193125-26-337444/bkh-20260630.htm#sha256=97081102f72fc0fd97fcbf82a8b003b2e537137016840af6d085669f1c37b974,identifiant du contexte XBRL du document
67,facts,0001130464-0001193125-26-337444-us-gaap:Revenues-USD-2025-01-01-2025-06-30,source_dimensions,INCONNU,,"edgar_normalize.py reconcile-ixbrl (règles edgar_v3 sha256:c8f8ea3dee554395, automatique)",2026-09-28T15:59:53+00:00,fichier:copies/0001130464-0001193125-26-337444/bkh-20260630.htm#sha256=97081102f72fc0fd97fcbf82a8b003b2e537137016840af6d085669f1c37b974,établi par le document : contexte sans segment
68,facts,0001130464-0001193125-26-337444-us-gaap:Revenues-USD-2025-01-01-2025-06-30,decimals,,-5,"edgar_normalize.py reconcile-ixbrl (règles edgar_v3 sha256:c8f8ea3dee554395, automatique)",2026-09-28T15:59:53+00:00,fichier:copies/0001130464-0001193125-26-337444/bkh-20260630.htm#sha256=97081102f72fc0fd97fcbf82a8b003b2e537137016840af6d085669f1c37b974,attribut decimals du document
69,facts,0001130464-0001193125-26-337444-us-gaap:Revenues-USD-2025-01-01-2025-06-30,normalized_concept,,total_revenue,"edgar_normalize.py reconcile-ixbrl (règles edgar_v3 sha256:c8f8ea3dee554395, automatique)",2026-09-28T15:59:53+00:00,fichier:copies/0001130464-0001193125-26-337444/bkh-20260630.htm#sha256=97081102f72fc0fd97fcbf82a8b003b2e537137016840af6d085669f1c37b974,R0
70,facts,0001130464-0001193125-26-337444-us-gaap:Revenues-USD-2025-01-01-2025-06-30,transformation,,aucune,"edgar_normalize.py reconcile-ixbrl (règles edgar_v3 sha256:c8f8ea3dee554395, automatique)",2026-09-28T15:59:53+00:00,fichier:copies/0001130464-0001193125-26-337444/bkh-20260630.htm#sha256=97081102f72fc0fd97fcbf82a8b003b2e537137016840af6d085669f1c37b974,valeur reprise telle quelle
71,facts,0001130464-0001193125-26-337444-us-gaap:Revenues-USD-2025-01-01-2025-06-30,value,,1244200000,"edgar_normalize.py reconcile-ixbrl (règles edgar_v3 sha256:c8f8ea3dee554395, automatique)",2026-09-28T15:59:53+00:00,fichier:copies/0001130464-0001193125-26-337444/bkh-20260630.htm#sha256=97081102f72fc0fd97fcbf82a8b003b2e537137016840af6d085669f1c37b974,valeur reprise telle quelle
72,facts,0001130464-0001193125-26-337444-us-gaap:Revenues-USD-2025-01-01-2025-06-30,normalization_justification,,"Règle R0 (règles edgar_v3 sha256:c8f8ea3dee554395) : us-gaap:Revenues [USD, duration] -> total_revenue ; valeur reprise telle quelle ; contexte C_1b57cd3b-dc2e-4455-b09b-fc63998e50dd sans segment dans le document ; entrée brute facts/us-gaap/Revenues/units/USD/122 (sha256 ca5317ea77eef37b…).","edgar_normalize.py reconcile-ixbrl (règles edgar_v3 sha256:c8f8ea3dee554395, automatique)",2026-09-28T15:59:53+00:00,fichier:copies/0001130464-0001193125-26-337444/bkh-20260630.htm#sha256=97081102f72fc0fd97fcbf82a8b003b2e537137016840af6d085669f1c37b974,R0
73,facts,0001130464-0001193125-26-337444-us-gaap:Revenues-USD-2025-01-01-2025-06-30,reconciled,,auto,"edgar_normalize.py reconcile-ixbrl (règles edgar_v3 sha256:c8f8ea3dee554395, automatique)",2026-09-28T15:59:53+00:00,fichier:copies/0001130464-0001193125-26-337444/bkh-20260630.htm#sha256=97081102f72fc0fd97fcbf82a8b003b2e537137016840af6d085669f1c37b974,rapprochement automatique XBRL en ligne
74,facts,0001130464-0001193125-26-337444-us-gaap:Revenues-USD-2025-01-01-2025-06-30,reconciled_note,,"AUTOMATIQUE : copies/0001130464-0001193125-26-337444/bkh-20260630.htm (sha256 97081102f72fc0fd…), 3 élément(s) ix:nonFraction us-gaap:Revenues contexte C_1b57cd3b-dc2e-4455-b09b-fc63998e50dd sans segment, id F_13991bb3-98bb-4610-ae2a-95b385e0488c, affiché « 1,244.2 », échelle 6 = 1244200000.0 ; à relire par une personne.","edgar_normalize.py reconcile-ixbrl (règles edgar_v3 sha256:c8f8ea3dee554395, automatique)",2026-09-28T15:59:53+00:00,fichier:copies/0001130464-0001193125-26-337444/bkh-20260630.htm#sha256=97081102f72fc0fd97fcbf82a8b003b2e537137016840af6d085669f1c37b974,
75,facts,0001130464-0001193125-26-337444-us-gaap:Revenues-USD-2025-04-01-2025-06-30,source_context,,C_4da4795c-6e11-4a95-aa2f-81ff384e8fc7,"edgar_normalize.py reconcile-ixbrl (règles edgar_v3 sha256:c8f8ea3dee554395, automatique)",2026-09-28T15:59:53+00:00,fichier:copies/0001130464-0001193125-26-337444/bkh-20260630.htm#sha256=97081102f72fc0fd97fcbf82a8b003b2e537137016840af6d085669f1c37b974,identifiant du contexte XBRL du document
76,facts,0001130464-0001193125-26-337444-us-gaap:Revenues-USD-2025-04-01-2025-06-30,source_dimensions,INCONNU,,"edgar_normalize.py reconcile-ixbrl (règles edgar_v3 sha256:c8f8ea3dee554395, automatique)",2026-09-28T15:59:53+00:00,fichier:copies/0001130464-0001193125-26-337444/bkh-20260630.htm#sha256=97081102f72fc0fd97fcbf82a8b003b2e537137016840af6d085669f1c37b974,établi par le document : contexte sans segment
77,facts,0001130464-0001193125-26-337444-us-gaap:Revenues-USD-2025-04-01-2025-06-30,decimals,,-5,"edgar_normalize.py reconcile-ixbrl (règles edgar_v3 sha256:c8f8ea3dee554395, automatique)",2026-09-28T15:59:53+00:00,fichier:copies/0001130464-0001193125-26-337444/bkh-20260630.htm#sha256=97081102f72fc0fd97fcbf82a8b003b2e537137016840af6d085669f1c37b974,attribut decimals du document
78,facts,0001130464-0001193125-26-337444-us-gaap:Revenues-USD-2025-04-01-2025-06-30,normalized_concept,,total_revenue,"edgar_normalize.py reconcile-ixbrl (règles edgar_v3 sha256:c8f8ea3dee554395, automatique)",2026-09-28T15:59:53+00:00,fichier:copies/0001130464-0001193125-26-337444/bkh-20260630.htm#sha256=97081102f72fc0fd97fcbf82a8b003b2e537137016840af6d085669f1c37b974,R0
79,facts,0001130464-0001193125-26-337444-us-gaap:Revenues-USD-2025-04-01-2025-06-30,transformation,,aucune,"edgar_normalize.py reconcile-ixbrl (règles edgar_v3 sha256:c8f8ea3dee554395, automatique)",2026-09-28T15:59:53+00:00,fichier:copies/0001130464-0001193125-26-337444/bkh-20260630.htm#sha256=97081102f72fc0fd97fcbf82a8b003b2e537137016840af6d085669f1c37b974,valeur reprise telle quelle
80,facts,0001130464-0001193125-26-337444-us-gaap:Revenues-USD-2025-04-01-2025-06-30,value,,439000000,"edgar_normalize.py reconcile-ixbrl (règles edgar_v3 sha256:c8f8ea3dee554395, automatique)",2026-09-28T15:59:53+00:00,fichier:copies/0001130464-0001193125-26-337444/bkh-20260630.htm#sha256=97081102f72fc0fd97fcbf82a8b003b2e537137016840af6d085669f1c37b974,valeur reprise telle quelle
81,facts,0001130464-0001193125-26-337444-us-gaap:Revenues-USD-2025-04-01-2025-06-30,normalization_justification,,"Règle R0 (règles edgar_v3 sha256:c8f8ea3dee554395) : us-gaap:Revenues [USD, duration] -> total_revenue ; valeur reprise telle quelle ; contexte C_4da4795c-6e11-4a95-aa2f-81ff384e8fc7 sans segment dans le document ; entrée brute facts/us-gaap/Revenues/units/USD/124 (sha256 aec2a119608e32d2…).","edgar_normalize.py reconcile-ixbrl (règles edgar_v3 sha256:c8f8ea3dee554395, automatique)",2026-09-28T15:59:53+00:00,fichier:copies/0001130464-0001193125-26-337444/bkh-20260630.htm#sha256=97081102f72fc0fd97fcbf82a8b003b2e537137016840af6d085669f1c37b974,R0
82,facts,0001130464-0001193125-26-337444-us-gaap:Revenues-USD-2025-04-01-2025-06-30,reconciled,,auto,"edgar_normalize.py reconcile-ixbrl (règles edgar_v3 sha256:c8f8ea3dee554395, automatique)",2026-09-28T15:59:53+00:00,fichier:copies/0001130464-0001193125-26-337444/bkh-20260630.htm#sha256=97081102f72fc0fd97fcbf82a8b003b2e537137016840af6d085669f1c37b974,rapprochement automatique XBRL en ligne
83,facts,0001130464-0001193125-26-337444-us-gaap:Revenues-USD-2025-04-01-2025-06-30,reconciled_note,,"AUTOMATIQUE : copies/0001130464-0001193125-26-337444/bkh-20260630.htm (sha256 97081102f72fc0fd…), 3 élément(s) ix:nonFraction us-gaap:Revenues contexte C_4da4795c-6e11-4a95-aa2f-81ff384e8fc7 sans segment, id F_b86824e3-aefe-4a36-9904-54d6a2854b81, affiché « 439.0 », échelle 6 = 439000000.0 ; à relire par une personne.","edgar_normalize.py reconcile-ixbrl (règles edgar_v3 sha256:c8f8ea3dee554395, automatique)",2026-09-28T15:59:53+00:00,fichier:copies/0001130464-0001193125-26-337444/bkh-20260630.htm#sha256=97081102f72fc0fd97fcbf82a8b003b2e537137016840af6d085669f1c37b974,
84,facts,0001130464-0001193125-26-337444-us-gaap:Revenues-USD-2026-01-01-2026-06-30,source_context,,C_d003b75b-e028-4192-b97d-b43705b994a2,"edgar_normalize.py reconcile-ixbrl (règles edgar_v3 sha256:c8f8ea3dee554395, automatique)",2026-09-28T15:59:53+00:00,fichier:copies/0001130464-0001193125-26-337444/bkh-20260630.htm#sha256=97081102f72fc0fd97fcbf82a8b003b2e537137016840af6d085669f1c37b974,identifiant du contexte XBRL du document
85,facts,0001130464-0001193125-26-337444-us-gaap:Revenues-USD-2026-01-01-2026-06-30,source_dimensions,INCONNU,,"edgar_normalize.py reconcile-ixbrl (règles edgar_v3 sha256:c8f8ea3dee554395, automatique)",2026-09-28T15:59:53+00:00,fichier:copies/0001130464-0001193125-26-337444/bkh-20260630.htm#sha256=97081102f72fc0fd97fcbf82a8b003b2e537137016840af6d085669f1c37b974,établi par le document : contexte sans segment
86,facts,0001130464-0001193125-26-337444-us-gaap:Revenues-USD-2026-01-01-2026-06-30,decimals,,-5,"edgar_normalize.py reconcile-ixbrl (règles edgar_v3 sha256:c8f8ea3dee554395, automatique)",2026-09-28T15:59:53+00:00,fichier:copies/0001130464-0001193125-26-337444/bkh-20260630.htm#sha256=97081102f72fc0fd97fcbf82a8b003b2e537137016840af6d085669f1c37b974,attribut decimals du document
87,facts,0001130464-0001193125-26-337444-us-gaap:Revenues-USD-2026-01-01-2026-06-30,normalized_concept,,total_revenue,"edgar_normalize.py reconcile-ixbrl (règles edgar_v3 sha256:c8f8ea3dee554395, automatique)",2026-09-28T15:59:53+00:00,fichier:copies/0001130464-0001193125-26-337444/bkh-20260630.htm#sha256=97081102f72fc0fd97fcbf82a8b003b2e537137016840af6d085669f1c37b974,R0
88,facts,0001130464-0001193125-26-337444-us-gaap:Revenues-USD-2026-01-01-2026-06-30,transformation,,aucune,"edgar_normalize.py reconcile-ixbrl (règles edgar_v3 sha256:c8f8ea3dee554395, automatique)",2026-09-28T15:59:53+00:00,fichier:copies/0001130464-0001193125-26-337444/bkh-20260630.htm#sha256=97081102f72fc0fd97fcbf82a8b003b2e537137016840af6d085669f1c37b974,valeur reprise telle quelle
89,facts,0001130464-0001193125-26-337444-us-gaap:Revenues-USD-2026-01-01-2026-06-30,value,,1233500000,"edgar_normalize.py reconcile-ixbrl (règles edgar_v3 sha256:c8f8ea3dee554395, automatique)",2026-09-28T15:59:53+00:00,fichier:copies/0001130464-0001193125-26-337444/bkh-20260630.htm#sha256=97081102f72fc0fd97fcbf82a8b003b2e537137016840af6d085669f1c37b974,valeur reprise telle quelle
90,facts,0001130464-0001193125-26-337444-us-gaap:Revenues-USD-2026-01-01-2026-06-30,normalization_justification,,"Règle R0 (règles edgar_v3 sha256:c8f8ea3dee554395) : us-gaap:Revenues [USD, duration] -> total_revenue ; valeur reprise telle quelle ; contexte C_d003b75b-e028-4192-b97d-b43705b994a2 sans segment dans le document ; entrée brute facts/us-gaap/Revenues/units/USD/129 (sha256 f4b9d9e32102c5bf…).","edgar_normalize.py reconcile-ixbrl (règles edgar_v3 sha256:c8f8ea3dee554395, automatique)",2026-09-28T15:59:53+00:00,fichier:copies/0001130464-0001193125-26-337444/bkh-20260630.htm#sha256=97081102f72fc0fd97fcbf82a8b003b2e537137016840af6d085669f1c37b974,R0
91,facts,0001130464-0001193125-26-337444-us-gaap:Revenues-USD-2026-01-01-2026-06-30,reconciled,,auto,"edgar_normalize.py reconcile-ixbrl (règles edgar_v3 sha256:c8f8ea3dee554395, automatique)",2026-09-28T15:59:53+00:00,fichier:copies/0001130464-0001193125-26-337444/bkh-20260630.htm#sha256=97081102f72fc0fd97fcbf82a8b003b2e537137016840af6d085669f1c37b974,rapprochement automatique XBRL en ligne
92,facts,0001130464-0001193125-26-337444-us-gaap:Revenues-USD-2026-01-01-2026-06-30,reconciled_note,,"AUTOMATIQUE : copies/0001130464-0001193125-26-337444/bkh-20260630.htm (sha256 97081102f72fc0fd…), 3 élément(s) ix:nonFraction us-gaap:Revenues contexte C_d003b75b-e028-4192-b97d-b43705b994a2 sans segment, id F_c9f76830-d3eb-4347-be21-d8dc0d77fd56, affiché « 1,233.5 », échelle 6 = 1233500000.0 ; à relire par une personne.","edgar_normalize.py reconcile-ixbrl (règles edgar_v3 sha256:c8f8ea3dee554395, automatique)",2026-09-28T15:59:53+00:00,fichier:copies/0001130464-0001193125-26-337444/bkh-20260630.htm#sha256=97081102f72fc0fd97fcbf82a8b003b2e537137016840af6d085669f1c37b974,
93,facts,0001130464-0001193125-26-337444-us-gaap:Revenues-USD-2026-04-01-2026-06-30,source_context,,C_60aa3aac-d2f4-454b-b5a9-3d06732acba7,"edgar_normalize.py reconcile-ixbrl (règles edgar_v3 sha256:c8f8ea3dee554395, automatique)",2026-09-28T15:59:53+00:00,fichier:copies/0001130464-0001193125-26-337444/bkh-20260630.htm#sha256=97081102f72fc0fd97fcbf82a8b003b2e537137016840af6d085669f1c37b974,identifiant du contexte XBRL du document
94,facts,0001130464-0001193125-26-337444-us-gaap:Revenues-USD-2026-04-01-2026-06-30,source_dimensions,INCONNU,,"edgar_normalize.py reconcile-ixbrl (règles edgar_v3 sha256:c8f8ea3dee554395, automatique)",2026-09-28T15:59:53+00:00,fichier:copies/0001130464-0001193125-26-337444/bkh-20260630.htm#sha256=97081102f72fc0fd97fcbf82a8b003b2e537137016840af6d085669f1c37b974,établi par le document : contexte sans segment
95,facts,0001130464-0001193125-26-337444-us-gaap:Revenues-USD-2026-04-01-2026-06-30,decimals,,-5,"edgar_normalize.py reconcile-ixbrl (règles edgar_v3 sha256:c8f8ea3dee554395, automatique)",2026-09-28T15:59:53+00:00,fichier:copies/0001130464-0001193125-26-337444/bkh-20260630.htm#sha256=97081102f72fc0fd97fcbf82a8b003b2e537137016840af6d085669f1c37b974,attribut decimals du document
96,facts,0001130464-0001193125-26-337444-us-gaap:Revenues-USD-2026-04-01-2026-06-30,normalized_concept,,total_revenue,"edgar_normalize.py reconcile-ixbrl (règles edgar_v3 sha256:c8f8ea3dee554395, automatique)",2026-09-28T15:59:53+00:00,fichier:copies/0001130464-0001193125-26-337444/bkh-20260630.htm#sha256=97081102f72fc0fd97fcbf82a8b003b2e537137016840af6d085669f1c37b974,R0
97,facts,0001130464-0001193125-26-337444-us-gaap:Revenues-USD-2026-04-01-2026-06-30,transformation,,aucune,"edgar_normalize.py reconcile-ixbrl (règles edgar_v3 sha256:c8f8ea3dee554395, automatique)",2026-09-28T15:59:53+00:00,fichier:copies/0001130464-0001193125-26-337444/bkh-20260630.htm#sha256=97081102f72fc0fd97fcbf82a8b003b2e537137016840af6d085669f1c37b974,valeur reprise telle quelle
98,facts,0001130464-0001193125-26-337444-us-gaap:Revenues-USD-2026-04-01-2026-06-30,value,,452800000,"edgar_normalize.py reconcile-ixbrl (règles edgar_v3 sha256:c8f8ea3dee554395, automatique)",2026-09-28T15:59:53+00:00,fichier:copies/0001130464-0001193125-26-337444/bkh-20260630.htm#sha256=97081102f72fc0fd97fcbf82a8b003b2e537137016840af6d085669f1c37b974,valeur reprise telle quelle
99,facts,0001130464-0001193125-26-337444-us-gaap:Revenues-USD-2026-04-01-2026-06-30,normalization_justification,,"Règle R0 (règles edgar_v3 sha256:c8f8ea3dee554395) : us-gaap:Revenues [USD, duration] -> total_revenue ; valeur reprise telle quelle ; contexte C_60aa3aac-d2f4-454b-b5a9-3d06732acba7 sans segment dans le document ; entrée brute facts/us-gaap/Revenues/units/USD/130 (sha256 8939b6a8833fae35…).","edgar_normalize.py reconcile-ixbrl (règles edgar_v3 sha256:c8f8ea3dee554395, automatique)",2026-09-28T15:59:53+00:00,fichier:copies/0001130464-0001193125-26-337444/bkh-20260630.htm#sha256=97081102f72fc0fd97fcbf82a8b003b2e537137016840af6d085669f1c37b974,R0
100,facts,0001130464-0001193125-26-337444-us-gaap:Revenues-USD-2026-04-01-2026-06-30,reconciled,,auto,"edgar_normalize.py reconcile-ixbrl (règles edgar_v3 sha256:c8f8ea3dee554395, automatique)",2026-09-28T15:59:53+00:00,fichier:copies/0001130464-0001193125-26-337444/bkh-20260630.htm#sha256=97081102f72fc0fd97fcbf82a8b003b2e537137016840af6d085669f1c37b974,rapprochement automatique XBRL en ligne
101,facts,0001130464-0001193125-26-337444-us-gaap:Revenues-USD-2026-04-01-2026-06-30,reconciled_note,,"AUTOMATIQUE : copies/0001130464-0001193125-26-337444/bkh-20260630.htm (sha256 97081102f72fc0fd…), 3 élément(s) ix:nonFraction us-gaap:Revenues contexte C_60aa3aac-d2f4-454b-b5a9-3d06732acba7 sans segment, id F_331084b1-3560-4202-8cc0-6b58d133d7a0, affiché « 452.8 », échelle 6 = 452800000.0 ; à relire par une personne.","edgar_normalize.py reconcile-ixbrl (règles edgar_v3 sha256:c8f8ea3dee554395, automatique)",2026-09-28T15:59:53+00:00,fichier:copies/0001130464-0001193125-26-337444/bkh-20260630.htm#sha256=97081102f72fc0fd97fcbf82a8b003b2e537137016840af6d085669f1c37b974,
102,facts,0001130464-0001130464-16-000209-us-gaap:Assets-USD--2015-06-30,normalization_justification,,NON NORMALISÉ : en attente du rapprochement avec son document (dimensions non établies) (edgar_v3),"edgar_normalize.py reconcile-ixbrl (règles edgar_v3 sha256:c8f8ea3dee554395, automatique)",2026-09-28T15:59:53+00:00,doc:0001130464-0001130464-16-000209,exclusion explicite
103,facts,0001130464-0001130464-16-000217-us-gaap:Assets-USD--2015-09-30,normalization_justification,,NON NORMALISÉ : en attente du rapprochement avec son document (dimensions non établies) (edgar_v3),"edgar_normalize.py reconcile-ixbrl (règles edgar_v3 sha256:c8f8ea3dee554395, automatique)",2026-09-28T15:59:53+00:00,doc:0001130464-0001130464-16-000217,exclusion explicite
104,facts,0001130464-0001130464-16-000209-us-gaap:Assets-USD--2015-12-31,normalization_justification,,NON NORMALISÉ : en attente du rapprochement avec son document (dimensions non établies) (edgar_v3),"edgar_normalize.py reconcile-ixbrl (règles edgar_v3 sha256:c8f8ea3dee554395, automatique)",2026-09-28T15:59:53+00:00,doc:0001130464-0001130464-16-000209,exclusion explicite
105,facts,0001130464-0001130464-16-000217-us-gaap:Assets-USD--2015-12-31,normalization_justification,,NON NORMALISÉ : en attente du rapprochement avec son document (dimensions non établies) (edgar_v3),"edgar_normalize.py reconcile-ixbrl (règles edgar_v3 sha256:c8f8ea3dee554395, automatique)",2026-09-28T15:59:53+00:00,doc:0001130464-0001130464-16-000217,exclusion explicite
106,facts,0001130464-0001130464-17-000010-us-gaap:Assets-USD--2015-12-31,normalization_justification,,NON NORMALISÉ : en attente du rapprochement avec son document (dimensions non établies) (edgar_v3),"edgar_normalize.py reconcile-ixbrl (règles edgar_v3 sha256:c8f8ea3dee554395, automatique)",2026-09-28T15:59:53+00:00,doc:0001130464-0001130464-17-000010,exclusion explicite
107,facts,0001130464-0001130464-17-000025-us-gaap:Assets-USD--2016-03-31,normalization_justification,,NON NORMALISÉ : en attente du rapprochement avec son document (dimensions non établies) (edgar_v3),"edgar_normalize.py reconcile-ixbrl (règles edgar_v3 sha256:c8f8ea3dee554395, automatique)",2026-09-28T15:59:53+00:00,doc:0001130464-0001130464-17-000025,exclusion explicite
108,facts,0001130464-0001130464-16-000209-us-gaap:Assets-USD--2016-06-30,normalization_justification,,NON NORMALISÉ : en attente du rapprochement avec son document (dimensions non établies) (edgar_v3),"edgar_normalize.py reconcile-ixbrl (règles edgar_v3 sha256:c8f8ea3dee554395, automatique)",2026-09-28T15:59:53+00:00,doc:0001130464-0001130464-16-000209,exclusion explicite
109,facts,0001130464-0001130464-17-000041-us-gaap:Assets-USD--2016-06-30,normalization_justification,,NON NORMALISÉ : en attente du rapprochement avec son document (dimensions non établies) (edgar_v3),"edgar_normalize.py reconcile-ixbrl (règles edgar_v3 sha256:c8f8ea3dee554395, automatique)",2026-09-28T15:59:53+00:00,doc:0001130464-0001130464-17-000041,exclusion explicite
110,facts,0001130464-0001130464-16-000217-us-gaap:Assets-USD--2016-09-30,normalization_justification,,NON NORMALISÉ : en attente du rapprochement avec son document (dimensions non établies) (edgar_v3),"edgar_normalize.py reconcile-ixbrl (règles edgar_v3 sha256:c8f8ea3dee554395, automatique)",2026-09-28T15:59:53+00:00,doc:0001130464-0001130464-16-000217,exclusion explicite
111,facts,0001130464-0001130464-17-000053-us-gaap:Assets-USD--2016-09-30,normalization_justification,,NON NORMALISÉ : en attente du rapprochement avec son document (dimensions non établies) (edgar_v3),"edgar_normalize.py reconcile-ixbrl (règles edgar_v3 sha256:c8f8ea3dee554395, automatique)",2026-09-28T15:59:53+00:00,doc:0001130464-0001130464-17-000053,exclusion explicite
112,facts,0001130464-0001130464-17-000010-us-gaap:Assets-USD--2016-12-31,normalization_justification,,NON NORMALISÉ : en attente du rapprochement avec son document (dimensions non établies) (edgar_v3),"edgar_normalize.py reconcile-ixbrl (règles edgar_v3 sha256:c8f8ea3dee554395, automatique)",2026-09-28T15:59:53+00:00,doc:0001130464-0001130464-17-000010,exclusion explicite
113,facts,0001130464-0001130464-17-000025-us-gaap:Assets-USD--2016-12-31,normalization_justification,,NON NORMALISÉ : en attente du rapprochement avec son document (dimensions non établies) (edgar_v3),"edgar_normalize.py reconcile-ixbrl (règles edgar_v3 sha256:c8f8ea3dee554395, automatique)",2026-09-28T15:59:53+00:00,doc:0001130464-0001130464-17-000025,exclusion explicite
114,facts,0001130464-0001130464-17-000041-us-gaap:Assets-USD--2016-12-31,normalization_justification,,NON NORMALISÉ : en attente du rapprochement avec son document (dimensions non établies) (edgar_v3),"edgar_normalize.py reconcile-ixbrl (règles edgar_v3 sha256:c8f8ea3dee554395, automatique)",2026-09-28T15:59:53+00:00,doc:0001130464-0001130464-17-000041,exclusion explicite
115,facts,0001130464-0001130464-17-000053-us-gaap:Assets-USD--2016-12-31,normalization_justification,,NON NORMALISÉ : en attente du rapprochement avec son document (dimensions non établies) (edgar_v3),"edgar_normalize.py reconcile-ixbrl (règles edgar_v3 sha256:c8f8ea3dee554395, automatique)",2026-09-28T15:59:53+00:00,doc:0001130464-0001130464-17-000053,exclusion explicite
116,facts,0001130464-0001130464-18-000014-us-gaap:Assets-USD--2016-12-31,normalization_justification,,NON NORMALISÉ : en attente du rapprochement avec son document (dimensions non établies) (edgar_v3),"edgar_normalize.py reconcile-ixbrl (règles edgar_v3 sha256:c8f8ea3dee554395, automatique)",2026-09-28T15:59:53+00:00,doc:0001130464-0001130464-18-000014,exclusion explicite
117,facts,0001130464-0001130464-17-000025-us-gaap:Assets-USD--2017-03-31,normalization_justification,,NON NORMALISÉ : en attente du rapprochement avec son document (dimensions non établies) (edgar_v3),"edgar_normalize.py reconcile-ixbrl (règles edgar_v3 sha256:c8f8ea3dee554395, automatique)",2026-09-28T15:59:53+00:00,doc:0001130464-0001130464-17-000025,exclusion explicite
118,facts,0001130464-0001130464-18-000029-us-gaap:Assets-USD--2017-03-31,normalization_justification,,NON NORMALISÉ : en attente du rapprochement avec son document (dimensions non établies) (edgar_v3),"edgar_normalize.py reconcile-ixbrl (règles edgar_v3 sha256:c8f8ea3dee554395, automatique)",2026-09-28T15:59:53+00:00,doc:0001130464-0001130464-18-000029,exclusion explicite
119,facts,0001130464-0001130464-17-000041-us-gaap:Assets-USD--2017-06-30,normalization_justification,,NON NORMALISÉ : en attente du rapprochement avec son document (dimensions non établies) (edgar_v3),"edgar_normalize.py reconcile-ixbrl (règles edgar_v3 sha256:c8f8ea3dee554395, automatique)",2026-09-28T15:59:53+00:00,doc:0001130464-0001130464-17-000041,exclusion explicite
120,facts,0001130464-0001130464-18-000044-us-gaap:Assets-USD--2017-06-30,normalization_justification,,NON NORMALISÉ : en attente du rapprochement avec son document (dimensions non établies) (edgar_v3),"edgar_normalize.py reconcile-ixbrl (règles edgar_v3 sha256:c8f8ea3dee554395, automatique)",2026-09-28T15:59:53+00:00,doc:0001130464-0001130464-18-000044,exclusion explicite
121,facts,0001130464-0001130464-17-000053-us-gaap:Assets-USD--2017-09-30,normalization_justification,,NON NORMALISÉ : en attente du rapprochement avec son document (dimensions non établies) (edgar_v3),"edgar_normalize.py reconcile-ixbrl (règles edgar_v3 sha256:c8f8ea3dee554395, automatique)",2026-09-28T15:59:53+00:00,doc:0001130464-0001130464-17-000053,exclusion explicite
122,facts,0001130464-0001130464-18-000053-us-gaap:Assets-USD--2017-09-30,normalization_justification,,NON NORMALISÉ : en attente du rapprochement avec son document (dimensions non établies) (edgar_v3),"edgar_normalize.py reconcile-ixbrl (règles edgar_v3 sha256:c8f8ea3dee554395, automatique)",2026-09-28T15:59:53+00:00,doc:0001130464-0001130464-18-000053,exclusion explicite
123,facts,0001130464-0001130464-18-000014-us-gaap:Assets-USD--2017-12-31,normalization_justification,,NON NORMALISÉ : en attente du rapprochement avec son document (dimensions non établies) (edgar_v3),"edgar_normalize.py reconcile-ixbrl (règles edgar_v3 sha256:c8f8ea3dee554395, automatique)",2026-09-28T15:59:53+00:00,doc:0001130464-0001130464-18-000014,exclusion explicite
124,facts,0001130464-0001130464-18-000029-us-gaap:Assets-USD--2017-12-31,normalization_justification,,NON NORMALISÉ : en attente du rapprochement avec son document (dimensions non établies) (edgar_v3),"edgar_normalize.py reconcile-ixbrl (règles edgar_v3 sha256:c8f8ea3dee554395, automatique)",2026-09-28T15:59:53+00:00,doc:0001130464-0001130464-18-000029,exclusion explicite
125,facts,0001130464-0001130464-18-000044-us-gaap:Assets-USD--2017-12-31,normalization_justification,,NON NORMALISÉ : en attente du rapprochement avec son document (dimensions non établies) (edgar_v3),"edgar_normalize.py reconcile-ixbrl (règles edgar_v3 sha256:c8f8ea3dee554395, automatique)",2026-09-28T15:59:53+00:00,doc:0001130464-0001130464-18-000044,exclusion explicite
126,facts,0001130464-0001130464-18-000053-us-gaap:Assets-USD--2017-12-31,normalization_justification,,NON NORMALISÉ : en attente du rapprochement avec son document (dimensions non établies) (edgar_v3),"edgar_normalize.py reconcile-ixbrl (règles edgar_v3 sha256:c8f8ea3dee554395, automatique)",2026-09-28T15:59:53+00:00,doc:0001130464-0001130464-18-000053,exclusion explicite
127,facts,0001130464-0001130464-19-000012-us-gaap:Assets-USD--2017-12-31,normalization_justification,,NON NORMALISÉ : en attente du rapprochement avec son document (dimensions non établies) (edgar_v3),"edgar_normalize.py reconcile-ixbrl (règles edgar_v3 sha256:c8f8ea3dee554395, automatique)",2026-09-28T15:59:53+00:00,doc:0001130464-0001130464-19-000012,exclusion explicite
128,facts,0001130464-0001130464-18-000029-us-gaap:Assets-USD--2018-03-31,normalization_justification,,NON NORMALISÉ : en attente du rapprochement avec son document (dimensions non établies) (edgar_v3),"edgar_normalize.py reconcile-ixbrl (règles edgar_v3 sha256:c8f8ea3dee554395, automatique)",2026-09-28T15:59:53+00:00,doc:0001130464-0001130464-18-000029,exclusion explicite
129,facts,0001130464-0001130464-19-000021-us-gaap:Assets-USD--2018-03-31,normalization_justification,,NON NORMALISÉ : en attente du rapprochement avec son document (dimensions non établies) (edgar_v3),"edgar_normalize.py reconcile-ixbrl (règles edgar_v3 sha256:c8f8ea3dee554395, automatique)",2026-09-28T15:59:53+00:00,doc:0001130464-0001130464-19-000021,exclusion explicite
130,facts,0001130464-0001130464-18-000044-us-gaap:Assets-USD--2018-06-30,normalization_justification,,NON NORMALISÉ : en attente du rapprochement avec son document (dimensions non établies) (edgar_v3),"edgar_normalize.py reconcile-ixbrl (règles edgar_v3 sha256:c8f8ea3dee554395, automatique)",2026-09-28T15:59:53+00:00,doc:0001130464-0001130464-18-000044,exclusion explicite
131,facts,0001130464-0001130464-18-000053-us-gaap:Assets-USD--2018-09-30,normalization_justification,,NON NORMALISÉ : en attente du rapprochement avec son document (dimensions non établies) (edgar_v3),"edgar_normalize.py reconcile-ixbrl (règles edgar_v3 sha256:c8f8ea3dee554395, automatique)",2026-09-28T15:59:53+00:00,doc:0001130464-0001130464-18-000053,exclusion explicite
132,facts,0001130464-0001130464-19-000012-us-gaap:Assets-USD--2018-12-31,normalization_justification,,NON NORMALISÉ : en attente du rapprochement avec son document (dimensions non établies) (edgar_v3),"edgar_normalize.py reconcile-ixbrl (règles edgar_v3 sha256:c8f8ea3dee554395, automatique)",2026-09-28T15:59:53+00:00,doc:0001130464-0001130464-19-000012,exclusion explicite
133,facts,0001130464-0001130464-19-000021-us-gaap:Assets-USD--2018-12-31,normalization_justification,,NON NORMALISÉ : en attente du rapprochement avec son document (dimensions non établies) (edgar_v3),"edgar_normalize.py reconcile-ixbrl (règles edgar_v3 sha256:c8f8ea3dee554395, automatique)",2026-09-28T15:59:53+00:00,doc:0001130464-0001130464-19-000021,exclusion explicite
134,facts,0001130464-0001130464-19-000035-us-gaap:Assets-USD--2018-12-31,normalization_justification,,NON NORMALISÉ : en attente du rapprochement avec son document (dimensions non établies) (edgar_v3),"edgar_normalize.py reconcile-ixbrl (règles edgar_v3 sha256:c8f8ea3dee554395, automatique)",2026-09-28T15:59:53+00:00,doc:0001130464-0001130464-19-000035,exclusion explicite
135,facts,0001130464-0001130464-19-000043-us-gaap:Assets-USD--2018-12-31,normalization_justification,,NON NORMALISÉ : en attente du rapprochement avec son document (dimensions non établies) (edgar_v3),"edgar_normalize.py reconcile-ixbrl (règles edgar_v3 sha256:c8f8ea3dee554395, automatique)",2026-09-28T15:59:53+00:00,doc:0001130464-0001130464-19-000043,exclusion explicite
136,facts,0001130464-0001130464-20-000006-us-gaap:Assets-USD--2018-12-31,normalization_justification,,NON NORMALISÉ : en attente du rapprochement avec son document (dimensions non établies) (edgar_v3),"edgar_normalize.py reconcile-ixbrl (règles edgar_v3 sha256:c8f8ea3dee554395, automatique)",2026-09-28T15:59:53+00:00,doc:0001130464-0001130464-20-000006,exclusion explicite
137,facts,0001130464-0001130464-19-000021-us-gaap:Assets-USD--2019-03-31,normalization_justification,,NON NORMALISÉ : en attente du rapprochement avec son document (dimensions non établies) (edgar_v3),"edgar_normalize.py reconcile-ixbrl (règles edgar_v3 sha256:c8f8ea3dee554395, automatique)",2026-09-28T15:59:53+00:00,doc:0001130464-0001130464-19-000021,exclusion explicite
138,facts,0001130464-0001130464-19-000035-us-gaap:Assets-USD--2019-06-30,normalization_justification,,NON NORMALISÉ : en attente du rapprochement avec son document (dimensions non établies) (edgar_v3),"edgar_normalize.py reconcile-ixbrl (règles edgar_v3 sha256:c8f8ea3dee554395, automatique)",2026-09-28T15:59:53+00:00,doc:0001130464-0001130464-19-000035,exclusion explicite
139,facts,0001130464-0001130464-19-000043-us-gaap:Assets-USD--2019-09-30,normalization_justification,,NON NORMALISÉ : en attente du rapprochement avec son document (dimensions non établies) (edgar_v3),"edgar_normalize.py reconcile-ixbrl (règles edgar_v3 sha256:c8f8ea3dee554395, automatique)",2026-09-28T15:59:53+00:00,doc:0001130464-0001130464-19-000043,exclusion explicite
140,facts,0001130464-0001130464-20-000006-us-gaap:Assets-USD--2019-12-31,normalization_justification,,NON NORMALISÉ : en attente du rapprochement avec son document (dimensions non établies) (edgar_v3),"edgar_normalize.py reconcile-ixbrl (règles edgar_v3 sha256:c8f8ea3dee554395, automatique)",2026-09-28T15:59:53+00:00,doc:0001130464-0001130464-20-000006,exclusion explicite
141,facts,0001130464-0001130464-20-000024-us-gaap:Assets-USD--2019-12-31,normalization_justification,,NON NORMALISÉ : en attente du rapprochement avec son document (dimensions non établies) (edgar_v3),"edgar_normalize.py reconcile-ixbrl (règles edgar_v3 sha256:c8f8ea3dee554395, automatique)",2026-09-28T15:59:53+00:00,doc:0001130464-0001130464-20-000024,exclusion explicite
142,facts,0001130464-0001130464-20-000034-us-gaap:Assets-USD--2019-12-31,normalization_justification,,NON NORMALISÉ : en attente du rapprochement avec son document (dimensions non établies) (edgar_v3),"edgar_normalize.py reconcile-ixbrl (règles edgar_v3 sha256:c8f8ea3dee554395, automatique)",2026-09-28T15:59:53+00:00,doc:0001130464-0001130464-20-000034,exclusion explicite
143,facts,0001130464-0001130464-20-000043-us-gaap:Assets-USD--2019-12-31,normalization_justification,,NON NORMALISÉ : en attente du rapprochement avec son document (dimensions non établies) (edgar_v3),"edgar_normalize.py reconcile-ixbrl (règles edgar_v3 sha256:c8f8ea3dee554395, automatique)",2026-09-28T15:59:53+00:00,doc:0001130464-0001130464-20-000043,exclusion explicite
144,facts,0001130464-0001130464-21-000007-us-gaap:Assets-USD--2019-12-31,normalization_justification,,NON NORMALISÉ : en attente du rapprochement avec son document (dimensions non établies) (edgar_v3),"edgar_normalize.py reconcile-ixbrl (règles edgar_v3 sha256:c8f8ea3dee554395, automatique)",2026-09-28T15:59:53+00:00,doc:0001130464-0001130464-21-000007,exclusion explicite
145,facts,0001130464-0001130464-20-000024-us-gaap:Assets-USD--2020-03-31,normalization_justification,,NON NORMALISÉ : en attente du rapprochement avec son document (dimensions non établies) (edgar_v3),"edgar_normalize.py reconcile-ixbrl (règles edgar_v3 sha256:c8f8ea3dee554395, automatique)",2026-09-28T15:59:53+00:00,doc:0001130464-0001130464-20-000024,exclusion explicite
146,facts,0001130464-0001130464-20-000034-us-gaap:Assets-USD--2020-06-30,normalization_justification,,NON NORMALISÉ : en attente du rapprochement avec son document (dimensions non établies) (edgar_v3),"edgar_normalize.py reconcile-ixbrl (règles edgar_v3 sha256:c8f8ea3dee554395, automatique)",2026-09-28T15:59:53+00:00,doc:0001130464-0001130464-20-000034,exclusion explicite
147,facts,0001130464-0001130464-20-000043-us-gaap:Assets-USD--2020-09-30,normalization_justification,,NON NORMALISÉ : en attente du rapprochement avec son document (dimensions non établies) (edgar_v3),"edgar_normalize.py reconcile-ixbrl (règles edgar_v3 sha256:c8f8ea3dee554395, automatique)",2026-09-28T15:59:53+00:00,doc:0001130464-0001130464-20-000043,exclusion explicite
148,facts,0001130464-0001130464-21-000007-us-gaap:Assets-USD--2020-12-31,normalization_justification,,NON NORMALISÉ : en attente du rapprochement avec son document (dimensions non établies) (edgar_v3),"edgar_normalize.py reconcile-ixbrl (règles edgar_v3 sha256:c8f8ea3dee554395, automatique)",2026-09-28T15:59:53+00:00,doc:0001130464-0001130464-21-000007,exclusion explicite
149,facts,0001130464-0001130464-21-000021-us-gaap:Assets-USD--2020-12-31,normalization_justification,,NON NORMALISÉ : en attente du rapprochement avec son document (dimensions non établies) (edgar_v3),"edgar_normalize.py reconcile-ixbrl (règles edgar_v3 sha256:c8f8ea3dee554395, automatique)",2026-09-28T15:59:53+00:00,doc:0001130464-0001130464-21-000021,exclusion explicite
150,facts,0001130464-0001130464-21-000030-us-gaap:Assets-USD--2020-12-31,normalization_justification,,NON NORMALISÉ : en attente du rapprochement avec son document (dimensions non établies) (edgar_v3),"edgar_normalize.py reconcile-ixbrl (règles edgar_v3 sha256:c8f8ea3dee554395, automatique)",2026-09-28T15:59:53+00:00,doc:0001130464-0001130464-21-000030,exclusion explicite
151,facts,0001130464-0001130464-21-000036-us-gaap:Assets-USD--2020-12-31,normalization_justification,,NON NORMALISÉ : en attente du rapprochement avec son document (dimensions non établies) (edgar_v3),"edgar_normalize.py reconcile-ixbrl (règles edgar_v3 sha256:c8f8ea3dee554395, automatique)",2026-09-28T15:59:53+00:00,doc:0001130464-0001130464-21-000036,exclusion explicite
152,facts,0001130464-0001130464-22-000004-us-gaap:Assets-USD--2020-12-31,normalization_justification,,NON NORMALISÉ : en attente du rapprochement avec son document (dimensions non établies) (edgar_v3),"edgar_normalize.py reconcile-ixbrl (règles edgar_v3 sha256:c8f8ea3dee554395, automatique)",2026-09-28T15:59:53+00:00,doc:0001130464-0001130464-22-000004,exclusion explicite
153,facts,0001130464-0001130464-21-000021-us-gaap:Assets-USD--2021-03-31,normalization_justification,,NON NORMALISÉ : en attente du rapprochement avec son document (dimensions non établies) (edgar_v3),"edgar_normalize.py reconcile-ixbrl (règles edgar_v3 sha256:c8f8ea3dee554395, automatique)",2026-09-28T15:59:53+00:00,doc:0001130464-0001130464-21-000021,exclusion explicite
154,facts,0001130464-0001130464-21-000030-us-gaap:Assets-USD--2021-06-30,normalization_justification,,NON NORMALISÉ : en attente du rapprochement avec son document (dimensions non établies) (edgar_v3),"edgar_normalize.py reconcile-ixbrl (règles edgar_v3 sha256:c8f8ea3dee554395, automatique)",2026-09-28T15:59:53+00:00,doc:0001130464-0001130464-21-000030,exclusion explicite
155,facts,0001130464-0001130464-21-000036-us-gaap:Assets-USD--2021-09-30,normalization_justification,,NON NORMALISÉ : en attente du rapprochement avec son document (dimensions non établies) (edgar_v3),"edgar_normalize.py reconcile-ixbrl (règles edgar_v3 sha256:c8f8ea3dee554395, automatique)",2026-09-28T15:59:53+00:00,doc:0001130464-0001130464-21-000036,exclusion explicite
156,facts,0001130464-0001130464-22-000004-us-gaap:Assets-USD--2021-12-31,normalization_justification,,NON NORMALISÉ : en attente du rapprochement avec son document (dimensions non établies) (edgar_v3),"edgar_normalize.py reconcile-ixbrl (règles edgar_v3 sha256:c8f8ea3dee554395, automatique)",2026-09-28T15:59:53+00:00,doc:0001130464-0001130464-22-000004,exclusion explicite
157,facts,0001130464-0001130464-22-000013-us-gaap:Assets-USD--2021-12-31,normalization_justification,,NON NORMALISÉ : en attente du rapprochement avec son document (dimensions non établies) (edgar_v3),"edgar_normalize.py reconcile-ixbrl (règles edgar_v3 sha256:c8f8ea3dee554395, automatique)",2026-09-28T15:59:53+00:00,doc:0001130464-0001130464-22-000013,exclusion explicite
158,facts,0001130464-0001130464-22-000021-us-gaap:Assets-USD--2021-12-31,normalization_justification,,NON NORMALISÉ : en attente du rapprochement avec son document (dimensions non établies) (edgar_v3),"edgar_normalize.py reconcile-ixbrl (règles edgar_v3 sha256:c8f8ea3dee554395, automatique)",2026-09-28T15:59:53+00:00,doc:0001130464-0001130464-22-000021,exclusion explicite
159,facts,0001130464-0001130464-22-000029-us-gaap:Assets-USD--2021-12-31,normalization_justification,,NON NORMALISÉ : en attente du rapprochement avec son document (dimensions non établies) (edgar_v3),"edgar_normalize.py reconcile-ixbrl (règles edgar_v3 sha256:c8f8ea3dee554395, automatique)",2026-09-28T15:59:53+00:00,doc:0001130464-0001130464-22-000029,exclusion explicite
160,facts,0001130464-0000950170-23-002759-us-gaap:Assets-USD--2021-12-31,normalization_justification,,NON NORMALISÉ : en attente du rapprochement avec son document (dimensions non établies) (edgar_v3),"edgar_normalize.py reconcile-ixbrl (règles edgar_v3 sha256:c8f8ea3dee554395, automatique)",2026-09-28T15:59:53+00:00,doc:0001130464-0000950170-23-002759,exclusion explicite
161,facts,0001130464-0001130464-22-000013-us-gaap:Assets-USD--2022-03-31,normalization_justification,,NON NORMALISÉ : en attente du rapprochement avec son document (dimensions non établies) (edgar_v3),"edgar_normalize.py reconcile-ixbrl (règles edgar_v3 sha256:c8f8ea3dee554395, automatique)",2026-09-28T15:59:53+00:00,doc:0001130464-0001130464-22-000013,exclusion explicite
162,facts,0001130464-0001130464-22-000021-us-gaap:Assets-USD--2022-06-30,normalization_justification,,NON NORMALISÉ : en attente du rapprochement avec son document (dimensions non établies) (edgar_v3),"edgar_normalize.py reconcile-ixbrl (règles edgar_v3 sha256:c8f8ea3dee554395, automatique)",2026-09-28T15:59:53+00:00,doc:0001130464-0001130464-22-000021,exclusion explicite
163,facts,0001130464-0001130464-22-000029-us-gaap:Assets-USD--2022-09-30,normalization_justification,,NON NORMALISÉ : en attente du rapprochement avec son document (dimensions non établies) (edgar_v3),"edgar_normalize.py reconcile-ixbrl (règles edgar_v3 sha256:c8f8ea3dee554395, automatique)",2026-09-28T15:59:53+00:00,doc:0001130464-0001130464-22-000029,exclusion explicite
164,facts,0001130464-0000950170-23-002759-us-gaap:Assets-USD--2022-12-31,normalization_justification,,NON NORMALISÉ : en attente du rapprochement avec son document (dimensions non établies) (edgar_v3),"edgar_normalize.py reconcile-ixbrl (règles edgar_v3 sha256:c8f8ea3dee554395, automatique)",2026-09-28T15:59:53+00:00,doc:0001130464-0000950170-23-002759,exclusion explicite
165,facts,0001130464-0000950170-23-017598-us-gaap:Assets-USD--2022-12-31,normalization_justification,,NON NORMALISÉ : en attente du rapprochement avec son document (dimensions non établies) (edgar_v3),"edgar_normalize.py reconcile-ixbrl (règles edgar_v3 sha256:c8f8ea3dee554395, automatique)",2026-09-28T15:59:53+00:00,doc:0001130464-0000950170-23-017598,exclusion explicite
166,facts,0001130464-0000950170-23-037718-us-gaap:Assets-USD--2022-12-31,normalization_justification,,NON NORMALISÉ : en attente du rapprochement avec son document (dimensions non établies) (edgar_v3),"edgar_normalize.py reconcile-ixbrl (règles edgar_v3 sha256:c8f8ea3dee554395, automatique)",2026-09-28T15:59:53+00:00,doc:0001130464-0000950170-23-037718,exclusion explicite
167,facts,0001130464-0000950170-23-057904-us-gaap:Assets-USD--2022-12-31,normalization_justification,,NON NORMALISÉ : en attente du rapprochement avec son document (dimensions non établies) (edgar_v3),"edgar_normalize.py reconcile-ixbrl (règles edgar_v3 sha256:c8f8ea3dee554395, automatique)",2026-09-28T15:59:53+00:00,doc:0001130464-0000950170-23-057904,exclusion explicite
168,facts,0001130464-0000950170-24-015090-us-gaap:Assets-USD--2022-12-31,normalization_justification,,NON NORMALISÉ : en attente du rapprochement avec son document (dimensions non établies) (edgar_v3),"edgar_normalize.py reconcile-ixbrl (règles edgar_v3 sha256:c8f8ea3dee554395, automatique)",2026-09-28T15:59:53+00:00,doc:0001130464-0000950170-24-015090,exclusion explicite
169,facts,0001130464-0000950170-23-017598-us-gaap:Assets-USD--2023-03-31,normalization_justification,,NON NORMALISÉ : en attente du rapprochement avec son document (dimensions non établies) (edgar_v3),"edgar_normalize.py reconcile-ixbrl (règles edgar_v3 sha256:c8f8ea3dee554395, automatique)",2026-09-28T15:59:53+00:00,doc:0001130464-0000950170-23-017598,exclusion explicite
170,facts,0001130464-0000950170-23-037718-us-gaap:Assets-USD--2023-06-30,normalization_justification,,NON NORMALISÉ : en attente du rapprochement avec son document (dimensions non établies) (edgar_v3),"edgar_normalize.py reconcile-ixbrl (règles edgar_v3 sha256:c8f8ea3dee554395, automatique)",2026-09-28T15:59:53+00:00,doc:0001130464-0000950170-23-037718,exclusion explicite
171,facts,0001130464-0000950170-23-057904-us-gaap:Assets-USD--2023-09-30,normalization_justification,,NON NORMALISÉ : en attente du rapprochement avec son document (dimensions non établies) (edgar_v3),"edgar_normalize.py reconcile-ixbrl (règles edgar_v3 sha256:c8f8ea3dee554395, automatique)",2026-09-28T15:59:53+00:00,doc:0001130464-0000950170-23-057904,exclusion explicite
172,facts,0001130464-0000950170-24-015090-us-gaap:Assets-USD--2023-12-31,normalization_justification,,NON NORMALISÉ : en attente du rapprochement avec son document (dimensions non établies) (edgar_v3),"edgar_normalize.py reconcile-ixbrl (règles edgar_v3 sha256:c8f8ea3dee554395, automatique)",2026-09-28T15:59:53+00:00,doc:0001130464-0000950170-24-015090,exclusion explicite
173,facts,0001130464-0000950170-24-056459-us-gaap:Assets-USD--2023-12-31,normalization_justification,,NON NORMALISÉ : en attente du rapprochement avec son document (dimensions non établies) (edgar_v3),"edgar_normalize.py reconcile-ixbrl (règles edgar_v3 sha256:c8f8ea3dee554395, automatique)",2026-09-28T15:59:53+00:00,doc:0001130464-0000950170-24-056459,exclusion explicite
174,facts,0001130464-0000950170-24-089042-us-gaap:Assets-USD--2023-12-31,normalization_justification,,NON NORMALISÉ : en attente du rapprochement avec son document (dimensions non établies) (edgar_v3),"edgar_normalize.py reconcile-ixbrl (règles edgar_v3 sha256:c8f8ea3dee554395, automatique)",2026-09-28T15:59:53+00:00,doc:0001130464-0000950170-24-089042,exclusion explicite
175,facts,0001130464-0000950170-24-122969-us-gaap:Assets-USD--2023-12-31,normalization_justification,,NON NORMALISÉ : en attente du rapprochement avec son document (dimensions non établies) (edgar_v3),"edgar_normalize.py reconcile-ixbrl (règles edgar_v3 sha256:c8f8ea3dee554395, automatique)",2026-09-28T15:59:53+00:00,doc:0001130464-0000950170-24-122969,exclusion explicite
176,facts,0001130464-0000950170-25-018647-us-gaap:Assets-USD--2023-12-31,normalization_justification,,NON NORMALISÉ : en attente du rapprochement avec son document (dimensions non établies) (edgar_v3),"edgar_normalize.py reconcile-ixbrl (règles edgar_v3 sha256:c8f8ea3dee554395, automatique)",2026-09-28T15:59:53+00:00,doc:0001130464-0000950170-25-018647,exclusion explicite
177,facts,0001130464-0000950170-24-056459-us-gaap:Assets-USD--2024-03-31,normalization_justification,,NON NORMALISÉ : en attente du rapprochement avec son document (dimensions non établies) (edgar_v3),"edgar_normalize.py reconcile-ixbrl (règles edgar_v3 sha256:c8f8ea3dee554395, automatique)",2026-09-28T15:59:53+00:00,doc:0001130464-0000950170-24-056459,exclusion explicite
178,facts,0001130464-0000950170-24-089042-us-gaap:Assets-USD--2024-06-30,normalization_justification,,NON NORMALISÉ : en attente du rapprochement avec son document (dimensions non établies) (edgar_v3),"edgar_normalize.py reconcile-ixbrl (règles edgar_v3 sha256:c8f8ea3dee554395, automatique)",2026-09-28T15:59:53+00:00,doc:0001130464-0000950170-24-089042,exclusion explicite
179,facts,0001130464-0000950170-24-122969-us-gaap:Assets-USD--2024-09-30,normalization_justification,,NON NORMALISÉ : en attente du rapprochement avec son document (dimensions non établies) (edgar_v3),"edgar_normalize.py reconcile-ixbrl (règles edgar_v3 sha256:c8f8ea3dee554395, automatique)",2026-09-28T15:59:53+00:00,doc:0001130464-0000950170-24-122969,exclusion explicite
180,facts,0001130464-0000950170-25-018647-us-gaap:Assets-USD--2024-12-31,normalization_justification,,NON NORMALISÉ : en attente du rapprochement avec son document (dimensions non établies) (edgar_v3),"edgar_normalize.py reconcile-ixbrl (règles edgar_v3 sha256:c8f8ea3dee554395, automatique)",2026-09-28T15:59:53+00:00,doc:0001130464-0000950170-25-018647,exclusion explicite
181,facts,0001130464-0000950170-25-066572-us-gaap:Assets-USD--2024-12-31,normalization_justification,,NON NORMALISÉ : en attente du rapprochement avec son document (dimensions non établies) (edgar_v3),"edgar_normalize.py reconcile-ixbrl (règles edgar_v3 sha256:c8f8ea3dee554395, automatique)",2026-09-28T15:59:53+00:00,doc:0001130464-0000950170-25-066572,exclusion explicite
182,facts,0001130464-0000950170-25-100667-us-gaap:Assets-USD--2024-12-31,normalization_justification,,NON NORMALISÉ : en attente du rapprochement avec son document (dimensions non établies) (edgar_v3),"edgar_normalize.py reconcile-ixbrl (règles edgar_v3 sha256:c8f8ea3dee554395, automatique)",2026-09-28T15:59:53+00:00,doc:0001130464-0000950170-25-100667,exclusion explicite
183,facts,0001130464-0001193125-25-268567-us-gaap:Assets-USD--2024-12-31,normalization_justification,,NON NORMALISÉ : en attente du rapprochement avec son document (dimensions non établies) (edgar_v3),"edgar_normalize.py reconcile-ixbrl (règles edgar_v3 sha256:c8f8ea3dee554395, automatique)",2026-09-28T15:59:53+00:00,doc:0001130464-0001193125-25-268567,exclusion explicite
184,facts,0001130464-0001193125-26-046028-us-gaap:Assets-USD--2024-12-31,normalization_justification,,NON NORMALISÉ : en attente du rapprochement avec son document (dimensions non établies) (edgar_v3),"edgar_normalize.py reconcile-ixbrl (règles edgar_v3 sha256:c8f8ea3dee554395, automatique)",2026-09-28T15:59:53+00:00,doc:0001130464-0001193125-26-046028,exclusion explicite
185,facts,0001130464-0000950170-25-066572-us-gaap:Assets-USD--2025-03-31,normalization_justification,,NON NORMALISÉ : en attente du rapprochement avec son document (dimensions non établies) (edgar_v3),"edgar_normalize.py reconcile-ixbrl (règles edgar_v3 sha256:c8f8ea3dee554395, automatique)",2026-09-28T15:59:53+00:00,doc:0001130464-0000950170-25-066572,exclusion explicite
186,facts,0001130464-0000950170-25-100667-us-gaap:Assets-USD--2025-06-30,normalization_justification,,NON NORMALISÉ : en attente du rapprochement avec son document (dimensions non établies) (edgar_v3),"edgar_normalize.py reconcile-ixbrl (règles edgar_v3 sha256:c8f8ea3dee554395, automatique)",2026-09-28T15:59:53+00:00,doc:0001130464-0000950170-25-100667,exclusion explicite
187,facts,0001130464-0001193125-25-268567-us-gaap:Assets-USD--2025-09-30,normalization_justification,,NON NORMALISÉ : en attente du rapprochement avec son document (dimensions non établies) (edgar_v3),"edgar_normalize.py reconcile-ixbrl (règles edgar_v3 sha256:c8f8ea3dee554395, automatique)",2026-09-28T15:59:53+00:00,doc:0001130464-0001193125-25-268567,exclusion explicite
188,facts,0001130464-0001193125-26-046028-us-gaap:Assets-USD--2025-12-31,normalization_justification,,NON NORMALISÉ : en attente du rapprochement avec son document (dimensions non établies) (edgar_v3),"edgar_normalize.py reconcile-ixbrl (règles edgar_v3 sha256:c8f8ea3dee554395, automatique)",2026-09-28T15:59:53+00:00,doc:0001130464-0001193125-26-046028,exclusion explicite
189,facts,0001130464-0001193125-26-211037-us-gaap:Assets-USD--2025-12-31,normalization_justification,,NON NORMALISÉ : en attente du rapprochement avec son document (dimensions non établies) (edgar_v3),"edgar_normalize.py reconcile-ixbrl (règles edgar_v3 sha256:c8f8ea3dee554395, automatique)",2026-09-28T15:59:53+00:00,doc:0001130464-0001193125-26-211037,exclusion explicite
190,facts,0001130464-0001193125-26-211037-us-gaap:Assets-USD--2026-03-31,normalization_justification,,NON NORMALISÉ : en attente du rapprochement avec son document (dimensions non établies) (edgar_v3),"edgar_normalize.py reconcile-ixbrl (règles edgar_v3 sha256:c8f8ea3dee554395, automatique)",2026-09-28T15:59:53+00:00,doc:0001130464-0001193125-26-211037,exclusion explicite
191,facts,0001130464-0001130464-18-000029-us-gaap:RevenueFromContractWithCustomerExcludingAssessedTax-USD-2018-01-01-2018-03-31,normalization_justification,,NON NORMALISÉ : en attente du rapprochement avec son document (dimensions non établies) (edgar_v3),"edgar_normalize.py reconcile-ixbrl (règles edgar_v3 sha256:c8f8ea3dee554395, automatique)",2026-09-28T15:59:53+00:00,doc:0001130464-0001130464-18-000029,exclusion explicite
192,facts,0001130464-0001130464-19-000021-us-gaap:RevenueFromContractWithCustomerExcludingAssessedTax-USD-2018-01-01-2018-03-31,normalization_justification,,NON NORMALISÉ : en attente du rapprochement avec son document (dimensions non établies) (edgar_v3),"edgar_normalize.py reconcile-ixbrl (règles edgar_v3 sha256:c8f8ea3dee554395, automatique)",2026-09-28T15:59:53+00:00,doc:0001130464-0001130464-19-000021,exclusion explicite
193,facts,0001130464-0001130464-18-000044-us-gaap:RevenueFromContractWithCustomerExcludingAssessedTax-USD-2018-01-01-2018-06-30,normalization_justification,,NON NORMALISÉ : en attente du rapprochement avec son document (dimensions non établies) (edgar_v3),"edgar_normalize.py reconcile-ixbrl (règles edgar_v3 sha256:c8f8ea3dee554395, automatique)",2026-09-28T15:59:53+00:00,doc:0001130464-0001130464-18-000044,exclusion explicite
194,facts,0001130464-0001130464-19-000035-us-gaap:RevenueFromContractWithCustomerExcludingAssessedTax-USD-2018-01-01-2018-06-30,normalization_justification,,NON NORMALISÉ : en attente du rapprochement avec son document (dimensions non établies) (edgar_v3),"edgar_normalize.py reconcile-ixbrl (règles edgar_v3 sha256:c8f8ea3dee554395, automatique)",2026-09-28T15:59:53+00:00,doc:0001130464-0001130464-19-000035,exclusion explicite
195,facts,0001130464-0001130464-18-000044-us-gaap:RevenueFromContractWithCustomerExcludingAssessedTax-USD-2018-04-01-2018-06-30,normalization_justification,,NON NORMALISÉ : en attente du rapprochement avec son document (dimensions non établies) (edgar_v3),"edgar_normalize.py reconcile-ixbrl (règles edgar_v3 sha256:c8f8ea3dee554395, automatique)",2026-09-28T15:59:53+00:00,doc:0001130464-0001130464-18-000044,exclusion explicite
196,facts,0001130464-0001130464-19-000035-us-gaap:RevenueFromContractWithCustomerExcludingAssessedTax-USD-2018-04-01-2018-06-30,normalization_justification,,NON NORMALISÉ : en attente du rapprochement avec son document (dimensions non établies) (edgar_v3),"edgar_normalize.py reconcile-ixbrl (règles edgar_v3 sha256:c8f8ea3dee554395, automatique)",2026-09-28T15:59:53+00:00,doc:0001130464-0001130464-19-000035,exclusion explicite
197,facts,0001130464-0001130464-18-000053-us-gaap:RevenueFromContractWithCustomerExcludingAssessedTax-USD-2018-01-01-2018-09-30,normalization_justification,,NON NORMALISÉ : en attente du rapprochement avec son document (dimensions non établies) (edgar_v3),"edgar_normalize.py reconcile-ixbrl (règles edgar_v3 sha256:c8f8ea3dee554395, automatique)",2026-09-28T15:59:53+00:00,doc:0001130464-0001130464-18-000053,exclusion explicite
198,facts,0001130464-0001130464-19-000043-us-gaap:RevenueFromContractWithCustomerExcludingAssessedTax-USD-2018-01-01-2018-09-30,normalization_justification,,NON NORMALISÉ : en attente du rapprochement avec son document (dimensions non établies) (edgar_v3),"edgar_normalize.py reconcile-ixbrl (règles edgar_v3 sha256:c8f8ea3dee554395, automatique)",2026-09-28T15:59:53+00:00,doc:0001130464-0001130464-19-000043,exclusion explicite
199,facts,0001130464-0001130464-18-000053-us-gaap:RevenueFromContractWithCustomerExcludingAssessedTax-USD-2018-07-01-2018-09-30,normalization_justification,,NON NORMALISÉ : en attente du rapprochement avec son document (dimensions non établies) (edgar_v3),"edgar_normalize.py reconcile-ixbrl (règles edgar_v3 sha256:c8f8ea3dee554395, automatique)",2026-09-28T15:59:53+00:00,doc:0001130464-0001130464-18-000053,exclusion explicite
200,facts,0001130464-0001130464-19-000043-us-gaap:RevenueFromContractWithCustomerExcludingAssessedTax-USD-2018-07-01-2018-09-30,normalization_justification,,NON NORMALISÉ : en attente du rapprochement avec son document (dimensions non établies) (edgar_v3),"edgar_normalize.py reconcile-ixbrl (règles edgar_v3 sha256:c8f8ea3dee554395, automatique)",2026-09-28T15:59:53+00:00,doc:0001130464-0001130464-19-000043,exclusion explicite
201,facts,0001130464-0001130464-19-000012-us-gaap:RevenueFromContractWithCustomerExcludingAssessedTax-USD-2018-01-01-2018-12-31,normalization_justification,,NON NORMALISÉ : en attente du rapprochement avec son document (dimensions non établies) (edgar_v3),"edgar_normalize.py reconcile-ixbrl (règles edgar_v3 sha256:c8f8ea3dee554395, automatique)",2026-09-28T15:59:53+00:00,doc:0001130464-0001130464-19-000012,exclusion explicite
202,facts,0001130464-0001130464-20-000006-us-gaap:RevenueFromContractWithCustomerExcludingAssessedTax-USD-2018-01-01-2018-12-31,normalization_justification,,NON NORMALISÉ : en attente du rapprochement avec son document (dimensions non établies) (edgar_v3),"edgar_normalize.py reconcile-ixbrl (règles edgar_v3 sha256:c8f8ea3dee554395, automatique)",2026-09-28T15:59:53+00:00,doc:0001130464-0001130464-20-000006,exclusion explicite
203,facts,0001130464-0001130464-21-000007-us-gaap:RevenueFromContractWithCustomerExcludingAssessedTax-USD-2018-01-01-2018-12-31,normalization_justification,,NON NORMALISÉ : en attente du rapprochement avec son document (dimensions non établies) (edgar_v3),"edgar_normalize.py reconcile-ixbrl (règles edgar_v3 sha256:c8f8ea3dee554395, automatique)",2026-09-28T15:59:53+00:00,doc:0001130464-0001130464-21-000007,exclusion explicite
204,facts,0001130464-0001130464-19-000021-us-gaap:RevenueFromContractWithCustomerExcludingAssessedTax-USD-2019-01-01-2019-03-31,normalization_justification,,NON NORMALISÉ : en attente du rapprochement avec son document (dimensions non établies) (edgar_v3),"edgar_normalize.py reconcile-ixbrl (règles edgar_v3 sha256:c8f8ea3dee554395, automatique)",2026-09-28T15:59:53+00:00,doc:0001130464-0001130464-19-000021,exclusion explicite
205,facts,0001130464-0001130464-20-000024-us-gaap:RevenueFromContractWithCustomerExcludingAssessedTax-USD-2019-01-01-2019-03-31,normalization_justification,,NON NORMALISÉ : en attente du rapprochement avec son document (dimensions non établies) (edgar_v3),"edgar_normalize.py reconcile-ixbrl (règles edgar_v3 sha256:c8f8ea3dee554395, automatique)",2026-09-28T15:59:53+00:00,doc:0001130464-0001130464-20-000024,exclusion explicite
206,facts,0001130464-0001130464-19-000035-us-gaap:RevenueFromContractWithCustomerExcludingAssessedTax-USD-2019-01-01-2019-06-30,normalization_justification,,NON NORMALISÉ : en attente du rapprochement avec son document (dimensions non établies) (edgar_v3),"edgar_normalize.py reconcile-ixbrl (règles edgar_v3 sha256:c8f8ea3dee554395, automatique)",2026-09-28T15:59:53+00:00,doc:0001130464-0001130464-19-000035,exclusion explicite
207,facts,0001130464-0001130464-20-000034-us-gaap:RevenueFromContractWithCustomerExcludingAssessedTax-USD-2019-01-01-2019-06-30,normalization_justification,,NON NORMALISÉ : en attente du rapprochement avec son document (dimensions non établies) (edgar_v3),"edgar_normalize.py reconcile-ixbrl (règles edgar_v3 sha256:c8f8ea3dee554395, automatique)",2026-09-28T15:59:53+00:00,doc:0001130464-0001130464-20-000034,exclusion explicite
208,facts,0001130464-0001130464-19-000035-us-gaap:RevenueFromContractWithCustomerExcludingAssessedTax-USD-2019-04-01-2019-06-30,normalization_justification,,NON NORMALISÉ : en attente du rapprochement avec son document (dimensions non établies) (edgar_v3),"edgar_normalize.py reconcile-ixbrl (règles edgar_v3 sha256:c8f8ea3dee554395, automatique)",2026-09-28T15:59:53+00:00,doc:0001130464-0001130464-19-000035,exclusion explicite
209,facts,0001130464-0001130464-20-000034-us-gaap:RevenueFromContractWithCustomerExcludingAssessedTax-USD-2019-04-01-2019-06-30,normalization_justification,,NON NORMALISÉ : en attente du rapprochement avec son document (dimensions non établies) (edgar_v3),"edgar_normalize.py reconcile-ixbrl (règles edgar_v3 sha256:c8f8ea3dee554395, automatique)",2026-09-28T15:59:53+00:00,doc:0001130464-0001130464-20-000034,exclusion explicite
210,facts,0001130464-0001130464-19-000043-us-gaap:RevenueFromContractWithCustomerExcludingAssessedTax-USD-2019-01-01-2019-09-30,normalization_justification,,NON NORMALISÉ : en attente du rapprochement avec son document (dimensions non établies) (edgar_v3),"edgar_normalize.py reconcile-ixbrl (règles edgar_v3 sha256:c8f8ea3dee554395, automatique)",2026-09-28T15:59:53+00:00,doc:0001130464-0001130464-19-000043,exclusion explicite
211,facts,0001130464-0001130464-20-000043-us-gaap:RevenueFromContractWithCustomerExcludingAssessedTax-USD-2019-01-01-2019-09-30,normalization_justification,,NON NORMALISÉ : en attente du rapprochement avec son document (dimensions non établies) (edgar_v3),"edgar_normalize.py reconcile-ixbrl (règles edgar_v3 sha256:c8f8ea3dee554395, automatique)",2026-09-28T15:59:53+00:00,doc:0001130464-0001130464-20-000043,exclusion explicite
212,facts,0001130464-0001130464-19-000043-us-gaap:RevenueFromContractWithCustomerExcludingAssessedTax-USD-2019-07-01-2019-09-30,normalization_justification,,NON NORMALISÉ : en attente du rapprochement avec son document (dimensions non établies) (edgar_v3),"edgar_normalize.py reconcile-ixbrl (règles edgar_v3 sha256:c8f8ea3dee554395, automatique)",2026-09-28T15:59:53+00:00,doc:0001130464-0001130464-19-000043,exclusion explicite
213,facts,0001130464-0001130464-20-000043-us-gaap:RevenueFromContractWithCustomerExcludingAssessedTax-USD-2019-07-01-2019-09-30,normalization_justification,,NON NORMALISÉ : en attente du rapprochement avec son document (dimensions non établies) (edgar_v3),"edgar_normalize.py reconcile-ixbrl (règles edgar_v3 sha256:c8f8ea3dee554395, automatique)",2026-09-28T15:59:53+00:00,doc:0001130464-0001130464-20-000043,exclusion explicite
214,facts,0001130464-0001130464-20-000006-us-gaap:RevenueFromContractWithCustomerExcludingAssessedTax-USD-2019-01-01-2019-12-31,normalization_justification,,NON NORMALISÉ : en attente du rapprochement avec son document (dimensions non établies) (edgar_v3),"edgar_normalize.py reconcile-ixbrl (règles edgar_v3 sha256:c8f8ea3dee554395, automatique)",2026-09-28T15:59:53+00:00,doc:0001130464-0001130464-20-000006,exclusion explicite
215,facts,0001130464-0001130464-21-000007-us-gaap:RevenueFromContractWithCustomerExcludingAssessedTax-USD-2019-01-01-2019-12-31,normalization_justification,,NON NORMALISÉ : en attente du rapprochement avec son document (dimensions non établies) (edgar_v3),"edgar_normalize.py reconcile-ixbrl (règles edgar_v3 sha256:c8f8ea3dee554395, automatique)",2026-09-28T15:59:53+00:00,doc:0001130464-0001130464-21-000007,exclusion explicite
216,facts,0001130464-0001130464-22-000004-us-gaap:RevenueFromContractWithCustomerExcludingAssessedTax-USD-2019-01-01-2019-12-31,normalization_justification,,NON NORMALISÉ : en attente du rapprochement avec son document (dimensions non établies) (edgar_v3),"edgar_normalize.py reconcile-ixbrl (règles edgar_v3 sha256:c8f8ea3dee554395, automatique)",2026-09-28T15:59:53+00:00,doc:0001130464-0001130464-22-000004,exclusion explicite
217,facts,0001130464-0001130464-20-000024-us-gaap:RevenueFromContractWithCustomerExcludingAssessedTax-USD-2020-01-01-2020-03-31,normalization_justification,,NON NORMALISÉ : en attente du rapprochement avec son document (dimensions non établies) (edgar_v3),"edgar_normalize.py reconcile-ixbrl (règles edgar_v3 sha256:c8f8ea3dee554395, automatique)",2026-09-28T15:59:53+00:00,doc:0001130464-0001130464-20-000024,exclusion explicite
218,facts,0001130464-0001130464-21-000021-us-gaap:RevenueFromContractWithCustomerExcludingAssessedTax-USD-2020-01-01-2020-03-31,normalization_justification,,NON NORMALISÉ : en attente du rapprochement avec son document (dimensions non établies) (edgar_v3),"edgar_normalize.py reconcile-ixbrl (règles edgar_v3 sha256:c8f8ea3dee554395, automatique)",2026-09-28T15:59:53+00:00,doc:0001130464-0001130464-21-000021,exclusion explicite
219,facts,0001130464-0001130464-20-000034-us-gaap:RevenueFromContractWithCustomerExcludingAssessedTax-USD-2020-01-01-2020-06-30,normalization_justification,,NON NORMALISÉ : en attente du rapprochement avec son document (dimensions non établies) (edgar_v3),"edgar_normalize.py reconcile-ixbrl (règles edgar_v3 sha256:c8f8ea3dee554395, automatique)",2026-09-28T15:59:53+00:00,doc:0001130464-0001130464-20-000034,exclusion explicite
220,facts,0001130464-0001130464-21-000030-us-gaap:RevenueFromContractWithCustomerExcludingAssessedTax-USD-2020-01-01-2020-06-30,normalization_justification,,NON NORMALISÉ : en attente du rapprochement avec son document (dimensions non établies) (edgar_v3),"edgar_normalize.py reconcile-ixbrl (règles edgar_v3 sha256:c8f8ea3dee554395, automatique)",2026-09-28T15:59:53+00:00,doc:0001130464-0001130464-21-000030,exclusion explicite
221,facts,0001130464-0001130464-20-000034-us-gaap:RevenueFromContractWithCustomerExcludingAssessedTax-USD-2020-04-01-2020-06-30,normalization_justification,,NON NORMALISÉ : en attente du rapprochement avec son document (dimensions non établies) (edgar_v3),"edgar_normalize.py reconcile-ixbrl (règles edgar_v3 sha256:c8f8ea3dee554395, automatique)",2026-09-28T15:59:53+00:00,doc:0001130464-0001130464-20-000034,exclusion explicite
222,facts,0001130464-0001130464-21-000030-us-gaap:RevenueFromContractWithCustomerExcludingAssessedTax-USD-2020-04-01-2020-06-30,normalization_justification,,NON NORMALISÉ : en attente du rapprochement avec son document (dimensions non établies) (edgar_v3),"edgar_normalize.py reconcile-ixbrl (règles edgar_v3 sha256:c8f8ea3dee554395, automatique)",2026-09-28T15:59:53+00:00,doc:0001130464-0001130464-21-000030,exclusion explicite
223,facts,0001130464-0001130464-20-000043-us-gaap:RevenueFromContractWithCustomerExcludingAssessedTax-USD-2020-01-01-2020-09-30,normalization_justification,,NON NORMALISÉ : en attente du rapprochement avec son document (dimensions non établies) (edgar_v3),"edgar_normalize.py reconcile-ixbrl (règles edgar_v3 sha256:c8f8ea3dee554395, automatique)",2026-09-28T15:59:53+00:00,doc:0001130464-0001130464-20-000043,exclusion explicite
224,facts,0001130464-0001130464-21-000036-us-gaap:RevenueFromContractWithCustomerExcludingAssessedTax-USD-2020-01-01-2020-09-30,normalization_justification,,NON NORMALISÉ : en attente du rapprochement avec son document (dimensions non établies) (edgar_v3),"edgar_normalize.py reconcile-ixbrl (règles edgar_v3 sha256:c8f8ea3dee554395, automatique)",2026-09-28T15:59:53+00:00,doc:0001130464-0001130464-21-000036,exclusion explicite
225,facts,0001130464-0001130464-20-000043-us-gaap:RevenueFromContractWithCustomerExcludingAssessedTax-USD-2020-07-01-2020-09-30,normalization_justification,,NON NORMALISÉ : en attente du rapprochement avec son document (dimensions non établies) (edgar_v3),"edgar_normalize.py reconcile-ixbrl (règles edgar_v3 sha256:c8f8ea3dee554395, automatique)",2026-09-28T15:59:53+00:00,doc:0001130464-0001130464-20-000043,exclusion explicite
226,facts,0001130464-0001130464-21-000036-us-gaap:RevenueFromContractWithCustomerExcludingAssessedTax-USD-2020-07-01-2020-09-30,normalization_justification,,NON NORMALISÉ : en attente du rapprochement avec son document (dimensions non établies) (edgar_v3),"edgar_normalize.py reconcile-ixbrl (règles edgar_v3 sha256:c8f8ea3dee554395, automatique)",2026-09-28T15:59:53+00:00,doc:0001130464-0001130464-21-000036,exclusion explicite
227,facts,0001130464-0001130464-21-000007-us-gaap:RevenueFromContractWithCustomerExcludingAssessedTax-USD-2020-01-01-2020-12-31,normalization_justification,,NON NORMALISÉ : en attente du rapprochement avec son document (dimensions non établies) (edgar_v3),"edgar_normalize.py reconcile-ixbrl (règles edgar_v3 sha256:c8f8ea3dee554395, automatique)",2026-09-28T15:59:53+00:00,doc:0001130464-0001130464-21-000007,exclusion explicite
228,facts,0001130464-0001130464-22-000004-us-gaap:RevenueFromContractWithCustomerExcludingAssessedTax-USD-2020-01-01-2020-12-31,normalization_justification,,NON NORMALISÉ : en attente du rapprochement avec son document (dimensions non établies) (edgar_v3),"edgar_normalize.py reconcile-ixbrl (règles edgar_v3 sha256:c8f8ea3dee554395, automatique)",2026-09-28T15:59:53+00:00,doc:0001130464-0001130464-22-000004,exclusion explicite
229,facts,0001130464-0000950170-23-002759-us-gaap:RevenueFromContractWithCustomerExcludingAssessedTax-USD-2020-01-01-2020-12-31,normalization_justification,,NON NORMALISÉ : en attente du rapprochement avec son document (dimensions non établies) (edgar_v3),"edgar_normalize.py reconcile-ixbrl (règles edgar_v3 sha256:c8f8ea3dee554395, automatique)",2026-09-28T15:59:53+00:00,doc:0001130464-0000950170-23-002759,exclusion explicite
230,facts,0001130464-0001130464-21-000021-us-gaap:RevenueFromContractWithCustomerExcludingAssessedTax-USD-2021-01-01-2021-03-31,normalization_justification,,NON NORMALISÉ : en attente du rapprochement avec son document (dimensions non établies) (edgar_v3),"edgar_normalize.py reconcile-ixbrl (règles edgar_v3 sha256:c8f8ea3dee554395, automatique)",2026-09-28T15:59:53+00:00,doc:0001130464-0001130464-21-000021,exclusion explicite
231,facts,0001130464-0001130464-22-000013-us-gaap:RevenueFromContractWithCustomerExcludingAssessedTax-USD-2021-01-01-2021-03-31,normalization_justification,,NON NORMALISÉ : en attente du rapprochement avec son document (dimensions non établies) (edgar_v3),"edgar_normalize.py reconcile-ixbrl (règles edgar_v3 sha256:c8f8ea3dee554395, automatique)",2026-09-28T15:59:53+00:00,doc:0001130464-0001130464-22-000013,exclusion explicite
232,facts,0001130464-0001130464-21-000030-us-gaap:RevenueFromContractWithCustomerExcludingAssessedTax-USD-2021-01-01-2021-06-30,normalization_justification,,NON NORMALISÉ : en attente du rapprochement avec son document (dimensions non établies) (edgar_v3),"edgar_normalize.py reconcile-ixbrl (règles edgar_v3 sha256:c8f8ea3dee554395, automatique)",2026-09-28T15:59:53+00:00,doc:0001130464-0001130464-21-000030,exclusion explicite
233,facts,0001130464-0001130464-22-000021-us-gaap:RevenueFromContractWithCustomerExcludingAssessedTax-USD-2021-01-01-2021-06-30,normalization_justification,,NON NORMALISÉ : en attente du rapprochement avec son document (dimensions non établies) (edgar_v3),"edgar_normalize.py reconcile-ixbrl (règles edgar_v3 sha256:c8f8ea3dee554395, automatique)",2026-09-28T15:59:53+00:00,doc:0001130464-0001130464-22-000021,exclusion explicite
234,facts,0001130464-0001130464-21-000030-us-gaap:RevenueFromContractWithCustomerExcludingAssessedTax-USD-2021-04-01-2021-06-30,normalization_justification,,NON NORMALISÉ : en attente du rapprochement avec son document (dimensions non établies) (edgar_v3),"edgar_normalize.py reconcile-ixbrl (règles edgar_v3 sha256:c8f8ea3dee554395, automatique)",2026-09-28T15:59:53+00:00,doc:0001130464-0001130464-21-000030,exclusion explicite
235,facts,0001130464-0001130464-22-000021-us-gaap:RevenueFromContractWithCustomerExcludingAssessedTax-USD-2021-04-01-2021-06-30,normalization_justification,,NON NORMALISÉ : en attente du rapprochement avec son document (dimensions non établies) (edgar_v3),"edgar_normalize.py reconcile-ixbrl (règles edgar_v3 sha256:c8f8ea3dee554395, automatique)",2026-09-28T15:59:53+00:00,doc:0001130464-0001130464-22-000021,exclusion explicite
236,facts,0001130464-0001130464-21-000036-us-gaap:RevenueFromContractWithCustomerExcludingAssessedTax-USD-2021-01-01-2021-09-30,normalization_justification,,NON NORMALISÉ : en attente du rapprochement avec son document (dimensions non établies) (edgar_v3),"edgar_normalize.py reconcile-ixbrl (règles edgar_v3 sha256:c8f8ea3dee554395, automatique)",2026-09-28T15:59:53+00:00,doc:0001130464-0001130464-21-000036,exclusion explicite
237,facts,0001130464-0001130464-22-000029-us-gaap:RevenueFromContractWithCustomerExcludingAssessedTax-USD-2021-01-01-2021-09-30,normalization_justification,,NON NORMALISÉ : en attente du rapprochement avec son document (dimensions non établies) (edgar_v3),"edgar_normalize.py reconcile-ixbrl (règles edgar_v3 sha256:c8f8ea3dee554395, automatique)",2026-09-28T15:59:53+00:00,doc:0001130464-0001130464-22-000029,exclusion explicite
238,facts,0001130464-0001130464-21-000036-us-gaap:RevenueFromContractWithCustomerExcludingAssessedTax-USD-2021-07-01-2021-09-30,normalization_justification,,NON NORMALISÉ : en attente du rapprochement avec son document (dimensions non établies) (edgar_v3),"edgar_normalize.py reconcile-ixbrl (règles edgar_v3 sha256:c8f8ea3dee554395, automatique)",2026-09-28T15:59:53+00:00,doc:0001130464-0001130464-21-000036,exclusion explicite
239,facts,0001130464-0001130464-22-000029-us-gaap:RevenueFromContractWithCustomerExcludingAssessedTax-USD-2021-07-01-2021-09-30,normalization_justification,,NON NORMALISÉ : en attente du rapprochement avec son document (dimensions non établies) (edgar_v3),"edgar_normalize.py reconcile-ixbrl (règles edgar_v3 sha256:c8f8ea3dee554395, automatique)",2026-09-28T15:59:53+00:00,doc:0001130464-0001130464-22-000029,exclusion explicite
240,facts,0001130464-0001130464-22-000004-us-gaap:RevenueFromContractWithCustomerExcludingAssessedTax-USD-2021-01-01-2021-12-31,normalization_justification,,NON NORMALISÉ : en attente du rapprochement avec son document (dimensions non établies) (edgar_v3),"edgar_normalize.py reconcile-ixbrl (règles edgar_v3 sha256:c8f8ea3dee554395, automatique)",2026-09-28T15:59:53+00:00,doc:0001130464-0001130464-22-000004,exclusion explicite
241,facts,0001130464-0000950170-23-002759-us-gaap:RevenueFromContractWithCustomerExcludingAssessedTax-USD-2021-01-01-2021-12-31,normalization_justification,,NON NORMALISÉ : en attente du rapprochement avec son document (dimensions non établies) (edgar_v3),"edgar_normalize.py reconcile-ixbrl (règles edgar_v3 sha256:c8f8ea3dee554395, automatique)",2026-09-28T15:59:53+00:00,doc:0001130464-0000950170-23-002759,exclusion explicite
242,facts,0001130464-0000950170-24-015090-us-gaap:RevenueFromContractWithCustomerExcludingAssessedTax-USD-2021-01-01-2021-12-31,normalization_justification,,NON NORMALISÉ : en attente du rapprochement avec son document (dimensions non établies) (edgar_v3),"edgar_normalize.py reconcile-ixbrl (règles edgar_v3 sha256:c8f8ea3dee554395, automatique)",2026-09-28T15:59:53+00:00,doc:0001130464-0000950170-24-015090,exclusion explicite
243,facts,0001130464-0001130464-22-000013-us-gaap:RevenueFromContractWithCustomerExcludingAssessedTax-USD-2022-01-01-2022-03-31,normalization_justification,,NON NORMALISÉ : en attente du rapprochement avec son document (dimensions non établies) (edgar_v3),"edgar_normalize.py reconcile-ixbrl (règles edgar_v3 sha256:c8f8ea3dee554395, automatique)",2026-09-28T15:59:53+00:00,doc:0001130464-0001130464-22-000013,exclusion explicite
244,facts,0001130464-0000950170-23-017598-us-gaap:RevenueFromContractWithCustomerExcludingAssessedTax-USD-2022-01-01-2022-03-31,normalization_justification,,NON NORMALISÉ : en attente du rapprochement avec son document (dimensions non établies) (edgar_v3),"edgar_normalize.py reconcile-ixbrl (règles edgar_v3 sha256:c8f8ea3dee554395, automatique)",2026-09-28T15:59:53+00:00,doc:0001130464-0000950170-23-017598,exclusion explicite
245,facts,0001130464-0001130464-22-000021-us-gaap:RevenueFromContractWithCustomerExcludingAssessedTax-USD-2022-01-01-2022-06-30,normalization_justification,,NON NORMALISÉ : en attente du rapprochement avec son document (dimensions non établies) (edgar_v3),"edgar_normalize.py reconcile-ixbrl (règles edgar_v3 sha256:c8f8ea3dee554395, automatique)",2026-09-28T15:59:53+00:00,doc:0001130464-0001130464-22-000021,exclusion explicite
246,facts,0001130464-0000950170-23-037718-us-gaap:RevenueFromContractWithCustomerExcludingAssessedTax-USD-2022-01-01-2022-06-30,normalization_justification,,NON NORMALISÉ : en attente du rapprochement avec son document (dimensions non établies) (edgar_v3),"edgar_normalize.py reconcile-ixbrl (règles edgar_v3 sha256:c8f8ea3dee554395, automatique)",2026-09-28T15:59:53+00:00,doc:0001130464-0000950170-23-037718,exclusion explicite
247,facts,0001130464-0001130464-22-000021-us-gaap:RevenueFromContractWithCustomerExcludingAssessedTax-USD-2022-04-01-2022-06-30,normalization_justification,,NON NORMALISÉ : en attente du rapprochement avec son document (dimensions non établies) (edgar_v3),"edgar_normalize.py reconcile-ixbrl (règles edgar_v3 sha256:c8f8ea3dee554395, automatique)",2026-09-28T15:59:53+00:00,doc:0001130464-0001130464-22-000021,exclusion explicite
248,facts,0001130464-0000950170-23-037718-us-gaap:RevenueFromContractWithCustomerExcludingAssessedTax-USD-2022-04-01-2022-06-30,normalization_justification,,NON NORMALISÉ : en attente du rapprochement avec son document (dimensions non établies) (edgar_v3),"edgar_normalize.py reconcile-ixbrl (règles edgar_v3 sha256:c8f8ea3dee554395, automatique)",2026-09-28T15:59:53+00:00,doc:0001130464-0000950170-23-037718,exclusion explicite
249,facts,0001130464-0001130464-22-000029-us-gaap:RevenueFromContractWithCustomerExcludingAssessedTax-USD-2022-01-01-2022-09-30,normalization_justification,,NON NORMALISÉ : en attente du rapprochement avec son document (dimensions non établies) (edgar_v3),"edgar_normalize.py reconcile-ixbrl (règles edgar_v3 sha256:c8f8ea3dee554395, automatique)",2026-09-28T15:59:53+00:00,doc:0001130464-0001130464-22-000029,exclusion explicite
250,facts,0001130464-0000950170-23-057904-us-gaap:RevenueFromContractWithCustomerExcludingAssessedTax-USD-2022-01-01-2022-09-30,normalization_justification,,NON NORMALISÉ : en attente du rapprochement avec son document (dimensions non établies) (edgar_v3),"edgar_normalize.py reconcile-ixbrl (règles edgar_v3 sha256:c8f8ea3dee554395, automatique)",2026-09-28T15:59:53+00:00,doc:0001130464-0000950170-23-057904,exclusion explicite
251,facts,0001130464-0001130464-22-000029-us-gaap:RevenueFromContractWithCustomerExcludingAssessedTax-USD-2022-07-01-2022-09-30,normalization_justification,,NON NORMALISÉ : en attente du rapprochement avec son document (dimensions non établies) (edgar_v3),"edgar_normalize.py reconcile-ixbrl (règles edgar_v3 sha256:c8f8ea3dee554395, automatique)",2026-09-28T15:59:53+00:00,doc:0001130464-0001130464-22-000029,exclusion explicite
252,facts,0001130464-0000950170-23-057904-us-gaap:RevenueFromContractWithCustomerExcludingAssessedTax-USD-2022-07-01-2022-09-30,normalization_justification,,NON NORMALISÉ : en attente du rapprochement avec son document (dimensions non établies) (edgar_v3),"edgar_normalize.py reconcile-ixbrl (règles edgar_v3 sha256:c8f8ea3dee554395, automatique)",2026-09-28T15:59:53+00:00,doc:0001130464-0000950170-23-057904,exclusion explicite
253,facts,0001130464-0000950170-23-002759-us-gaap:RevenueFromContractWithCustomerExcludingAssessedTax-USD-2022-01-01-2022-12-31,normalization_justification,,NON NORMALISÉ : en attente du rapprochement avec son document (dimensions non établies) (edgar_v3),"edgar_normalize.py reconcile-ixbrl (règles edgar_v3 sha256:c8f8ea3dee554395, automatique)",2026-09-28T15:59:53+00:00,doc:0001130464-0000950170-23-002759,exclusion explicite
254,facts,0001130464-0000950170-24-015090-us-gaap:RevenueFromContractWithCustomerExcludingAssessedTax-USD-2022-01-01-2022-12-31,normalization_justification,,NON NORMALISÉ : en attente du rapprochement avec son document (dimensions non établies) (edgar_v3),"edgar_normalize.py reconcile-ixbrl (règles edgar_v3 sha256:c8f8ea3dee554395, automatique)",2026-09-28T15:59:53+00:00,doc:0001130464-0000950170-24-015090,exclusion explicite
255,facts,0001130464-0000950170-25-018647-us-gaap:RevenueFromContractWithCustomerExcludingAssessedTax-USD-2022-01-01-2022-12-31,normalization_justification,,NON NORMALISÉ : en attente du rapprochement avec son document (dimensions non établies) (edgar_v3),"edgar_normalize.py reconcile-ixbrl (règles edgar_v3 sha256:c8f8ea3dee554395, automatique)",2026-09-28T15:59:53+00:00,doc:0001130464-0000950170-25-018647,exclusion explicite
256,facts,0001130464-0000950170-23-017598-us-gaap:RevenueFromContractWithCustomerExcludingAssessedTax-USD-2023-01-01-2023-03-31,normalization_justification,,NON NORMALISÉ : en attente du rapprochement avec son document (dimensions non établies) (edgar_v3),"edgar_normalize.py reconcile-ixbrl (règles edgar_v3 sha256:c8f8ea3dee554395, automatique)",2026-09-28T15:59:53+00:00,doc:0001130464-0000950170-23-017598,exclusion explicite
257,facts,0001130464-0000950170-24-056459-us-gaap:RevenueFromContractWithCustomerExcludingAssessedTax-USD-2023-01-01-2023-03-31,normalization_justification,,NON NORMALISÉ : en attente du rapprochement avec son document (dimensions non établies) (edgar_v3),"edgar_normalize.py reconcile-ixbrl (règles edgar_v3 sha256:c8f8ea3dee554395, automatique)",2026-09-28T15:59:53+00:00,doc:0001130464-0000950170-24-056459,exclusion explicite
258,facts,0001130464-0000950170-23-037718-us-gaap:RevenueFromContractWithCustomerExcludingAssessedTax-USD-2023-01-01-2023-06-30,normalization_justification,,NON NORMALISÉ : en attente du rapprochement avec son document (dimensions non établies) (edgar_v3),"edgar_normalize.py reconcile-ixbrl (règles edgar_v3 sha256:c8f8ea3dee554395, automatique)",2026-09-28T15:59:53+00:00,doc:0001130464-0000950170-23-037718,exclusion explicite
259,facts,0001130464-0000950170-24-089042-us-gaap:RevenueFromContractWithCustomerExcludingAssessedTax-USD-2023-01-01-2023-06-30,normalization_justification,,NON NORMALISÉ : en attente du rapprochement avec son document (dimensions non établies) (edgar_v3),"edgar_normalize.py reconcile-ixbrl (règles edgar_v3 sha256:c8f8ea3dee554395, automatique)",2026-09-28T15:59:53+00:00,doc:0001130464-0000950170-24-089042,exclusion explicite
260,facts,0001130464-0000950170-23-037718-us-gaap:RevenueFromContractWithCustomerExcludingAssessedTax-USD-2023-04-01-2023-06-30,normalization_justification,,NON NORMALISÉ : en attente du rapprochement avec son document (dimensions non établies) (edgar_v3),"edgar_normalize.py reconcile-ixbrl (règles edgar_v3 sha256:c8f8ea3dee554395, automatique)",2026-09-28T15:59:53+00:00,doc:0001130464-0000950170-23-037718,exclusion explicite
261,facts,0001130464-0000950170-24-089042-us-gaap:RevenueFromContractWithCustomerExcludingAssessedTax-USD-2023-04-01-2023-06-30,normalization_justification,,NON NORMALISÉ : en attente du rapprochement avec son document (dimensions non établies) (edgar_v3),"edgar_normalize.py reconcile-ixbrl (règles edgar_v3 sha256:c8f8ea3dee554395, automatique)",2026-09-28T15:59:53+00:00,doc:0001130464-0000950170-24-089042,exclusion explicite
262,facts,0001130464-0000950170-23-057904-us-gaap:RevenueFromContractWithCustomerExcludingAssessedTax-USD-2023-01-01-2023-09-30,normalization_justification,,NON NORMALISÉ : en attente du rapprochement avec son document (dimensions non établies) (edgar_v3),"edgar_normalize.py reconcile-ixbrl (règles edgar_v3 sha256:c8f8ea3dee554395, automatique)",2026-09-28T15:59:53+00:00,doc:0001130464-0000950170-23-057904,exclusion explicite
263,facts,0001130464-0000950170-24-122969-us-gaap:RevenueFromContractWithCustomerExcludingAssessedTax-USD-2023-01-01-2023-09-30,normalization_justification,,NON NORMALISÉ : en attente du rapprochement avec son document (dimensions non établies) (edgar_v3),"edgar_normalize.py reconcile-ixbrl (règles edgar_v3 sha256:c8f8ea3dee554395, automatique)",2026-09-28T15:59:53+00:00,doc:0001130464-0000950170-24-122969,exclusion explicite
264,facts,0001130464-0000950170-23-057904-us-gaap:RevenueFromContractWithCustomerExcludingAssessedTax-USD-2023-07-01-2023-09-30,normalization_justification,,NON NORMALISÉ : en attente du rapprochement avec son document (dimensions non établies) (edgar_v3),"edgar_normalize.py reconcile-ixbrl (règles edgar_v3 sha256:c8f8ea3dee554395, automatique)",2026-09-28T15:59:53+00:00,doc:0001130464-0000950170-23-057904,exclusion explicite
265,facts,0001130464-0000950170-24-122969-us-gaap:RevenueFromContractWithCustomerExcludingAssessedTax-USD-2023-07-01-2023-09-30,normalization_justification,,NON NORMALISÉ : en attente du rapprochement avec son document (dimensions non établies) (edgar_v3),"edgar_normalize.py reconcile-ixbrl (règles edgar_v3 sha256:c8f8ea3dee554395, automatique)",2026-09-28T15:59:53+00:00,doc:0001130464-0000950170-24-122969,exclusion explicite
266,facts,0001130464-0000950170-24-015090-us-gaap:RevenueFromContractWithCustomerExcludingAssessedTax-USD-2023-01-01-2023-12-31,normalization_justification,,NON NORMALISÉ : en attente du rapprochement avec son document (dimensions non établies) (edgar_v3),"edgar_normalize.py reconcile-ixbrl (règles edgar_v3 sha256:c8f8ea3dee554395, automatique)",2026-09-28T15:59:53+00:00,doc:0001130464-0000950170-24-015090,exclusion explicite
267,facts,0001130464-0000950170-25-018647-us-gaap:RevenueFromContractWithCustomerExcludingAssessedTax-USD-2023-01-01-2023-12-31,normalization_justification,,NON NORMALISÉ : en attente du rapprochement avec son document (dimensions non établies) (edgar_v3),"edgar_normalize.py reconcile-ixbrl (règles edgar_v3 sha256:c8f8ea3dee554395, automatique)",2026-09-28T15:59:53+00:00,doc:0001130464-0000950170-25-018647,exclusion explicite
268,facts,0001130464-0001193125-26-046028-us-gaap:RevenueFromContractWithCustomerExcludingAssessedTax-USD-2023-01-01-2023-12-31,normalization_justification,,NON NORMALISÉ : en attente du rapprochement avec son document (dimensions non établies) (edgar_v3),"edgar_normalize.py reconcile-ixbrl (règles edgar_v3 sha256:c8f8ea3dee554395, automatique)",2026-09-28T15:59:53+00:00,doc:0001130464-0001193125-26-046028,exclusion explicite
269,facts,0001130464-0000950170-24-056459-us-gaap:RevenueFromContractWithCustomerExcludingAssessedTax-USD-2024-01-01-2024-03-31,normalization_justification,,NON NORMALISÉ : en attente du rapprochement avec son document (dimensions non établies) (edgar_v3),"edgar_normalize.py reconcile-ixbrl (règles edgar_v3 sha256:c8f8ea3dee554395, automatique)",2026-09-28T15:59:53+00:00,doc:0001130464-0000950170-24-056459,exclusion explicite
270,facts,0001130464-0000950170-25-066572-us-gaap:RevenueFromContractWithCustomerExcludingAssessedTax-USD-2024-01-01-2024-03-31,normalization_justification,,NON NORMALISÉ : en attente du rapprochement avec son document (dimensions non établies) (edgar_v3),"edgar_normalize.py reconcile-ixbrl (règles edgar_v3 sha256:c8f8ea3dee554395, automatique)",2026-09-28T15:59:53+00:00,doc:0001130464-0000950170-25-066572,exclusion explicite
271,facts,0001130464-0000950170-24-089042-us-gaap:RevenueFromContractWithCustomerExcludingAssessedTax-USD-2024-01-01-2024-06-30,normalization_justification,,NON NORMALISÉ : en attente du rapprochement avec son document (dimensions non établies) (edgar_v3),"edgar_normalize.py reconcile-ixbrl (règles edgar_v3 sha256:c8f8ea3dee554395, automatique)",2026-09-28T15:59:53+00:00,doc:0001130464-0000950170-24-089042,exclusion explicite
272,facts,0001130464-0000950170-25-100667-us-gaap:RevenueFromContractWithCustomerExcludingAssessedTax-USD-2024-01-01-2024-06-30,normalization_justification,,NON NORMALISÉ : en attente du rapprochement avec son document (dimensions non établies) (edgar_v3),"edgar_normalize.py reconcile-ixbrl (règles edgar_v3 sha256:c8f8ea3dee554395, automatique)",2026-09-28T15:59:53+00:00,doc:0001130464-0000950170-25-100667,exclusion explicite
273,facts,0001130464-0000950170-24-089042-us-gaap:RevenueFromContractWithCustomerExcludingAssessedTax-USD-2024-04-01-2024-06-30,normalization_justification,,NON NORMALISÉ : en attente du rapprochement avec son document (dimensions non établies) (edgar_v3),"edgar_normalize.py reconcile-ixbrl (règles edgar_v3 sha256:c8f8ea3dee554395, automatique)",2026-09-28T15:59:53+00:00,doc:0001130464-0000950170-24-089042,exclusion explicite
274,facts,0001130464-0000950170-25-100667-us-gaap:RevenueFromContractWithCustomerExcludingAssessedTax-USD-2024-04-01-2024-06-30,normalization_justification,,NON NORMALISÉ : en attente du rapprochement avec son document (dimensions non établies) (edgar_v3),"edgar_normalize.py reconcile-ixbrl (règles edgar_v3 sha256:c8f8ea3dee554395, automatique)",2026-09-28T15:59:53+00:00,doc:0001130464-0000950170-25-100667,exclusion explicite
275,facts,0001130464-0000950170-24-122969-us-gaap:RevenueFromContractWithCustomerExcludingAssessedTax-USD-2024-01-01-2024-09-30,normalization_justification,,NON NORMALISÉ : en attente du rapprochement avec son document (dimensions non établies) (edgar_v3),"edgar_normalize.py reconcile-ixbrl (règles edgar_v3 sha256:c8f8ea3dee554395, automatique)",2026-09-28T15:59:53+00:00,doc:0001130464-0000950170-24-122969,exclusion explicite
276,facts,0001130464-0001193125-25-268567-us-gaap:RevenueFromContractWithCustomerExcludingAssessedTax-USD-2024-01-01-2024-09-30,normalization_justification,,NON NORMALISÉ : en attente du rapprochement avec son document (dimensions non établies) (edgar_v3),"edgar_normalize.py reconcile-ixbrl (règles edgar_v3 sha256:c8f8ea3dee554395, automatique)",2026-09-28T15:59:53+00:00,doc:0001130464-0001193125-25-268567,exclusion explicite
277,facts,0001130464-0000950170-24-122969-us-gaap:RevenueFromContractWithCustomerExcludingAssessedTax-USD-2024-07-01-2024-09-30,normalization_justification,,NON NORMALISÉ : en attente du rapprochement avec son document (dimensions non établies) (edgar_v3),"edgar_normalize.py reconcile-ixbrl (règles edgar_v3 sha256:c8f8ea3dee554395, automatique)",2026-09-28T15:59:53+00:00,doc:0001130464-0000950170-24-122969,exclusion explicite
278,facts,0001130464-0001193125-25-268567-us-gaap:RevenueFromContractWithCustomerExcludingAssessedTax-USD-2024-07-01-2024-09-30,normalization_justification,,NON NORMALISÉ : en attente du rapprochement avec son document (dimensions non établies) (edgar_v3),"edgar_normalize.py reconcile-ixbrl (règles edgar_v3 sha256:c8f8ea3dee554395, automatique)",2026-09-28T15:59:53+00:00,doc:0001130464-0001193125-25-268567,exclusion explicite
279,facts,0001130464-0000950170-25-018647-us-gaap:RevenueFromContractWithCustomerExcludingAssessedTax-USD-2024-01-01-2024-12-31,normalization_justification,,NON NORMALISÉ : en attente du rapprochement avec son document (dimensions non établies) (edgar_v3),"edgar_normalize.py reconcile-ixbrl (règles edgar_v3 sha256:c8f8ea3dee554395, automatique)",2026-09-28T15:59:53+00:00,doc:0001130464-0000950170-25-018647,exclusion explicite
280,facts,0001130464-0001193125-26-046028-us-gaap:RevenueFromContractWithCustomerExcludingAssessedTax-USD-2024-01-01-2024-12-31,normalization_justification,,NON NORMALISÉ : en attente du rapprochement avec son document (dimensions non établies) (edgar_v3),"edgar_normalize.py reconcile-ixbrl (règles edgar_v3 sha256:c8f8ea3dee554395, automatique)",2026-09-28T15:59:53+00:00,doc:0001130464-0001193125-26-046028,exclusion explicite
281,facts,0001130464-0000950170-25-066572-us-gaap:RevenueFromContractWithCustomerExcludingAssessedTax-USD-2025-01-01-2025-03-31,normalization_justification,,NON NORMALISÉ : en attente du rapprochement avec son document (dimensions non établies) (edgar_v3),"edgar_normalize.py reconcile-ixbrl (règles edgar_v3 sha256:c8f8ea3dee554395, automatique)",2026-09-28T15:59:53+00:00,doc:0001130464-0000950170-25-066572,exclusion explicite
282,facts,0001130464-0001193125-26-211037-us-gaap:RevenueFromContractWithCustomerExcludingAssessedTax-USD-2025-01-01-2025-03-31,normalization_justification,,NON NORMALISÉ : en attente du rapprochement avec son document (dimensions non établies) (edgar_v3),"edgar_normalize.py reconcile-ixbrl (règles edgar_v3 sha256:c8f8ea3dee554395, automatique)",2026-09-28T15:59:53+00:00,doc:0001130464-0001193125-26-211037,exclusion explicite
283,facts,0001130464-0000950170-25-100667-us-gaap:RevenueFromContractWithCustomerExcludingAssessedTax-USD-2025-01-01-2025-06-30,normalization_justification,,NON NORMALISÉ : en attente du rapprochement avec son document (dimensions non établies) (edgar_v3),"edgar_normalize.py reconcile-ixbrl (règles edgar_v3 sha256:c8f8ea3dee554395, automatique)",2026-09-28T15:59:53+00:00,doc:0001130464-0000950170-25-100667,exclusion explicite
284,facts,0001130464-0000950170-25-100667-us-gaap:RevenueFromContractWithCustomerExcludingAssessedTax-USD-2025-04-01-2025-06-30,normalization_justification,,NON NORMALISÉ : en attente du rapprochement avec son document (dimensions non établies) (edgar_v3),"edgar_normalize.py reconcile-ixbrl (règles edgar_v3 sha256:c8f8ea3dee554395, automatique)",2026-09-28T15:59:53+00:00,doc:0001130464-0000950170-25-100667,exclusion explicite
285,facts,0001130464-0001193125-25-268567-us-gaap:RevenueFromContractWithCustomerExcludingAssessedTax-USD-2025-01-01-2025-09-30,normalization_justification,,NON NORMALISÉ : en attente du rapprochement avec son document (dimensions non établies) (edgar_v3),"edgar_normalize.py reconcile-ixbrl (règles edgar_v3 sha256:c8f8ea3dee554395, automatique)",2026-09-28T15:59:53+00:00,doc:0001130464-0001193125-25-268567,exclusion explicite
286,facts,0001130464-0001193125-25-268567-us-gaap:RevenueFromContractWithCustomerExcludingAssessedTax-USD-2025-07-01-2025-09-30,normalization_justification,,NON NORMALISÉ : en attente du rapprochement avec son document (dimensions non établies) (edgar_v3),"edgar_normalize.py reconcile-ixbrl (règles edgar_v3 sha256:c8f8ea3dee554395, automatique)",2026-09-28T15:59:53+00:00,doc:0001130464-0001193125-25-268567,exclusion explicite
287,facts,0001130464-0001193125-26-046028-us-gaap:RevenueFromContractWithCustomerExcludingAssessedTax-USD-2025-01-01-2025-12-31,normalization_justification,,NON NORMALISÉ : en attente du rapprochement avec son document (dimensions non établies) (edgar_v3),"edgar_normalize.py reconcile-ixbrl (règles edgar_v3 sha256:c8f8ea3dee554395, automatique)",2026-09-28T15:59:53+00:00,doc:0001130464-0001193125-26-046028,exclusion explicite
288,facts,0001130464-0001193125-26-211037-us-gaap:RevenueFromContractWithCustomerExcludingAssessedTax-USD-2026-01-01-2026-03-31,normalization_justification,,NON NORMALISÉ : en attente du rapprochement avec son document (dimensions non établies) (edgar_v3),"edgar_normalize.py reconcile-ixbrl (règles edgar_v3 sha256:c8f8ea3dee554395, automatique)",2026-09-28T15:59:53+00:00,doc:0001130464-0001193125-26-211037,exclusion explicite
289,facts,0001130464-0001130464-19-000012-us-gaap:Revenues-USD-2016-01-01-2016-12-31,normalization_justification,,NON NORMALISÉ : en attente du rapprochement avec son document (dimensions non établies) (edgar_v3),"edgar_normalize.py reconcile-ixbrl (règles edgar_v3 sha256:c8f8ea3dee554395, automatique)",2026-09-28T15:59:53+00:00,doc:0001130464-0001130464-19-000012,exclusion explicite
290,facts,0001130464-0001130464-19-000012-us-gaap:Revenues-USD-2017-01-01-2017-03-31,normalization_justification,,NON NORMALISÉ : en attente du rapprochement avec son document (dimensions non établies) (edgar_v3),"edgar_normalize.py reconcile-ixbrl (règles edgar_v3 sha256:c8f8ea3dee554395, automatique)",2026-09-28T15:59:53+00:00,doc:0001130464-0001130464-19-000012,exclusion explicite
291,facts,0001130464-0001130464-19-000012-us-gaap:Revenues-USD-2017-04-01-2017-06-30,normalization_justification,,NON NORMALISÉ : en attente du rapprochement avec son document (dimensions non établies) (edgar_v3),"edgar_normalize.py reconcile-ixbrl (règles edgar_v3 sha256:c8f8ea3dee554395, automatique)",2026-09-28T15:59:53+00:00,doc:0001130464-0001130464-19-000012,exclusion explicite
292,facts,0001130464-0001130464-18-000053-us-gaap:Revenues-USD-2017-01-01-2017-09-30,normalization_justification,,NON NORMALISÉ : en attente du rapprochement avec son document (dimensions non établies) (edgar_v3),"edgar_normalize.py reconcile-ixbrl (règles edgar_v3 sha256:c8f8ea3dee554395, automatique)",2026-09-28T15:59:53+00:00,doc:0001130464-0001130464-18-000053,exclusion explicite
293,facts,0001130464-0001130464-18-000053-us-gaap:Revenues-USD-2017-07-01-2017-09-30,normalization_justification,,NON NORMALISÉ : en attente du rapprochement avec son document (dimensions non établies) (edgar_v3),"edgar_normalize.py reconcile-ixbrl (règles edgar_v3 sha256:c8f8ea3dee554395, automatique)",2026-09-28T15:59:53+00:00,doc:0001130464-0001130464-18-000053,exclusion explicite
294,facts,0001130464-0001130464-19-000012-us-gaap:Revenues-USD-2017-07-01-2017-09-30,normalization_justification,,NON NORMALISÉ : en attente du rapprochement avec son document (dimensions non établies) (edgar_v3),"edgar_normalize.py reconcile-ixbrl (règles edgar_v3 sha256:c8f8ea3dee554395, automatique)",2026-09-28T15:59:53+00:00,doc:0001130464-0001130464-19-000012,exclusion explicite
295,facts,0001130464-0001130464-19-000012-us-gaap:Revenues-USD-2017-01-01-2017-12-31,normalization_justification,,NON NORMALISÉ : en attente du rapprochement avec son document (dimensions non établies) (edgar_v3),"edgar_normalize.py reconcile-ixbrl (règles edgar_v3 sha256:c8f8ea3dee554395, automatique)",2026-09-28T15:59:53+00:00,doc:0001130464-0001130464-19-000012,exclusion explicite
296,facts,0001130464-0001130464-20-000006-us-gaap:Revenues-USD-2017-01-01-2017-12-31,normalization_justification,,NON NORMALISÉ : en attente du rapprochement avec son document (dimensions non établies) (edgar_v3),"edgar_normalize.py reconcile-ixbrl (règles edgar_v3 sha256:c8f8ea3dee554395, automatique)",2026-09-28T15:59:53+00:00,doc:0001130464-0001130464-20-000006,exclusion explicite
297,facts,0001130464-0001130464-19-000012-us-gaap:Revenues-USD-2017-10-01-2017-12-31,normalization_justification,,NON NORMALISÉ : en attente du rapprochement avec son document (dimensions non établies) (edgar_v3),"edgar_normalize.py reconcile-ixbrl (règles edgar_v3 sha256:c8f8ea3dee554395, automatique)",2026-09-28T15:59:53+00:00,doc:0001130464-0001130464-19-000012,exclusion explicite
298,facts,0001130464-0001130464-19-000012-us-gaap:Revenues-USD-2018-01-01-2018-03-31,normalization_justification,,NON NORMALISÉ : en attente du rapprochement avec son document (dimensions non établies) (edgar_v3),"edgar_normalize.py reconcile-ixbrl (règles edgar_v3 sha256:c8f8ea3dee554395, automatique)",2026-09-28T15:59:53+00:00,doc:0001130464-0001130464-19-000012,exclusion explicite
299,facts,0001130464-0001130464-19-000021-us-gaap:Revenues-USD-2018-01-01-2018-03-31,normalization_justification,,NON NORMALISÉ : en attente du rapprochement avec son document (dimensions non établies) (edgar_v3),"edgar_normalize.py reconcile-ixbrl (règles edgar_v3 sha256:c8f8ea3dee554395, automatique)",2026-09-28T15:59:53+00:00,doc:0001130464-0001130464-19-000021,exclusion explicite
300,facts,0001130464-0001130464-20-000006-us-gaap:Revenues-USD-2018-01-01-2018-03-31,normalization_justification,,NON NORMALISÉ : en attente du rapprochement avec son document (dimensions non établies) (edgar_v3),"edgar_normalize.py reconcile-ixbrl (règles edgar_v3 sha256:c8f8ea3dee554395, automatique)",2026-09-28T15:59:53+00:00,doc:0001130464-0001130464-20-000006,exclusion explicite
301,facts,0001130464-0001130464-19-000035-us-gaap:Revenues-USD-2018-01-01-2018-06-30,normalization_justification,,NON NORMALISÉ : en attente du rapprochement avec son document (dimensions non établies) (edgar_v3),"edgar_normalize.py reconcile-ixbrl (règles edgar_v3 sha256:c8f8ea3dee554395, automatique)",2026-09-28T15:59:53+00:00,doc:0001130464-0001130464-19-000035,exclusion explicite
302,facts,0001130464-0001130464-19-000012-us-gaap:Revenues-USD-2018-04-01-2018-06-30,normalization_justification,,NON NORMALISÉ : en attente du rapprochement avec son document (dimensions non établies) (edgar_v3),"edgar_normalize.py reconcile-ixbrl (règles edgar_v3 sha256:c8f8ea3dee554395, automatique)",2026-09-28T15:59:53+00:00,doc:0001130464-0001130464-19-000012,exclusion explicite
303,facts,0001130464-0001130464-19-000035-us-gaap:Revenues-USD-2018-04-01-2018-06-30,normalization_justification,,NON NORMALISÉ : en attente du rapprochement avec son document (dimensions non établies) (edgar_v3),"edgar_normalize.py reconcile-ixbrl (règles edgar_v3 sha256:c8f8ea3dee554395, automatique)",2026-09-28T15:59:53+00:00,doc:0001130464-0001130464-19-000035,exclusion explicite
304,facts,0001130464-0001130464-20-000006-us-gaap:Revenues-USD-2018-04-01-2018-06-30,normalization_justification,,NON NORMALISÉ : en attente du rapprochement avec son document (dimensions non établies) (edgar_v3),"edgar_normalize.py reconcile-ixbrl (règles edgar_v3 sha256:c8f8ea3dee554395, automatique)",2026-09-28T15:59:53+00:00,doc:0001130464-0001130464-20-000006,exclusion explicite
305,facts,0001130464-0001130464-18-000053-us-gaap:Revenues-USD-2018-01-01-2018-09-30,normalization_justification,,NON NORMALISÉ : en attente du rapprochement avec son document (dimensions non établies) (edgar_v3),"edgar_normalize.py reconcile-ixbrl (règles edgar_v3 sha256:c8f8ea3dee554395, automatique)",2026-09-28T15:59:53+00:00,doc:0001130464-0001130464-18-000053,exclusion explicite
306,facts,0001130464-0001130464-19-000043-us-gaap:Revenues-USD-2018-01-01-2018-09-30,normalization_justification,,NON NORMALISÉ : en attente du rapprochement avec son document (dimensions non établies) (edgar_v3),"edgar_normalize.py reconcile-ixbrl (règles edgar_v3 sha256:c8f8ea3dee554395, automatique)",2026-09-28T15:59:53+00:00,doc:0001130464-0001130464-19-000043,exclusion explicite
307,facts,0001130464-0001130464-18-000053-us-gaap:Revenues-USD-2018-07-01-2018-09-30,normalization_justification,,NON NORMALISÉ : en attente du rapprochement avec son document (dimensions non établies) (edgar_v3),"edgar_normalize.py reconcile-ixbrl (règles edgar_v3 sha256:c8f8ea3dee554395, automatique)",2026-09-28T15:59:53+00:00,doc:0001130464-0001130464-18-000053,exclusion explicite
308,facts,0001130464-0001130464-19-000012-us-gaap:Revenues-USD-2018-07-01-2018-09-30,normalization_justification,,NON NORMALISÉ : en attente du rapprochement avec son document (dimensions non établies) (edgar_v3),"edgar_normalize.py reconcile-ixbrl (règles edgar_v3 sha256:c8f8ea3dee554395, automatique)",2026-09-28T15:59:53+00:00,doc:0001130464-0001130464-19-000012,exclusion explicite
309,facts,0001130464-0001130464-19-000043-us-gaap:Revenues-USD-2018-07-01-2018-09-30,normalization_justification,,NON NORMALISÉ : en attente du rapprochement avec son document (dimensions non établies) (edgar_v3),"edgar_normalize.py reconcile-ixbrl (règles edgar_v3 sha256:c8f8ea3dee554395, automatique)",2026-09-28T15:59:53+00:00,doc:0001130464-0001130464-19-000043,exclusion explicite
310,facts,0001130464-0001130464-20-000006-us-gaap:Revenues-USD-2018-07-01-2018-09-30,normalization_justification,,NON NORMALISÉ : en attente du rapprochement avec son document (dimensions non établies) (edgar_v3),"edgar_normalize.py reconcile-ixbrl (règles edgar_v3 sha256:c8f8ea3dee554395, automatique)",2026-09-28T15:59:53+00:00,doc:0001130464-0001130464-20-000006,exclusion explicite
311,facts,0001130464-0001130464-19-000012-us-gaap:Revenues-USD-2018-01-01-2018-12-31,normalization_justification,,NON NORMALISÉ : en attente du rapprochement avec son document (dimensions non établies) (edgar_v3),"edgar_normalize.py reconcile-ixbrl (règles edgar_v3 sha256:c8f8ea3dee554395, automatique)",2026-09-28T15:59:53+00:00,doc:0001130464-0001130464-19-000012,exclusion explicite
312,facts,0001130464-0001130464-20-000006-us-gaap:Revenues-USD-2018-01-01-2018-12-31,normalization_justification,,NON NORMALISÉ : en attente du rapprochement avec son document (dimensions non établies) (edgar_v3),"edgar_normalize.py reconcile-ixbrl (règles edgar_v3 sha256:c8f8ea3dee554395, automatique)",2026-09-28T15:59:53+00:00,doc:0001130464-0001130464-20-000006,exclusion explicite
313,facts,0001130464-0001130464-21-000007-us-gaap:Revenues-USD-2018-01-01-2018-12-31,normalization_justification,,NON NORMALISÉ : en attente du rapprochement avec son document (dimensions non établies) (edgar_v3),"edgar_normalize.py reconcile-ixbrl (règles edgar_v3 sha256:c8f8ea3dee554395, automatique)",2026-09-28T15:59:53+00:00,doc:0001130464-0001130464-21-000007,exclusion explicite
314,facts,0001130464-0001130464-19-000012-us-gaap:Revenues-USD-2018-10-01-2018-12-31,normalization_justification,,NON NORMALISÉ : en attente du rapprochement avec son document (dimensions non établies) (edgar_v3),"edgar_normalize.py reconcile-ixbrl (règles edgar_v3 sha256:c8f8ea3dee554395, automatique)",2026-09-28T15:59:53+00:00,doc:0001130464-0001130464-19-000012,exclusion explicite
315,facts,0001130464-0001130464-20-000006-us-gaap:Revenues-USD-2018-10-01-2018-12-31,normalization_justification,,NON NORMALISÉ : en attente du rapprochement avec son document (dimensions non établies) (edgar_v3),"edgar_normalize.py reconcile-ixbrl (règles edgar_v3 sha256:c8f8ea3dee554395, automatique)",2026-09-28T15:59:53+00:00,doc:0001130464-0001130464-20-000006,exclusion explicite
316,facts,0001130464-0001130464-19-000021-us-gaap:Revenues-USD-2019-01-01-2019-03-31,normalization_justification,,NON NORMALISÉ : en attente du rapprochement avec son document (dimensions non établies) (edgar_v3),"edgar_normalize.py reconcile-ixbrl (règles edgar_v3 sha256:c8f8ea3dee554395, automatique)",2026-09-28T15:59:53+00:00,doc:0001130464-0001130464-19-000021,exclusion explicite
317,facts,0001130464-0001130464-20-000006-us-gaap:Revenues-USD-2019-01-01-2019-03-31,normalization_justification,,NON NORMALISÉ : en attente du rapprochement avec son document (dimensions non établies) (edgar_v3),"edgar_normalize.py reconcile-ixbrl (règles edgar_v3 sha256:c8f8ea3dee554395, automatique)",2026-09-28T15:59:53+00:00,doc:0001130464-0001130464-20-000006,exclusion explicite
318,facts,0001130464-0001130464-20-000024-us-gaap:Revenues-USD-2019-01-01-2019-03-31,normalization_justification,,NON NORMALISÉ : en attente du rapprochement avec son document (dimensions non établies) (edgar_v3),"edgar_normalize.py reconcile-ixbrl (règles edgar_v3 sha256:c8f8ea3dee554395, automatique)",2026-09-28T15:59:53+00:00,doc:0001130464-0001130464-20-000024,exclusion explicite
319,facts,0001130464-0001130464-19-000035-us-gaap:Revenues-USD-2019-01-01-2019-06-30,normalization_justification,,NON NORMALISÉ : en attente du rapprochement avec son document (dimensions non établies) (edgar_v3),"edgar_normalize.py reconcile-ixbrl (règles edgar_v3 sha256:c8f8ea3dee554395, automatique)",2026-09-28T15:59:53+00:00,doc:0001130464-0001130464-19-000035,exclusion explicite
320,facts,0001130464-0001130464-20-000034-us-gaap:Revenues-USD-2019-01-01-2019-06-30,normalization_justification,,NON NORMALISÉ : en attente du rapprochement avec son document (dimensions non établies) (edgar_v3),"edgar_normalize.py reconcile-ixbrl (règles edgar_v3 sha256:c8f8ea3dee554395, automatique)",2026-09-28T15:59:53+00:00,doc:0001130464-0001130464-20-000034,exclusion explicite
321,facts,0001130464-0001130464-19-000035-us-gaap:Revenues-USD-2019-04-01-2019-06-30,normalization_justification,,NON NORMALISÉ : en attente du rapprochement avec son document (dimensions non établies) (edgar_v3),"edgar_normalize.py reconcile-ixbrl (règles edgar_v3 sha256:c8f8ea3dee554395, automatique)",2026-09-28T15:59:53+00:00,doc:0001130464-0001130464-19-000035,exclusion explicite
322,facts,0001130464-0001130464-20-000006-us-gaap:Revenues-USD-2019-04-01-2019-06-30,normalization_justification,,NON NORMALISÉ : en attente du rapprochement avec son document (dimensions non établies) (edgar_v3),"edgar_normalize.py reconcile-ixbrl (règles edgar_v3 sha256:c8f8ea3dee554395, automatique)",2026-09-28T15:59:53+00:00,doc:0001130464-0001130464-20-000006,exclusion explicite
323,facts,0001130464-0001130464-20-000034-us-gaap:Revenues-USD-2019-04-01-2019-06-30,normalization_justification,,NON NORMALISÉ : en attente du rapprochement avec son document (dimensions non établies) (edgar_v3),"edgar_normalize.py reconcile-ixbrl (règles edgar_v3 sha256:c8f8ea3dee554395, automatique)",2026-09-28T15:59:53+00:00,doc:0001130464-0001130464-20-000034,exclusion explicite
324,facts,0001130464-0001130464-19-000043-us-gaap:Revenues-USD-2019-01-01-2019-09-30,normalization_justification,,NON NORMALISÉ : en attente du rapprochement avec son document (dimensions non établies) (edgar_v3),"edgar_normalize.py reconcile-ixbrl (règles edgar_v3 sha256:c8f8ea3dee554395, automatique)",2026-09-28T15:59:53+00:00,doc:0001130464-0001130464-19-000043,exclusion explicite
325,facts,0001130464-0001130464-20-000043-us-gaap:Revenues-USD-2019-01-01-2019-09-30,normalization_justification,,NON NORMALISÉ : en attente du rapprochement avec son document (dimensions non établies) (edgar_v3),"edgar_normalize.py reconcile-ixbrl (règles edgar_v3 sha256:c8f8ea3dee554395, automatique)",2026-09-28T15:59:53+00:00,doc:0001130464-0001130464-20-000043,exclusion explicite
326,facts,0001130464-0001130464-19-000043-us-gaap:Revenues-USD-2019-07-01-2019-09-30,normalization_justification,,NON NORMALISÉ : en attente du rapprochement avec son document (dimensions non établies) (edgar_v3),"edgar_normalize.py reconcile-ixbrl (règles edgar_v3 sha256:c8f8ea3dee554395, automatique)",2026-09-28T15:59:53+00:00,doc:0001130464-0001130464-19-000043,exclusion explicite
327,facts,0001130464-0001130464-20-000006-us-gaap:Revenues-USD-2019-07-01-2019-09-30,normalization_justification,,NON NORMALISÉ : en attente du rapprochement avec son document (dimensions non établies) (edgar_v3),"edgar_normalize.py reconcile-ixbrl (règles edgar_v3 sha256:c8f8ea3dee554395, automatique)",2026-09-28T15:59:53+00:00,doc:0001130464-0001130464-20-000006,exclusion explicite
328,facts,0001130464-0001130464-20-000043-us-gaap:Revenues-USD-2019-07-01-2019-09-30,normalization_justification,,NON NORMALISÉ : en attente du rapprochement avec son document (dimensions non établies) (edgar_v3),"edgar_normalize.py reconcile-ixbrl (règles edgar_v3 sha256:c8f8ea3dee554395, automatique)",2026-09-28T15:59:53+00:00,doc:0001130464-0001130464-20-000043,exclusion explicite
329,facts,0001130464-0001130464-20-000006-us-gaap:Revenues-USD-2019-01-01-2019-12-31,normalization_justification,,NON NORMALISÉ : en attente du rapprochement avec son document (dimensions non établies) (edgar_v3),"edgar_normalize.py reconcile-ixbrl (règles edgar_v3 sha256:c8f8ea3dee554395, automatique)",2026-09-28T15:59:53+00:00,doc:0001130464-0001130464-20-000006,exclusion explicite
330,facts,0001130464-0001130464-21-000007-us-gaap:Revenues-USD-2019-01-01-2019-12-31,normalization_justification,,NON NORMALISÉ : en attente du rapprochement avec son document (dimensions non établies) (edgar_v3),"edgar_normalize.py reconcile-ixbrl (règles edgar_v3 sha256:c8f8ea3dee554395, automatique)",2026-09-28T15:59:53+00:00,doc:0001130464-0001130464-21-000007,exclusion explicite
331,facts,0001130464-0001130464-22-000004-us-gaap:Revenues-USD-2019-01-01-2019-12-31,normalization_justification,,NON NORMALISÉ : en attente du rapprochement avec son document (dimensions non établies) (edgar_v3),"edgar_normalize.py reconcile-ixbrl (règles edgar_v3 sha256:c8f8ea3dee554395, automatique)",2026-09-28T15:59:53+00:00,doc:0001130464-0001130464-22-000004,exclusion explicite
332,facts,0001130464-0001130464-20-000006-us-gaap:Revenues-USD-2019-10-01-2019-12-31,normalization_justification,,NON NORMALISÉ : en attente du rapprochement avec son document (dimensions non établies) (edgar_v3),"edgar_normalize.py reconcile-ixbrl (règles edgar_v3 sha256:c8f8ea3dee554395, automatique)",2026-09-28T15:59:53+00:00,doc:0001130464-0001130464-20-000006,exclusion explicite
333,facts,0001130464-0001130464-20-000024-us-gaap:Revenues-USD-2020-01-01-2020-03-31,normalization_justification,,NON NORMALISÉ : en attente du rapprochement avec son document (dimensions non établies) (edgar_v3),"edgar_normalize.py reconcile-ixbrl (règles edgar_v3 sha256:c8f8ea3dee554395, automatique)",2026-09-28T15:59:53+00:00,doc:0001130464-0001130464-20-000024,exclusion explicite
334,facts,0001130464-0001130464-21-000021-us-gaap:Revenues-USD-2020-01-01-2020-03-31,normalization_justification,,NON NORMALISÉ : en attente du rapprochement avec son document (dimensions non établies) (edgar_v3),"edgar_normalize.py reconcile-ixbrl (règles edgar_v3 sha256:c8f8ea3dee554395, automatique)",2026-09-28T15:59:53+00:00,doc:0001130464-0001130464-21-000021,exclusion explicite
335,facts,0001130464-0001130464-20-000034-us-gaap:Revenues-USD-2020-01-01-2020-06-30,normalization_justification,,NON NORMALISÉ : en attente du rapprochement avec son document (dimensions non établies) (edgar_v3),"edgar_normalize.py reconcile-ixbrl (règles edgar_v3 sha256:c8f8ea3dee554395, automatique)",2026-09-28T15:59:53+00:00,doc:0001130464-0001130464-20-000034,exclusion explicite
336,facts,0001130464-0001130464-21-000030-us-gaap:Revenues-USD-2020-01-01-2020-06-30,normalization_justification,,NON NORMALISÉ : en attente du rapprochement avec son document (dimensions non établies) (edgar_v3),"edgar_normalize.py reconcile-ixbrl (règles edgar_v3 sha256:c8f8ea3dee554395, automatique)",2026-09-28T15:59:53+00:00,doc:0001130464-0001130464-21-000030,exclusion explicite
337,facts,0001130464-0001130464-20-000034-us-gaap:Revenues-USD-2020-04-01-2020-06-30,normalization_justification,,NON NORMALISÉ : en attente du rapprochement avec son document (dimensions non établies) (edgar_v3),"edgar_normalize.py reconcile-ixbrl (règles edgar_v3 sha256:c8f8ea3dee554395, automatique)",2026-09-28T15:59:53+00:00,doc:0001130464-0001130464-20-000034,exclusion explicite
338,facts,0001130464-0001130464-21-000030-us-gaap:Revenues-USD-2020-04-01-2020-06-30,normalization_justification,,NON NORMALISÉ : en attente du rapprochement avec son document (dimensions non établies) (edgar_v3),"edgar_normalize.py reconcile-ixbrl (règles edgar_v3 sha256:c8f8ea3dee554395, automatique)",2026-09-28T15:59:53+00:00,doc:0001130464-0001130464-21-000030,exclusion explicite
339,facts,0001130464-0001130464-20-000043-us-gaap:Revenues-USD-2020-01-01-2020-09-30,normalization_justification,,NON NORMALISÉ : en attente du rapprochement avec son document (dimensions non établies) (edgar_v3),"edgar_normalize.py reconcile-ixbrl (règles edgar_v3 sha256:c8f8ea3dee554395, automatique)",2026-09-28T15:59:53+00:00,doc:0001130464-0001130464-20-000043,exclusion explicite
340,facts,0001130464-0001130464-21-000036-us-gaap:Revenues-USD-2020-01-01-2020-09-30,normalization_justification,,NON NORMALISÉ : en attente du rapprochement avec son document (dimensions non établies) (edgar_v3),"edgar_normalize.py reconcile-ixbrl (règles edgar_v3 sha256:c8f8ea3dee554395, automatique)",2026-09-28T15:59:53+00:00,doc:0001130464-0001130464-21-000036,exclusion explicite
341,facts,0001130464-0001130464-20-000043-us-gaap:Revenues-USD-2020-07-01-2020-09-30,normalization_justification,,NON NORMALISÉ : en attente du rapprochement avec son document (dimensions non établies) (edgar_v3),"edgar_normalize.py reconcile-ixbrl (règles edgar_v3 sha256:c8f8ea3dee554395, automatique)",2026-09-28T15:59:53+00:00,doc:0001130464-0001130464-20-000043,exclusion explicite
342,facts,0001130464-0001130464-21-000036-us-gaap:Revenues-USD-2020-07-01-2020-09-30,normalization_justification,,NON NORMALISÉ : en attente du rapprochement avec son document (dimensions non établies) (edgar_v3),"edgar_normalize.py reconcile-ixbrl (règles edgar_v3 sha256:c8f8ea3dee554395, automatique)",2026-09-28T15:59:53+00:00,doc:0001130464-0001130464-21-000036,exclusion explicite
343,facts,0001130464-0001130464-21-000007-us-gaap:Revenues-USD-2020-01-01-2020-12-31,normalization_justification,,NON NORMALISÉ : en attente du rapprochement avec son document (dimensions non établies) (edgar_v3),"edgar_normalize.py reconcile-ixbrl (règles edgar_v3 sha256:c8f8ea3dee554395, automatique)",2026-09-28T15:59:53+00:00,doc:0001130464-0001130464-21-000007,exclusion explicite
344,facts,0001130464-0001130464-22-000004-us-gaap:Revenues-USD-2020-01-01-2020-12-31,normalization_justification,,NON NORMALISÉ : en attente du rapprochement avec son document (dimensions non établies) (edgar_v3),"edgar_normalize.py reconcile-ixbrl (règles edgar_v3 sha256:c8f8ea3dee554395, automatique)",2026-09-28T15:59:53+00:00,doc:0001130464-0001130464-22-000004,exclusion explicite
345,facts,0001130464-0000950170-23-002759-us-gaap:Revenues-USD-2020-01-01-2020-12-31,normalization_justification,,NON NORMALISÉ : en attente du rapprochement avec son document (dimensions non établies) (edgar_v3),"edgar_normalize.py reconcile-ixbrl (règles edgar_v3 sha256:c8f8ea3dee554395, automatique)",2026-09-28T15:59:53+00:00,doc:0001130464-0000950170-23-002759,exclusion explicite
346,facts,0001130464-0001130464-21-000021-us-gaap:Revenues-USD-2021-01-01-2021-03-31,normalization_justification,,NON NORMALISÉ : en attente du rapprochement avec son document (dimensions non établies) (edgar_v3),"edgar_normalize.py reconcile-ixbrl (règles edgar_v3 sha256:c8f8ea3dee554395, automatique)",2026-09-28T15:59:53+00:00,doc:0001130464-0001130464-21-000021,exclusion explicite
347,facts,0001130464-0001130464-22-000013-us-gaap:Revenues-USD-2021-01-01-2021-03-31,normalization_justification,,NON NORMALISÉ : en attente du rapprochement avec son document (dimensions non établies) (edgar_v3),"edgar_normalize.py reconcile-ixbrl (règles edgar_v3 sha256:c8f8ea3dee554395, automatique)",2026-09-28T15:59:53+00:00,doc:0001130464-0001130464-22-000013,exclusion explicite
348,facts,0001130464-0001130464-21-000030-us-gaap:Revenues-USD-2021-01-01-2021-06-30,normalization_justification,,NON NORMALISÉ : en attente du rapprochement avec son document (dimensions non établies) (edgar_v3),"edgar_normalize.py reconcile-ixbrl (règles edgar_v3 sha256:c8f8ea3dee554395, automatique)",2026-09-28T15:59:53+00:00,doc:0001130464-0001130464-21-000030,exclusion explicite
349,facts,0001130464-0001130464-22-000021-us-gaap:Revenues-USD-2021-01-01-2021-06-30,normalization_justification,,NON NORMALISÉ : en attente du rapprochement avec son document (dimensions non établies) (edgar_v3),"edgar_normalize.py reconcile-ixbrl (règles edgar_v3 sha256:c8f8ea3dee554395, automatique)",2026-09-28T15:59:53+00:00,doc:0001130464-0001130464-22-000021,exclusion explicite
350,facts,0001130464-0001130464-21-000030-us-gaap:Revenues-USD-2021-04-01-2021-06-30,normalization_justification,,NON NORMALISÉ : en attente du rapprochement avec son document (dimensions non établies) (edgar_v3),"edgar_normalize.py reconcile-ixbrl (règles edgar_v3 sha256:c8f8ea3dee554395, automatique)",2026-09-28T15:59:53+00:00,doc:0001130464-0001130464-21-000030,exclusion explicite
351,facts,0001130464-0001130464-22-000021-us-gaap:Revenues-USD-2021-04-01-2021-06-30,normalization_justification,,NON NORMALISÉ : en attente du rapprochement avec son document (dimensions non établies) (edgar_v3),"edgar_normalize.py reconcile-ixbrl (règles edgar_v3 sha256:c8f8ea3dee554395, automatique)",2026-09-28T15:59:53+00:00,doc:0001130464-0001130464-22-000021,exclusion explicite
352,facts,0001130464-0001130464-21-000036-us-gaap:Revenues-USD-2021-01-01-2021-09-30,normalization_justification,,NON NORMALISÉ : en attente du rapprochement avec son document (dimensions non établies) (edgar_v3),"edgar_normalize.py reconcile-ixbrl (règles edgar_v3 sha256:c8f8ea3dee554395, automatique)",2026-09-28T15:59:53+00:00,doc:0001130464-0001130464-21-000036,exclusion explicite
353,facts,0001130464-0001130464-22-000029-us-gaap:Revenues-USD-2021-01-01-2021-09-30,normalization_justification,,NON NORMALISÉ : en attente du rapprochement avec son document (dimensions non établies) (edgar_v3),"edgar_normalize.py reconcile-ixbrl (règles edgar_v3 sha256:c8f8ea3dee554395, automatique)",2026-09-28T15:59:53+00:00,doc:0001130464-0001130464-22-000029,exclusion explicite
354,facts,0001130464-0001130464-21-000036-us-gaap:Revenues-USD-2021-07-01-2021-09-30,normalization_justification,,NON NORMALISÉ : en attente du rapprochement avec son document (dimensions non établies) (edgar_v3),"edgar_normalize.py reconcile-ixbrl (règles edgar_v3 sha256:c8f8ea3dee554395, automatique)",2026-09-28T15:59:53+00:00,doc:0001130464-0001130464-21-000036,exclusion explicite
355,facts,0001130464-0001130464-22-000029-us-gaap:Revenues-USD-2021-07-01-2021-09-30,normalization_justification,,NON NORMALISÉ : en attente du rapprochement avec son document (dimensions non établies) (edgar_v3),"edgar_normalize.py reconcile-ixbrl (règles edgar_v3 sha256:c8f8ea3dee554395, automatique)",2026-09-28T15:59:53+00:00,doc:0001130464-0001130464-22-000029,exclusion explicite
356,facts,0001130464-0001130464-22-000004-us-gaap:Revenues-USD-2021-01-01-2021-12-31,normalization_justification,,NON NORMALISÉ : en attente du rapprochement avec son document (dimensions non établies) (edgar_v3),"edgar_normalize.py reconcile-ixbrl (règles edgar_v3 sha256:c8f8ea3dee554395, automatique)",2026-09-28T15:59:53+00:00,doc:0001130464-0001130464-22-000004,exclusion explicite
357,facts,0001130464-0000950170-23-002759-us-gaap:Revenues-USD-2021-01-01-2021-12-31,normalization_justification,,NON NORMALISÉ : en attente du rapprochement avec son document (dimensions non établies) (edgar_v3),"edgar_normalize.py reconcile-ixbrl (règles edgar_v3 sha256:c8f8ea3dee554395, automatique)",2026-09-28T15:59:53+00:00,doc:0001130464-0000950170-23-002759,exclusion explicite
358,facts,0001130464-0000950170-24-015090-us-gaap:Revenues-USD-2021-01-01-2021-12-31,normalization_justification,,NON NORMALISÉ : en attente du rapprochement avec son document (dimensions non établies) (edgar_v3),"edgar_normalize.py reconcile-ixbrl (règles edgar_v3 sha256:c8f8ea3dee554395, automatique)",2026-09-28T15:59:53+00:00,doc:0001130464-0000950170-24-015090,exclusion explicite
359,facts,0001130464-0001130464-22-000013-us-gaap:Revenues-USD-2022-01-01-2022-03-31,normalization_justification,,NON NORMALISÉ : en attente du rapprochement avec son document (dimensions non établies) (edgar_v3),"edgar_normalize.py reconcile-ixbrl (règles edgar_v3 sha256:c8f8ea3dee554395, automatique)",2026-09-28T15:59:53+00:00,doc:0001130464-0001130464-22-000013,exclusion explicite
360,facts,0001130464-0000950170-23-017598-us-gaap:Revenues-USD-2022-01-01-2022-03-31,normalization_justification,,NON NORMALISÉ : en attente du rapprochement avec son document (dimensions non établies) (edgar_v3),"edgar_normalize.py reconcile-ixbrl (règles edgar_v3 sha256:c8f8ea3dee554395, automatique)",2026-09-28T15:59:53+00:00,doc:0001130464-0000950170-23-017598,exclusion explicite
361,facts,0001130464-0001130464-22-000021-us-gaap:Revenues-USD-2022-01-01-2022-06-30,normalization_justification,,NON NORMALISÉ : en attente du rapprochement avec son document (dimensions non établies) (edgar_v3),"edgar_normalize.py reconcile-ixbrl (règles edgar_v3 sha256:c8f8ea3dee554395, automatique)",2026-09-28T15:59:53+00:00,doc:0001130464-0001130464-22-000021,exclusion explicite
362,facts,0001130464-0000950170-23-037718-us-gaap:Revenues-USD-2022-01-01-2022-06-30,normalization_justification,,NON NORMALISÉ : en attente du rapprochement avec son document (dimensions non établies) (edgar_v3),"edgar_normalize.py reconcile-ixbrl (règles edgar_v3 sha256:c8f8ea3dee554395, automatique)",2026-09-28T15:59:53+00:00,doc:0001130464-0000950170-23-037718,exclusion explicite
363,facts,0001130464-0001130464-22-000021-us-gaap:Revenues-USD-2022-04-01-2022-06-30,normalization_justification,,NON NORMALISÉ : en attente du rapprochement avec son document (dimensions non établies) (edgar_v3),"edgar_normalize.py reconcile-ixbrl (règles edgar_v3 sha256:c8f8ea3dee554395, automatique)",2026-09-28T15:59:53+00:00,doc:0001130464-0001130464-22-000021,exclusion explicite
364,facts,0001130464-0000950170-23-037718-us-gaap:Revenues-USD-2022-04-01-2022-06-30,normalization_justification,,NON NORMALISÉ : en attente du rapprochement avec son document (dimensions non établies) (edgar_v3),"edgar_normalize.py reconcile-ixbrl (règles edgar_v3 sha256:c8f8ea3dee554395, automatique)",2026-09-28T15:59:53+00:00,doc:0001130464-0000950170-23-037718,exclusion explicite
365,facts,0001130464-0001130464-22-000029-us-gaap:Revenues-USD-2022-01-01-2022-09-30,normalization_justification,,NON NORMALISÉ : en attente du rapprochement avec son document (dimensions non établies) (edgar_v3),"edgar_normalize.py reconcile-ixbrl (règles edgar_v3 sha256:c8f8ea3dee554395, automatique)",2026-09-28T15:59:53+00:00,doc:0001130464-0001130464-22-000029,exclusion explicite
366,facts,0001130464-0000950170-23-057904-us-gaap:Revenues-USD-2022-01-01-2022-09-30,normalization_justification,,NON NORMALISÉ : en attente du rapprochement avec son document (dimensions non établies) (edgar_v3),"edgar_normalize.py reconcile-ixbrl (règles edgar_v3 sha256:c8f8ea3dee554395, automatique)",2026-09-28T15:59:53+00:00,doc:0001130464-0000950170-23-057904,exclusion explicite
367,facts,0001130464-0001130464-22-000029-us-gaap:Revenues-USD-2022-07-01-2022-09-30,normalization_justification,,NON NORMALISÉ : en attente du rapprochement avec son document (dimensions non établies) (edgar_v3),"edgar_normalize.py reconcile-ixbrl (règles edgar_v3 sha256:c8f8ea3dee554395, automatique)",2026-09-28T15:59:53+00:00,doc:0001130464-0001130464-22-000029,exclusion explicite
368,facts,0001130464-0000950170-23-057904-us-gaap:Revenues-USD-2022-07-01-2022-09-30,normalization_justification,,NON NORMALISÉ : en attente du rapprochement avec son document (dimensions non établies) (edgar_v3),"edgar_normalize.py reconcile-ixbrl (règles edgar_v3 sha256:c8f8ea3dee554395, automatique)",2026-09-28T15:59:53+00:00,doc:0001130464-0000950170-23-057904,exclusion explicite
369,facts,0001130464-0000950170-23-002759-us-gaap:Revenues-USD-2022-01-01-2022-12-31,normalization_justification,,NON NORMALISÉ : en attente du rapprochement avec son document (dimensions non établies) (edgar_v3),"edgar_normalize.py reconcile-ixbrl (règles edgar_v3 sha256:c8f8ea3dee554395, automatique)",2026-09-28T15:59:53+00:00,doc:0001130464-0000950170-23-002759,exclusion explicite
370,facts,0001130464-0000950170-24-015090-us-gaap:Revenues-USD-2022-01-01-2022-12-31,normalization_justification,,NON NORMALISÉ : en attente du rapprochement avec son document (dimensions non établies) (edgar_v3),"edgar_normalize.py reconcile-ixbrl (règles edgar_v3 sha256:c8f8ea3dee554395, automatique)",2026-09-28T15:59:53+00:00,doc:0001130464-0000950170-24-015090,exclusion explicite
371,facts,0001130464-0000950170-25-018647-us-gaap:Revenues-USD-2022-01-01-2022-12-31,normalization_justification,,NON NORMALISÉ : en attente du rapprochement avec son document (dimensions non établies) (edgar_v3),"edgar_normalize.py reconcile-ixbrl (règles edgar_v3 sha256:c8f8ea3dee554395, automatique)",2026-09-28T15:59:53+00:00,doc:0001130464-0000950170-25-018647,exclusion explicite
372,facts,0001130464-0000950170-23-017598-us-gaap:Revenues-USD-2023-01-01-2023-03-31,normalization_justification,,NON NORMALISÉ : en attente du rapprochement avec son document (dimensions non établies) (edgar_v3),"edgar_normalize.py reconcile-ixbrl (règles edgar_v3 sha256:c8f8ea3dee554395, automatique)",2026-09-28T15:59:53+00:00,doc:0001130464-0000950170-23-017598,exclusion explicite
373,facts,0001130464-0000950170-24-056459-us-gaap:Revenues-USD-2023-01-01-2023-03-31,normalization_justification,,NON NORMALISÉ : en attente du rapprochement avec son document (dimensions non établies) (edgar_v3),"edgar_normalize.py reconcile-ixbrl (règles edgar_v3 sha256:c8f8ea3dee554395, automatique)",2026-09-28T15:59:53+00:00,doc:0001130464-0000950170-24-056459,exclusion explicite
374,facts,0001130464-0000950170-23-037718-us-gaap:Revenues-USD-2023-01-01-2023-06-30,normalization_justification,,NON NORMALISÉ : en attente du rapprochement avec son document (dimensions non établies) (edgar_v3),"edgar_normalize.py reconcile-ixbrl (règles edgar_v3 sha256:c8f8ea3dee554395, automatique)",2026-09-28T15:59:53+00:00,doc:0001130464-0000950170-23-037718,exclusion explicite
375,facts,0001130464-0000950170-24-089042-us-gaap:Revenues-USD-2023-01-01-2023-06-30,normalization_justification,,NON NORMALISÉ : en attente du rapprochement avec son document (dimensions non établies) (edgar_v3),"edgar_normalize.py reconcile-ixbrl (règles edgar_v3 sha256:c8f8ea3dee554395, automatique)",2026-09-28T15:59:53+00:00,doc:0001130464-0000950170-24-089042,exclusion explicite
376,facts,0001130464-0000950170-23-037718-us-gaap:Revenues-USD-2023-04-01-2023-06-30,normalization_justification,,NON NORMALISÉ : en attente du rapprochement avec son document (dimensions non établies) (edgar_v3),"edgar_normalize.py reconcile-ixbrl (règles edgar_v3 sha256:c8f8ea3dee554395, automatique)",2026-09-28T15:59:53+00:00,doc:0001130464-0000950170-23-037718,exclusion explicite
377,facts,0001130464-0000950170-24-089042-us-gaap:Revenues-USD-2023-04-01-2023-06-30,normalization_justification,,NON NORMALISÉ : en attente du rapprochement avec son document (dimensions non établies) (edgar_v3),"edgar_normalize.py reconcile-ixbrl (règles edgar_v3 sha256:c8f8ea3dee554395, automatique)",2026-09-28T15:59:53+00:00,doc:0001130464-0000950170-24-089042,exclusion explicite
378,facts,0001130464-0000950170-23-057904-us-gaap:Revenues-USD-2023-01-01-2023-09-30,normalization_justification,,NON NORMALISÉ : en attente du rapprochement avec son document (dimensions non établies) (edgar_v3),"edgar_normalize.py reconcile-ixbrl (règles edgar_v3 sha256:c8f8ea3dee554395, automatique)",2026-09-28T15:59:53+00:00,doc:0001130464-0000950170-23-057904,exclusion explicite
379,facts,0001130464-0000950170-24-122969-us-gaap:Revenues-USD-2023-01-01-2023-09-30,normalization_justification,,NON NORMALISÉ : en attente du rapprochement avec son document (dimensions non établies) (edgar_v3),"edgar_normalize.py reconcile-ixbrl (règles edgar_v3 sha256:c8f8ea3dee554395, automatique)",2026-09-28T15:59:53+00:00,doc:0001130464-0000950170-24-122969,exclusion explicite
380,facts,0001130464-0000950170-23-057904-us-gaap:Revenues-USD-2023-07-01-2023-09-30,normalization_justification,,NON NORMALISÉ : en attente du rapprochement avec son document (dimensions non établies) (edgar_v3),"edgar_normalize.py reconcile-ixbrl (règles edgar_v3 sha256:c8f8ea3dee554395, automatique)",2026-09-28T15:59:53+00:00,doc:0001130464-0000950170-23-057904,exclusion explicite
381,facts,0001130464-0000950170-24-122969-us-gaap:Revenues-USD-2023-07-01-2023-09-30,normalization_justification,,NON NORMALISÉ : en attente du rapprochement avec son document (dimensions non établies) (edgar_v3),"edgar_normalize.py reconcile-ixbrl (règles edgar_v3 sha256:c8f8ea3dee554395, automatique)",2026-09-28T15:59:53+00:00,doc:0001130464-0000950170-24-122969,exclusion explicite
382,facts,0001130464-0000950170-24-015090-us-gaap:Revenues-USD-2023-01-01-2023-12-31,normalization_justification,,NON NORMALISÉ : en attente du rapprochement avec son document (dimensions non établies) (edgar_v3),"edgar_normalize.py reconcile-ixbrl (règles edgar_v3 sha256:c8f8ea3dee554395, automatique)",2026-09-28T15:59:53+00:00,doc:0001130464-0000950170-24-015090,exclusion explicite
383,facts,0001130464-0000950170-25-018647-us-gaap:Revenues-USD-2023-01-01-2023-12-31,normalization_justification,,NON NORMALISÉ : en attente du rapprochement avec son document (dimensions non établies) (edgar_v3),"edgar_normalize.py reconcile-ixbrl (règles edgar_v3 sha256:c8f8ea3dee554395, automatique)",2026-09-28T15:59:53+00:00,doc:0001130464-0000950170-25-018647,exclusion explicite
384,facts,0001130464-0001193125-26-046028-us-gaap:Revenues-USD-2023-01-01-2023-12-31,normalization_justification,,NON NORMALISÉ : en attente du rapprochement avec son document (dimensions non établies) (edgar_v3),"edgar_normalize.py reconcile-ixbrl (règles edgar_v3 sha256:c8f8ea3dee554395, automatique)",2026-09-28T15:59:53+00:00,doc:0001130464-0001193125-26-046028,exclusion explicite
385,facts,0001130464-0000950170-24-056459-us-gaap:Revenues-USD-2024-01-01-2024-03-31,normalization_justification,,NON NORMALISÉ : en attente du rapprochement avec son document (dimensions non établies) (edgar_v3),"edgar_normalize.py reconcile-ixbrl (règles edgar_v3 sha256:c8f8ea3dee554395, automatique)",2026-09-28T15:59:53+00:00,doc:0001130464-0000950170-24-056459,exclusion explicite
386,facts,0001130464-0000950170-25-066572-us-gaap:Revenues-USD-2024-01-01-2024-03-31,normalization_justification,,NON NORMALISÉ : en attente du rapprochement avec son document (dimensions non établies) (edgar_v3),"edgar_normalize.py reconcile-ixbrl (règles edgar_v3 sha256:c8f8ea3dee554395, automatique)",2026-09-28T15:59:53+00:00,doc:0001130464-0000950170-25-066572,exclusion explicite
387,facts,0001130464-0000950170-24-089042-us-gaap:Revenues-USD-2024-01-01-2024-06-30,normalization_justification,,NON NORMALISÉ : en attente du rapprochement avec son document (dimensions non établies) (edgar_v3),"edgar_normalize.py reconcile-ixbrl (règles edgar_v3 sha256:c8f8ea3dee554395, automatique)",2026-09-28T15:59:53+00:00,doc:0001130464-0000950170-24-089042,exclusion explicite
388,facts,0001130464-0000950170-25-100667-us-gaap:Revenues-USD-2024-01-01-2024-06-30,normalization_justification,,NON NORMALISÉ : en attente du rapprochement avec son document (dimensions non établies) (edgar_v3),"edgar_normalize.py reconcile-ixbrl (règles edgar_v3 sha256:c8f8ea3dee554395, automatique)",2026-09-28T15:59:53+00:00,doc:0001130464-0000950170-25-100667,exclusion explicite
389,facts,0001130464-0000950170-24-089042-us-gaap:Revenues-USD-2024-04-01-2024-06-30,normalization_justification,,NON NORMALISÉ : en attente du rapprochement avec son document (dimensions non établies) (edgar_v3),"edgar_normalize.py reconcile-ixbrl (règles edgar_v3 sha256:c8f8ea3dee554395, automatique)",2026-09-28T15:59:53+00:00,doc:0001130464-0000950170-24-089042,exclusion explicite
390,facts,0001130464-0000950170-25-100667-us-gaap:Revenues-USD-2024-04-01-2024-06-30,normalization_justification,,NON NORMALISÉ : en attente du rapprochement avec son document (dimensions non établies) (edgar_v3),"edgar_normalize.py reconcile-ixbrl (règles edgar_v3 sha256:c8f8ea3dee554395, automatique)",2026-09-28T15:59:53+00:00,doc:0001130464-0000950170-25-100667,exclusion explicite
391,facts,0001130464-0000950170-24-122969-us-gaap:Revenues-USD-2024-01-01-2024-09-30,normalization_justification,,NON NORMALISÉ : en attente du rapprochement avec son document (dimensions non établies) (edgar_v3),"edgar_normalize.py reconcile-ixbrl (règles edgar_v3 sha256:c8f8ea3dee554395, automatique)",2026-09-28T15:59:53+00:00,doc:0001130464-0000950170-24-122969,exclusion explicite
392,facts,0001130464-0001193125-25-268567-us-gaap:Revenues-USD-2024-01-01-2024-09-30,normalization_justification,,NON NORMALISÉ : en attente du rapprochement avec son document (dimensions non établies) (edgar_v3),"edgar_normalize.py reconcile-ixbrl (règles edgar_v3 sha256:c8f8ea3dee554395, automatique)",2026-09-28T15:59:53+00:00,doc:0001130464-0001193125-25-268567,exclusion explicite
393,facts,0001130464-0000950170-24-122969-us-gaap:Revenues-USD-2024-07-01-2024-09-30,normalization_justification,,NON NORMALISÉ : en attente du rapprochement avec son document (dimensions non établies) (edgar_v3),"edgar_normalize.py reconcile-ixbrl (règles edgar_v3 sha256:c8f8ea3dee554395, automatique)",2026-09-28T15:59:53+00:00,doc:0001130464-0000950170-24-122969,exclusion explicite
394,facts,0001130464-0001193125-25-268567-us-gaap:Revenues-USD-2024-07-01-2024-09-30,normalization_justification,,NON NORMALISÉ : en attente du rapprochement avec son document (dimensions non établies) (edgar_v3),"edgar_normalize.py reconcile-ixbrl (règles edgar_v3 sha256:c8f8ea3dee554395, automatique)",2026-09-28T15:59:53+00:00,doc:0001130464-0001193125-25-268567,exclusion explicite
395,facts,0001130464-0000950170-25-018647-us-gaap:Revenues-USD-2024-01-01-2024-12-31,normalization_justification,,NON NORMALISÉ : en attente du rapprochement avec son document (dimensions non établies) (edgar_v3),"edgar_normalize.py reconcile-ixbrl (règles edgar_v3 sha256:c8f8ea3dee554395, automatique)",2026-09-28T15:59:53+00:00,doc:0001130464-0000950170-25-018647,exclusion explicite
396,facts,0001130464-0001193125-26-046028-us-gaap:Revenues-USD-2024-01-01-2024-12-31,normalization_justification,,NON NORMALISÉ : en attente du rapprochement avec son document (dimensions non établies) (edgar_v3),"edgar_normalize.py reconcile-ixbrl (règles edgar_v3 sha256:c8f8ea3dee554395, automatique)",2026-09-28T15:59:53+00:00,doc:0001130464-0001193125-26-046028,exclusion explicite
397,facts,0001130464-0000950170-25-066572-us-gaap:Revenues-USD-2025-01-01-2025-03-31,normalization_justification,,NON NORMALISÉ : en attente du rapprochement avec son document (dimensions non établies) (edgar_v3),"edgar_normalize.py reconcile-ixbrl (règles edgar_v3 sha256:c8f8ea3dee554395, automatique)",2026-09-28T15:59:53+00:00,doc:0001130464-0000950170-25-066572,exclusion explicite
398,facts,0001130464-0001193125-26-211037-us-gaap:Revenues-USD-2025-01-01-2025-03-31,normalization_justification,,NON NORMALISÉ : en attente du rapprochement avec son document (dimensions non établies) (edgar_v3),"edgar_normalize.py reconcile-ixbrl (règles edgar_v3 sha256:c8f8ea3dee554395, automatique)",2026-09-28T15:59:53+00:00,doc:0001130464-0001193125-26-211037,exclusion explicite
399,facts,0001130464-0000950170-25-100667-us-gaap:Revenues-USD-2025-01-01-2025-06-30,normalization_justification,,NON NORMALISÉ : en attente du rapprochement avec son document (dimensions non établies) (edgar_v3),"edgar_normalize.py reconcile-ixbrl (règles edgar_v3 sha256:c8f8ea3dee554395, automatique)",2026-09-28T15:59:53+00:00,doc:0001130464-0000950170-25-100667,exclusion explicite
400,facts,0001130464-0000950170-25-100667-us-gaap:Revenues-USD-2025-04-01-2025-06-30,normalization_justification,,NON NORMALISÉ : en attente du rapprochement avec son document (dimensions non établies) (edgar_v3),"edgar_normalize.py reconcile-ixbrl (règles edgar_v3 sha256:c8f8ea3dee554395, automatique)",2026-09-28T15:59:53+00:00,doc:0001130464-0000950170-25-100667,exclusion explicite
401,facts,0001130464-0001193125-25-268567-us-gaap:Revenues-USD-2025-01-01-2025-09-30,normalization_justification,,NON NORMALISÉ : en attente du rapprochement avec son document (dimensions non établies) (edgar_v3),"edgar_normalize.py reconcile-ixbrl (règles edgar_v3 sha256:c8f8ea3dee554395, automatique)",2026-09-28T15:59:53+00:00,doc:0001130464-0001193125-25-268567,exclusion explicite
402,facts,0001130464-0001193125-25-268567-us-gaap:Revenues-USD-2025-07-01-2025-09-30,normalization_justification,,NON NORMALISÉ : en attente du rapprochement avec son document (dimensions non établies) (edgar_v3),"edgar_normalize.py reconcile-ixbrl (règles edgar_v3 sha256:c8f8ea3dee554395, automatique)",2026-09-28T15:59:53+00:00,doc:0001130464-0001193125-25-268567,exclusion explicite
403,facts,0001130464-0001193125-26-046028-us-gaap:Revenues-USD-2025-01-01-2025-12-31,normalization_justification,,NON NORMALISÉ : en attente du rapprochement avec son document (dimensions non établies) (edgar_v3),"edgar_normalize.py reconcile-ixbrl (règles edgar_v3 sha256:c8f8ea3dee554395, automatique)",2026-09-28T15:59:53+00:00,doc:0001130464-0001193125-26-046028,exclusion explicite
404,facts,0001130464-0001193125-26-211037-us-gaap:Revenues-USD-2026-01-01-2026-03-31,normalization_justification,,NON NORMALISÉ : en attente du rapprochement avec son document (dimensions non établies) (edgar_v3),"edgar_normalize.py reconcile-ixbrl (règles edgar_v3 sha256:c8f8ea3dee554395, automatique)",2026-09-28T15:59:53+00:00,doc:0001130464-0001193125-26-211037,exclusion explicite
