fact_id,doc_id,regle,source_concept,normalized_concept,source_unit,period_start,period_end,raw_value,source_pointer,entry_sha256
0001130464-0000950170-23-002759-us-gaap:Assets-USD--2021-12-31,0001130464-0000950170-23-002759,R2,us-gaap:Assets,total_assets,USD,,2021-12-31,9131896000,facts/us-gaap/Assets/units/USD/129,fc15ef804249210e2b099911e50d387e6919d32a2bf3421812171f6adb33f7db
0001130464-0000950170-23-002759-us-gaap:Assets-USD--2022-12-31,0001130464-0000950170-23-002759,R2,us-gaap:Assets,total_assets,USD,,2022-12-31,9618230000,facts/us-gaap/Assets/units/USD/133,40586f3c51520089e3ed303c97575a83831b0dfb46497c192466d4a75bc187a9
0001130464-0000950170-23-002759-us-gaap:RevenueFromContractWithCustomerExcludingAssessedTax-USD-2020-01-01-2020-12-31,0001130464-0000950170-23-002759,R1,us-gaap:RevenueFromContractWithCustomerExcludingAssessedTax,revenue_from_contracts_with_customers,USD,2020-01-01,2020-12-31,1680804000,facts/us-gaap/RevenueFromContractWithCustomerExcludingAssessedTax/units/USD/38,bdb17273469c3c443582f4153481cf4e5abb7d4ae8a5ccad19d7fb235c451535
0001130464-0000950170-23-002759-us-gaap:RevenueFromContractWithCustomerExcludingAssessedTax-USD-2021-01-01-2021-12-31,0001130464-0000950170-23-002759,R1,us-gaap:RevenueFromContractWithCustomerExcludingAssessedTax,revenue_from_contracts_with_customers,USD,2021-01-01,2021-12-31,1930834000,facts/us-gaap/RevenueFromContractWithCustomerExcludingAssessedTax/units/USD/50,482ea2df5a13df374ca98250287755324d848e29485695b9129be2c3c0b2b8bb
0001130464-0000950170-23-002759-us-gaap:RevenueFromContractWithCustomerExcludingAssessedTax-USD-2022-01-01-2022-12-31,0001130464-0000950170-23-002759,R1,us-gaap:RevenueFromContractWithCustomerExcludingAssessedTax,revenue_from_contracts_with_customers,USD,2022-01-01,2022-12-31,2542856000,facts/us-gaap/RevenueFromContractWithCustomerExcludingAssessedTax/units/USD/62,ff27cfeb8ac66253b114a463f7279cd7db62e59ed234b0dbceadfae55f38051a
0001130464-0000950170-23-002759-us-gaap:Revenues-USD-2020-01-01-2020-12-31,0001130464-0000950170-23-002759,R0,us-gaap:Revenues,total_revenue,USD,2020-01-01,2020-12-31,1696941000,facts/us-gaap/Revenues/units/USD/67,4918653a18f9a390fb18924635c29d108bc921c2b29d8ba2b5b1244a0ade0194
0001130464-0000950170-23-002759-us-gaap:Revenues-USD-2021-01-01-2021-12-31,0001130464-0000950170-23-002759,R0,us-gaap:Revenues,total_revenue,USD,2021-01-01,2021-12-31,1949102000,facts/us-gaap/Revenues/units/USD/79,5d9ba715a15def21953ca03d248f592cc327c97b3013c8f1c6ad5725008c84f9
0001130464-0000950170-23-002759-us-gaap:Revenues-USD-2022-01-01-2022-12-31,0001130464-0000950170-23-002759,R0,us-gaap:Revenues,total_revenue,USD,2022-01-01,2022-12-31,2551816000,facts/us-gaap/Revenues/units/USD/91,87f24d09c3712615336aa14ed99669f754e16d34feae0d5a1c5acbedd45274ff
0001130464-0000950170-23-017598-us-gaap:Assets-USD--2022-12-31,0001130464-0000950170-23-017598,R2,us-gaap:Assets,total_assets,USD,,2022-12-31,9618230000,facts/us-gaap/Assets/units/USD/134,40a1d7fdbc2460ec06759b4d598c9be29b7ec4f0d14c9e73e507144b2c930a95
0001130464-0000950170-23-017598-us-gaap:Assets-USD--2023-03-31,0001130464-0000950170-23-017598,R2,us-gaap:Assets,total_assets,USD,,2023-03-31,9460136000,facts/us-gaap/Assets/units/USD/138,58b8e27aa9569c1e33e3c477f0b742f2ad310b707d9a19f2f5b14869cba62997
0001130464-0000950170-23-017598-us-gaap:RevenueFromContractWithCustomerExcludingAssessedTax-USD-2022-01-01-2022-03-31,0001130464-0000950170-23-017598,R1,us-gaap:RevenueFromContractWithCustomerExcludingAssessedTax,revenue_from_contracts_with_customers,USD,2022-01-01,2022-03-31,821769000,facts/us-gaap/RevenueFromContractWithCustomerExcludingAssessedTax/units/USD/53,3a5077a1e159703135378c2881e4c489b676736336d077325f22d6e01a7a4a86
0001130464-0000950170-23-017598-us-gaap:RevenueFromContractWithCustomerExcludingAssessedTax-USD-2023-01-01-2023-03-31,0001130464-0000950170-23-017598,R1,us-gaap:RevenueFromContractWithCustomerExcludingAssessedTax,revenue_from_contracts_with_customers,USD,2023-01-01,2023-03-31,912055000,facts/us-gaap/RevenueFromContractWithCustomerExcludingAssessedTax/units/USD/65,c188d83ca01c08bfa9eed0c437b4f8e2e61219c4ff5f76d15d6156cf60af9717
0001130464-0000950170-23-017598-us-gaap:Revenues-USD-2022-01-01-2022-03-31,0001130464-0000950170-23-017598,R0,us-gaap:Revenues,total_revenue,USD,2022-01-01,2022-03-31,823570000,facts/us-gaap/Revenues/units/USD/82,ce647630639c1c7f7efaf5ddf5eaf0f3fd1dc41256f783741ae87fb3f9b017c4
0001130464-0000950170-23-017598-us-gaap:Revenues-USD-2023-01-01-2023-03-31,0001130464-0000950170-23-017598,R0,us-gaap:Revenues,total_revenue,USD,2023-01-01,2023-03-31,921159000,facts/us-gaap/Revenues/units/USD/94,a9eb92b7c1b79d9543b059c0173aa122a703297bd798c3137dff702553edf1a3
0001130464-0000950170-23-037718-us-gaap:Assets-USD--2022-12-31,0001130464-0000950170-23-037718,R2,us-gaap:Assets,total_assets,USD,,2022-12-31,9618230000,facts/us-gaap/Assets/units/USD/135,c5c5b71220fd70714150d6c39d3b2c3982b2600dc5138bf8bb49b3a44a093d17
0001130464-0000950170-23-037718-us-gaap:Assets-USD--2023-06-30,0001130464-0000950170-23-037718,R2,us-gaap:Assets,total_assets,USD,,2023-06-30,9409095000,facts/us-gaap/Assets/units/USD/139,4189acffb4a64c4faa8675adb22442a65d76f74716c7e87e11828ad024b6b8dd
0001130464-0000950170-23-037718-us-gaap:RevenueFromContractWithCustomerExcludingAssessedTax-USD-2022-01-01-2022-06-30,0001130464-0000950170-23-037718,R1,us-gaap:RevenueFromContractWithCustomerExcludingAssessedTax,revenue_from_contracts_with_customers,USD,2022-01-01,2022-06-30,1292093000,facts/us-gaap/RevenueFromContractWithCustomerExcludingAssessedTax/units/USD/55,3fb9cfbd5851df0ab54f1920b19d879a539e827f1ce5211e9943a237c0456b75
0001130464-0000950170-23-037718-us-gaap:RevenueFromContractWithCustomerExcludingAssessedTax-USD-2022-04-01-2022-06-30,0001130464-0000950170-23-037718,R1,us-gaap:RevenueFromContractWithCustomerExcludingAssessedTax,revenue_from_contracts_with_customers,USD,2022-04-01,2022-06-30,470324000,facts/us-gaap/RevenueFromContractWithCustomerExcludingAssessedTax/units/USD/57,060532fe687c8d82aed677328c5298c1f830c48f049e8c825d925d2c245e91f1
0001130464-0000950170-23-037718-us-gaap:RevenueFromContractWithCustomerExcludingAssessedTax-USD-2023-01-01-2023-06-30,0001130464-0000950170-23-037718,R1,us-gaap:RevenueFromContractWithCustomerExcludingAssessedTax,revenue_from_contracts_with_customers,USD,2023-01-01,2023-06-30,1317191000,facts/us-gaap/RevenueFromContractWithCustomerExcludingAssessedTax/units/USD/67,3c453ed73688d0881b0cf15c268d6cc65a0f35f14e6f2cd29fc68192ee0f2aae
0001130464-0000950170-23-037718-us-gaap:RevenueFromContractWithCustomerExcludingAssessedTax-USD-2023-04-01-2023-06-30,0001130464-0000950170-23-037718,R1,us-gaap:RevenueFromContractWithCustomerExcludingAssessedTax,revenue_from_contracts_with_customers,USD,2023-04-01,2023-06-30,405136000,facts/us-gaap/RevenueFromContractWithCustomerExcludingAssessedTax/units/USD/69,cf57d9be4fd46d31f1798e826afa81dad60cd3168a19dfab982138b361330b36
0001130464-0000950170-23-037718-us-gaap:Revenues-USD-2022-01-01-2022-06-30,0001130464-0000950170-23-037718,R0,us-gaap:Revenues,total_revenue,USD,2022-01-01,2022-06-30,1297765000,facts/us-gaap/Revenues/units/USD/84,5268883198ff1d09b33dfd274f472f999b81c8f0b6933e6f0d714115dc9add4f
0001130464-0000950170-23-037718-us-gaap:Revenues-USD-2022-04-01-2022-06-30,0001130464-0000950170-23-037718,R0,us-gaap:Revenues,total_revenue,USD,2022-04-01,2022-06-30,474195000,facts/us-gaap/Revenues/units/USD/86,84634ee95d19bde032267d3e9679cb47ca0c65462400f52d87a29418186f78df
0001130464-0000950170-23-037718-us-gaap:Revenues-USD-2023-01-01-2023-06-30,0001130464-0000950170-23-037718,R0,us-gaap:Revenues,total_revenue,USD,2023-01-01,2023-06-30,1332442000,facts/us-gaap/Revenues/units/USD/96,a638721e52bd40be20a3e253a592caa6e96c850493e8377e6a933b469c7b041b
0001130464-0000950170-23-037718-us-gaap:Revenues-USD-2023-04-01-2023-06-30,0001130464-0000950170-23-037718,R0,us-gaap:Revenues,total_revenue,USD,2023-04-01,2023-06-30,411283000,facts/us-gaap/Revenues/units/USD/98,0e50043be2a99f0ff6ff01627d2b5148afc2f1ab7c65d1d9a59b25a3175e9b62
0001130464-0000950170-23-057904-us-gaap:Assets-USD--2022-12-31,0001130464-0000950170-23-057904,R2,us-gaap:Assets,total_assets,USD,,2022-12-31,9618230000,facts/us-gaap/Assets/units/USD/136,8c2a960d5c47dacc7559058fa2da7749c9fc86ff868b797460c4f3aaa818beef
0001130464-0000950170-23-057904-us-gaap:Assets-USD--2023-09-30,0001130464-0000950170-23-057904,R2,us-gaap:Assets,total_assets,USD,,2023-09-30,9932928000,facts/us-gaap/Assets/units/USD/140,854eabfc27b743902ae26e56bb62f1358b22f837d5a1df1d5a1c2df2fee2d369
0001130464-0000950170-23-057904-us-gaap:RevenueFromContractWithCustomerExcludingAssessedTax-USD-2022-01-01-2022-09-30,0001130464-0000950170-23-057904,R1,us-gaap:RevenueFromContractWithCustomerExcludingAssessedTax,revenue_from_contracts_with_customers,USD,2022-01-01,2022-09-30,1752961000,facts/us-gaap/RevenueFromContractWithCustomerExcludingAssessedTax/units/USD/59,7c44938b82f26de0b406cf23f1b26a7aba00d3ed052671657f4d098c7ec3f492
0001130464-0000950170-23-057904-us-gaap:RevenueFromContractWithCustomerExcludingAssessedTax-USD-2022-07-01-2022-09-30,0001130464-0000950170-23-057904,R1,us-gaap:RevenueFromContractWithCustomerExcludingAssessedTax,revenue_from_contracts_with_customers,USD,2022-07-01,2022-09-30,460868000,facts/us-gaap/RevenueFromContractWithCustomerExcludingAssessedTax/units/USD/61,eb4f0651952be72ad0dabda80bd37a3ad8aa8580d84b1d3019eb51583d77f8c1
0001130464-0000950170-23-057904-us-gaap:RevenueFromContractWithCustomerExcludingAssessedTax-USD-2023-01-01-2023-09-30,0001130464-0000950170-23-057904,R1,us-gaap:RevenueFromContractWithCustomerExcludingAssessedTax,revenue_from_contracts_with_customers,USD,2023-01-01,2023-09-30,1717353000,facts/us-gaap/RevenueFromContractWithCustomerExcludingAssessedTax/units/USD/71,b5987e05b2ac5b8d054da852c1a12a1b22ada01e5d6624cacf932d06e1782285
0001130464-0000950170-23-057904-us-gaap:RevenueFromContractWithCustomerExcludingAssessedTax-USD-2023-07-01-2023-09-30,0001130464-0000950170-23-057904,R1,us-gaap:RevenueFromContractWithCustomerExcludingAssessedTax,revenue_from_contracts_with_customers,USD,2023-07-01,2023-09-30,400162000,facts/us-gaap/RevenueFromContractWithCustomerExcludingAssessedTax/units/USD/73,0376ec3c4c1346a6f6592d7725a6f35709b34decea4410cc9a8cb5c242f2ff22
0001130464-0000950170-23-057904-us-gaap:Revenues-USD-2022-01-01-2022-09-30,0001130464-0000950170-23-057904,R0,us-gaap:Revenues,total_revenue,USD,2022-01-01,2022-09-30,1760377000,facts/us-gaap/Revenues/units/USD/88,74342f64775485fd95729a70dfe66cd2a3cb3b5969d5c811ec88e391c31cc175
0001130464-0000950170-23-057904-us-gaap:Revenues-USD-2022-07-01-2022-09-30,0001130464-0000950170-23-057904,R0,us-gaap:Revenues,total_revenue,USD,2022-07-01,2022-09-30,462612000,facts/us-gaap/Revenues/units/USD/90,8726e2b31a286c0ee1378779c338366a646322733f51db759b16b31d26d358ff
0001130464-0000950170-23-057904-us-gaap:Revenues-USD-2023-01-01-2023-09-30,0001130464-0000950170-23-057904,R0,us-gaap:Revenues,total_revenue,USD,2023-01-01,2023-09-30,1739568000,facts/us-gaap/Revenues/units/USD/100,9802c79b7dfdb4f1c27c523be42aa66ab17d31b4ae5abc4659690cdee8855bd2
0001130464-0000950170-23-057904-us-gaap:Revenues-USD-2023-07-01-2023-09-30,0001130464-0000950170-23-057904,R0,us-gaap:Revenues,total_revenue,USD,2023-07-01,2023-09-30,407126000,facts/us-gaap/Revenues/units/USD/102,33177601358d7aa1cd418e631ce6efe2a39a35dd934594e8148faa7e8464e0ae
0001130464-0000950170-24-015090-us-gaap:Assets-USD--2022-12-31,0001130464-0000950170-24-015090,R2,us-gaap:Assets,total_assets,USD,,2022-12-31,9618200000,facts/us-gaap/Assets/units/USD/137,77ac3feae4e680598326f3639b338247803045b34f88770f0e3f7ba3251e5891
0001130464-0000950170-24-015090-us-gaap:Assets-USD--2023-12-31,0001130464-0000950170-24-015090,R2,us-gaap:Assets,total_assets,USD,,2023-12-31,9620400000,facts/us-gaap/Assets/units/USD/141,d9bb293685898978ecb48d5dfb328cc3afa255b4b2b79150cae789a43287d891
0001130464-0000950170-24-015090-us-gaap:RevenueFromContractWithCustomerExcludingAssessedTax-USD-2021-01-01-2021-12-31,0001130464-0000950170-24-015090,R1,us-gaap:RevenueFromContractWithCustomerExcludingAssessedTax,revenue_from_contracts_with_customers,USD,2021-01-01,2021-12-31,1930900000,facts/us-gaap/RevenueFromContractWithCustomerExcludingAssessedTax/units/USD/51,a2cd110d98f23f85547c8eace1ebd5a7b3fc40dc832edb4797c65b224786a702
0001130464-0000950170-24-015090-us-gaap:RevenueFromContractWithCustomerExcludingAssessedTax-USD-2022-01-01-2022-12-31,0001130464-0000950170-24-015090,R1,us-gaap:RevenueFromContractWithCustomerExcludingAssessedTax,revenue_from_contracts_with_customers,USD,2022-01-01,2022-12-31,2542900000,facts/us-gaap/RevenueFromContractWithCustomerExcludingAssessedTax/units/USD/63,fa5c5b24cb1d36deb1610739b61c5e1a380de30120ff391396b9653d916b4f5d
0001130464-0000950170-24-015090-us-gaap:RevenueFromContractWithCustomerExcludingAssessedTax-USD-2023-01-01-2023-12-31,0001130464-0000950170-24-015090,R1,us-gaap:RevenueFromContractWithCustomerExcludingAssessedTax,revenue_from_contracts_with_customers,USD,2023-01-01,2023-12-31,2301700000,facts/us-gaap/RevenueFromContractWithCustomerExcludingAssessedTax/units/USD/75,29116e2d2f7811184efae8f076ac4a40e70bb8fbeae71ab03cff6f259fa231ec
0001130464-0000950170-24-015090-us-gaap:Revenues-USD-2021-01-01-2021-12-31,0001130464-0000950170-24-015090,R0,us-gaap:Revenues,total_revenue,USD,2021-01-01,2021-12-31,1949100000,facts/us-gaap/Revenues/units/USD/80,40a72ca4004b9c27f70cd8ad4b5e4cd223a0d00de102c11cd7c2d84f03fbbf09
0001130464-0000950170-24-015090-us-gaap:Revenues-USD-2022-01-01-2022-12-31,0001130464-0000950170-24-015090,R0,us-gaap:Revenues,total_revenue,USD,2022-01-01,2022-12-31,2551800000,facts/us-gaap/Revenues/units/USD/92,4c147b9c4af8cb22ef67e95eceb8f084df5701a872500d4d97c5d9418bf1b4d2
0001130464-0000950170-24-015090-us-gaap:Revenues-USD-2023-01-01-2023-12-31,0001130464-0000950170-24-015090,R0,us-gaap:Revenues,total_revenue,USD,2023-01-01,2023-12-31,2331300000,facts/us-gaap/Revenues/units/USD/104,622bf93b9eb678fceed13366c1a5994a0796445e8d524ca2dd6db763787be64a
0001130464-0000950170-24-056459-us-gaap:Assets-USD--2023-12-31,0001130464-0000950170-24-056459,R2,us-gaap:Assets,total_assets,USD,,2023-12-31,9620400000,facts/us-gaap/Assets/units/USD/142,b5bb5074c77c8fd41e77a0f1244a630ebe24c5e78f4b9b912a953636b7031231
0001130464-0000950170-24-056459-us-gaap:Assets-USD--2024-03-31,0001130464-0000950170-24-056459,R2,us-gaap:Assets,total_assets,USD,,2024-03-31,9676700000,facts/us-gaap/Assets/units/USD/146,b14997a5bff81d314a94fda8b7df96d7fc13c0c566ca9c8cd09c9f352c98f7d0
0001130464-0000950170-24-056459-us-gaap:RevenueFromContractWithCustomerExcludingAssessedTax-USD-2023-01-01-2023-03-31,0001130464-0000950170-24-056459,R1,us-gaap:RevenueFromContractWithCustomerExcludingAssessedTax,revenue_from_contracts_with_customers,USD,2023-01-01,2023-03-31,912100000,facts/us-gaap/RevenueFromContractWithCustomerExcludingAssessedTax/units/USD/66,dfa6a4471c5c87df321ad8b0bd4b929e74d0af83b6c8eb36323b70bceee19990
0001130464-0000950170-24-056459-us-gaap:RevenueFromContractWithCustomerExcludingAssessedTax-USD-2024-01-01-2024-03-31,0001130464-0000950170-24-056459,R1,us-gaap:RevenueFromContractWithCustomerExcludingAssessedTax,revenue_from_contracts_with_customers,USD,2024-01-01,2024-03-31,717200000,facts/us-gaap/RevenueFromContractWithCustomerExcludingAssessedTax/units/USD/78,67379223d9581eab1d62088fa30a8e0ef8410da52c10f8c210b03650d0e5d84f
0001130464-0000950170-24-056459-us-gaap:Revenues-USD-2023-01-01-2023-03-31,0001130464-0000950170-24-056459,R0,us-gaap:Revenues,total_revenue,USD,2023-01-01,2023-03-31,921200000,facts/us-gaap/Revenues/units/USD/95,438803bce8d4fdaefe746dbdc794032fe1386fe522dee39fce3e45450b87be55
0001130464-0000950170-24-056459-us-gaap:Revenues-USD-2024-01-01-2024-03-31,0001130464-0000950170-24-056459,R0,us-gaap:Revenues,total_revenue,USD,2024-01-01,2024-03-31,726400000,facts/us-gaap/Revenues/units/USD/107,6932e06f935819cebbe68d57c51f5754c1c1b586c71a1e22a57fd6e8f601abd3
0001130464-0000950170-24-089042-us-gaap:Assets-USD--2023-12-31,0001130464-0000950170-24-089042,R2,us-gaap:Assets,total_assets,USD,,2023-12-31,9620400000,facts/us-gaap/Assets/units/USD/143,b9df9d92bd7b1e8d973ef9601cc0aa518142181a80d019ea2c084529b291842b
0001130464-0000950170-24-089042-us-gaap:Assets-USD--2024-06-30,0001130464-0000950170-24-089042,R2,us-gaap:Assets,total_assets,USD,,2024-06-30,10185900000,facts/us-gaap/Assets/units/USD/147,fb4ef7be86bc1a3f2daf2cc44e670a0b0a85c12424a5c937da6e19ff72d71829
0001130464-0000950170-24-089042-us-gaap:RevenueFromContractWithCustomerExcludingAssessedTax-USD-2023-01-01-2023-06-30,0001130464-0000950170-24-089042,R1,us-gaap:RevenueFromContractWithCustomerExcludingAssessedTax,revenue_from_contracts_with_customers,USD,2023-01-01,2023-06-30,1317100000,facts/us-gaap/RevenueFromContractWithCustomerExcludingAssessedTax/units/USD/68,b7ade89b97e80548626c15a8fd025775aefe060ef8f4cff1cbea6a21d5dbb86e
0001130464-0000950170-24-089042-us-gaap:RevenueFromContractWithCustomerExcludingAssessedTax-USD-2023-04-01-2023-06-30,0001130464-0000950170-24-089042,R1,us-gaap:RevenueFromContractWithCustomerExcludingAssessedTax,revenue_from_contracts_with_customers,USD,2023-04-01,2023-06-30,405100000,facts/us-gaap/RevenueFromContractWithCustomerExcludingAssessedTax/units/USD/70,44ccdc274d8e342cdec7abc7bef2e61698b391a3c78da3b073b713f386d948c2
0001130464-0000950170-24-089042-us-gaap:RevenueFromContractWithCustomerExcludingAssessedTax-USD-2024-01-01-2024-06-30,0001130464-0000950170-24-089042,R1,us-gaap:RevenueFromContractWithCustomerExcludingAssessedTax,revenue_from_contracts_with_customers,USD,2024-01-01,2024-06-30,1114300000,facts/us-gaap/RevenueFromContractWithCustomerExcludingAssessedTax/units/USD/80,2823d53ccb607cfda42c1c3a9dafa5b3abd0a1d5636dd2339d8da0b3c9b5fb98
0001130464-0000950170-24-089042-us-gaap:RevenueFromContractWithCustomerExcludingAssessedTax-USD-2024-04-01-2024-06-30,0001130464-0000950170-24-089042,R1,us-gaap:RevenueFromContractWithCustomerExcludingAssessedTax,revenue_from_contracts_with_customers,USD,2024-04-01,2024-06-30,397100000,facts/us-gaap/RevenueFromContractWithCustomerExcludingAssessedTax/units/USD/82,9d088917e055c6bf0137c1348d392331e201622182fddf9517153a2617081e68
0001130464-0000950170-24-089042-us-gaap:Revenues-USD-2023-01-01-2023-06-30,0001130464-0000950170-24-089042,R0,us-gaap:Revenues,total_revenue,USD,2023-01-01,2023-06-30,1332400000,facts/us-gaap/Revenues/units/USD/97,b92eb7cea191139ec6f51c005106acc49991c7d97e7bf59138e8a78b0f012ef5
0001130464-0000950170-24-089042-us-gaap:Revenues-USD-2023-04-01-2023-06-30,0001130464-0000950170-24-089042,R0,us-gaap:Revenues,total_revenue,USD,2023-04-01,2023-06-30,411300000,facts/us-gaap/Revenues/units/USD/99,56d153027de5ae6620bbed91a2374671f396e4109a5e40f08cb1eb44a30832bb
0001130464-0000950170-24-089042-us-gaap:Revenues-USD-2024-01-01-2024-06-30,0001130464-0000950170-24-089042,R0,us-gaap:Revenues,total_revenue,USD,2024-01-01,2024-06-30,1129000000,facts/us-gaap/Revenues/units/USD/109,03fa159a6c5583db102edc3cf1657e8eaf53e6924e7ca83fdf8771267814ef47
0001130464-0000950170-24-089042-us-gaap:Revenues-USD-2024-04-01-2024-06-30,0001130464-0000950170-24-089042,R0,us-gaap:Revenues,total_revenue,USD,2024-04-01,2024-06-30,402600000,facts/us-gaap/Revenues/units/USD/111,62fd866a8a86fa3e411c4316656bff5412a37ac99b94eac1ffb3f90424c1769a
0001130464-0000950170-24-122969-us-gaap:Assets-USD--2023-12-31,0001130464-0000950170-24-122969,R2,us-gaap:Assets,total_assets,USD,,2023-12-31,9620400000,facts/us-gaap/Assets/units/USD/144,a634598dcc830f557d5bcf947eaabcd54970112decb0f3fe555ca42323e05a9b
0001130464-0000950170-24-122969-us-gaap:Assets-USD--2024-09-30,0001130464-0000950170-24-122969,R2,us-gaap:Assets,total_assets,USD,,2024-09-30,9718700000,facts/us-gaap/Assets/units/USD/148,cd54594ac92b19e74f983209a451aea51f1606f4ccaea8e57cf70e7819ebe4a6
0001130464-0000950170-24-122969-us-gaap:RevenueFromContractWithCustomerExcludingAssessedTax-USD-2023-01-01-2023-09-30,0001130464-0000950170-24-122969,R1,us-gaap:RevenueFromContractWithCustomerExcludingAssessedTax,revenue_from_contracts_with_customers,USD,2023-01-01,2023-09-30,1717400000,facts/us-gaap/RevenueFromContractWithCustomerExcludingAssessedTax/units/USD/72,cfe6d6e743ab7164333ded4203f4565f9f78a587258d3f575adeea82d68afa3b
0001130464-0000950170-24-122969-us-gaap:RevenueFromContractWithCustomerExcludingAssessedTax-USD-2023-07-01-2023-09-30,0001130464-0000950170-24-122969,R1,us-gaap:RevenueFromContractWithCustomerExcludingAssessedTax,revenue_from_contracts_with_customers,USD,2023-07-01,2023-09-30,400100000,facts/us-gaap/RevenueFromContractWithCustomerExcludingAssessedTax/units/USD/74,6a3e933ab705a0cacf831dd88220d3a1d8c98c9e4062bac95d96a2c80da6fb5b
0001130464-0000950170-24-122969-us-gaap:RevenueFromContractWithCustomerExcludingAssessedTax-USD-2024-01-01-2024-09-30,0001130464-0000950170-24-122969,R1,us-gaap:RevenueFromContractWithCustomerExcludingAssessedTax,revenue_from_contracts_with_customers,USD,2024-01-01,2024-09-30,1513000000,facts/us-gaap/RevenueFromContractWithCustomerExcludingAssessedTax/units/USD/84,05ceb7e9b7d684ed833254e3d22f937977c34768574fd675d2e882800bdb3647
0001130464-0000950170-24-122969-us-gaap:RevenueFromContractWithCustomerExcludingAssessedTax-USD-2024-07-01-2024-09-30,0001130464-0000950170-24-122969,R1,us-gaap:RevenueFromContractWithCustomerExcludingAssessedTax,revenue_from_contracts_with_customers,USD,2024-07-01,2024-09-30,398600000,facts/us-gaap/RevenueFromContractWithCustomerExcludingAssessedTax/units/USD/86,f32f7bdafa821736da3fa9a6020d0ee43ac41affa045e6991a15bd1772a9a2ae
0001130464-0000950170-24-122969-us-gaap:Revenues-USD-2023-01-01-2023-09-30,0001130464-0000950170-24-122969,R0,us-gaap:Revenues,total_revenue,USD,2023-01-01,2023-09-30,1739600000,facts/us-gaap/Revenues/units/USD/101,a2e398821bc26105c854b1a809f090ad76608466e54163add1d785bb22ec1733
0001130464-0000950170-24-122969-us-gaap:Revenues-USD-2023-07-01-2023-09-30,0001130464-0000950170-24-122969,R0,us-gaap:Revenues,total_revenue,USD,2023-07-01,2023-09-30,407100000,facts/us-gaap/Revenues/units/USD/103,9f54207e102bc624be71f125bea3eea7d11688ad767307a4fa6c4c05b8106b5b
0001130464-0000950170-24-122969-us-gaap:Revenues-USD-2024-01-01-2024-09-30,0001130464-0000950170-24-122969,R0,us-gaap:Revenues,total_revenue,USD,2024-01-01,2024-09-30,1530600000,facts/us-gaap/Revenues/units/USD/113,de6c0f4a840c24d1eeb4c04a446dc1739d82d15da45e65956b8651300fd747f9
0001130464-0000950170-24-122969-us-gaap:Revenues-USD-2024-07-01-2024-09-30,0001130464-0000950170-24-122969,R0,us-gaap:Revenues,total_revenue,USD,2024-07-01,2024-09-30,401600000,facts/us-gaap/Revenues/units/USD/115,4aa8340272386087c944de2bffe84c7f65b2ffbb9250541657f19c1e4c6ee86d
0001130464-0000950170-25-018647-us-gaap:Assets-USD--2023-12-31,0001130464-0000950170-25-018647,R2,us-gaap:Assets,total_assets,USD,,2023-12-31,9620400000,facts/us-gaap/Assets/units/USD/145,1652625efa35e26ab410577f23e7940ab56ab970330c5f664b1722a1b7cbc2c8
0001130464-0000950170-25-018647-us-gaap:Assets-USD--2024-12-31,0001130464-0000950170-25-018647,R2,us-gaap:Assets,total_assets,USD,,2024-12-31,10022600000,facts/us-gaap/Assets/units/USD/149,b413e8ff1cbd866ca551796bd807b1447f82f64566404ece81e84cb22a7aff51
0001130464-0000950170-25-018647-us-gaap:RevenueFromContractWithCustomerExcludingAssessedTax-USD-2022-01-01-2022-12-31,0001130464-0000950170-25-018647,R1,us-gaap:RevenueFromContractWithCustomerExcludingAssessedTax,revenue_from_contracts_with_customers,USD,2022-01-01,2022-12-31,2542900000,facts/us-gaap/RevenueFromContractWithCustomerExcludingAssessedTax/units/USD/64,0956b0568e4f0b4c94ef0747d1c6d69fe79178f03ccdf4031b6a8315df085e82
0001130464-0000950170-25-018647-us-gaap:RevenueFromContractWithCustomerExcludingAssessedTax-USD-2023-01-01-2023-12-31,0001130464-0000950170-25-018647,R1,us-gaap:RevenueFromContractWithCustomerExcludingAssessedTax,revenue_from_contracts_with_customers,USD,2023-01-01,2023-12-31,2301700000,facts/us-gaap/RevenueFromContractWithCustomerExcludingAssessedTax/units/USD/76,f641f85b2e11a84325083b455f1c6aa44c9d0bed40a29190e6ef650ab050fb9a
0001130464-0000950170-25-018647-us-gaap:RevenueFromContractWithCustomerExcludingAssessedTax-USD-2024-01-01-2024-12-31,0001130464-0000950170-25-018647,R1,us-gaap:RevenueFromContractWithCustomerExcludingAssessedTax,revenue_from_contracts_with_customers,USD,2024-01-01,2024-12-31,2098000000,facts/us-gaap/RevenueFromContractWithCustomerExcludingAssessedTax/units/USD/88,e3ac47ed9cfd8da142fb74665b5a93a36f567b0327d1118e2b0d887e0efe48ad
0001130464-0000950170-25-018647-us-gaap:Revenues-USD-2022-01-01-2022-12-31,0001130464-0000950170-25-018647,R0,us-gaap:Revenues,total_revenue,USD,2022-01-01,2022-12-31,2551800000,facts/us-gaap/Revenues/units/USD/93,6377ce36f87d2a2a429f85c44febd0e61005d7521846da3f7048942b01005c09
0001130464-0000950170-25-018647-us-gaap:Revenues-USD-2023-01-01-2023-12-31,0001130464-0000950170-25-018647,R0,us-gaap:Revenues,total_revenue,USD,2023-01-01,2023-12-31,2331300000,facts/us-gaap/Revenues/units/USD/105,0154159be6cc476f35e435264e94792458ac86e7a8d0eaa8f3eec24f035c13fc
0001130464-0000950170-25-018647-us-gaap:Revenues-USD-2024-01-01-2024-12-31,0001130464-0000950170-25-018647,R0,us-gaap:Revenues,total_revenue,USD,2024-01-01,2024-12-31,2127700000,facts/us-gaap/Revenues/units/USD/117,34bcf091562a6d2a15df0731730656ab33134afa98546b224cd46e5ada18ad2a
0001130464-0000950170-25-066572-us-gaap:Assets-USD--2024-12-31,0001130464-0000950170-25-066572,R2,us-gaap:Assets,total_assets,USD,,2024-12-31,10022600000,facts/us-gaap/Assets/units/USD/150,bd9831e097a13e80f809e836480a8df51367207066552f6fcf9088fa74cd1e93
0001130464-0000950170-25-066572-us-gaap:Assets-USD--2025-03-31,0001130464-0000950170-25-066572,R2,us-gaap:Assets,total_assets,USD,,2025-03-31,10061200000,facts/us-gaap/Assets/units/USD/154,1fb998bd5bac4c04512c603dc386958f2243e23e3f786cf614c8de068a142988
0001130464-0000950170-25-066572-us-gaap:RevenueFromContractWithCustomerExcludingAssessedTax-USD-2024-01-01-2024-03-31,0001130464-0000950170-25-066572,R1,us-gaap:RevenueFromContractWithCustomerExcludingAssessedTax,revenue_from_contracts_with_customers,USD,2024-01-01,2024-03-31,717200000,facts/us-gaap/RevenueFromContractWithCustomerExcludingAssessedTax/units/USD/79,4daa9c5f6b2d90d548ccfe0655500cb790a343253af8110c7012a531cf69d086
0001130464-0000950170-25-066572-us-gaap:RevenueFromContractWithCustomerExcludingAssessedTax-USD-2025-01-01-2025-03-31,0001130464-0000950170-25-066572,R1,us-gaap:RevenueFromContractWithCustomerExcludingAssessedTax,revenue_from_contracts_with_customers,USD,2025-01-01,2025-03-31,800400000,facts/us-gaap/RevenueFromContractWithCustomerExcludingAssessedTax/units/USD/90,98ee29d0f8c6afa645c7c31bd2355a09ef0419970b59e3a558c5a412498ed126
0001130464-0000950170-25-066572-us-gaap:Revenues-USD-2024-01-01-2024-03-31,0001130464-0000950170-25-066572,R0,us-gaap:Revenues,total_revenue,USD,2024-01-01,2024-03-31,726400000,facts/us-gaap/Revenues/units/USD/108,c2d584f547ff4f484ee05bcbd1fc69979b1af27343c6fdc539840ac695d32f22
0001130464-0000950170-25-066572-us-gaap:Revenues-USD-2025-01-01-2025-03-31,0001130464-0000950170-25-066572,R0,us-gaap:Revenues,total_revenue,USD,2025-01-01,2025-03-31,805200000,facts/us-gaap/Revenues/units/USD/119,2040f99a10231de26e2dd1e3e621f3692f29a70c6a1b3de10cdddd771649f08f
0001130464-0000950170-25-100667-us-gaap:Assets-USD--2024-12-31,0001130464-0000950170-25-100667,R2,us-gaap:Assets,total_assets,USD,,2024-12-31,10022600000,facts/us-gaap/Assets/units/USD/151,667dce9f955ec091ebc643b512e4e0cdd40bb40ff1f90b9af887e37801582077
0001130464-0000950170-25-100667-us-gaap:Assets-USD--2025-06-30,0001130464-0000950170-25-100667,R2,us-gaap:Assets,total_assets,USD,,2025-06-30,10091600000,facts/us-gaap/Assets/units/USD/155,b36dccef91b53095be54552eef0ffa21bf3e85d075b8896745c12840ce6c1d20
0001130464-0000950170-25-100667-us-gaap:RevenueFromContractWithCustomerExcludingAssessedTax-USD-2024-01-01-2024-06-30,0001130464-0000950170-25-100667,R1,us-gaap:RevenueFromContractWithCustomerExcludingAssessedTax,revenue_from_contracts_with_customers,USD,2024-01-01,2024-06-30,1114300000,facts/us-gaap/RevenueFromContractWithCustomerExcludingAssessedTax/units/USD/81,78eca308b3ac49b70898ed3f18f3743882c75861bbb8e697bccd33080a62185c
0001130464-0000950170-25-100667-us-gaap:RevenueFromContractWithCustomerExcludingAssessedTax-USD-2024-04-01-2024-06-30,0001130464-0000950170-25-100667,R1,us-gaap:RevenueFromContractWithCustomerExcludingAssessedTax,revenue_from_contracts_with_customers,USD,2024-04-01,2024-06-30,397100000,facts/us-gaap/RevenueFromContractWithCustomerExcludingAssessedTax/units/USD/83,938e00fd836cac181eb07727d720608a99a03448ecab7743186a0b4ab2b04f36
0001130464-0000950170-25-100667-us-gaap:RevenueFromContractWithCustomerExcludingAssessedTax-USD-2025-01-01-2025-06-30,0001130464-0000950170-25-100667,R1,us-gaap:RevenueFromContractWithCustomerExcludingAssessedTax,revenue_from_contracts_with_customers,USD,2025-01-01,2025-06-30,1236100000,facts/us-gaap/RevenueFromContractWithCustomerExcludingAssessedTax/units/USD/92,ac152b8b3167c50305e6b3ab29a272cf9356a199694de93d7ae0b2557fb3654b
0001130464-0000950170-25-100667-us-gaap:RevenueFromContractWithCustomerExcludingAssessedTax-USD-2025-04-01-2025-06-30,0001130464-0000950170-25-100667,R1,us-gaap:RevenueFromContractWithCustomerExcludingAssessedTax,revenue_from_contracts_with_customers,USD,2025-04-01,2025-06-30,435700000,facts/us-gaap/RevenueFromContractWithCustomerExcludingAssessedTax/units/USD/94,bdb5172732bc1bd3ef89e18192e1f284179b5d54a80ac7b84075f278babb884b
0001130464-0000950170-25-100667-us-gaap:Revenues-USD-2024-01-01-2024-06-30,0001130464-0000950170-25-100667,R0,us-gaap:Revenues,total_revenue,USD,2024-01-01,2024-06-30,1129000000,facts/us-gaap/Revenues/units/USD/110,7dd4eafddc236933e380eb6af32cc51b56b992c9fb3d78714368d73e63565684
0001130464-0000950170-25-100667-us-gaap:Revenues-USD-2024-04-01-2024-06-30,0001130464-0000950170-25-100667,R0,us-gaap:Revenues,total_revenue,USD,2024-04-01,2024-06-30,402600000,facts/us-gaap/Revenues/units/USD/112,1eb29384e36af08153cfaf33f049ea7ce60146a692b7e371189298850f157c27
0001130464-0000950170-25-100667-us-gaap:Revenues-USD-2025-01-01-2025-06-30,0001130464-0000950170-25-100667,R0,us-gaap:Revenues,total_revenue,USD,2025-01-01,2025-06-30,1244200000,facts/us-gaap/Revenues/units/USD/121,3e78ec468529946b9bdbcb4b6f277a6945e7a27ef6523acbced18f502cae1bd1
0001130464-0000950170-25-100667-us-gaap:Revenues-USD-2025-04-01-2025-06-30,0001130464-0000950170-25-100667,R0,us-gaap:Revenues,total_revenue,USD,2025-04-01,2025-06-30,439000000,facts/us-gaap/Revenues/units/USD/123,13f4b063f2a763e50c4dfa3c3167c0486fc5994616941e21c8def6d0f49b00d2
0001130464-0001130464-16-000209-us-gaap:Assets-USD--2015-06-30,0001130464-0001130464-16-000209,R2,us-gaap:Assets,total_assets,USD,,2015-06-30,4208914000,facts/us-gaap/Assets/units/USD/67,b50530987422cb3165e1769fab344d90ffc4ae1ff6c2251808ee6df4facc1797
0001130464-0001130464-16-000209-us-gaap:Assets-USD--2015-12-31,0001130464-0001130464-16-000209,R2,us-gaap:Assets,total_assets,USD,,2015-12-31,4642317000,facts/us-gaap/Assets/units/USD/72,a005a5a6b4bd386b85203b624b7092e271f521a38983feec7142becbd9468fc9
0001130464-0001130464-16-000209-us-gaap:Assets-USD--2016-06-30,0001130464-0001130464-16-000209,R2,us-gaap:Assets,total_assets,USD,,2016-06-30,6394864000,facts/us-gaap/Assets/units/USD/77,b957634f297763932baeed36aaa9fca995a72522af8d6c10cd0fc8217b2d87c3
0001130464-0001130464-16-000217-us-gaap:Assets-USD--2015-09-30,0001130464-0001130464-16-000217,R2,us-gaap:Assets,total_assets,USD,,2015-09-30,4231932000,facts/us-gaap/Assets/units/USD/69,76b9023a7b905180c41eebced3de38725b224ae757da23ed07ac8c17b08a219c
0001130464-0001130464-16-000217-us-gaap:Assets-USD--2015-12-31,0001130464-0001130464-16-000217,R2,us-gaap:Assets,total_assets,USD,,2015-12-31,4642317000,facts/us-gaap/Assets/units/USD/73,e6149f00aa96b6329d72b616c0daa1a4751b8346596fe92b45747735524c47ed
0001130464-0001130464-16-000217-us-gaap:Assets-USD--2016-09-30,0001130464-0001130464-16-000217,R2,us-gaap:Assets,total_assets,USD,,2016-09-30,6452136000,facts/us-gaap/Assets/units/USD/79,97fb647766aec041df0b55d8f85994b90e627a0c0cba0710cf22e7e5a8468310
0001130464-0001130464-17-000010-us-gaap:Assets-USD--2015-12-31,0001130464-0001130464-17-000010,R2,us-gaap:Assets,total_assets,USD,,2015-12-31,4626643000,facts/us-gaap/Assets/units/USD/74,faada7be3eb4253677de1c0d7328b5f67bf92482a3a83cf7b75a7add0588b1b3
0001130464-0001130464-17-000010-us-gaap:Assets-USD--2016-12-31,0001130464-0001130464-17-000010,R2,us-gaap:Assets,total_assets,USD,,2016-12-31,6515444000,facts/us-gaap/Assets/units/USD/81,93c7e64e6a53aee9aa96b99dd4d8bf43ba91ea56b1a8c44140ceada2165117da
0001130464-0001130464-17-000025-us-gaap:Assets-USD--2016-03-31,0001130464-0001130464-17-000025,R2,us-gaap:Assets,total_assets,USD,,2016-03-31,6303725000,facts/us-gaap/Assets/units/USD/76,28d0078d558deeba31cecf9b2b87aef1bb995218792c4dc48734aab1ee1d383e
0001130464-0001130464-17-000025-us-gaap:Assets-USD--2016-12-31,0001130464-0001130464-17-000025,R2,us-gaap:Assets,total_assets,USD,,2016-12-31,6515444000,facts/us-gaap/Assets/units/USD/82,1ac3119e81a5090e37987ba076acfb319b329b8bc267d5a90d68ce162ab04da9
0001130464-0001130464-17-000025-us-gaap:Assets-USD--2017-03-31,0001130464-0001130464-17-000025,R2,us-gaap:Assets,total_assets,USD,,2017-03-31,6475849000,facts/us-gaap/Assets/units/USD/86,7848d7803fb7936d7c51992ff94c4c3a2c1b2b373633403d7ec6f1850c19f413
0001130464-0001130464-17-000041-us-gaap:Assets-USD--2016-06-30,0001130464-0001130464-17-000041,R2,us-gaap:Assets,total_assets,USD,,2016-06-30,6339918000,facts/us-gaap/Assets/units/USD/78,bb823341f218bdb7f1ca5d9c1a3726808ece5f14d038709cb45057ab64436d24
0001130464-0001130464-17-000041-us-gaap:Assets-USD--2016-12-31,0001130464-0001130464-17-000041,R2,us-gaap:Assets,total_assets,USD,,2016-12-31,6515444000,facts/us-gaap/Assets/units/USD/83,45acc14a3d63b5bf64c74f222e13c253d57baa30814de4de9071880b0951686d
0001130464-0001130464-17-000041-us-gaap:Assets-USD--2017-06-30,0001130464-0001130464-17-000041,R2,us-gaap:Assets,total_assets,USD,,2017-06-30,6489092000,facts/us-gaap/Assets/units/USD/88,02e3d545416fdc8084040877a4f08358961ca6f247aa252a2edc27aa433883f3
0001130464-0001130464-17-000053-us-gaap:Assets-USD--2016-09-30,0001130464-0001130464-17-000053,R2,us-gaap:Assets,total_assets,USD,,2016-09-30,6420986000,facts/us-gaap/Assets/units/USD/80,3e4f8ba328f55306b23d9bb12dd8af0ed8be12710dad219cfd8772c30f56f768
0001130464-0001130464-17-000053-us-gaap:Assets-USD--2016-12-31,0001130464-0001130464-17-000053,R2,us-gaap:Assets,total_assets,USD,,2016-12-31,6515444000,facts/us-gaap/Assets/units/USD/84,bdb445065c47e75eb922426f0fb8507e74f458d7a85a26d67f58fe03fa8f119e
0001130464-0001130464-17-000053-us-gaap:Assets-USD--2017-09-30,0001130464-0001130464-17-000053,R2,us-gaap:Assets,total_assets,USD,,2017-09-30,6551177000,facts/us-gaap/Assets/units/USD/90,b87004e3a5155753d26d1e2cb412e65a065b2cd08a1cfd6f61a507138afa281c
0001130464-0001130464-18-000014-us-gaap:Assets-USD--2016-12-31,0001130464-0001130464-18-000014,R2,us-gaap:Assets,total_assets,USD,,2016-12-31,6541773000,facts/us-gaap/Assets/units/USD/85,eee411509bcc69b65839929e92b03c5de0df4a01f601a4a96d51ed95256b1635
0001130464-0001130464-18-000014-us-gaap:Assets-USD--2017-12-31,0001130464-0001130464-18-000014,R2,us-gaap:Assets,total_assets,USD,,2017-12-31,6658902000,facts/us-gaap/Assets/units/USD/92,486b37609dd421aecfd862f935910c8e1e2cca050e946ec2fc351770f7c4d47e
0001130464-0001130464-18-000029-us-gaap:Assets-USD--2017-03-31,0001130464-0001130464-18-000029,R2,us-gaap:Assets,total_assets,USD,,2017-03-31,6499571000,facts/us-gaap/Assets/units/USD/87,c574b275f47216afcff810fad86ba3752f1cbb76b5b75e2f1858ce72658a2a26
0001130464-0001130464-18-000029-us-gaap:Assets-USD--2017-12-31,0001130464-0001130464-18-000029,R2,us-gaap:Assets,total_assets,USD,,2017-12-31,6658902000,facts/us-gaap/Assets/units/USD/93,0318847eba499c971e8f5866c10a73342374e18f00a5439a0e0cb46ae62281a6
0001130464-0001130464-18-000029-us-gaap:Assets-USD--2018-03-31,0001130464-0001130464-18-000029,R2,us-gaap:Assets,total_assets,USD,,2018-03-31,6626989000,facts/us-gaap/Assets/units/USD/97,d576c6cfad96c706a990c4e880c5c077907c8f5ba9481fbd2e21a1530fb4e49c
0001130464-0001130464-18-000029-us-gaap:RevenueFromContractWithCustomerExcludingAssessedTax-USD-2018-01-01-2018-03-31,0001130464-0001130464-18-000029,R1,us-gaap:RevenueFromContractWithCustomerExcludingAssessedTax,revenue_from_contracts_with_customers,USD,2018-01-01,2018-03-31,573355000,facts/us-gaap/RevenueFromContractWithCustomerExcludingAssessedTax/units/USD/0,ec6ec7b63f4fc8ed713b5ee3a041471248dafb05b14528576d54b69d665eecff
0001130464-0001130464-18-000044-us-gaap:Assets-USD--2017-06-30,0001130464-0001130464-18-000044,R2,us-gaap:Assets,total_assets,USD,,2017-06-30,6509746000,facts/us-gaap/Assets/units/USD/89,82cd4a41da2e02457aa5fb964eb5e13e88ccd81762f5e09293378e63706ba5a3
0001130464-0001130464-18-000044-us-gaap:Assets-USD--2017-12-31,0001130464-0001130464-18-000044,R2,us-gaap:Assets,total_assets,USD,,2017-12-31,6658902000,facts/us-gaap/Assets/units/USD/94,09517d7210d4f62b1086dedcf8f2a8ba390d8211c24639107466e61b77b8f54c
0001130464-0001130464-18-000044-us-gaap:Assets-USD--2018-06-30,0001130464-0001130464-18-000044,R2,us-gaap:Assets,total_assets,USD,,2018-06-30,6570129000,facts/us-gaap/Assets/units/USD/99,fa39a3e6e4fa7af4cce9fd07a9a94094db2cfa251144250b8629f18f47b82bb7
0001130464-0001130464-18-000044-us-gaap:RevenueFromContractWithCustomerExcludingAssessedTax-USD-2018-01-01-2018-06-30,0001130464-0001130464-18-000044,R1,us-gaap:RevenueFromContractWithCustomerExcludingAssessedTax,revenue_from_contracts_with_customers,USD,2018-01-01,2018-06-30,925816000,facts/us-gaap/RevenueFromContractWithCustomerExcludingAssessedTax/units/USD/2,746aaf9f6976c1c514cef61ca8fbc25060ef17cdd4e25b781b9a6ac9ff64d9f9
0001130464-0001130464-18-000044-us-gaap:RevenueFromContractWithCustomerExcludingAssessedTax-USD-2018-04-01-2018-06-30,0001130464-0001130464-18-000044,R1,us-gaap:RevenueFromContractWithCustomerExcludingAssessedTax,revenue_from_contracts_with_customers,USD,2018-04-01,2018-06-30,352461000,facts/us-gaap/RevenueFromContractWithCustomerExcludingAssessedTax/units/USD/4,b4ee946fa31a131d83884d299532866822fbfc9f949c23746f54f33ef0b735ea
0001130464-0001130464-18-000053-us-gaap:Assets-USD--2017-09-30,0001130464-0001130464-18-000053,R2,us-gaap:Assets,total_assets,USD,,2017-09-30,6563748000,facts/us-gaap/Assets/units/USD/91,7b097a2145062498d2799c6e2db4ae4bbf0de8ce36cde6ecec24948d67b9e759
0001130464-0001130464-18-000053-us-gaap:Assets-USD--2017-12-31,0001130464-0001130464-18-000053,R2,us-gaap:Assets,total_assets,USD,,2017-12-31,6658902000,facts/us-gaap/Assets/units/USD/95,2c667c0de7706afacf8385a52ed28189bb7a0b0f3a9f487f6383dd4101c22d22
0001130464-0001130464-18-000053-us-gaap:Assets-USD--2018-09-30,0001130464-0001130464-18-000053,R2,us-gaap:Assets,total_assets,USD,,2018-09-30,6661938000,facts/us-gaap/Assets/units/USD/100,b03ae18817f98b92b2c5dbeb92c8fe325792ae263223cf335b952b6efa98c2d6
0001130464-0001130464-18-000053-us-gaap:RevenueFromContractWithCustomerExcludingAssessedTax-USD-2018-01-01-2018-09-30,0001130464-0001130464-18-000053,R1,us-gaap:RevenueFromContractWithCustomerExcludingAssessedTax,revenue_from_contracts_with_customers,USD,2018-01-01,2018-09-30,1245981000,facts/us-gaap/RevenueFromContractWithCustomerExcludingAssessedTax/units/USD/6,52a9a3b9fb62e7a3f3bcbce7b7896ed29fe0e62823f3c905e297c5206ef24877
0001130464-0001130464-18-000053-us-gaap:RevenueFromContractWithCustomerExcludingAssessedTax-USD-2018-07-01-2018-09-30,0001130464-0001130464-18-000053,R1,us-gaap:RevenueFromContractWithCustomerExcludingAssessedTax,revenue_from_contracts_with_customers,USD,2018-07-01,2018-09-30,320163000,facts/us-gaap/RevenueFromContractWithCustomerExcludingAssessedTax/units/USD/8,1f06b27fd159b72bd192e775b2ec7e1a8cb762e5c4b9fee5c9a33d509140c059
0001130464-0001130464-18-000053-us-gaap:Revenues-USD-2017-01-01-2017-09-30,0001130464-0001130464-18-000053,R0,us-gaap:Revenues,total_revenue,USD,2017-01-01,2017-09-30,1224968000,facts/us-gaap/Revenues/units/USD/14,5a9fc76aac317dcfee6dde784f7fbc2a2891caf0bcc0b9b2ef01b26d544cadf0
0001130464-0001130464-18-000053-us-gaap:Revenues-USD-2017-07-01-2017-09-30,0001130464-0001130464-18-000053,R0,us-gaap:Revenues,total_revenue,USD,2017-07-01,2017-09-30,335611000,facts/us-gaap/Revenues/units/USD/15,3b49af499a453e587802e2edd5434f5bc49f82e984735a2edceff348ce25f4fc
0001130464-0001130464-18-000053-us-gaap:Revenues-USD-2018-01-01-2018-09-30,0001130464-0001130464-18-000053,R0,us-gaap:Revenues,total_revenue,USD,2018-01-01,2018-09-30,1253072000,facts/us-gaap/Revenues/units/USD/27,cec0458aaf989aa295a0486f2ae7e4d8d124f5a2c033c177c2fb2c577da9866d
0001130464-0001130464-18-000053-us-gaap:Revenues-USD-2018-07-01-2018-09-30,0001130464-0001130464-18-000053,R0,us-gaap:Revenues,total_revenue,USD,2018-07-01,2018-09-30,321979000,facts/us-gaap/Revenues/units/USD/29,6d24f15be7e9e0a38c9f2b039b0a61dae79d1f68cb8f114840e192329d9db3a0
0001130464-0001130464-19-000012-us-gaap:Assets-USD--2017-12-31,0001130464-0001130464-19-000012,R2,us-gaap:Assets,total_assets,USD,,2017-12-31,6658902000,facts/us-gaap/Assets/units/USD/96,c7e59fc052273bbcb33dca8290303881f26db830c8ed1ee8ba096ba896453c52
0001130464-0001130464-19-000012-us-gaap:Assets-USD--2018-12-31,0001130464-0001130464-19-000012,R2,us-gaap:Assets,total_assets,USD,,2018-12-31,6963327000,facts/us-gaap/Assets/units/USD/101,94d28f7e67e24624eeea35239fc3b424810048e49be70740d69e3791daf5bb78
0001130464-0001130464-19-000012-us-gaap:RevenueFromContractWithCustomerExcludingAssessedTax-USD-2018-01-01-2018-12-31,0001130464-0001130464-19-000012,R1,us-gaap:RevenueFromContractWithCustomerExcludingAssessedTax,revenue_from_contracts_with_customers,USD,2018-01-01,2018-12-31,1748542000,facts/us-gaap/RevenueFromContractWithCustomerExcludingAssessedTax/units/USD/10,3272196fa233274e316a7b8d82f0eac0de3349bd2b672eb5835470d9c0ebc055
0001130464-0001130464-19-000012-us-gaap:Revenues-USD-2016-01-01-2016-12-31,0001130464-0001130464-19-000012,R0,us-gaap:Revenues,total_revenue,USD,2016-01-01,2016-12-31,1538916000,facts/us-gaap/Revenues/units/USD/11,fe9673c51073a82fd6212b9ec2c33ad4ba1d6a2f8001f3c7ca554926dd2b493f
0001130464-0001130464-19-000012-us-gaap:Revenues-USD-2017-01-01-2017-03-31,0001130464-0001130464-19-000012,R0,us-gaap:Revenues,total_revenue,USD,2017-01-01,2017-03-31,547528000,facts/us-gaap/Revenues/units/USD/12,1a9f6cd55a2e4df422edfc6b19161246c8e7b1360e8231d14a9315d5c56234fc
0001130464-0001130464-19-000012-us-gaap:Revenues-USD-2017-01-01-2017-12-31,0001130464-0001130464-19-000012,R0,us-gaap:Revenues,total_revenue,USD,2017-01-01,2017-12-31,1680266000,facts/us-gaap/Revenues/units/USD/17,a0889d1eb20078709531de75da5d3f9278284da7c6cee3dfe87ec53d561ab24f
0001130464-0001130464-19-000012-us-gaap:Revenues-USD-2017-04-01-2017-06-30,0001130464-0001130464-19-000012,R0,us-gaap:Revenues,total_revenue,USD,2017-04-01,2017-06-30,341829000,facts/us-gaap/Revenues/units/USD/13,c0462c68d0db545092815c2a1dd50e603995281a89129e0ef18ed896c3540b27
0001130464-0001130464-19-000012-us-gaap:Revenues-USD-2017-07-01-2017-09-30,0001130464-0001130464-19-000012,R0,us-gaap:Revenues,total_revenue,USD,2017-07-01,2017-09-30,335611000,facts/us-gaap/Revenues/units/USD/16,64711aa7a9ba95ce3df5bd5236fa4861400969bfc898cf49304fff7e80f459a2
0001130464-0001130464-19-000012-us-gaap:Revenues-USD-2017-10-01-2017-12-31,0001130464-0001130464-19-000012,R0,us-gaap:Revenues,total_revenue,USD,2017-10-01,2017-12-31,455298000,facts/us-gaap/Revenues/units/USD/19,63607d164fbc8a279e797d277e90b35d5b8aa668108bc708f2d19cfba950db8b
0001130464-0001130464-19-000012-us-gaap:Revenues-USD-2018-01-01-2018-03-31,0001130464-0001130464-19-000012,R0,us-gaap:Revenues,total_revenue,USD,2018-01-01,2018-03-31,575389000,facts/us-gaap/Revenues/units/USD/20,7a906d57dfefcbdfc57499e1630289b6b6320327323420a4d77a3992a13f47f6
0001130464-0001130464-19-000012-us-gaap:Revenues-USD-2018-01-01-2018-12-31,0001130464-0001130464-19-000012,R0,us-gaap:Revenues,total_revenue,USD,2018-01-01,2018-12-31,1754268000,facts/us-gaap/Revenues/units/USD/33,4be2785f9ddf7eec3f288a7a99d6f009282d8199a68bc97e16aee5d415a7c2e1
0001130464-0001130464-19-000012-us-gaap:Revenues-USD-2018-04-01-2018-06-30,0001130464-0001130464-19-000012,R0,us-gaap:Revenues,total_revenue,USD,2018-04-01,2018-06-30,355704000,facts/us-gaap/Revenues/units/USD/24,81287db7f2affa334f01b86be61fefdfac0d90051a8fa4fa7db82ee62bf62115
0001130464-0001130464-19-000012-us-gaap:Revenues-USD-2018-07-01-2018-09-30,0001130464-0001130464-19-000012,R0,us-gaap:Revenues,total_revenue,USD,2018-07-01,2018-09-30,321979000,facts/us-gaap/Revenues/units/USD/30,e51fbc5f54be30a62a86909bac8fa8f2de9612968357422fc8485e5bdfd1b1fa
0001130464-0001130464-19-000012-us-gaap:Revenues-USD-2018-10-01-2018-12-31,0001130464-0001130464-19-000012,R0,us-gaap:Revenues,total_revenue,USD,2018-10-01,2018-12-31,501196000,facts/us-gaap/Revenues/units/USD/36,08e79d8a5b96a585b02303e16889fa68ab82ec79f0026706f191e824c9bd1b2d
0001130464-0001130464-19-000021-us-gaap:Assets-USD--2018-03-31,0001130464-0001130464-19-000021,R2,us-gaap:Assets,total_assets,USD,,2018-03-31,6626989000,facts/us-gaap/Assets/units/USD/98,834bc45372176455ac2b47fd955d32b7986f5bba5e01b1ce31235cd31e22bedd
0001130464-0001130464-19-000021-us-gaap:Assets-USD--2018-12-31,0001130464-0001130464-19-000021,R2,us-gaap:Assets,total_assets,USD,,2018-12-31,6963327000,facts/us-gaap/Assets/units/USD/102,cc8432dd97986c07a5dbf52d3804451ec255db864d89d69445b4dd9e371b0804
0001130464-0001130464-19-000021-us-gaap:Assets-USD--2019-03-31,0001130464-0001130464-19-000021,R2,us-gaap:Assets,total_assets,USD,,2019-03-31,7037572000,facts/us-gaap/Assets/units/USD/106,31def6cec34385198af635b354236e1987f83dc45d7cf964cd2b174cd93eee17
0001130464-0001130464-19-000021-us-gaap:RevenueFromContractWithCustomerExcludingAssessedTax-USD-2018-01-01-2018-03-31,0001130464-0001130464-19-000021,R1,us-gaap:RevenueFromContractWithCustomerExcludingAssessedTax,revenue_from_contracts_with_customers,USD,2018-01-01,2018-03-31,573355000,facts/us-gaap/RevenueFromContractWithCustomerExcludingAssessedTax/units/USD/1,593cc5135f94878716af2cb33d945335973c0fb2150ade487f5c9c96471ed413
0001130464-0001130464-19-000021-us-gaap:RevenueFromContractWithCustomerExcludingAssessedTax-USD-2019-01-01-2019-03-31,0001130464-0001130464-19-000021,R1,us-gaap:RevenueFromContractWithCustomerExcludingAssessedTax,revenue_from_contracts_with_customers,USD,2019-01-01,2019-03-31,597970000,facts/us-gaap/RevenueFromContractWithCustomerExcludingAssessedTax/units/USD/13,fbb923ab055ffd0fe241388cca7c15ce34a41389a598d5fdeecb1884dd0865ff
0001130464-0001130464-19-000021-us-gaap:Revenues-USD-2018-01-01-2018-03-31,0001130464-0001130464-19-000021,R0,us-gaap:Revenues,total_revenue,USD,2018-01-01,2018-03-31,575389000,facts/us-gaap/Revenues/units/USD/21,5c45506baad00750c8b8a20fdc6021fdb30500cc4ab599b292d1f3b2c8f681db
0001130464-0001130464-19-000021-us-gaap:Revenues-USD-2019-01-01-2019-03-31,0001130464-0001130464-19-000021,R0,us-gaap:Revenues,total_revenue,USD,2019-01-01,2019-03-31,597810000,facts/us-gaap/Revenues/units/USD/38,01705eecc9686d8ce7c149ab6e008858cc124755b7858612ce6e2841730df0f9
0001130464-0001130464-19-000035-us-gaap:Assets-USD--2018-12-31,0001130464-0001130464-19-000035,R2,us-gaap:Assets,total_assets,USD,,2018-12-31,6963327000,facts/us-gaap/Assets/units/USD/103,cfcc8e6a1a7cb6c31bab03ab40a60e6066a60375c8eb52ec9d75bd368608c8d9
0001130464-0001130464-19-000035-us-gaap:Assets-USD--2019-06-30,0001130464-0001130464-19-000035,R2,us-gaap:Assets,total_assets,USD,,2019-06-30,7081453000,facts/us-gaap/Assets/units/USD/107,03620c8dc39b4e30111215bbc78779802ea9f5c264014d1159a3743a7dd4529a
0001130464-0001130464-19-000035-us-gaap:RevenueFromContractWithCustomerExcludingAssessedTax-USD-2018-01-01-2018-06-30,0001130464-0001130464-19-000035,R1,us-gaap:RevenueFromContractWithCustomerExcludingAssessedTax,revenue_from_contracts_with_customers,USD,2018-01-01,2018-06-30,925816000,facts/us-gaap/RevenueFromContractWithCustomerExcludingAssessedTax/units/USD/3,877d68458e9c82cd3543a7f3a6707de626c26ce4993e9546ccacaf4e59aeab94
0001130464-0001130464-19-000035-us-gaap:RevenueFromContractWithCustomerExcludingAssessedTax-USD-2018-04-01-2018-06-30,0001130464-0001130464-19-000035,R1,us-gaap:RevenueFromContractWithCustomerExcludingAssessedTax,revenue_from_contracts_with_customers,USD,2018-04-01,2018-06-30,352461000,facts/us-gaap/RevenueFromContractWithCustomerExcludingAssessedTax/units/USD/5,ac84382e67ec115bd1fc9c7783d095f9c5a6eca404cc594301138a7eef36b004
0001130464-0001130464-19-000035-us-gaap:RevenueFromContractWithCustomerExcludingAssessedTax-USD-2019-01-01-2019-06-30,0001130464-0001130464-19-000035,R1,us-gaap:RevenueFromContractWithCustomerExcludingAssessedTax,revenue_from_contracts_with_customers,USD,2019-01-01,2019-06-30,927716000,facts/us-gaap/RevenueFromContractWithCustomerExcludingAssessedTax/units/USD/15,bc2546e0a297817700ad142b0ba1a2cf97fc34420b241eef0ef2f28e04110a11
0001130464-0001130464-19-000035-us-gaap:RevenueFromContractWithCustomerExcludingAssessedTax-USD-2019-04-01-2019-06-30,0001130464-0001130464-19-000035,R1,us-gaap:RevenueFromContractWithCustomerExcludingAssessedTax,revenue_from_contracts_with_customers,USD,2019-04-01,2019-06-30,329746000,facts/us-gaap/RevenueFromContractWithCustomerExcludingAssessedTax/units/USD/17,c61caa96e9d667cbfec7711aaa4319596d4d916d013a1ac5f57ef87d5161b8e1
0001130464-0001130464-19-000035-us-gaap:Revenues-USD-2018-01-01-2018-06-30,0001130464-0001130464-19-000035,R0,us-gaap:Revenues,total_revenue,USD,2018-01-01,2018-06-30,931093000,facts/us-gaap/Revenues/units/USD/23,a1fa74a2c07eba194dbf4551ca55da51a2a65590379c1399adb70a4d87399548
0001130464-0001130464-19-000035-us-gaap:Revenues-USD-2018-04-01-2018-06-30,0001130464-0001130464-19-000035,R0,us-gaap:Revenues,total_revenue,USD,2018-04-01,2018-06-30,355704000,facts/us-gaap/Revenues/units/USD/25,143cb06388fe3fe231106ae37cc8043cfbac29ee0eb359fbc201938537f7440a
0001130464-0001130464-19-000035-us-gaap:Revenues-USD-2019-01-01-2019-06-30,0001130464-0001130464-19-000035,R0,us-gaap:Revenues,total_revenue,USD,2019-01-01,2019-06-30,931698000,facts/us-gaap/Revenues/units/USD/41,f3072612ffa617d8f39ac35678431cacb8dc0ece7ab06cdf1ef99bdb5bf81a6e
0001130464-0001130464-19-000035-us-gaap:Revenues-USD-2019-04-01-2019-06-30,0001130464-0001130464-19-000035,R0,us-gaap:Revenues,total_revenue,USD,2019-04-01,2019-06-30,333888000,facts/us-gaap/Revenues/units/USD/43,af6f58eb2b6a048890aa845639c471e0710e3f69c6733f8f22c9921600af830f
0001130464-0001130464-19-000043-us-gaap:Assets-USD--2018-12-31,0001130464-0001130464-19-000043,R2,us-gaap:Assets,total_assets,USD,,2018-12-31,6963327000,facts/us-gaap/Assets/units/USD/104,13153f69d9762844f251756593640e337709fd612987fa2cdd4292fa3257a5a3
0001130464-0001130464-19-000043-us-gaap:Assets-USD--2019-09-30,0001130464-0001130464-19-000043,R2,us-gaap:Assets,total_assets,USD,,2019-09-30,7274950000,facts/us-gaap/Assets/units/USD/108,5d07322c4f039fd4321df9748d0c89d57deb170a2a1d6ed2167c571d594692ed
0001130464-0001130464-19-000043-us-gaap:RevenueFromContractWithCustomerExcludingAssessedTax-USD-2018-01-01-2018-09-30,0001130464-0001130464-19-000043,R1,us-gaap:RevenueFromContractWithCustomerExcludingAssessedTax,revenue_from_contracts_with_customers,USD,2018-01-01,2018-09-30,1245981000,facts/us-gaap/RevenueFromContractWithCustomerExcludingAssessedTax/units/USD/7,bcf37985be6cd3ea9d4f8f7da17bf689b8850630d72de95d072d73fad216f89c
0001130464-0001130464-19-000043-us-gaap:RevenueFromContractWithCustomerExcludingAssessedTax-USD-2018-07-01-2018-09-30,0001130464-0001130464-19-000043,R1,us-gaap:RevenueFromContractWithCustomerExcludingAssessedTax,revenue_from_contracts_with_customers,USD,2018-07-01,2018-09-30,320163000,facts/us-gaap/RevenueFromContractWithCustomerExcludingAssessedTax/units/USD/9,774026bfc1d2b5dd08d9eb2eff4d72f3367cae1c698a26a61b4af1ae5923336b
0001130464-0001130464-19-000043-us-gaap:RevenueFromContractWithCustomerExcludingAssessedTax-USD-2019-01-01-2019-09-30,0001130464-0001130464-19-000043,R1,us-gaap:RevenueFromContractWithCustomerExcludingAssessedTax,revenue_from_contracts_with_customers,USD,2019-01-01,2019-09-30,1251461000,facts/us-gaap/RevenueFromContractWithCustomerExcludingAssessedTax/units/USD/19,ecdcf61c1ad99ec7d59f30192150104ff034ee7031ed485ab0fc9bd844c8a778
0001130464-0001130464-19-000043-us-gaap:RevenueFromContractWithCustomerExcludingAssessedTax-USD-2019-07-01-2019-09-30,0001130464-0001130464-19-000043,R1,us-gaap:RevenueFromContractWithCustomerExcludingAssessedTax,revenue_from_contracts_with_customers,USD,2019-07-01,2019-09-30,323745000,facts/us-gaap/RevenueFromContractWithCustomerExcludingAssessedTax/units/USD/21,ca2f7e1f94ed413ea731dbd7a6590bad14158a7d1025d25f5b0d4180570e1239
0001130464-0001130464-19-000043-us-gaap:Revenues-USD-2018-01-01-2018-09-30,0001130464-0001130464-19-000043,R0,us-gaap:Revenues,total_revenue,USD,2018-01-01,2018-09-30,1253072000,facts/us-gaap/Revenues/units/USD/28,29488c94c63d5079e0983c5ecabee748c56fa6bec24f760399048f80c9c5da61
0001130464-0001130464-19-000043-us-gaap:Revenues-USD-2018-07-01-2018-09-30,0001130464-0001130464-19-000043,R0,us-gaap:Revenues,total_revenue,USD,2018-07-01,2018-09-30,321979000,facts/us-gaap/Revenues/units/USD/31,8b96d32ed9344feb851d60cbebff903fc04ea8f5803296a271afe719bd565bcc
0001130464-0001130464-19-000043-us-gaap:Revenues-USD-2019-01-01-2019-09-30,0001130464-0001130464-19-000043,R0,us-gaap:Revenues,total_revenue,USD,2019-01-01,2019-09-30,1257246000,facts/us-gaap/Revenues/units/USD/46,cb16dc85db1622aa139d281f57749a8245f59117973c6a5babc8a9de5ec631e1
0001130464-0001130464-19-000043-us-gaap:Revenues-USD-2019-07-01-2019-09-30,0001130464-0001130464-19-000043,R0,us-gaap:Revenues,total_revenue,USD,2019-07-01,2019-09-30,325548000,facts/us-gaap/Revenues/units/USD/48,4f1c6b884d9ae4996226aa88f8f8b882c406852ba8cab50c24ef0c8d839b8c50
0001130464-0001130464-20-000006-us-gaap:Assets-USD--2018-12-31,0001130464-0001130464-20-000006,R2,us-gaap:Assets,total_assets,USD,,2018-12-31,6963327000,facts/us-gaap/Assets/units/USD/105,9876274c0a3472e99d65896fc6a8fff80462fb6775f22b8dff65fef65677c453
0001130464-0001130464-20-000006-us-gaap:Assets-USD--2019-12-31,0001130464-0001130464-20-000006,R2,us-gaap:Assets,total_assets,USD,,2019-12-31,7558457000,facts/us-gaap/Assets/units/USD/109,ae69b17a3b4a2b015a16202019ce7e4c5720498ea5a4de37e8bd390f3eb6d0e2
0001130464-0001130464-20-000006-us-gaap:RevenueFromContractWithCustomerExcludingAssessedTax-USD-2018-01-01-2018-12-31,0001130464-0001130464-20-000006,R1,us-gaap:RevenueFromContractWithCustomerExcludingAssessedTax,revenue_from_contracts_with_customers,USD,2018-01-01,2018-12-31,1748542000,facts/us-gaap/RevenueFromContractWithCustomerExcludingAssessedTax/units/USD/11,469920e231e0d3938436c10f43829b9cd29ade116a0a805ae2409c45c2cec6b9
0001130464-0001130464-20-000006-us-gaap:RevenueFromContractWithCustomerExcludingAssessedTax-USD-2019-01-01-2019-12-31,0001130464-0001130464-20-000006,R1,us-gaap:RevenueFromContractWithCustomerExcludingAssessedTax,revenue_from_contracts_with_customers,USD,2019-01-01,2019-12-31,1726392000,facts/us-gaap/RevenueFromContractWithCustomerExcludingAssessedTax/units/USD/23,bef1d3f71089ba000244ebecb7d3f0a4c962cc75a6d397da2a65f9a05145279a
0001130464-0001130464-20-000006-us-gaap:Revenues-USD-2017-01-01-2017-12-31,0001130464-0001130464-20-000006,R0,us-gaap:Revenues,total_revenue,USD,2017-01-01,2017-12-31,1680266000,facts/us-gaap/Revenues/units/USD/18,24b44a66506a5ff5da5fb69d31b474ddcd87b84c0e6d232831c312f81d1f62ed
0001130464-0001130464-20-000006-us-gaap:Revenues-USD-2018-01-01-2018-03-31,0001130464-0001130464-20-000006,R0,us-gaap:Revenues,total_revenue,USD,2018-01-01,2018-03-31,575389000,facts/us-gaap/Revenues/units/USD/22,0ddc24ba8f6a082301f06be096bedafc446742cfb862fd72b0ae6afd133d34f4
0001130464-0001130464-20-000006-us-gaap:Revenues-USD-2018-01-01-2018-12-31,0001130464-0001130464-20-000006,R0,us-gaap:Revenues,total_revenue,USD,2018-01-01,2018-12-31,1754268000,facts/us-gaap/Revenues/units/USD/34,57d1407017577eeb329f79a86d90508cf09afe49b3958a4ffef6c4e641a366a3
0001130464-0001130464-20-000006-us-gaap:Revenues-USD-2018-04-01-2018-06-30,0001130464-0001130464-20-000006,R0,us-gaap:Revenues,total_revenue,USD,2018-04-01,2018-06-30,355704000,facts/us-gaap/Revenues/units/USD/26,684b8852ac4c1d7296ea78c08dcf445526af14a49c5d3d8e00bbb94a32be15eb
0001130464-0001130464-20-000006-us-gaap:Revenues-USD-2018-07-01-2018-09-30,0001130464-0001130464-20-000006,R0,us-gaap:Revenues,total_revenue,USD,2018-07-01,2018-09-30,321979000,facts/us-gaap/Revenues/units/USD/32,29163b3daad39a07d5fe7d66d5179cd85d0e7ad20cdabb2c17bad013ff902192
0001130464-0001130464-20-000006-us-gaap:Revenues-USD-2018-10-01-2018-12-31,0001130464-0001130464-20-000006,R0,us-gaap:Revenues,total_revenue,USD,2018-10-01,2018-12-31,501196000,facts/us-gaap/Revenues/units/USD/37,83c2d8c9c838b1e265b14b7f4895af1550407e2add032d5dcb046b7b87a91518
0001130464-0001130464-20-000006-us-gaap:Revenues-USD-2019-01-01-2019-03-31,0001130464-0001130464-20-000006,R0,us-gaap:Revenues,total_revenue,USD,2019-01-01,2019-03-31,597810000,facts/us-gaap/Revenues/units/USD/39,84ef8ad8bb2ae898ae8d984fbfdbce60f2e412e37aef3e2a4e6600b015a86929
0001130464-0001130464-20-000006-us-gaap:Revenues-USD-2019-01-01-2019-12-31,0001130464-0001130464-20-000006,R0,us-gaap:Revenues,total_revenue,USD,2019-01-01,2019-12-31,1734900000,facts/us-gaap/Revenues/units/USD/51,bdf88e1c0e32f49556370c4c6a43f82bbf3ee01f807b1948064a9958ae86e859
0001130464-0001130464-20-000006-us-gaap:Revenues-USD-2019-04-01-2019-06-30,0001130464-0001130464-20-000006,R0,us-gaap:Revenues,total_revenue,USD,2019-04-01,2019-06-30,333888000,facts/us-gaap/Revenues/units/USD/44,4c5f14034ae29ad0d22f95fac2c8d62e1bc5fb310693bb4badac0efcbbfe8562
0001130464-0001130464-20-000006-us-gaap:Revenues-USD-2019-07-01-2019-09-30,0001130464-0001130464-20-000006,R0,us-gaap:Revenues,total_revenue,USD,2019-07-01,2019-09-30,325548000,facts/us-gaap/Revenues/units/USD/49,be17ffebe0752c57cf41b25f2c256f9be0f5a136908865d1078739b389fb84d3
0001130464-0001130464-20-000006-us-gaap:Revenues-USD-2019-10-01-2019-12-31,0001130464-0001130464-20-000006,R0,us-gaap:Revenues,total_revenue,USD,2019-10-01,2019-12-31,477654000,facts/us-gaap/Revenues/units/USD/54,3789d2aa77fb9d33a2765de8fb9ac8e7cad2a550f329280fe2d082ad51553cf3
0001130464-0001130464-20-000024-us-gaap:Assets-USD--2019-12-31,0001130464-0001130464-20-000024,R2,us-gaap:Assets,total_assets,USD,,2019-12-31,7558457000,facts/us-gaap/Assets/units/USD/110,85daee6cd4d1b286e52609d1c2168d1ab947eb74bc5afeb269b5696a98145a60
0001130464-0001130464-20-000024-us-gaap:Assets-USD--2020-03-31,0001130464-0001130464-20-000024,R2,us-gaap:Assets,total_assets,USD,,2020-03-31,7648814000,facts/us-gaap/Assets/units/USD/114,1ee9875eb508bec864301c77d0411806db6b5a06b05a6098049b65eda52a5239
0001130464-0001130464-20-000024-us-gaap:RevenueFromContractWithCustomerExcludingAssessedTax-USD-2019-01-01-2019-03-31,0001130464-0001130464-20-000024,R1,us-gaap:RevenueFromContractWithCustomerExcludingAssessedTax,revenue_from_contracts_with_customers,USD,2019-01-01,2019-03-31,597970000,facts/us-gaap/RevenueFromContractWithCustomerExcludingAssessedTax/units/USD/14,d48b74e2f8e6fcc0fdbff07e5fc2bcfef8ac3b8a1dc60c4c8472bd5d4828533a
0001130464-0001130464-20-000024-us-gaap:RevenueFromContractWithCustomerExcludingAssessedTax-USD-2020-01-01-2020-03-31,0001130464-0001130464-20-000024,R1,us-gaap:RevenueFromContractWithCustomerExcludingAssessedTax,revenue_from_contracts_with_customers,USD,2020-01-01,2020-03-31,530209000,facts/us-gaap/RevenueFromContractWithCustomerExcludingAssessedTax/units/USD/26,183bac518f49e889a653a52e1b286120840662302fc0e8a981feac41b1c6db8b
0001130464-0001130464-20-000024-us-gaap:Revenues-USD-2019-01-01-2019-03-31,0001130464-0001130464-20-000024,R0,us-gaap:Revenues,total_revenue,USD,2019-01-01,2019-03-31,597810000,facts/us-gaap/Revenues/units/USD/40,b892127d5bc9747ac9ff55dca6a50e77cba2f224bac23fc47e678785e4349e80
0001130464-0001130464-20-000024-us-gaap:Revenues-USD-2020-01-01-2020-03-31,0001130464-0001130464-20-000024,R0,us-gaap:Revenues,total_revenue,USD,2020-01-01,2020-03-31,537050000,facts/us-gaap/Revenues/units/USD/55,e6f2cfd6fb5fb3975cb723075fedb306dd165420f3f8f18c561ab63167ab785f
0001130464-0001130464-20-000034-us-gaap:Assets-USD--2019-12-31,0001130464-0001130464-20-000034,R2,us-gaap:Assets,total_assets,USD,,2019-12-31,7558457000,facts/us-gaap/Assets/units/USD/111,66c7995065f62386da908ae39ea9879bcbd0781ffa7d2c2171d5ea4753b95c6a
0001130464-0001130464-20-000034-us-gaap:Assets-USD--2020-06-30,0001130464-0001130464-20-000034,R2,us-gaap:Assets,total_assets,USD,,2020-06-30,7689932000,facts/us-gaap/Assets/units/USD/115,9d8b94b61c791f58982ccb2c2de238505af2919fd7afde3ba390acdcf900acb6
0001130464-0001130464-20-000034-us-gaap:RevenueFromContractWithCustomerExcludingAssessedTax-USD-2019-01-01-2019-06-30,0001130464-0001130464-20-000034,R1,us-gaap:RevenueFromContractWithCustomerExcludingAssessedTax,revenue_from_contracts_with_customers,USD,2019-01-01,2019-06-30,927716000,facts/us-gaap/RevenueFromContractWithCustomerExcludingAssessedTax/units/USD/16,f7fc6ad42fa25eda96a8ce743b799b5d6124ab9aba8d6275e0a5b2f5a4938f61
0001130464-0001130464-20-000034-us-gaap:RevenueFromContractWithCustomerExcludingAssessedTax-USD-2019-04-01-2019-06-30,0001130464-0001130464-20-000034,R1,us-gaap:RevenueFromContractWithCustomerExcludingAssessedTax,revenue_from_contracts_with_customers,USD,2019-04-01,2019-06-30,329746000,facts/us-gaap/RevenueFromContractWithCustomerExcludingAssessedTax/units/USD/18,8b152d9c680da76adc4570878027c006a86e8c69e02e28a5f4b7fcc5690b9b2e
0001130464-0001130464-20-000034-us-gaap:RevenueFromContractWithCustomerExcludingAssessedTax-USD-2020-01-01-2020-06-30,0001130464-0001130464-20-000034,R1,us-gaap:RevenueFromContractWithCustomerExcludingAssessedTax,revenue_from_contracts_with_customers,USD,2020-01-01,2020-06-30,854402000,facts/us-gaap/RevenueFromContractWithCustomerExcludingAssessedTax/units/USD/28,22851c1be37b0384742c96e1e57b4aa2b432335f02f7ddc1c14bd04cd8d1847d
0001130464-0001130464-20-000034-us-gaap:RevenueFromContractWithCustomerExcludingAssessedTax-USD-2020-04-01-2020-06-30,0001130464-0001130464-20-000034,R1,us-gaap:RevenueFromContractWithCustomerExcludingAssessedTax,revenue_from_contracts_with_customers,USD,2020-04-01,2020-06-30,324193000,facts/us-gaap/RevenueFromContractWithCustomerExcludingAssessedTax/units/USD/30,af46091562528ab6f63004d8e92f076db9eaa7873b8f0a1d7a76ffe1720c15bb
0001130464-0001130464-20-000034-us-gaap:Revenues-USD-2019-01-01-2019-06-30,0001130464-0001130464-20-000034,R0,us-gaap:Revenues,total_revenue,USD,2019-01-01,2019-06-30,931698000,facts/us-gaap/Revenues/units/USD/42,fd1206b41a0cd83adb520c89b440ada27e8a4ee148b6183467a7163918f8fc08
0001130464-0001130464-20-000034-us-gaap:Revenues-USD-2019-04-01-2019-06-30,0001130464-0001130464-20-000034,R0,us-gaap:Revenues,total_revenue,USD,2019-04-01,2019-06-30,333888000,facts/us-gaap/Revenues/units/USD/45,6e0491c9bca6c3a14644f056e4157cdcab6e62eaae5ab9e672c22fc8d213dee5
0001130464-0001130464-20-000034-us-gaap:Revenues-USD-2020-01-01-2020-06-30,0001130464-0001130464-20-000034,R0,us-gaap:Revenues,total_revenue,USD,2020-01-01,2020-06-30,863964000,facts/us-gaap/Revenues/units/USD/57,33aea73573dfc0c0c48da14c5f71653b8775057ee54ba8559518bfb160fc8195
0001130464-0001130464-20-000034-us-gaap:Revenues-USD-2020-04-01-2020-06-30,0001130464-0001130464-20-000034,R0,us-gaap:Revenues,total_revenue,USD,2020-04-01,2020-06-30,326914000,facts/us-gaap/Revenues/units/USD/59,73a40be42345f161187839c31ab6ee05f9112607caaed27f22df4c3cc3b363a1
0001130464-0001130464-20-000043-us-gaap:Assets-USD--2019-12-31,0001130464-0001130464-20-000043,R2,us-gaap:Assets,total_assets,USD,,2019-12-31,7558457000,facts/us-gaap/Assets/units/USD/112,22755388e3763ca742793673c0b3b7d3f0e1d8998ad68b3f8d4c40648ee50a86
0001130464-0001130464-20-000043-us-gaap:Assets-USD--2020-09-30,0001130464-0001130464-20-000043,R2,us-gaap:Assets,total_assets,USD,,2020-09-30,7829050000,facts/us-gaap/Assets/units/USD/116,60573685f6cc370c4a2ca749fa47a1333ff7b5a0910300fe9a974b05988f947d
0001130464-0001130464-20-000043-us-gaap:RevenueFromContractWithCustomerExcludingAssessedTax-USD-2019-01-01-2019-09-30,0001130464-0001130464-20-000043,R1,us-gaap:RevenueFromContractWithCustomerExcludingAssessedTax,revenue_from_contracts_with_customers,USD,2019-01-01,2019-09-30,1251461000,facts/us-gaap/RevenueFromContractWithCustomerExcludingAssessedTax/units/USD/20,04377d699d11f0359a48f141b76827b64fbc4c8233112c12fc709c273737d0fe
0001130464-0001130464-20-000043-us-gaap:RevenueFromContractWithCustomerExcludingAssessedTax-USD-2019-07-01-2019-09-30,0001130464-0001130464-20-000043,R1,us-gaap:RevenueFromContractWithCustomerExcludingAssessedTax,revenue_from_contracts_with_customers,USD,2019-07-01,2019-09-30,323745000,facts/us-gaap/RevenueFromContractWithCustomerExcludingAssessedTax/units/USD/22,f00c8ff00403b7f110c27ba664680bc19c77cff02e3bb45cae2ee3d0c5fc8d4d
0001130464-0001130464-20-000043-us-gaap:RevenueFromContractWithCustomerExcludingAssessedTax-USD-2020-01-01-2020-09-30,0001130464-0001130464-20-000043,R1,us-gaap:RevenueFromContractWithCustomerExcludingAssessedTax,revenue_from_contracts_with_customers,USD,2020-01-01,2020-09-30,1198714000,facts/us-gaap/RevenueFromContractWithCustomerExcludingAssessedTax/units/USD/32,e51fbe2081ea14390a2f9dba45adbb141fff6009e5ce2a3231ebd81089720854
0001130464-0001130464-20-000043-us-gaap:RevenueFromContractWithCustomerExcludingAssessedTax-USD-2020-07-01-2020-09-30,0001130464-0001130464-20-000043,R1,us-gaap:RevenueFromContractWithCustomerExcludingAssessedTax,revenue_from_contracts_with_customers,USD,2020-07-01,2020-09-30,344312000,facts/us-gaap/RevenueFromContractWithCustomerExcludingAssessedTax/units/USD/34,996d369b976939d5f376ba556ea1d521ed112f52c9cd1adf79c8a230e1863815
0001130464-0001130464-20-000043-us-gaap:Revenues-USD-2019-01-01-2019-09-30,0001130464-0001130464-20-000043,R0,us-gaap:Revenues,total_revenue,USD,2019-01-01,2019-09-30,1257246000,facts/us-gaap/Revenues/units/USD/47,5c01455bad10fc5374b6892255569881a8734f6ee47341003bfac096eb9b116a
0001130464-0001130464-20-000043-us-gaap:Revenues-USD-2019-07-01-2019-09-30,0001130464-0001130464-20-000043,R0,us-gaap:Revenues,total_revenue,USD,2019-07-01,2019-09-30,325548000,facts/us-gaap/Revenues/units/USD/50,77e90db851c009f885aa2900b523b7bda2685428a72062923b7be594348111c2
0001130464-0001130464-20-000043-us-gaap:Revenues-USD-2020-01-01-2020-09-30,0001130464-0001130464-20-000043,R0,us-gaap:Revenues,total_revenue,USD,2020-01-01,2020-09-30,1210554000,facts/us-gaap/Revenues/units/USD/61,bb6a1c2cc19ef7863baa7f30699fbcf07b1bb68a8ad8005ea8d24c7488e3ac90
0001130464-0001130464-20-000043-us-gaap:Revenues-USD-2020-07-01-2020-09-30,0001130464-0001130464-20-000043,R0,us-gaap:Revenues,total_revenue,USD,2020-07-01,2020-09-30,346590000,facts/us-gaap/Revenues/units/USD/63,dd2ed680a779cd4f4ba20161285a3f6b5e0ebe403b27abd5359383aa4b408cc0
0001130464-0001130464-21-000007-us-gaap:Assets-USD--2019-12-31,0001130464-0001130464-21-000007,R2,us-gaap:Assets,total_assets,USD,,2019-12-31,7558457000,facts/us-gaap/Assets/units/USD/113,8fa18d72116d49a4247e9e262f47c59e6d8425e843f6bc10215df1e04d7df861
0001130464-0001130464-21-000007-us-gaap:Assets-USD--2020-12-31,0001130464-0001130464-21-000007,R2,us-gaap:Assets,total_assets,USD,,2020-12-31,8088786000,facts/us-gaap/Assets/units/USD/117,762e930fa08e6a0b22de388b4b86bc71c848c4efe4cbee7bef2dbf5692a83659
0001130464-0001130464-21-000007-us-gaap:RevenueFromContractWithCustomerExcludingAssessedTax-USD-2018-01-01-2018-12-31,0001130464-0001130464-21-000007,R1,us-gaap:RevenueFromContractWithCustomerExcludingAssessedTax,revenue_from_contracts_with_customers,USD,2018-01-01,2018-12-31,1748542000,facts/us-gaap/RevenueFromContractWithCustomerExcludingAssessedTax/units/USD/12,6799be45cbb313a16eff1facba54523eda4bb8464019be2e7d11754adf360c4c
0001130464-0001130464-21-000007-us-gaap:RevenueFromContractWithCustomerExcludingAssessedTax-USD-2019-01-01-2019-12-31,0001130464-0001130464-21-000007,R1,us-gaap:RevenueFromContractWithCustomerExcludingAssessedTax,revenue_from_contracts_with_customers,USD,2019-01-01,2019-12-31,1726392000,facts/us-gaap/RevenueFromContractWithCustomerExcludingAssessedTax/units/USD/24,3b48f182a949a123fa05ee9f942065223eac9641cfdacbe1d2c224c78c1339a7
0001130464-0001130464-21-000007-us-gaap:RevenueFromContractWithCustomerExcludingAssessedTax-USD-2020-01-01-2020-12-31,0001130464-0001130464-21-000007,R1,us-gaap:RevenueFromContractWithCustomerExcludingAssessedTax,revenue_from_contracts_with_customers,USD,2020-01-01,2020-12-31,1680804000,facts/us-gaap/RevenueFromContractWithCustomerExcludingAssessedTax/units/USD/36,b59895ad33e19950bf127d35135197e83ff3dfd6b96c4f42de3ff9140883a269
0001130464-0001130464-21-000007-us-gaap:Revenues-USD-2018-01-01-2018-12-31,0001130464-0001130464-21-000007,R0,us-gaap:Revenues,total_revenue,USD,2018-01-01,2018-12-31,1754268000,facts/us-gaap/Revenues/units/USD/35,fd9c0cf66816d75a3190dfef54f3937cab0d79835e6f6cbd47648c971121a507
0001130464-0001130464-21-000007-us-gaap:Revenues-USD-2019-01-01-2019-12-31,0001130464-0001130464-21-000007,R0,us-gaap:Revenues,total_revenue,USD,2019-01-01,2019-12-31,1734900000,facts/us-gaap/Revenues/units/USD/52,064ca2de157ffbbf92a6b116a80670ad065d26057e0c7a9a0619b68686fc69ba
0001130464-0001130464-21-000007-us-gaap:Revenues-USD-2020-01-01-2020-12-31,0001130464-0001130464-21-000007,R0,us-gaap:Revenues,total_revenue,USD,2020-01-01,2020-12-31,1696941000,facts/us-gaap/Revenues/units/USD/65,93b8a5783a01a87894e3ff518a930271e86e9506cd1f6b1ba4b4f0ef3fabe2f3
0001130464-0001130464-21-000021-us-gaap:Assets-USD--2020-12-31,0001130464-0001130464-21-000021,R2,us-gaap:Assets,total_assets,USD,,2020-12-31,8088786000,facts/us-gaap/Assets/units/USD/118,bfa4f937695bada1cedbdb901857cac60b415c4939557669cbf7e08414b63e63
0001130464-0001130464-21-000021-us-gaap:Assets-USD--2021-03-31,0001130464-0001130464-21-000021,R2,us-gaap:Assets,total_assets,USD,,2021-03-31,8696199000,facts/us-gaap/Assets/units/USD/122,cac66b25bd84397daeea549a4ed379ae1e83a6745c9f5034d49edccf6bb5db32
0001130464-0001130464-21-000021-us-gaap:RevenueFromContractWithCustomerExcludingAssessedTax-USD-2020-01-01-2020-03-31,0001130464-0001130464-21-000021,R1,us-gaap:RevenueFromContractWithCustomerExcludingAssessedTax,revenue_from_contracts_with_customers,USD,2020-01-01,2020-03-31,530209000,facts/us-gaap/RevenueFromContractWithCustomerExcludingAssessedTax/units/USD/27,53fa5af3009988b3ffcc6b92f6342516c15c509c8f1b8c91f25cfed74bcdb957
0001130464-0001130464-21-000021-us-gaap:RevenueFromContractWithCustomerExcludingAssessedTax-USD-2021-01-01-2021-03-31,0001130464-0001130464-21-000021,R1,us-gaap:RevenueFromContractWithCustomerExcludingAssessedTax,revenue_from_contracts_with_customers,USD,2021-01-01,2021-03-31,630217000,facts/us-gaap/RevenueFromContractWithCustomerExcludingAssessedTax/units/USD/39,67206a9c2138bbc724fb5509040525f205ffe98975513fa2006d758599a5a6f6
0001130464-0001130464-21-000021-us-gaap:Revenues-USD-2020-01-01-2020-03-31,0001130464-0001130464-21-000021,R0,us-gaap:Revenues,total_revenue,USD,2020-01-01,2020-03-31,537050000,facts/us-gaap/Revenues/units/USD/56,ad37e61c0567598c97fdd14d80ed16ae63c64b8bb5a57723465322103b9209af
0001130464-0001130464-21-000021-us-gaap:Revenues-USD-2021-01-01-2021-03-31,0001130464-0001130464-21-000021,R0,us-gaap:Revenues,total_revenue,USD,2021-01-01,2021-03-31,633432000,facts/us-gaap/Revenues/units/USD/68,44b29ac075f05d1e86436ddd71ee348cf0a39fc0cdba2644e91c8d607786de06
0001130464-0001130464-21-000030-us-gaap:Assets-USD--2020-12-31,0001130464-0001130464-21-000030,R2,us-gaap:Assets,total_assets,USD,,2020-12-31,8088786000,facts/us-gaap/Assets/units/USD/119,8f3a1f2fc84e8af44b5d8ca06b2007abb2caaa6898e2f9bb393eafd44609b1e4
0001130464-0001130464-21-000030-us-gaap:Assets-USD--2021-06-30,0001130464-0001130464-21-000030,R2,us-gaap:Assets,total_assets,USD,,2021-06-30,8738052000,facts/us-gaap/Assets/units/USD/123,126ad97480c5fd1e3889000b5cf5e6bac48765272b872c4196e68426240966d3
0001130464-0001130464-21-000030-us-gaap:RevenueFromContractWithCustomerExcludingAssessedTax-USD-2020-01-01-2020-06-30,0001130464-0001130464-21-000030,R1,us-gaap:RevenueFromContractWithCustomerExcludingAssessedTax,revenue_from_contracts_with_customers,USD,2020-01-01,2020-06-30,854402000,facts/us-gaap/RevenueFromContractWithCustomerExcludingAssessedTax/units/USD/29,e7eb60fc3eec6753a584c565287f06de0c53dea4e55ea5c47fef92359c1a6091
0001130464-0001130464-21-000030-us-gaap:RevenueFromContractWithCustomerExcludingAssessedTax-USD-2020-04-01-2020-06-30,0001130464-0001130464-21-000030,R1,us-gaap:RevenueFromContractWithCustomerExcludingAssessedTax,revenue_from_contracts_with_customers,USD,2020-04-01,2020-06-30,324193000,facts/us-gaap/RevenueFromContractWithCustomerExcludingAssessedTax/units/USD/31,9c168e9d0ff45fbb39a9fa7e013e702e6487dd1a8c5f075d959deabb9f63e671
0001130464-0001130464-21-000030-us-gaap:RevenueFromContractWithCustomerExcludingAssessedTax-USD-2021-01-01-2021-06-30,0001130464-0001130464-21-000030,R1,us-gaap:RevenueFromContractWithCustomerExcludingAssessedTax,revenue_from_contracts_with_customers,USD,2021-01-01,2021-06-30,998640000,facts/us-gaap/RevenueFromContractWithCustomerExcludingAssessedTax/units/USD/41,370829e37c6d1674eb6ff65ad07724f615b2518b147da9b6fa6b0dc2190f213a
0001130464-0001130464-21-000030-us-gaap:RevenueFromContractWithCustomerExcludingAssessedTax-USD-2021-04-01-2021-06-30,0001130464-0001130464-21-000030,R1,us-gaap:RevenueFromContractWithCustomerExcludingAssessedTax,revenue_from_contracts_with_customers,USD,2021-04-01,2021-06-30,368423000,facts/us-gaap/RevenueFromContractWithCustomerExcludingAssessedTax/units/USD/43,dc2355c289fa78537f982f0ad0d169128f4880f2c39a829902cb31859eb9ab48
0001130464-0001130464-21-000030-us-gaap:Revenues-USD-2020-01-01-2020-06-30,0001130464-0001130464-21-000030,R0,us-gaap:Revenues,total_revenue,USD,2020-01-01,2020-06-30,863964000,facts/us-gaap/Revenues/units/USD/58,2232ecbe9990f7df392bc91c297fede16c33fbd3d53ed542a83921056786e402
0001130464-0001130464-21-000030-us-gaap:Revenues-USD-2020-04-01-2020-06-30,0001130464-0001130464-21-000030,R0,us-gaap:Revenues,total_revenue,USD,2020-04-01,2020-06-30,326914000,facts/us-gaap/Revenues/units/USD/60,15821f7d614c0e8156ac472184a295b46ab2abccdffefac0580a11a632b40e24
0001130464-0001130464-21-000030-us-gaap:Revenues-USD-2021-01-01-2021-06-30,0001130464-0001130464-21-000030,R0,us-gaap:Revenues,total_revenue,USD,2021-01-01,2021-06-30,1006004000,facts/us-gaap/Revenues/units/USD/70,e5d55e5036ee5b8977031d80e5cf37b49868eade0b4344fe384b318b0d03040f
0001130464-0001130464-21-000030-us-gaap:Revenues-USD-2021-04-01-2021-06-30,0001130464-0001130464-21-000030,R0,us-gaap:Revenues,total_revenue,USD,2021-04-01,2021-06-30,372572000,facts/us-gaap/Revenues/units/USD/72,2524ecb606ed251d4b12e1d1539b3bc7e6f8fefe61c3d135e7e50e70b5a3ba11
0001130464-0001130464-21-000036-us-gaap:Assets-USD--2020-12-31,0001130464-0001130464-21-000036,R2,us-gaap:Assets,total_assets,USD,,2020-12-31,8088786000,facts/us-gaap/Assets/units/USD/120,ae500e29b93baeaff640030924018e462c9abf30a9ef5867f6977432c51745fe
0001130464-0001130464-21-000036-us-gaap:Assets-USD--2021-09-30,0001130464-0001130464-21-000036,R2,us-gaap:Assets,total_assets,USD,,2021-09-30,8910390000,facts/us-gaap/Assets/units/USD/124,082572388b8ae6633c07e267369c3731c62592c1133b162c645ea43405b8bf56
0001130464-0001130464-21-000036-us-gaap:RevenueFromContractWithCustomerExcludingAssessedTax-USD-2020-01-01-2020-09-30,0001130464-0001130464-21-000036,R1,us-gaap:RevenueFromContractWithCustomerExcludingAssessedTax,revenue_from_contracts_with_customers,USD,2020-01-01,2020-09-30,1198714000,facts/us-gaap/RevenueFromContractWithCustomerExcludingAssessedTax/units/USD/33,76eddd00a2170d533f0ee129eafa6b2a17135741c2aff43bb011259752362eb7
0001130464-0001130464-21-000036-us-gaap:RevenueFromContractWithCustomerExcludingAssessedTax-USD-2020-07-01-2020-09-30,0001130464-0001130464-21-000036,R1,us-gaap:RevenueFromContractWithCustomerExcludingAssessedTax,revenue_from_contracts_with_customers,USD,2020-07-01,2020-09-30,344312000,facts/us-gaap/RevenueFromContractWithCustomerExcludingAssessedTax/units/USD/35,585f85ea112526ea349f72293df2ea3900d057ceecc0f04d3c29c2a2c38f33c0
0001130464-0001130464-21-000036-us-gaap:RevenueFromContractWithCustomerExcludingAssessedTax-USD-2021-01-01-2021-09-30,0001130464-0001130464-21-000036,R1,us-gaap:RevenueFromContractWithCustomerExcludingAssessedTax,revenue_from_contracts_with_customers,USD,2021-01-01,2021-09-30,1377293000,facts/us-gaap/RevenueFromContractWithCustomerExcludingAssessedTax/units/USD/45,4ae10e6b579c64f218277ab1b4ada82452431ba34bc71012f17715cea8f1dacf
0001130464-0001130464-21-000036-us-gaap:RevenueFromContractWithCustomerExcludingAssessedTax-USD-2021-07-01-2021-09-30,0001130464-0001130464-21-000036,R1,us-gaap:RevenueFromContractWithCustomerExcludingAssessedTax,revenue_from_contracts_with_customers,USD,2021-07-01,2021-09-30,378653000,facts/us-gaap/RevenueFromContractWithCustomerExcludingAssessedTax/units/USD/47,47d2bd51c62ce84b27118a7b7d88a90120205d6b2fe88337067ea14ac8cd2e68
0001130464-0001130464-21-000036-us-gaap:Revenues-USD-2020-01-01-2020-09-30,0001130464-0001130464-21-000036,R0,us-gaap:Revenues,total_revenue,USD,2020-01-01,2020-09-30,1210554000,facts/us-gaap/Revenues/units/USD/62,8d042a8b296b9f820e04caf4daa82106b157676ae4772340ffaaa3345fc46069
0001130464-0001130464-21-000036-us-gaap:Revenues-USD-2020-07-01-2020-09-30,0001130464-0001130464-21-000036,R0,us-gaap:Revenues,total_revenue,USD,2020-07-01,2020-09-30,346590000,facts/us-gaap/Revenues/units/USD/64,843615dd13e9c3dba8b4c2d85b7139dba77dc7e9ef0cc107b922ab4a15384fcd
0001130464-0001130464-21-000036-us-gaap:Revenues-USD-2021-01-01-2021-09-30,0001130464-0001130464-21-000036,R0,us-gaap:Revenues,total_revenue,USD,2021-01-01,2021-09-30,1386594000,facts/us-gaap/Revenues/units/USD/74,ccba0e39fb8b6001d7ab6d1ca9c413884a7fa44ec15ee358b94b1698e90874d4
0001130464-0001130464-21-000036-us-gaap:Revenues-USD-2021-07-01-2021-09-30,0001130464-0001130464-21-000036,R0,us-gaap:Revenues,total_revenue,USD,2021-07-01,2021-09-30,380590000,facts/us-gaap/Revenues/units/USD/76,72f5edb96e574c2f0bf7497cbc64d808be8acff9e42a2c9c0cc28cd3af61ea0b
0001130464-0001130464-22-000004-us-gaap:Assets-USD--2020-12-31,0001130464-0001130464-22-000004,R2,us-gaap:Assets,total_assets,USD,,2020-12-31,8088786000,facts/us-gaap/Assets/units/USD/121,08a75e823f2110b877837f2a64195af831b6941464206fa405d12f8c0e839a24
0001130464-0001130464-22-000004-us-gaap:Assets-USD--2021-12-31,0001130464-0001130464-22-000004,R2,us-gaap:Assets,total_assets,USD,,2021-12-31,9131896000,facts/us-gaap/Assets/units/USD/125,3742755bc794e359a6a1eb840771000b91bda2c99847666dd8ceded90102248b
0001130464-0001130464-22-000004-us-gaap:RevenueFromContractWithCustomerExcludingAssessedTax-USD-2019-01-01-2019-12-31,0001130464-0001130464-22-000004,R1,us-gaap:RevenueFromContractWithCustomerExcludingAssessedTax,revenue_from_contracts_with_customers,USD,2019-01-01,2019-12-31,1726392000,facts/us-gaap/RevenueFromContractWithCustomerExcludingAssessedTax/units/USD/25,5d0dea5b60ff051e6b082580b2c6e600dbc6432f646d95ec03c5e027feb83ba5
0001130464-0001130464-22-000004-us-gaap:RevenueFromContractWithCustomerExcludingAssessedTax-USD-2020-01-01-2020-12-31,0001130464-0001130464-22-000004,R1,us-gaap:RevenueFromContractWithCustomerExcludingAssessedTax,revenue_from_contracts_with_customers,USD,2020-01-01,2020-12-31,1680804000,facts/us-gaap/RevenueFromContractWithCustomerExcludingAssessedTax/units/USD/37,f07429548331a1d1a30f1f25da72c8df5b7a4e577d2e394619d76b8e75467c58
0001130464-0001130464-22-000004-us-gaap:RevenueFromContractWithCustomerExcludingAssessedTax-USD-2021-01-01-2021-12-31,0001130464-0001130464-22-000004,R1,us-gaap:RevenueFromContractWithCustomerExcludingAssessedTax,revenue_from_contracts_with_customers,USD,2021-01-01,2021-12-31,1930834000,facts/us-gaap/RevenueFromContractWithCustomerExcludingAssessedTax/units/USD/49,ad3282b229d4e4f891d9ac1bbcdee5599a8214990bb2353d57a2e539485a6c2e
0001130464-0001130464-22-000004-us-gaap:Revenues-USD-2019-01-01-2019-12-31,0001130464-0001130464-22-000004,R0,us-gaap:Revenues,total_revenue,USD,2019-01-01,2019-12-31,1734900000,facts/us-gaap/Revenues/units/USD/53,f0128b551d1ce7f571c6594b8e19fa5150153e7e406a958b8fd517ceca50ae61
0001130464-0001130464-22-000004-us-gaap:Revenues-USD-2020-01-01-2020-12-31,0001130464-0001130464-22-000004,R0,us-gaap:Revenues,total_revenue,USD,2020-01-01,2020-12-31,1696941000,facts/us-gaap/Revenues/units/USD/66,68cfab67bac513b1c9c3b5eb0a060e9893d5aaf5d264a6817427dfec6503eb02
0001130464-0001130464-22-000004-us-gaap:Revenues-USD-2021-01-01-2021-12-31,0001130464-0001130464-22-000004,R0,us-gaap:Revenues,total_revenue,USD,2021-01-01,2021-12-31,1949102000,facts/us-gaap/Revenues/units/USD/78,1ff0af0b3232fd1549d4e82c1aa786efa6fea00df52cfe7cbb0480d6de8e96f8
0001130464-0001130464-22-000013-us-gaap:Assets-USD--2021-12-31,0001130464-0001130464-22-000013,R2,us-gaap:Assets,total_assets,USD,,2021-12-31,9131896000,facts/us-gaap/Assets/units/USD/126,6e4c12cede276875ea2b3a737b142625a72a7cda1bd190d831713642a63558a5
0001130464-0001130464-22-000013-us-gaap:Assets-USD--2022-03-31,0001130464-0001130464-22-000013,R2,us-gaap:Assets,total_assets,USD,,2022-03-31,9130654000,facts/us-gaap/Assets/units/USD/130,39f4343b6faec28598f16a0d09a19152f6b3d7fb09433643693e601eeeee91c9
0001130464-0001130464-22-000013-us-gaap:RevenueFromContractWithCustomerExcludingAssessedTax-USD-2021-01-01-2021-03-31,0001130464-0001130464-22-000013,R1,us-gaap:RevenueFromContractWithCustomerExcludingAssessedTax,revenue_from_contracts_with_customers,USD,2021-01-01,2021-03-31,630217000,facts/us-gaap/RevenueFromContractWithCustomerExcludingAssessedTax/units/USD/40,f4ad6da81f2d4a8945e9df29d9da97de03f8a74e55b503e63aef97c91183a151
0001130464-0001130464-22-000013-us-gaap:RevenueFromContractWithCustomerExcludingAssessedTax-USD-2022-01-01-2022-03-31,0001130464-0001130464-22-000013,R1,us-gaap:RevenueFromContractWithCustomerExcludingAssessedTax,revenue_from_contracts_with_customers,USD,2022-01-01,2022-03-31,821769000,facts/us-gaap/RevenueFromContractWithCustomerExcludingAssessedTax/units/USD/52,55248c1ed1a499aaf1bb5600974ce4f6a7fe97aa1d86a135ae45e25e5f5b624e
0001130464-0001130464-22-000013-us-gaap:Revenues-USD-2021-01-01-2021-03-31,0001130464-0001130464-22-000013,R0,us-gaap:Revenues,total_revenue,USD,2021-01-01,2021-03-31,633432000,facts/us-gaap/Revenues/units/USD/69,4b4548c654a045484e38dab0ef8e790ec47007cf85ccad08e2f62c14a3032195
0001130464-0001130464-22-000013-us-gaap:Revenues-USD-2022-01-01-2022-03-31,0001130464-0001130464-22-000013,R0,us-gaap:Revenues,total_revenue,USD,2022-01-01,2022-03-31,823570000,facts/us-gaap/Revenues/units/USD/81,4c2f42d1e588d321a55270cead61768cda40d052d2e0bc3ef3293278142589ab
0001130464-0001130464-22-000021-us-gaap:Assets-USD--2021-12-31,0001130464-0001130464-22-000021,R2,us-gaap:Assets,total_assets,USD,,2021-12-31,9131896000,facts/us-gaap/Assets/units/USD/127,d156e1a79970f82007c56d8d467ebc29969364a12f56993e18b1215cdb7127a2
0001130464-0001130464-22-000021-us-gaap:Assets-USD--2022-06-30,0001130464-0001130464-22-000021,R2,us-gaap:Assets,total_assets,USD,,2022-06-30,9134562000,facts/us-gaap/Assets/units/USD/131,6dacc90092a5bed421572d6284c65632c36269cf89776196922d20568d8ca3ad
0001130464-0001130464-22-000021-us-gaap:RevenueFromContractWithCustomerExcludingAssessedTax-USD-2021-01-01-2021-06-30,0001130464-0001130464-22-000021,R1,us-gaap:RevenueFromContractWithCustomerExcludingAssessedTax,revenue_from_contracts_with_customers,USD,2021-01-01,2021-06-30,998640000,facts/us-gaap/RevenueFromContractWithCustomerExcludingAssessedTax/units/USD/42,904521e74e815c76ac8bc25e02a4acdf632534317fb503616b5a3c6f77c73981
0001130464-0001130464-22-000021-us-gaap:RevenueFromContractWithCustomerExcludingAssessedTax-USD-2021-04-01-2021-06-30,0001130464-0001130464-22-000021,R1,us-gaap:RevenueFromContractWithCustomerExcludingAssessedTax,revenue_from_contracts_with_customers,USD,2021-04-01,2021-06-30,368422000,facts/us-gaap/RevenueFromContractWithCustomerExcludingAssessedTax/units/USD/44,cc84b9d7167784055063d3c0fdba5c4a2be61ac37b988cf5c0c87c88218bfc28
0001130464-0001130464-22-000021-us-gaap:RevenueFromContractWithCustomerExcludingAssessedTax-USD-2022-01-01-2022-06-30,0001130464-0001130464-22-000021,R1,us-gaap:RevenueFromContractWithCustomerExcludingAssessedTax,revenue_from_contracts_with_customers,USD,2022-01-01,2022-06-30,1292093000,facts/us-gaap/RevenueFromContractWithCustomerExcludingAssessedTax/units/USD/54,64a680d9753ffc04bdb5fae0e4ebcc4751c6bbaf65c4673a78c5c589e21ef30e
0001130464-0001130464-22-000021-us-gaap:RevenueFromContractWithCustomerExcludingAssessedTax-USD-2022-04-01-2022-06-30,0001130464-0001130464-22-000021,R1,us-gaap:RevenueFromContractWithCustomerExcludingAssessedTax,revenue_from_contracts_with_customers,USD,2022-04-01,2022-06-30,470324000,facts/us-gaap/RevenueFromContractWithCustomerExcludingAssessedTax/units/USD/56,cb3a6caad0f64d4d50104a1048d1359fd73b247ee3b652ed7ca1ab5b87597f1c
0001130464-0001130464-22-000021-us-gaap:Revenues-USD-2021-01-01-2021-06-30,0001130464-0001130464-22-000021,R0,us-gaap:Revenues,total_revenue,USD,2021-01-01,2021-06-30,1006004000,facts/us-gaap/Revenues/units/USD/71,4ffb91450e393540dd9a0efb64df94d06237492920646200c4da9fbdc0d3d103
0001130464-0001130464-22-000021-us-gaap:Revenues-USD-2021-04-01-2021-06-30,0001130464-0001130464-22-000021,R0,us-gaap:Revenues,total_revenue,USD,2021-04-01,2021-06-30,372572000,facts/us-gaap/Revenues/units/USD/73,1e7a775f63b11bdec6ec296e5b01223ec48b096ea05460d0cd8d6b392124193f
0001130464-0001130464-22-000021-us-gaap:Revenues-USD-2022-01-01-2022-06-30,0001130464-0001130464-22-000021,R0,us-gaap:Revenues,total_revenue,USD,2022-01-01,2022-06-30,1297765000,facts/us-gaap/Revenues/units/USD/83,db5256d486f00d3b174a54fd0233b1a00141d6f820ec8186026388b0ee95e39e
0001130464-0001130464-22-000021-us-gaap:Revenues-USD-2022-04-01-2022-06-30,0001130464-0001130464-22-000021,R0,us-gaap:Revenues,total_revenue,USD,2022-04-01,2022-06-30,474195000,facts/us-gaap/Revenues/units/USD/85,3437dc68e159384b3c3a7e75583c69f2499280f542ee855ea97e9f99027dbf96
0001130464-0001130464-22-000029-us-gaap:Assets-USD--2021-12-31,0001130464-0001130464-22-000029,R2,us-gaap:Assets,total_assets,USD,,2021-12-31,9131896000,facts/us-gaap/Assets/units/USD/128,b9d21ededea75e10424d2cc32d83e3ce79b063c7f8f0829dff0e046f3ff12ae3
0001130464-0001130464-22-000029-us-gaap:Assets-USD--2022-09-30,0001130464-0001130464-22-000029,R2,us-gaap:Assets,total_assets,USD,,2022-09-30,9322294000,facts/us-gaap/Assets/units/USD/132,0b4dbc836d1d9cbb4efb2fe47b408b2cab8d4c6ec9b5ea6062af6e11e12868d0
0001130464-0001130464-22-000029-us-gaap:RevenueFromContractWithCustomerExcludingAssessedTax-USD-2021-01-01-2021-09-30,0001130464-0001130464-22-000029,R1,us-gaap:RevenueFromContractWithCustomerExcludingAssessedTax,revenue_from_contracts_with_customers,USD,2021-01-01,2021-09-30,1377293000,facts/us-gaap/RevenueFromContractWithCustomerExcludingAssessedTax/units/USD/46,697e432ec91cf536bb1596c8a7830fed0a4efd46a87c18e3c5fec012f6452deb
0001130464-0001130464-22-000029-us-gaap:RevenueFromContractWithCustomerExcludingAssessedTax-USD-2021-07-01-2021-09-30,0001130464-0001130464-22-000029,R1,us-gaap:RevenueFromContractWithCustomerExcludingAssessedTax,revenue_from_contracts_with_customers,USD,2021-07-01,2021-09-30,378653000,facts/us-gaap/RevenueFromContractWithCustomerExcludingAssessedTax/units/USD/48,deef6e2849d1273494b1db8018f865e2ad420f1ce620738edf11fc3d58dfa663
0001130464-0001130464-22-000029-us-gaap:RevenueFromContractWithCustomerExcludingAssessedTax-USD-2022-01-01-2022-09-30,0001130464-0001130464-22-000029,R1,us-gaap:RevenueFromContractWithCustomerExcludingAssessedTax,revenue_from_contracts_with_customers,USD,2022-01-01,2022-09-30,1752961000,facts/us-gaap/RevenueFromContractWithCustomerExcludingAssessedTax/units/USD/58,d710d0d153f3d12151c69f6e200d7c7b6bce8f7ff095ad15975f04b287f5e1c7
0001130464-0001130464-22-000029-us-gaap:RevenueFromContractWithCustomerExcludingAssessedTax-USD-2022-07-01-2022-09-30,0001130464-0001130464-22-000029,R1,us-gaap:RevenueFromContractWithCustomerExcludingAssessedTax,revenue_from_contracts_with_customers,USD,2022-07-01,2022-09-30,460868000,facts/us-gaap/RevenueFromContractWithCustomerExcludingAssessedTax/units/USD/60,8201311dd46114bbd2218508bcba46afef4569493762beff6c300b53a7da0ae2
0001130464-0001130464-22-000029-us-gaap:Revenues-USD-2021-01-01-2021-09-30,0001130464-0001130464-22-000029,R0,us-gaap:Revenues,total_revenue,USD,2021-01-01,2021-09-30,1386594000,facts/us-gaap/Revenues/units/USD/75,e8f695a877a022e14d4ff9df8555fe8854994cded59729c8163f316b4f712218
0001130464-0001130464-22-000029-us-gaap:Revenues-USD-2021-07-01-2021-09-30,0001130464-0001130464-22-000029,R0,us-gaap:Revenues,total_revenue,USD,2021-07-01,2021-09-30,380590000,facts/us-gaap/Revenues/units/USD/77,b7c52718a07ab8752b0c25432f0f909478608f267abfdb02962e22bd28704374
0001130464-0001130464-22-000029-us-gaap:Revenues-USD-2022-01-01-2022-09-30,0001130464-0001130464-22-000029,R0,us-gaap:Revenues,total_revenue,USD,2022-01-01,2022-09-30,1760377000,facts/us-gaap/Revenues/units/USD/87,af0ca78ae949e59cd6546533d50f2863ebc08812dba992af26fd924b49210465
0001130464-0001130464-22-000029-us-gaap:Revenues-USD-2022-07-01-2022-09-30,0001130464-0001130464-22-000029,R0,us-gaap:Revenues,total_revenue,USD,2022-07-01,2022-09-30,462612000,facts/us-gaap/Revenues/units/USD/89,21a7898f48ad2492a2e7c7ee05a482d8622e08e6a296c65d2d213afae4c28008
0001130464-0001193125-25-268567-us-gaap:Assets-USD--2024-12-31,0001130464-0001193125-25-268567,R2,us-gaap:Assets,total_assets,USD,,2024-12-31,10022600000,facts/us-gaap/Assets/units/USD/152,94f0efd44250b97a249c1348b2510895a0c8d08e2485d1a60d32b08e2cb31fca
0001130464-0001193125-25-268567-us-gaap:Assets-USD--2025-09-30,0001130464-0001193125-25-268567,R2,us-gaap:Assets,total_assets,USD,,2025-09-30,10329000000,facts/us-gaap/Assets/units/USD/156,7488fc494329d5da4c3d4832653318ad1a9e777b9a3920460762e866ae775bfb
0001130464-0001193125-25-268567-us-gaap:RevenueFromContractWithCustomerExcludingAssessedTax-USD-2024-01-01-2024-09-30,0001130464-0001193125-25-268567,R1,us-gaap:RevenueFromContractWithCustomerExcludingAssessedTax,revenue_from_contracts_with_customers,USD,2024-01-01,2024-09-30,1513000000,facts/us-gaap/RevenueFromContractWithCustomerExcludingAssessedTax/units/USD/85,51d351d0a02ba7bfcfb527f593fd01047917a6c78be0132a50250989a5ebf43b
0001130464-0001193125-25-268567-us-gaap:RevenueFromContractWithCustomerExcludingAssessedTax-USD-2024-07-01-2024-09-30,0001130464-0001193125-25-268567,R1,us-gaap:RevenueFromContractWithCustomerExcludingAssessedTax,revenue_from_contracts_with_customers,USD,2024-07-01,2024-09-30,398600000,facts/us-gaap/RevenueFromContractWithCustomerExcludingAssessedTax/units/USD/87,6fc42bef0eed5a0ff814bdd99b146ee7e24f480d582e028274f41c94e3dfdbb5
0001130464-0001193125-25-268567-us-gaap:RevenueFromContractWithCustomerExcludingAssessedTax-USD-2025-01-01-2025-09-30,0001130464-0001193125-25-268567,R1,us-gaap:RevenueFromContractWithCustomerExcludingAssessedTax,revenue_from_contracts_with_customers,USD,2025-01-01,2025-09-30,1663600000,facts/us-gaap/RevenueFromContractWithCustomerExcludingAssessedTax/units/USD/96,15d3b2be8300385d2ea214f0f70fc90cea8e37b8000a3c26a338614e5ab7611d
0001130464-0001193125-25-268567-us-gaap:RevenueFromContractWithCustomerExcludingAssessedTax-USD-2025-07-01-2025-09-30,0001130464-0001193125-25-268567,R1,us-gaap:RevenueFromContractWithCustomerExcludingAssessedTax,revenue_from_contracts_with_customers,USD,2025-07-01,2025-09-30,427400000,facts/us-gaap/RevenueFromContractWithCustomerExcludingAssessedTax/units/USD/97,c9b49511ab72cd9fa86d5a4040e89fb4de1f9d85db682cda2c4e735c512f4b0b
0001130464-0001193125-25-268567-us-gaap:Revenues-USD-2024-01-01-2024-09-30,0001130464-0001193125-25-268567,R0,us-gaap:Revenues,total_revenue,USD,2024-01-01,2024-09-30,1530600000,facts/us-gaap/Revenues/units/USD/114,39f82f54b001e094b6b8c431ce4a6dfd2df29c473555a3022e0c3df6895e3359
0001130464-0001193125-25-268567-us-gaap:Revenues-USD-2024-07-01-2024-09-30,0001130464-0001193125-25-268567,R0,us-gaap:Revenues,total_revenue,USD,2024-07-01,2024-09-30,401600000,facts/us-gaap/Revenues/units/USD/116,cc512ce252a4a8ba4c0540f2a452d00965bb568e1f1e95236b7d8bdaf45b8c7a
0001130464-0001193125-25-268567-us-gaap:Revenues-USD-2025-01-01-2025-09-30,0001130464-0001193125-25-268567,R0,us-gaap:Revenues,total_revenue,USD,2025-01-01,2025-09-30,1674500000,facts/us-gaap/Revenues/units/USD/125,b91d8719ad81b73a36f6624b8f1409a6096606c13f541bdd38c63ece79774010
0001130464-0001193125-25-268567-us-gaap:Revenues-USD-2025-07-01-2025-09-30,0001130464-0001193125-25-268567,R0,us-gaap:Revenues,total_revenue,USD,2025-07-01,2025-09-30,430200000,facts/us-gaap/Revenues/units/USD/126,3a4157468c26f19bebefb9a45040871474f1cdecbed61254394d661f431dc9af
0001130464-0001193125-26-046028-us-gaap:Assets-USD--2024-12-31,0001130464-0001193125-26-046028,R2,us-gaap:Assets,total_assets,USD,,2024-12-31,10022600000,facts/us-gaap/Assets/units/USD/153,86fb42608f5a6403174cda4b9219ecb4fc12573ee8afd00b1ec714c3f7e611e5
0001130464-0001193125-26-046028-us-gaap:Assets-USD--2025-12-31,0001130464-0001193125-26-046028,R2,us-gaap:Assets,total_assets,USD,,2025-12-31,10869800000,facts/us-gaap/Assets/units/USD/157,12a0d0990d340b73f2180a92ab905aaf574043ca5a68338a4e19a59a03237156
0001130464-0001193125-26-046028-us-gaap:RevenueFromContractWithCustomerExcludingAssessedTax-USD-2023-01-01-2023-12-31,0001130464-0001193125-26-046028,R1,us-gaap:RevenueFromContractWithCustomerExcludingAssessedTax,revenue_from_contracts_with_customers,USD,2023-01-01,2023-12-31,2301700000,facts/us-gaap/RevenueFromContractWithCustomerExcludingAssessedTax/units/USD/77,719a91342513d46f52659b408f04e5bc0bd50d9d3b920563e2ff650f847e7fdf
0001130464-0001193125-26-046028-us-gaap:RevenueFromContractWithCustomerExcludingAssessedTax-USD-2024-01-01-2024-12-31,0001130464-0001193125-26-046028,R1,us-gaap:RevenueFromContractWithCustomerExcludingAssessedTax,revenue_from_contracts_with_customers,USD,2024-01-01,2024-12-31,2098000000,facts/us-gaap/RevenueFromContractWithCustomerExcludingAssessedTax/units/USD/89,7299612c2f76191e523408da5a6015ce8f266423d775a7b65cf684d516a8d1c4
0001130464-0001193125-26-046028-us-gaap:RevenueFromContractWithCustomerExcludingAssessedTax-USD-2025-01-01-2025-12-31,0001130464-0001193125-26-046028,R1,us-gaap:RevenueFromContractWithCustomerExcludingAssessedTax,revenue_from_contracts_with_customers,USD,2025-01-01,2025-12-31,2286200000,facts/us-gaap/RevenueFromContractWithCustomerExcludingAssessedTax/units/USD/98,8410eaeb177350ce36265d9234761e25e50c786cbe2f10686a3c32e000165738
0001130464-0001193125-26-046028-us-gaap:Revenues-USD-2023-01-01-2023-12-31,0001130464-0001193125-26-046028,R0,us-gaap:Revenues,total_revenue,USD,2023-01-01,2023-12-31,2331300000,facts/us-gaap/Revenues/units/USD/106,9e3c30f66c694459d40bf9a3966a949244ed7f4d1eeb376171aae9c3865b2d19
0001130464-0001193125-26-046028-us-gaap:Revenues-USD-2024-01-01-2024-12-31,0001130464-0001193125-26-046028,R0,us-gaap:Revenues,total_revenue,USD,2024-01-01,2024-12-31,2127700000,facts/us-gaap/Revenues/units/USD/118,e98e2d249ba03e2f74420d626ca85e59524f4429f54e81a652b7e274d56ddc6f
0001130464-0001193125-26-046028-us-gaap:Revenues-USD-2025-01-01-2025-12-31,0001130464-0001193125-26-046028,R0,us-gaap:Revenues,total_revenue,USD,2025-01-01,2025-12-31,2310000000,facts/us-gaap/Revenues/units/USD/127,7d6fa53886b2074c1f7921029184e28a3f97a728af6f8e329ca7eda5ecbe000c
0001130464-0001193125-26-211037-us-gaap:Assets-USD--2025-12-31,0001130464-0001193125-26-211037,R2,us-gaap:Assets,total_assets,USD,,2025-12-31,10869800000,facts/us-gaap/Assets/units/USD/158,639d96fcb22a9131b56c5f47e2db33141b6fcff19bbb4effeaec9c84fe16e29f
0001130464-0001193125-26-211037-us-gaap:Assets-USD--2026-03-31,0001130464-0001193125-26-211037,R2,us-gaap:Assets,total_assets,USD,,2026-03-31,10820000000,facts/us-gaap/Assets/units/USD/160,a685065b9fa366cc78ad286b9a7347bde5cf8d320b626aa775cfca795a41db0a
0001130464-0001193125-26-211037-us-gaap:RevenueFromContractWithCustomerExcludingAssessedTax-USD-2025-01-01-2025-03-31,0001130464-0001193125-26-211037,R1,us-gaap:RevenueFromContractWithCustomerExcludingAssessedTax,revenue_from_contracts_with_customers,USD,2025-01-01,2025-03-31,800400000,facts/us-gaap/RevenueFromContractWithCustomerExcludingAssessedTax/units/USD/91,8883fa0cfaef288b62f45bfc636a2e411e9caefcd6b01f8f7ad8f4414e4f2bde
0001130464-0001193125-26-211037-us-gaap:RevenueFromContractWithCustomerExcludingAssessedTax-USD-2026-01-01-2026-03-31,0001130464-0001193125-26-211037,R1,us-gaap:RevenueFromContractWithCustomerExcludingAssessedTax,revenue_from_contracts_with_customers,USD,2026-01-01,2026-03-31,762000000,facts/us-gaap/RevenueFromContractWithCustomerExcludingAssessedTax/units/USD/99,8b1b560fe6542e0877b401b3ecfa6469affc1064eafbd7a0ef46b5b6a27f9834
0001130464-0001193125-26-211037-us-gaap:Revenues-USD-2025-01-01-2025-03-31,0001130464-0001193125-26-211037,R0,us-gaap:Revenues,total_revenue,USD,2025-01-01,2025-03-31,805200000,facts/us-gaap/Revenues/units/USD/120,11accb67634116d9e39bca1e7207bd67f643278f16a2c93b5092b18a5d2a1c18
0001130464-0001193125-26-211037-us-gaap:Revenues-USD-2026-01-01-2026-03-31,0001130464-0001193125-26-211037,R0,us-gaap:Revenues,total_revenue,USD,2026-01-01,2026-03-31,780700000,facts/us-gaap/Revenues/units/USD/128,a2307f71fb033bba96e9b677c1fcd57d6def355fa1cba16781bc567e58a7eba2
0001130464-0001193125-26-337444-us-gaap:Assets-USD--2025-12-31,0001130464-0001193125-26-337444,R2,us-gaap:Assets,total_assets,USD,,2025-12-31,10869800000,facts/us-gaap/Assets/units/USD/159,cdd4a7c0891e497616d33574b9cce60c153c3acaa7a0783029a9310020b1b363
0001130464-0001193125-26-337444-us-gaap:Assets-USD--2026-06-30,0001130464-0001193125-26-337444,R2,us-gaap:Assets,total_assets,USD,,2026-06-30,11038100000,facts/us-gaap/Assets/units/USD/161,8d764ce8e966364918a125b4d0547066d83af07932a788003bede338e32e0d42
0001130464-0001193125-26-337444-us-gaap:RevenueFromContractWithCustomerExcludingAssessedTax-USD-2025-01-01-2025-06-30,0001130464-0001193125-26-337444,R1,us-gaap:RevenueFromContractWithCustomerExcludingAssessedTax,revenue_from_contracts_with_customers,USD,2025-01-01,2025-06-30,1236100000,facts/us-gaap/RevenueFromContractWithCustomerExcludingAssessedTax/units/USD/93,16e779facaadab337776cab20b67d516f85739b3e609a833ffd98d4580299253
0001130464-0001193125-26-337444-us-gaap:RevenueFromContractWithCustomerExcludingAssessedTax-USD-2025-04-01-2025-06-30,0001130464-0001193125-26-337444,R1,us-gaap:RevenueFromContractWithCustomerExcludingAssessedTax,revenue_from_contracts_with_customers,USD,2025-04-01,2025-06-30,435700000,facts/us-gaap/RevenueFromContractWithCustomerExcludingAssessedTax/units/USD/95,2ad2f25b7e1ac2b977d937822d554acf089d9bb67ac29fbbbb54157bcd404a26
0001130464-0001193125-26-337444-us-gaap:RevenueFromContractWithCustomerExcludingAssessedTax-USD-2026-01-01-2026-06-30,0001130464-0001193125-26-337444,R1,us-gaap:RevenueFromContractWithCustomerExcludingAssessedTax,revenue_from_contracts_with_customers,USD,2026-01-01,2026-06-30,1200600000,facts/us-gaap/RevenueFromContractWithCustomerExcludingAssessedTax/units/USD/100,baf10e3cc1cc6d532d56facd26c2b18738c4978b1415062689a6b70c210ef40d
0001130464-0001193125-26-337444-us-gaap:RevenueFromContractWithCustomerExcludingAssessedTax-USD-2026-04-01-2026-06-30,0001130464-0001193125-26-337444,R1,us-gaap:RevenueFromContractWithCustomerExcludingAssessedTax,revenue_from_contracts_with_customers,USD,2026-04-01,2026-06-30,440600000,facts/us-gaap/RevenueFromContractWithCustomerExcludingAssessedTax/units/USD/101,7b03c4061a76f6c39b735ff67ad736e9c2f964ab17302ad270ab3beb03bc93a8
0001130464-0001193125-26-337444-us-gaap:Revenues-USD-2025-01-01-2025-06-30,0001130464-0001193125-26-337444,R0,us-gaap:Revenues,total_revenue,USD,2025-01-01,2025-06-30,1244200000,facts/us-gaap/Revenues/units/USD/122,ca5317ea77eef37bff4ef6f1add76629f3b1ed74800879efc4216d68a828623d
0001130464-0001193125-26-337444-us-gaap:Revenues-USD-2025-04-01-2025-06-30,0001130464-0001193125-26-337444,R0,us-gaap:Revenues,total_revenue,USD,2025-04-01,2025-06-30,439000000,facts/us-gaap/Revenues/units/USD/124,aec2a119608e32d241e41143fdf56622932a892994b50b80880374d3f72689f2
0001130464-0001193125-26-337444-us-gaap:Revenues-USD-2026-01-01-2026-06-30,0001130464-0001193125-26-337444,R0,us-gaap:Revenues,total_revenue,USD,2026-01-01,2026-06-30,1233500000,facts/us-gaap/Revenues/units/USD/129,f4b9d9e32102c5bf6187762167abc2c476c5f625efa23617a5a0069c6d427292
0001130464-0001193125-26-337444-us-gaap:Revenues-USD-2026-04-01-2026-06-30,0001130464-0001193125-26-337444,R0,us-gaap:Revenues,total_revenue,USD,2026-04-01,2026-06-30,452800000,facts/us-gaap/Revenues/units/USD/130,8939b6a8833fae3584495a52a129fefafa0f65671b3e15b6bb24def08bee6cb8
