n,fichier,cle,colonne,ancienne_valeur,nouvelle_valeur,auteur,saisi_le,preuve,note
1,concept_map,us-gaap:Assets,source_concept,,us-gaap:Assets,"edgar_normalize.py (règles edgar_v1 sha256:f95d7e2287bb49a3, automatique)",2026-09-28T13:10:29+00:00,url:https://data.sec.gov/api/xbrl/companyfacts/CIK0001652044.json,règle R2 (edgar_v1) ; libellé taxonomie : Assets
2,concept_map,us-gaap:Assets,normalized_concept,,total_assets,"edgar_normalize.py (règles edgar_v1 sha256:f95d7e2287bb49a3, automatique)",2026-09-28T13:10:29+00:00,url:https://data.sec.gov/api/xbrl/companyfacts/CIK0001652044.json,règle R2 (edgar_v1) ; libellé taxonomie : Assets
3,concept_map,us-gaap:Assets,justification,,Total des actifs comptabilisés à la date du bilan. Définition de la taxonomie recopiée depuis companyfacts (champ description). Définition (us-gaap) : « Sum of the carrying amounts as of the balance sheet date of all assets that are recognized. Assets are probable future economic benefits obtained or controlled by an entity as a result of past transactions or events. »,"edgar_normalize.py (règles edgar_v1 sha256:f95d7e2287bb49a3, automatique)",2026-09-28T13:10:29+00:00,url:https://data.sec.gov/api/xbrl/companyfacts/CIK0001652044.json,règle R2 (edgar_v1) ; libellé taxonomie : Assets
4,facts,0001652044-0001652044-23-000070-us-gaap:Assets-USD--2022-12-31,source_context,,companyfacts;entite=CIK0001652044;periode=2022-12-31;segment=aucun(deduit D1),"edgar_normalize.py (règles edgar_v1 sha256:f95d7e2287bb49a3, automatique)",2026-09-28T13:10:29+00:00,doc:0001652044-0001652044-23-000070,X1
5,facts,0001652044-0001652044-23-000070-us-gaap:Assets-USD--2022-12-31,source_dimensions,INCONNU,,"edgar_normalize.py (règles edgar_v1 sha256:f95d7e2287bb49a3, automatique)",2026-09-28T13:10:29+00:00,doc:0001652044-0001652044-23-000070,D1 : une seule valeur brute pour cette clé
6,facts,0001652044-0001652044-23-000070-us-gaap:Assets-USD--2022-12-31,normalized_concept,,total_assets,"edgar_normalize.py (règles edgar_v1 sha256:f95d7e2287bb49a3, automatique)",2026-09-28T13:10:29+00:00,doc:0001652044-0001652044-23-000070,R2
7,facts,0001652044-0001652044-23-000070-us-gaap:Assets-USD--2022-12-31,transformation,,aucune,"edgar_normalize.py (règles edgar_v1 sha256:f95d7e2287bb49a3, automatique)",2026-09-28T13:10:29+00:00,doc:0001652044-0001652044-23-000070,T1
8,facts,0001652044-0001652044-23-000070-us-gaap:Assets-USD--2022-12-31,value,,365264000000,"edgar_normalize.py (règles edgar_v1 sha256:f95d7e2287bb49a3, automatique)",2026-09-28T13:10:29+00:00,doc:0001652044-0001652044-23-000070,T1
9,facts,0001652044-0001652044-23-000070-us-gaap:Assets-USD--2022-12-31,normalization_justification,,"Règle R2 (edgar_v1) : us-gaap:Assets [USD, instant] -> total_assets. Valeur reprise telle quelle (T1). Dimensions : aucune, déduit (D1). Entrée brute facts/us-gaap/Assets/units/USD/63 (sha256 daea5cdcd6b30e57…). À confirmer sur l'instance XBRL.","edgar_normalize.py (règles edgar_v1 sha256:f95d7e2287bb49a3, automatique)",2026-09-28T13:10:29+00:00,doc:0001652044-0001652044-23-000070,R2
10,facts,0001652044-0001652044-23-000094-us-gaap:Assets-USD--2022-12-31,source_context,,companyfacts;entite=CIK0001652044;periode=2022-12-31;segment=aucun(deduit D1),"edgar_normalize.py (règles edgar_v1 sha256:f95d7e2287bb49a3, automatique)",2026-09-28T13:10:29+00:00,doc:0001652044-0001652044-23-000094,X1
11,facts,0001652044-0001652044-23-000094-us-gaap:Assets-USD--2022-12-31,source_dimensions,INCONNU,,"edgar_normalize.py (règles edgar_v1 sha256:f95d7e2287bb49a3, automatique)",2026-09-28T13:10:29+00:00,doc:0001652044-0001652044-23-000094,D1 : une seule valeur brute pour cette clé
12,facts,0001652044-0001652044-23-000094-us-gaap:Assets-USD--2022-12-31,normalized_concept,,total_assets,"edgar_normalize.py (règles edgar_v1 sha256:f95d7e2287bb49a3, automatique)",2026-09-28T13:10:29+00:00,doc:0001652044-0001652044-23-000094,R2
13,facts,0001652044-0001652044-23-000094-us-gaap:Assets-USD--2022-12-31,transformation,,aucune,"edgar_normalize.py (règles edgar_v1 sha256:f95d7e2287bb49a3, automatique)",2026-09-28T13:10:29+00:00,doc:0001652044-0001652044-23-000094,T1
14,facts,0001652044-0001652044-23-000094-us-gaap:Assets-USD--2022-12-31,value,,365264000000,"edgar_normalize.py (règles edgar_v1 sha256:f95d7e2287bb49a3, automatique)",2026-09-28T13:10:29+00:00,doc:0001652044-0001652044-23-000094,T1
15,facts,0001652044-0001652044-23-000094-us-gaap:Assets-USD--2022-12-31,normalization_justification,,"Règle R2 (edgar_v1) : us-gaap:Assets [USD, instant] -> total_assets. Valeur reprise telle quelle (T1). Dimensions : aucune, déduit (D1). Entrée brute facts/us-gaap/Assets/units/USD/64 (sha256 967d0037ee643936…). À confirmer sur l'instance XBRL.","edgar_normalize.py (règles edgar_v1 sha256:f95d7e2287bb49a3, automatique)",2026-09-28T13:10:29+00:00,doc:0001652044-0001652044-23-000094,R2
16,facts,0001652044-0001652044-24-000022-us-gaap:Assets-USD--2022-12-31,source_context,,companyfacts;entite=CIK0001652044;periode=2022-12-31;segment=aucun(deduit D1),"edgar_normalize.py (règles edgar_v1 sha256:f95d7e2287bb49a3, automatique)",2026-09-28T13:10:29+00:00,doc:0001652044-0001652044-24-000022,X1
17,facts,0001652044-0001652044-24-000022-us-gaap:Assets-USD--2022-12-31,source_dimensions,INCONNU,,"edgar_normalize.py (règles edgar_v1 sha256:f95d7e2287bb49a3, automatique)",2026-09-28T13:10:29+00:00,doc:0001652044-0001652044-24-000022,D1 : une seule valeur brute pour cette clé
18,facts,0001652044-0001652044-24-000022-us-gaap:Assets-USD--2022-12-31,normalized_concept,,total_assets,"edgar_normalize.py (règles edgar_v1 sha256:f95d7e2287bb49a3, automatique)",2026-09-28T13:10:29+00:00,doc:0001652044-0001652044-24-000022,R2
19,facts,0001652044-0001652044-24-000022-us-gaap:Assets-USD--2022-12-31,transformation,,aucune,"edgar_normalize.py (règles edgar_v1 sha256:f95d7e2287bb49a3, automatique)",2026-09-28T13:10:29+00:00,doc:0001652044-0001652044-24-000022,T1
20,facts,0001652044-0001652044-24-000022-us-gaap:Assets-USD--2022-12-31,value,,365264000000,"edgar_normalize.py (règles edgar_v1 sha256:f95d7e2287bb49a3, automatique)",2026-09-28T13:10:29+00:00,doc:0001652044-0001652044-24-000022,T1
21,facts,0001652044-0001652044-24-000022-us-gaap:Assets-USD--2022-12-31,normalization_justification,,"Règle R2 (edgar_v1) : us-gaap:Assets [USD, instant] -> total_assets. Valeur reprise telle quelle (T1). Dimensions : aucune, déduit (D1). Entrée brute facts/us-gaap/Assets/units/USD/65 (sha256 b208ebf86a8ebf51…). À confirmer sur l'instance XBRL.","edgar_normalize.py (règles edgar_v1 sha256:f95d7e2287bb49a3, automatique)",2026-09-28T13:10:29+00:00,doc:0001652044-0001652044-24-000022,R2
22,facts,0001652044-0001652044-23-000070-us-gaap:Assets-USD--2023-06-30,source_context,,companyfacts;entite=CIK0001652044;periode=2023-06-30;segment=aucun(deduit D1),"edgar_normalize.py (règles edgar_v1 sha256:f95d7e2287bb49a3, automatique)",2026-09-28T13:10:29+00:00,doc:0001652044-0001652044-23-000070,X1
23,facts,0001652044-0001652044-23-000070-us-gaap:Assets-USD--2023-06-30,source_dimensions,INCONNU,,"edgar_normalize.py (règles edgar_v1 sha256:f95d7e2287bb49a3, automatique)",2026-09-28T13:10:29+00:00,doc:0001652044-0001652044-23-000070,D1 : une seule valeur brute pour cette clé
24,facts,0001652044-0001652044-23-000070-us-gaap:Assets-USD--2023-06-30,normalized_concept,,total_assets,"edgar_normalize.py (règles edgar_v1 sha256:f95d7e2287bb49a3, automatique)",2026-09-28T13:10:29+00:00,doc:0001652044-0001652044-23-000070,R2
25,facts,0001652044-0001652044-23-000070-us-gaap:Assets-USD--2023-06-30,transformation,,aucune,"edgar_normalize.py (règles edgar_v1 sha256:f95d7e2287bb49a3, automatique)",2026-09-28T13:10:29+00:00,doc:0001652044-0001652044-23-000070,T1
26,facts,0001652044-0001652044-23-000070-us-gaap:Assets-USD--2023-06-30,value,,383044000000,"edgar_normalize.py (règles edgar_v1 sha256:f95d7e2287bb49a3, automatique)",2026-09-28T13:10:29+00:00,doc:0001652044-0001652044-23-000070,T1
27,facts,0001652044-0001652044-23-000070-us-gaap:Assets-USD--2023-06-30,normalization_justification,,"Règle R2 (edgar_v1) : us-gaap:Assets [USD, instant] -> total_assets. Valeur reprise telle quelle (T1). Dimensions : aucune, déduit (D1). Entrée brute facts/us-gaap/Assets/units/USD/67 (sha256 60f2bbeb08ac0ec5…). À confirmer sur l'instance XBRL.","edgar_normalize.py (règles edgar_v1 sha256:f95d7e2287bb49a3, automatique)",2026-09-28T13:10:29+00:00,doc:0001652044-0001652044-23-000070,R2
28,facts,0001652044-0001652044-23-000094-us-gaap:Assets-USD--2023-09-30,source_context,,companyfacts;entite=CIK0001652044;periode=2023-09-30;segment=aucun(deduit D1),"edgar_normalize.py (règles edgar_v1 sha256:f95d7e2287bb49a3, automatique)",2026-09-28T13:10:29+00:00,doc:0001652044-0001652044-23-000094,X1
29,facts,0001652044-0001652044-23-000094-us-gaap:Assets-USD--2023-09-30,source_dimensions,INCONNU,,"edgar_normalize.py (règles edgar_v1 sha256:f95d7e2287bb49a3, automatique)",2026-09-28T13:10:29+00:00,doc:0001652044-0001652044-23-000094,D1 : une seule valeur brute pour cette clé
30,facts,0001652044-0001652044-23-000094-us-gaap:Assets-USD--2023-09-30,normalized_concept,,total_assets,"edgar_normalize.py (règles edgar_v1 sha256:f95d7e2287bb49a3, automatique)",2026-09-28T13:10:29+00:00,doc:0001652044-0001652044-23-000094,R2
31,facts,0001652044-0001652044-23-000094-us-gaap:Assets-USD--2023-09-30,transformation,,aucune,"edgar_normalize.py (règles edgar_v1 sha256:f95d7e2287bb49a3, automatique)",2026-09-28T13:10:29+00:00,doc:0001652044-0001652044-23-000094,T1
32,facts,0001652044-0001652044-23-000094-us-gaap:Assets-USD--2023-09-30,value,,396711000000,"edgar_normalize.py (règles edgar_v1 sha256:f95d7e2287bb49a3, automatique)",2026-09-28T13:10:29+00:00,doc:0001652044-0001652044-23-000094,T1
33,facts,0001652044-0001652044-23-000094-us-gaap:Assets-USD--2023-09-30,normalization_justification,,"Règle R2 (edgar_v1) : us-gaap:Assets [USD, instant] -> total_assets. Valeur reprise telle quelle (T1). Dimensions : aucune, déduit (D1). Entrée brute facts/us-gaap/Assets/units/USD/68 (sha256 70bb340f7888a54f…). À confirmer sur l'instance XBRL.","edgar_normalize.py (règles edgar_v1 sha256:f95d7e2287bb49a3, automatique)",2026-09-28T13:10:29+00:00,doc:0001652044-0001652044-23-000094,R2
34,facts,0001652044-0001652044-24-000022-us-gaap:Assets-USD--2023-12-31,source_context,,companyfacts;entite=CIK0001652044;periode=2023-12-31;segment=aucun(deduit D1),"edgar_normalize.py (règles edgar_v1 sha256:f95d7e2287bb49a3, automatique)",2026-09-28T13:10:29+00:00,doc:0001652044-0001652044-24-000022,X1
35,facts,0001652044-0001652044-24-000022-us-gaap:Assets-USD--2023-12-31,source_dimensions,INCONNU,,"edgar_normalize.py (règles edgar_v1 sha256:f95d7e2287bb49a3, automatique)",2026-09-28T13:10:29+00:00,doc:0001652044-0001652044-24-000022,D1 : une seule valeur brute pour cette clé
36,facts,0001652044-0001652044-24-000022-us-gaap:Assets-USD--2023-12-31,normalized_concept,,total_assets,"edgar_normalize.py (règles edgar_v1 sha256:f95d7e2287bb49a3, automatique)",2026-09-28T13:10:29+00:00,doc:0001652044-0001652044-24-000022,R2
37,facts,0001652044-0001652044-24-000022-us-gaap:Assets-USD--2023-12-31,transformation,,aucune,"edgar_normalize.py (règles edgar_v1 sha256:f95d7e2287bb49a3, automatique)",2026-09-28T13:10:29+00:00,doc:0001652044-0001652044-24-000022,T1
38,facts,0001652044-0001652044-24-000022-us-gaap:Assets-USD--2023-12-31,value,,402392000000,"edgar_normalize.py (règles edgar_v1 sha256:f95d7e2287bb49a3, automatique)",2026-09-28T13:10:29+00:00,doc:0001652044-0001652044-24-000022,T1
39,facts,0001652044-0001652044-24-000022-us-gaap:Assets-USD--2023-12-31,normalization_justification,,"Règle R2 (edgar_v1) : us-gaap:Assets [USD, instant] -> total_assets. Valeur reprise telle quelle (T1). Dimensions : aucune, déduit (D1). Entrée brute facts/us-gaap/Assets/units/USD/69 (sha256 51a0132a6639d71c…). À confirmer sur l'instance XBRL.","edgar_normalize.py (règles edgar_v1 sha256:f95d7e2287bb49a3, automatique)",2026-09-28T13:10:29+00:00,doc:0001652044-0001652044-24-000022,R2
40,facts,0001652044-0001652044-24-000053-us-gaap:Assets-USD--2023-12-31,source_context,,companyfacts;entite=CIK0001652044;periode=2023-12-31;segment=aucun(deduit D1),"edgar_normalize.py (règles edgar_v1 sha256:f95d7e2287bb49a3, automatique)",2026-09-28T13:10:29+00:00,doc:0001652044-0001652044-24-000053,X1
41,facts,0001652044-0001652044-24-000053-us-gaap:Assets-USD--2023-12-31,source_dimensions,INCONNU,,"edgar_normalize.py (règles edgar_v1 sha256:f95d7e2287bb49a3, automatique)",2026-09-28T13:10:29+00:00,doc:0001652044-0001652044-24-000053,D1 : une seule valeur brute pour cette clé
42,facts,0001652044-0001652044-24-000053-us-gaap:Assets-USD--2023-12-31,normalized_concept,,total_assets,"edgar_normalize.py (règles edgar_v1 sha256:f95d7e2287bb49a3, automatique)",2026-09-28T13:10:29+00:00,doc:0001652044-0001652044-24-000053,R2
43,facts,0001652044-0001652044-24-000053-us-gaap:Assets-USD--2023-12-31,transformation,,aucune,"edgar_normalize.py (règles edgar_v1 sha256:f95d7e2287bb49a3, automatique)",2026-09-28T13:10:29+00:00,doc:0001652044-0001652044-24-000053,T1
44,facts,0001652044-0001652044-24-000053-us-gaap:Assets-USD--2023-12-31,value,,402392000000,"edgar_normalize.py (règles edgar_v1 sha256:f95d7e2287bb49a3, automatique)",2026-09-28T13:10:29+00:00,doc:0001652044-0001652044-24-000053,T1
45,facts,0001652044-0001652044-24-000053-us-gaap:Assets-USD--2023-12-31,normalization_justification,,"Règle R2 (edgar_v1) : us-gaap:Assets [USD, instant] -> total_assets. Valeur reprise telle quelle (T1). Dimensions : aucune, déduit (D1). Entrée brute facts/us-gaap/Assets/units/USD/70 (sha256 2d258576da4c199c…). À confirmer sur l'instance XBRL.","edgar_normalize.py (règles edgar_v1 sha256:f95d7e2287bb49a3, automatique)",2026-09-28T13:10:29+00:00,doc:0001652044-0001652044-24-000053,R2
46,facts,0001652044-0001652044-24-000079-us-gaap:Assets-USD--2023-12-31,source_context,,companyfacts;entite=CIK0001652044;periode=2023-12-31;segment=aucun(deduit D1),"edgar_normalize.py (règles edgar_v1 sha256:f95d7e2287bb49a3, automatique)",2026-09-28T13:10:29+00:00,doc:0001652044-0001652044-24-000079,X1
47,facts,0001652044-0001652044-24-000079-us-gaap:Assets-USD--2023-12-31,source_dimensions,INCONNU,,"edgar_normalize.py (règles edgar_v1 sha256:f95d7e2287bb49a3, automatique)",2026-09-28T13:10:29+00:00,doc:0001652044-0001652044-24-000079,D1 : une seule valeur brute pour cette clé
48,facts,0001652044-0001652044-24-000079-us-gaap:Assets-USD--2023-12-31,normalized_concept,,total_assets,"edgar_normalize.py (règles edgar_v1 sha256:f95d7e2287bb49a3, automatique)",2026-09-28T13:10:29+00:00,doc:0001652044-0001652044-24-000079,R2
49,facts,0001652044-0001652044-24-000079-us-gaap:Assets-USD--2023-12-31,transformation,,aucune,"edgar_normalize.py (règles edgar_v1 sha256:f95d7e2287bb49a3, automatique)",2026-09-28T13:10:29+00:00,doc:0001652044-0001652044-24-000079,T1
50,facts,0001652044-0001652044-24-000079-us-gaap:Assets-USD--2023-12-31,value,,402392000000,"edgar_normalize.py (règles edgar_v1 sha256:f95d7e2287bb49a3, automatique)",2026-09-28T13:10:29+00:00,doc:0001652044-0001652044-24-000079,T1
51,facts,0001652044-0001652044-24-000079-us-gaap:Assets-USD--2023-12-31,normalization_justification,,"Règle R2 (edgar_v1) : us-gaap:Assets [USD, instant] -> total_assets. Valeur reprise telle quelle (T1). Dimensions : aucune, déduit (D1). Entrée brute facts/us-gaap/Assets/units/USD/71 (sha256 c7dbf8fc1abd52c6…). À confirmer sur l'instance XBRL.","edgar_normalize.py (règles edgar_v1 sha256:f95d7e2287bb49a3, automatique)",2026-09-28T13:10:29+00:00,doc:0001652044-0001652044-24-000079,R2
52,facts,0001652044-0001652044-24-000118-us-gaap:Assets-USD--2023-12-31,source_context,,companyfacts;entite=CIK0001652044;periode=2023-12-31;segment=aucun(deduit D1),"edgar_normalize.py (règles edgar_v1 sha256:f95d7e2287bb49a3, automatique)",2026-09-28T13:10:29+00:00,doc:0001652044-0001652044-24-000118,X1
53,facts,0001652044-0001652044-24-000118-us-gaap:Assets-USD--2023-12-31,source_dimensions,INCONNU,,"edgar_normalize.py (règles edgar_v1 sha256:f95d7e2287bb49a3, automatique)",2026-09-28T13:10:29+00:00,doc:0001652044-0001652044-24-000118,D1 : une seule valeur brute pour cette clé
54,facts,0001652044-0001652044-24-000118-us-gaap:Assets-USD--2023-12-31,normalized_concept,,total_assets,"edgar_normalize.py (règles edgar_v1 sha256:f95d7e2287bb49a3, automatique)",2026-09-28T13:10:29+00:00,doc:0001652044-0001652044-24-000118,R2
55,facts,0001652044-0001652044-24-000118-us-gaap:Assets-USD--2023-12-31,transformation,,aucune,"edgar_normalize.py (règles edgar_v1 sha256:f95d7e2287bb49a3, automatique)",2026-09-28T13:10:29+00:00,doc:0001652044-0001652044-24-000118,T1
56,facts,0001652044-0001652044-24-000118-us-gaap:Assets-USD--2023-12-31,value,,402392000000,"edgar_normalize.py (règles edgar_v1 sha256:f95d7e2287bb49a3, automatique)",2026-09-28T13:10:29+00:00,doc:0001652044-0001652044-24-000118,T1
57,facts,0001652044-0001652044-24-000118-us-gaap:Assets-USD--2023-12-31,normalization_justification,,"Règle R2 (edgar_v1) : us-gaap:Assets [USD, instant] -> total_assets. Valeur reprise telle quelle (T1). Dimensions : aucune, déduit (D1). Entrée brute facts/us-gaap/Assets/units/USD/72 (sha256 568110cb2b808f13…). À confirmer sur l'instance XBRL.","edgar_normalize.py (règles edgar_v1 sha256:f95d7e2287bb49a3, automatique)",2026-09-28T13:10:29+00:00,doc:0001652044-0001652044-24-000118,R2
58,facts,0001652044-0001652044-25-000014-us-gaap:Assets-USD--2023-12-31,source_context,,companyfacts;entite=CIK0001652044;periode=2023-12-31;segment=aucun(deduit D1),"edgar_normalize.py (règles edgar_v1 sha256:f95d7e2287bb49a3, automatique)",2026-09-28T13:10:29+00:00,doc:0001652044-0001652044-25-000014,X1
59,facts,0001652044-0001652044-25-000014-us-gaap:Assets-USD--2023-12-31,source_dimensions,INCONNU,,"edgar_normalize.py (règles edgar_v1 sha256:f95d7e2287bb49a3, automatique)",2026-09-28T13:10:29+00:00,doc:0001652044-0001652044-25-000014,D1 : une seule valeur brute pour cette clé
60,facts,0001652044-0001652044-25-000014-us-gaap:Assets-USD--2023-12-31,normalized_concept,,total_assets,"edgar_normalize.py (règles edgar_v1 sha256:f95d7e2287bb49a3, automatique)",2026-09-28T13:10:29+00:00,doc:0001652044-0001652044-25-000014,R2
61,facts,0001652044-0001652044-25-000014-us-gaap:Assets-USD--2023-12-31,transformation,,aucune,"edgar_normalize.py (règles edgar_v1 sha256:f95d7e2287bb49a3, automatique)",2026-09-28T13:10:29+00:00,doc:0001652044-0001652044-25-000014,T1
62,facts,0001652044-0001652044-25-000014-us-gaap:Assets-USD--2023-12-31,value,,402392000000,"edgar_normalize.py (règles edgar_v1 sha256:f95d7e2287bb49a3, automatique)",2026-09-28T13:10:29+00:00,doc:0001652044-0001652044-25-000014,T1
63,facts,0001652044-0001652044-25-000014-us-gaap:Assets-USD--2023-12-31,normalization_justification,,"Règle R2 (edgar_v1) : us-gaap:Assets [USD, instant] -> total_assets. Valeur reprise telle quelle (T1). Dimensions : aucune, déduit (D1). Entrée brute facts/us-gaap/Assets/units/USD/73 (sha256 9992c8f36ae3b389…). À confirmer sur l'instance XBRL.","edgar_normalize.py (règles edgar_v1 sha256:f95d7e2287bb49a3, automatique)",2026-09-28T13:10:29+00:00,doc:0001652044-0001652044-25-000014,R2
64,facts,0001652044-0001652044-24-000053-us-gaap:Assets-USD--2024-03-31,source_context,,companyfacts;entite=CIK0001652044;periode=2024-03-31;segment=aucun(deduit D1),"edgar_normalize.py (règles edgar_v1 sha256:f95d7e2287bb49a3, automatique)",2026-09-28T13:10:29+00:00,doc:0001652044-0001652044-24-000053,X1
65,facts,0001652044-0001652044-24-000053-us-gaap:Assets-USD--2024-03-31,source_dimensions,INCONNU,,"edgar_normalize.py (règles edgar_v1 sha256:f95d7e2287bb49a3, automatique)",2026-09-28T13:10:29+00:00,doc:0001652044-0001652044-24-000053,D1 : une seule valeur brute pour cette clé
66,facts,0001652044-0001652044-24-000053-us-gaap:Assets-USD--2024-03-31,normalized_concept,,total_assets,"edgar_normalize.py (règles edgar_v1 sha256:f95d7e2287bb49a3, automatique)",2026-09-28T13:10:29+00:00,doc:0001652044-0001652044-24-000053,R2
67,facts,0001652044-0001652044-24-000053-us-gaap:Assets-USD--2024-03-31,transformation,,aucune,"edgar_normalize.py (règles edgar_v1 sha256:f95d7e2287bb49a3, automatique)",2026-09-28T13:10:29+00:00,doc:0001652044-0001652044-24-000053,T1
68,facts,0001652044-0001652044-24-000053-us-gaap:Assets-USD--2024-03-31,value,,407350000000,"edgar_normalize.py (règles edgar_v1 sha256:f95d7e2287bb49a3, automatique)",2026-09-28T13:10:29+00:00,doc:0001652044-0001652044-24-000053,T1
69,facts,0001652044-0001652044-24-000053-us-gaap:Assets-USD--2024-03-31,normalization_justification,,"Règle R2 (edgar_v1) : us-gaap:Assets [USD, instant] -> total_assets. Valeur reprise telle quelle (T1). Dimensions : aucune, déduit (D1). Entrée brute facts/us-gaap/Assets/units/USD/74 (sha256 35032e000669c18e…). À confirmer sur l'instance XBRL.","edgar_normalize.py (règles edgar_v1 sha256:f95d7e2287bb49a3, automatique)",2026-09-28T13:10:29+00:00,doc:0001652044-0001652044-24-000053,R2
70,facts,0001652044-0001652044-24-000079-us-gaap:Assets-USD--2024-06-30,source_context,,companyfacts;entite=CIK0001652044;periode=2024-06-30;segment=aucun(deduit D1),"edgar_normalize.py (règles edgar_v1 sha256:f95d7e2287bb49a3, automatique)",2026-09-28T13:10:29+00:00,doc:0001652044-0001652044-24-000079,X1
71,facts,0001652044-0001652044-24-000079-us-gaap:Assets-USD--2024-06-30,source_dimensions,INCONNU,,"edgar_normalize.py (règles edgar_v1 sha256:f95d7e2287bb49a3, automatique)",2026-09-28T13:10:29+00:00,doc:0001652044-0001652044-24-000079,D1 : une seule valeur brute pour cette clé
72,facts,0001652044-0001652044-24-000079-us-gaap:Assets-USD--2024-06-30,normalized_concept,,total_assets,"edgar_normalize.py (règles edgar_v1 sha256:f95d7e2287bb49a3, automatique)",2026-09-28T13:10:29+00:00,doc:0001652044-0001652044-24-000079,R2
73,facts,0001652044-0001652044-24-000079-us-gaap:Assets-USD--2024-06-30,transformation,,aucune,"edgar_normalize.py (règles edgar_v1 sha256:f95d7e2287bb49a3, automatique)",2026-09-28T13:10:29+00:00,doc:0001652044-0001652044-24-000079,T1
74,facts,0001652044-0001652044-24-000079-us-gaap:Assets-USD--2024-06-30,value,,414770000000,"edgar_normalize.py (règles edgar_v1 sha256:f95d7e2287bb49a3, automatique)",2026-09-28T13:10:29+00:00,doc:0001652044-0001652044-24-000079,T1
75,facts,0001652044-0001652044-24-000079-us-gaap:Assets-USD--2024-06-30,normalization_justification,,"Règle R2 (edgar_v1) : us-gaap:Assets [USD, instant] -> total_assets. Valeur reprise telle quelle (T1). Dimensions : aucune, déduit (D1). Entrée brute facts/us-gaap/Assets/units/USD/75 (sha256 615a05f8bd23365b…). À confirmer sur l'instance XBRL.","edgar_normalize.py (règles edgar_v1 sha256:f95d7e2287bb49a3, automatique)",2026-09-28T13:10:29+00:00,doc:0001652044-0001652044-24-000079,R2
76,facts,0001652044-0001652044-24-000118-us-gaap:Assets-USD--2024-09-30,source_context,,companyfacts;entite=CIK0001652044;periode=2024-09-30;segment=aucun(deduit D1),"edgar_normalize.py (règles edgar_v1 sha256:f95d7e2287bb49a3, automatique)",2026-09-28T13:10:29+00:00,doc:0001652044-0001652044-24-000118,X1
77,facts,0001652044-0001652044-24-000118-us-gaap:Assets-USD--2024-09-30,source_dimensions,INCONNU,,"edgar_normalize.py (règles edgar_v1 sha256:f95d7e2287bb49a3, automatique)",2026-09-28T13:10:29+00:00,doc:0001652044-0001652044-24-000118,D1 : une seule valeur brute pour cette clé
78,facts,0001652044-0001652044-24-000118-us-gaap:Assets-USD--2024-09-30,normalized_concept,,total_assets,"edgar_normalize.py (règles edgar_v1 sha256:f95d7e2287bb49a3, automatique)",2026-09-28T13:10:29+00:00,doc:0001652044-0001652044-24-000118,R2
79,facts,0001652044-0001652044-24-000118-us-gaap:Assets-USD--2024-09-30,transformation,,aucune,"edgar_normalize.py (règles edgar_v1 sha256:f95d7e2287bb49a3, automatique)",2026-09-28T13:10:29+00:00,doc:0001652044-0001652044-24-000118,T1
80,facts,0001652044-0001652044-24-000118-us-gaap:Assets-USD--2024-09-30,value,,430266000000,"edgar_normalize.py (règles edgar_v1 sha256:f95d7e2287bb49a3, automatique)",2026-09-28T13:10:29+00:00,doc:0001652044-0001652044-24-000118,T1
81,facts,0001652044-0001652044-24-000118-us-gaap:Assets-USD--2024-09-30,normalization_justification,,"Règle R2 (edgar_v1) : us-gaap:Assets [USD, instant] -> total_assets. Valeur reprise telle quelle (T1). Dimensions : aucune, déduit (D1). Entrée brute facts/us-gaap/Assets/units/USD/76 (sha256 b2d87deeb90a9997…). À confirmer sur l'instance XBRL.","edgar_normalize.py (règles edgar_v1 sha256:f95d7e2287bb49a3, automatique)",2026-09-28T13:10:29+00:00,doc:0001652044-0001652044-24-000118,R2
82,facts,0001652044-0001652044-25-000014-us-gaap:Assets-USD--2024-12-31,source_context,,companyfacts;entite=CIK0001652044;periode=2024-12-31;segment=aucun(deduit D1),"edgar_normalize.py (règles edgar_v1 sha256:f95d7e2287bb49a3, automatique)",2026-09-28T13:10:29+00:00,doc:0001652044-0001652044-25-000014,X1
83,facts,0001652044-0001652044-25-000014-us-gaap:Assets-USD--2024-12-31,source_dimensions,INCONNU,,"edgar_normalize.py (règles edgar_v1 sha256:f95d7e2287bb49a3, automatique)",2026-09-28T13:10:29+00:00,doc:0001652044-0001652044-25-000014,D1 : une seule valeur brute pour cette clé
84,facts,0001652044-0001652044-25-000014-us-gaap:Assets-USD--2024-12-31,normalized_concept,,total_assets,"edgar_normalize.py (règles edgar_v1 sha256:f95d7e2287bb49a3, automatique)",2026-09-28T13:10:29+00:00,doc:0001652044-0001652044-25-000014,R2
85,facts,0001652044-0001652044-25-000014-us-gaap:Assets-USD--2024-12-31,transformation,,aucune,"edgar_normalize.py (règles edgar_v1 sha256:f95d7e2287bb49a3, automatique)",2026-09-28T13:10:29+00:00,doc:0001652044-0001652044-25-000014,T1
86,facts,0001652044-0001652044-25-000014-us-gaap:Assets-USD--2024-12-31,value,,450256000000,"edgar_normalize.py (règles edgar_v1 sha256:f95d7e2287bb49a3, automatique)",2026-09-28T13:10:29+00:00,doc:0001652044-0001652044-25-000014,T1
87,facts,0001652044-0001652044-25-000014-us-gaap:Assets-USD--2024-12-31,normalization_justification,,"Règle R2 (edgar_v1) : us-gaap:Assets [USD, instant] -> total_assets. Valeur reprise telle quelle (T1). Dimensions : aucune, déduit (D1). Entrée brute facts/us-gaap/Assets/units/USD/77 (sha256 baace57bf8ceee2a…). À confirmer sur l'instance XBRL.","edgar_normalize.py (règles edgar_v1 sha256:f95d7e2287bb49a3, automatique)",2026-09-28T13:10:29+00:00,doc:0001652044-0001652044-25-000014,R2
88,facts,0001652044-0001652044-25-000043-us-gaap:Assets-USD--2024-12-31,source_context,,companyfacts;entite=CIK0001652044;periode=2024-12-31;segment=aucun(deduit D1),"edgar_normalize.py (règles edgar_v1 sha256:f95d7e2287bb49a3, automatique)",2026-09-28T13:10:29+00:00,doc:0001652044-0001652044-25-000043,X1
89,facts,0001652044-0001652044-25-000043-us-gaap:Assets-USD--2024-12-31,source_dimensions,INCONNU,,"edgar_normalize.py (règles edgar_v1 sha256:f95d7e2287bb49a3, automatique)",2026-09-28T13:10:29+00:00,doc:0001652044-0001652044-25-000043,D1 : une seule valeur brute pour cette clé
90,facts,0001652044-0001652044-25-000043-us-gaap:Assets-USD--2024-12-31,normalized_concept,,total_assets,"edgar_normalize.py (règles edgar_v1 sha256:f95d7e2287bb49a3, automatique)",2026-09-28T13:10:29+00:00,doc:0001652044-0001652044-25-000043,R2
91,facts,0001652044-0001652044-25-000043-us-gaap:Assets-USD--2024-12-31,transformation,,aucune,"edgar_normalize.py (règles edgar_v1 sha256:f95d7e2287bb49a3, automatique)",2026-09-28T13:10:29+00:00,doc:0001652044-0001652044-25-000043,T1
92,facts,0001652044-0001652044-25-000043-us-gaap:Assets-USD--2024-12-31,value,,450256000000,"edgar_normalize.py (règles edgar_v1 sha256:f95d7e2287bb49a3, automatique)",2026-09-28T13:10:29+00:00,doc:0001652044-0001652044-25-000043,T1
93,facts,0001652044-0001652044-25-000043-us-gaap:Assets-USD--2024-12-31,normalization_justification,,"Règle R2 (edgar_v1) : us-gaap:Assets [USD, instant] -> total_assets. Valeur reprise telle quelle (T1). Dimensions : aucune, déduit (D1). Entrée brute facts/us-gaap/Assets/units/USD/78 (sha256 f9d1d864f7dc63e5…). À confirmer sur l'instance XBRL.","edgar_normalize.py (règles edgar_v1 sha256:f95d7e2287bb49a3, automatique)",2026-09-28T13:10:29+00:00,doc:0001652044-0001652044-25-000043,R2
94,facts,0001652044-0001652044-25-000062-us-gaap:Assets-USD--2024-12-31,source_context,,companyfacts;entite=CIK0001652044;periode=2024-12-31;segment=aucun(deduit D1),"edgar_normalize.py (règles edgar_v1 sha256:f95d7e2287bb49a3, automatique)",2026-09-28T13:10:29+00:00,doc:0001652044-0001652044-25-000062,X1
95,facts,0001652044-0001652044-25-000062-us-gaap:Assets-USD--2024-12-31,source_dimensions,INCONNU,,"edgar_normalize.py (règles edgar_v1 sha256:f95d7e2287bb49a3, automatique)",2026-09-28T13:10:29+00:00,doc:0001652044-0001652044-25-000062,D1 : une seule valeur brute pour cette clé
96,facts,0001652044-0001652044-25-000062-us-gaap:Assets-USD--2024-12-31,normalized_concept,,total_assets,"edgar_normalize.py (règles edgar_v1 sha256:f95d7e2287bb49a3, automatique)",2026-09-28T13:10:29+00:00,doc:0001652044-0001652044-25-000062,R2
97,facts,0001652044-0001652044-25-000062-us-gaap:Assets-USD--2024-12-31,transformation,,aucune,"edgar_normalize.py (règles edgar_v1 sha256:f95d7e2287bb49a3, automatique)",2026-09-28T13:10:29+00:00,doc:0001652044-0001652044-25-000062,T1
98,facts,0001652044-0001652044-25-000062-us-gaap:Assets-USD--2024-12-31,value,,450256000000,"edgar_normalize.py (règles edgar_v1 sha256:f95d7e2287bb49a3, automatique)",2026-09-28T13:10:29+00:00,doc:0001652044-0001652044-25-000062,T1
99,facts,0001652044-0001652044-25-000062-us-gaap:Assets-USD--2024-12-31,normalization_justification,,"Règle R2 (edgar_v1) : us-gaap:Assets [USD, instant] -> total_assets. Valeur reprise telle quelle (T1). Dimensions : aucune, déduit (D1). Entrée brute facts/us-gaap/Assets/units/USD/79 (sha256 007b4a24ea6a844f…). À confirmer sur l'instance XBRL.","edgar_normalize.py (règles edgar_v1 sha256:f95d7e2287bb49a3, automatique)",2026-09-28T13:10:29+00:00,doc:0001652044-0001652044-25-000062,R2
100,facts,0001652044-0001652044-25-000091-us-gaap:Assets-USD--2024-12-31,source_context,,companyfacts;entite=CIK0001652044;periode=2024-12-31;segment=aucun(deduit D1),"edgar_normalize.py (règles edgar_v1 sha256:f95d7e2287bb49a3, automatique)",2026-09-28T13:10:29+00:00,doc:0001652044-0001652044-25-000091,X1
101,facts,0001652044-0001652044-25-000091-us-gaap:Assets-USD--2024-12-31,source_dimensions,INCONNU,,"edgar_normalize.py (règles edgar_v1 sha256:f95d7e2287bb49a3, automatique)",2026-09-28T13:10:29+00:00,doc:0001652044-0001652044-25-000091,D1 : une seule valeur brute pour cette clé
102,facts,0001652044-0001652044-25-000091-us-gaap:Assets-USD--2024-12-31,normalized_concept,,total_assets,"edgar_normalize.py (règles edgar_v1 sha256:f95d7e2287bb49a3, automatique)",2026-09-28T13:10:29+00:00,doc:0001652044-0001652044-25-000091,R2
103,facts,0001652044-0001652044-25-000091-us-gaap:Assets-USD--2024-12-31,transformation,,aucune,"edgar_normalize.py (règles edgar_v1 sha256:f95d7e2287bb49a3, automatique)",2026-09-28T13:10:29+00:00,doc:0001652044-0001652044-25-000091,T1
104,facts,0001652044-0001652044-25-000091-us-gaap:Assets-USD--2024-12-31,value,,450256000000,"edgar_normalize.py (règles edgar_v1 sha256:f95d7e2287bb49a3, automatique)",2026-09-28T13:10:29+00:00,doc:0001652044-0001652044-25-000091,T1
105,facts,0001652044-0001652044-25-000091-us-gaap:Assets-USD--2024-12-31,normalization_justification,,"Règle R2 (edgar_v1) : us-gaap:Assets [USD, instant] -> total_assets. Valeur reprise telle quelle (T1). Dimensions : aucune, déduit (D1). Entrée brute facts/us-gaap/Assets/units/USD/80 (sha256 d72be4553b3c016d…). À confirmer sur l'instance XBRL.","edgar_normalize.py (règles edgar_v1 sha256:f95d7e2287bb49a3, automatique)",2026-09-28T13:10:29+00:00,doc:0001652044-0001652044-25-000091,R2
106,facts,0001652044-0001652044-26-000018-us-gaap:Assets-USD--2024-12-31,source_context,,companyfacts;entite=CIK0001652044;periode=2024-12-31;segment=aucun(deduit D1),"edgar_normalize.py (règles edgar_v1 sha256:f95d7e2287bb49a3, automatique)",2026-09-28T13:10:29+00:00,doc:0001652044-0001652044-26-000018,X1
107,facts,0001652044-0001652044-26-000018-us-gaap:Assets-USD--2024-12-31,source_dimensions,INCONNU,,"edgar_normalize.py (règles edgar_v1 sha256:f95d7e2287bb49a3, automatique)",2026-09-28T13:10:29+00:00,doc:0001652044-0001652044-26-000018,D1 : une seule valeur brute pour cette clé
108,facts,0001652044-0001652044-26-000018-us-gaap:Assets-USD--2024-12-31,normalized_concept,,total_assets,"edgar_normalize.py (règles edgar_v1 sha256:f95d7e2287bb49a3, automatique)",2026-09-28T13:10:29+00:00,doc:0001652044-0001652044-26-000018,R2
109,facts,0001652044-0001652044-26-000018-us-gaap:Assets-USD--2024-12-31,transformation,,aucune,"edgar_normalize.py (règles edgar_v1 sha256:f95d7e2287bb49a3, automatique)",2026-09-28T13:10:29+00:00,doc:0001652044-0001652044-26-000018,T1
110,facts,0001652044-0001652044-26-000018-us-gaap:Assets-USD--2024-12-31,value,,450256000000,"edgar_normalize.py (règles edgar_v1 sha256:f95d7e2287bb49a3, automatique)",2026-09-28T13:10:29+00:00,doc:0001652044-0001652044-26-000018,T1
111,facts,0001652044-0001652044-26-000018-us-gaap:Assets-USD--2024-12-31,normalization_justification,,"Règle R2 (edgar_v1) : us-gaap:Assets [USD, instant] -> total_assets. Valeur reprise telle quelle (T1). Dimensions : aucune, déduit (D1). Entrée brute facts/us-gaap/Assets/units/USD/81 (sha256 f8b485acc1a11228…). À confirmer sur l'instance XBRL.","edgar_normalize.py (règles edgar_v1 sha256:f95d7e2287bb49a3, automatique)",2026-09-28T13:10:29+00:00,doc:0001652044-0001652044-26-000018,R2
112,facts,0001652044-0001652044-25-000043-us-gaap:Assets-USD--2025-03-31,source_context,,companyfacts;entite=CIK0001652044;periode=2025-03-31;segment=aucun(deduit D1),"edgar_normalize.py (règles edgar_v1 sha256:f95d7e2287bb49a3, automatique)",2026-09-28T13:10:29+00:00,doc:0001652044-0001652044-25-000043,X1
113,facts,0001652044-0001652044-25-000043-us-gaap:Assets-USD--2025-03-31,source_dimensions,INCONNU,,"edgar_normalize.py (règles edgar_v1 sha256:f95d7e2287bb49a3, automatique)",2026-09-28T13:10:29+00:00,doc:0001652044-0001652044-25-000043,D1 : une seule valeur brute pour cette clé
114,facts,0001652044-0001652044-25-000043-us-gaap:Assets-USD--2025-03-31,normalized_concept,,total_assets,"edgar_normalize.py (règles edgar_v1 sha256:f95d7e2287bb49a3, automatique)",2026-09-28T13:10:29+00:00,doc:0001652044-0001652044-25-000043,R2
115,facts,0001652044-0001652044-25-000043-us-gaap:Assets-USD--2025-03-31,transformation,,aucune,"edgar_normalize.py (règles edgar_v1 sha256:f95d7e2287bb49a3, automatique)",2026-09-28T13:10:29+00:00,doc:0001652044-0001652044-25-000043,T1
116,facts,0001652044-0001652044-25-000043-us-gaap:Assets-USD--2025-03-31,value,,475374000000,"edgar_normalize.py (règles edgar_v1 sha256:f95d7e2287bb49a3, automatique)",2026-09-28T13:10:29+00:00,doc:0001652044-0001652044-25-000043,T1
117,facts,0001652044-0001652044-25-000043-us-gaap:Assets-USD--2025-03-31,normalization_justification,,"Règle R2 (edgar_v1) : us-gaap:Assets [USD, instant] -> total_assets. Valeur reprise telle quelle (T1). Dimensions : aucune, déduit (D1). Entrée brute facts/us-gaap/Assets/units/USD/82 (sha256 1cc95e9afd1351cc…). À confirmer sur l'instance XBRL.","edgar_normalize.py (règles edgar_v1 sha256:f95d7e2287bb49a3, automatique)",2026-09-28T13:10:29+00:00,doc:0001652044-0001652044-25-000043,R2
118,facts,0001652044-0001652044-25-000062-us-gaap:Assets-USD--2025-06-30,source_context,,companyfacts;entite=CIK0001652044;periode=2025-06-30;segment=aucun(deduit D1),"edgar_normalize.py (règles edgar_v1 sha256:f95d7e2287bb49a3, automatique)",2026-09-28T13:10:29+00:00,doc:0001652044-0001652044-25-000062,X1
119,facts,0001652044-0001652044-25-000062-us-gaap:Assets-USD--2025-06-30,source_dimensions,INCONNU,,"edgar_normalize.py (règles edgar_v1 sha256:f95d7e2287bb49a3, automatique)",2026-09-28T13:10:29+00:00,doc:0001652044-0001652044-25-000062,D1 : une seule valeur brute pour cette clé
120,facts,0001652044-0001652044-25-000062-us-gaap:Assets-USD--2025-06-30,normalized_concept,,total_assets,"edgar_normalize.py (règles edgar_v1 sha256:f95d7e2287bb49a3, automatique)",2026-09-28T13:10:29+00:00,doc:0001652044-0001652044-25-000062,R2
121,facts,0001652044-0001652044-25-000062-us-gaap:Assets-USD--2025-06-30,transformation,,aucune,"edgar_normalize.py (règles edgar_v1 sha256:f95d7e2287bb49a3, automatique)",2026-09-28T13:10:29+00:00,doc:0001652044-0001652044-25-000062,T1
122,facts,0001652044-0001652044-25-000062-us-gaap:Assets-USD--2025-06-30,value,,502053000000,"edgar_normalize.py (règles edgar_v1 sha256:f95d7e2287bb49a3, automatique)",2026-09-28T13:10:29+00:00,doc:0001652044-0001652044-25-000062,T1
123,facts,0001652044-0001652044-25-000062-us-gaap:Assets-USD--2025-06-30,normalization_justification,,"Règle R2 (edgar_v1) : us-gaap:Assets [USD, instant] -> total_assets. Valeur reprise telle quelle (T1). Dimensions : aucune, déduit (D1). Entrée brute facts/us-gaap/Assets/units/USD/83 (sha256 db33ff2b136cff39…). À confirmer sur l'instance XBRL.","edgar_normalize.py (règles edgar_v1 sha256:f95d7e2287bb49a3, automatique)",2026-09-28T13:10:29+00:00,doc:0001652044-0001652044-25-000062,R2
124,facts,0001652044-0001652044-25-000091-us-gaap:Assets-USD--2025-09-30,source_context,,companyfacts;entite=CIK0001652044;periode=2025-09-30;segment=aucun(deduit D1),"edgar_normalize.py (règles edgar_v1 sha256:f95d7e2287bb49a3, automatique)",2026-09-28T13:10:29+00:00,doc:0001652044-0001652044-25-000091,X1
125,facts,0001652044-0001652044-25-000091-us-gaap:Assets-USD--2025-09-30,source_dimensions,INCONNU,,"edgar_normalize.py (règles edgar_v1 sha256:f95d7e2287bb49a3, automatique)",2026-09-28T13:10:29+00:00,doc:0001652044-0001652044-25-000091,D1 : une seule valeur brute pour cette clé
126,facts,0001652044-0001652044-25-000091-us-gaap:Assets-USD--2025-09-30,normalized_concept,,total_assets,"edgar_normalize.py (règles edgar_v1 sha256:f95d7e2287bb49a3, automatique)",2026-09-28T13:10:29+00:00,doc:0001652044-0001652044-25-000091,R2
127,facts,0001652044-0001652044-25-000091-us-gaap:Assets-USD--2025-09-30,transformation,,aucune,"edgar_normalize.py (règles edgar_v1 sha256:f95d7e2287bb49a3, automatique)",2026-09-28T13:10:29+00:00,doc:0001652044-0001652044-25-000091,T1
128,facts,0001652044-0001652044-25-000091-us-gaap:Assets-USD--2025-09-30,value,,536469000000,"edgar_normalize.py (règles edgar_v1 sha256:f95d7e2287bb49a3, automatique)",2026-09-28T13:10:29+00:00,doc:0001652044-0001652044-25-000091,T1
129,facts,0001652044-0001652044-25-000091-us-gaap:Assets-USD--2025-09-30,normalization_justification,,"Règle R2 (edgar_v1) : us-gaap:Assets [USD, instant] -> total_assets. Valeur reprise telle quelle (T1). Dimensions : aucune, déduit (D1). Entrée brute facts/us-gaap/Assets/units/USD/84 (sha256 311eaedf085612eb…). À confirmer sur l'instance XBRL.","edgar_normalize.py (règles edgar_v1 sha256:f95d7e2287bb49a3, automatique)",2026-09-28T13:10:29+00:00,doc:0001652044-0001652044-25-000091,R2
130,facts,0001652044-0001652044-26-000018-us-gaap:Assets-USD--2025-12-31,source_context,,companyfacts;entite=CIK0001652044;periode=2025-12-31;segment=aucun(deduit D1),"edgar_normalize.py (règles edgar_v1 sha256:f95d7e2287bb49a3, automatique)",2026-09-28T13:10:29+00:00,doc:0001652044-0001652044-26-000018,X1
131,facts,0001652044-0001652044-26-000018-us-gaap:Assets-USD--2025-12-31,source_dimensions,INCONNU,,"edgar_normalize.py (règles edgar_v1 sha256:f95d7e2287bb49a3, automatique)",2026-09-28T13:10:29+00:00,doc:0001652044-0001652044-26-000018,D1 : une seule valeur brute pour cette clé
132,facts,0001652044-0001652044-26-000018-us-gaap:Assets-USD--2025-12-31,normalized_concept,,total_assets,"edgar_normalize.py (règles edgar_v1 sha256:f95d7e2287bb49a3, automatique)",2026-09-28T13:10:29+00:00,doc:0001652044-0001652044-26-000018,R2
133,facts,0001652044-0001652044-26-000018-us-gaap:Assets-USD--2025-12-31,transformation,,aucune,"edgar_normalize.py (règles edgar_v1 sha256:f95d7e2287bb49a3, automatique)",2026-09-28T13:10:29+00:00,doc:0001652044-0001652044-26-000018,T1
134,facts,0001652044-0001652044-26-000018-us-gaap:Assets-USD--2025-12-31,value,,595281000000,"edgar_normalize.py (règles edgar_v1 sha256:f95d7e2287bb49a3, automatique)",2026-09-28T13:10:29+00:00,doc:0001652044-0001652044-26-000018,T1
135,facts,0001652044-0001652044-26-000018-us-gaap:Assets-USD--2025-12-31,normalization_justification,,"Règle R2 (edgar_v1) : us-gaap:Assets [USD, instant] -> total_assets. Valeur reprise telle quelle (T1). Dimensions : aucune, déduit (D1). Entrée brute facts/us-gaap/Assets/units/USD/85 (sha256 acea98ee5b4105d0…). À confirmer sur l'instance XBRL.","edgar_normalize.py (règles edgar_v1 sha256:f95d7e2287bb49a3, automatique)",2026-09-28T13:10:29+00:00,doc:0001652044-0001652044-26-000018,R2
136,facts,0001652044-0001652044-26-000048-us-gaap:Assets-USD--2025-12-31,source_context,,companyfacts;entite=CIK0001652044;periode=2025-12-31;segment=aucun(deduit D1),"edgar_normalize.py (règles edgar_v1 sha256:f95d7e2287bb49a3, automatique)",2026-09-28T13:10:29+00:00,doc:0001652044-0001652044-26-000048,X1
137,facts,0001652044-0001652044-26-000048-us-gaap:Assets-USD--2025-12-31,source_dimensions,INCONNU,,"edgar_normalize.py (règles edgar_v1 sha256:f95d7e2287bb49a3, automatique)",2026-09-28T13:10:29+00:00,doc:0001652044-0001652044-26-000048,D1 : une seule valeur brute pour cette clé
138,facts,0001652044-0001652044-26-000048-us-gaap:Assets-USD--2025-12-31,normalized_concept,,total_assets,"edgar_normalize.py (règles edgar_v1 sha256:f95d7e2287bb49a3, automatique)",2026-09-28T13:10:29+00:00,doc:0001652044-0001652044-26-000048,R2
139,facts,0001652044-0001652044-26-000048-us-gaap:Assets-USD--2025-12-31,transformation,,aucune,"edgar_normalize.py (règles edgar_v1 sha256:f95d7e2287bb49a3, automatique)",2026-09-28T13:10:29+00:00,doc:0001652044-0001652044-26-000048,T1
140,facts,0001652044-0001652044-26-000048-us-gaap:Assets-USD--2025-12-31,value,,595281000000,"edgar_normalize.py (règles edgar_v1 sha256:f95d7e2287bb49a3, automatique)",2026-09-28T13:10:29+00:00,doc:0001652044-0001652044-26-000048,T1
141,facts,0001652044-0001652044-26-000048-us-gaap:Assets-USD--2025-12-31,normalization_justification,,"Règle R2 (edgar_v1) : us-gaap:Assets [USD, instant] -> total_assets. Valeur reprise telle quelle (T1). Dimensions : aucune, déduit (D1). Entrée brute facts/us-gaap/Assets/units/USD/86 (sha256 4affd071ede09bdb…). À confirmer sur l'instance XBRL.","edgar_normalize.py (règles edgar_v1 sha256:f95d7e2287bb49a3, automatique)",2026-09-28T13:10:29+00:00,doc:0001652044-0001652044-26-000048,R2
142,facts,0001652044-0001652044-26-000071-us-gaap:Assets-USD--2025-12-31,source_context,,companyfacts;entite=CIK0001652044;periode=2025-12-31;segment=aucun(deduit D1),"edgar_normalize.py (règles edgar_v1 sha256:f95d7e2287bb49a3, automatique)",2026-09-28T13:10:29+00:00,doc:0001652044-0001652044-26-000071,X1
143,facts,0001652044-0001652044-26-000071-us-gaap:Assets-USD--2025-12-31,source_dimensions,INCONNU,,"edgar_normalize.py (règles edgar_v1 sha256:f95d7e2287bb49a3, automatique)",2026-09-28T13:10:29+00:00,doc:0001652044-0001652044-26-000071,D1 : une seule valeur brute pour cette clé
144,facts,0001652044-0001652044-26-000071-us-gaap:Assets-USD--2025-12-31,normalized_concept,,total_assets,"edgar_normalize.py (règles edgar_v1 sha256:f95d7e2287bb49a3, automatique)",2026-09-28T13:10:29+00:00,doc:0001652044-0001652044-26-000071,R2
145,facts,0001652044-0001652044-26-000071-us-gaap:Assets-USD--2025-12-31,transformation,,aucune,"edgar_normalize.py (règles edgar_v1 sha256:f95d7e2287bb49a3, automatique)",2026-09-28T13:10:29+00:00,doc:0001652044-0001652044-26-000071,T1
146,facts,0001652044-0001652044-26-000071-us-gaap:Assets-USD--2025-12-31,value,,595281000000,"edgar_normalize.py (règles edgar_v1 sha256:f95d7e2287bb49a3, automatique)",2026-09-28T13:10:29+00:00,doc:0001652044-0001652044-26-000071,T1
147,facts,0001652044-0001652044-26-000071-us-gaap:Assets-USD--2025-12-31,normalization_justification,,"Règle R2 (edgar_v1) : us-gaap:Assets [USD, instant] -> total_assets. Valeur reprise telle quelle (T1). Dimensions : aucune, déduit (D1). Entrée brute facts/us-gaap/Assets/units/USD/87 (sha256 a96091cf73c11bb8…). À confirmer sur l'instance XBRL.","edgar_normalize.py (règles edgar_v1 sha256:f95d7e2287bb49a3, automatique)",2026-09-28T13:10:29+00:00,doc:0001652044-0001652044-26-000071,R2
148,facts,0001652044-0001652044-26-000048-us-gaap:Assets-USD--2026-03-31,source_context,,companyfacts;entite=CIK0001652044;periode=2026-03-31;segment=aucun(deduit D1),"edgar_normalize.py (règles edgar_v1 sha256:f95d7e2287bb49a3, automatique)",2026-09-28T13:10:29+00:00,doc:0001652044-0001652044-26-000048,X1
149,facts,0001652044-0001652044-26-000048-us-gaap:Assets-USD--2026-03-31,source_dimensions,INCONNU,,"edgar_normalize.py (règles edgar_v1 sha256:f95d7e2287bb49a3, automatique)",2026-09-28T13:10:29+00:00,doc:0001652044-0001652044-26-000048,D1 : une seule valeur brute pour cette clé
150,facts,0001652044-0001652044-26-000048-us-gaap:Assets-USD--2026-03-31,normalized_concept,,total_assets,"edgar_normalize.py (règles edgar_v1 sha256:f95d7e2287bb49a3, automatique)",2026-09-28T13:10:29+00:00,doc:0001652044-0001652044-26-000048,R2
151,facts,0001652044-0001652044-26-000048-us-gaap:Assets-USD--2026-03-31,transformation,,aucune,"edgar_normalize.py (règles edgar_v1 sha256:f95d7e2287bb49a3, automatique)",2026-09-28T13:10:29+00:00,doc:0001652044-0001652044-26-000048,T1
152,facts,0001652044-0001652044-26-000048-us-gaap:Assets-USD--2026-03-31,value,,703919000000,"edgar_normalize.py (règles edgar_v1 sha256:f95d7e2287bb49a3, automatique)",2026-09-28T13:10:29+00:00,doc:0001652044-0001652044-26-000048,T1
153,facts,0001652044-0001652044-26-000048-us-gaap:Assets-USD--2026-03-31,normalization_justification,,"Règle R2 (edgar_v1) : us-gaap:Assets [USD, instant] -> total_assets. Valeur reprise telle quelle (T1). Dimensions : aucune, déduit (D1). Entrée brute facts/us-gaap/Assets/units/USD/88 (sha256 62b4d5fdd23c07ea…). À confirmer sur l'instance XBRL.","edgar_normalize.py (règles edgar_v1 sha256:f95d7e2287bb49a3, automatique)",2026-09-28T13:10:29+00:00,doc:0001652044-0001652044-26-000048,R2
154,facts,0001652044-0001652044-26-000071-us-gaap:Assets-USD--2026-06-30,source_context,,companyfacts;entite=CIK0001652044;periode=2026-06-30;segment=aucun(deduit D1),"edgar_normalize.py (règles edgar_v1 sha256:f95d7e2287bb49a3, automatique)",2026-09-28T13:10:29+00:00,doc:0001652044-0001652044-26-000071,X1
155,facts,0001652044-0001652044-26-000071-us-gaap:Assets-USD--2026-06-30,source_dimensions,INCONNU,,"edgar_normalize.py (règles edgar_v1 sha256:f95d7e2287bb49a3, automatique)",2026-09-28T13:10:29+00:00,doc:0001652044-0001652044-26-000071,D1 : une seule valeur brute pour cette clé
156,facts,0001652044-0001652044-26-000071-us-gaap:Assets-USD--2026-06-30,normalized_concept,,total_assets,"edgar_normalize.py (règles edgar_v1 sha256:f95d7e2287bb49a3, automatique)",2026-09-28T13:10:29+00:00,doc:0001652044-0001652044-26-000071,R2
157,facts,0001652044-0001652044-26-000071-us-gaap:Assets-USD--2026-06-30,transformation,,aucune,"edgar_normalize.py (règles edgar_v1 sha256:f95d7e2287bb49a3, automatique)",2026-09-28T13:10:29+00:00,doc:0001652044-0001652044-26-000071,T1
158,facts,0001652044-0001652044-26-000071-us-gaap:Assets-USD--2026-06-30,value,,921983000000,"edgar_normalize.py (règles edgar_v1 sha256:f95d7e2287bb49a3, automatique)",2026-09-28T13:10:29+00:00,doc:0001652044-0001652044-26-000071,T1
159,facts,0001652044-0001652044-26-000071-us-gaap:Assets-USD--2026-06-30,normalization_justification,,"Règle R2 (edgar_v1) : us-gaap:Assets [USD, instant] -> total_assets. Valeur reprise telle quelle (T1). Dimensions : aucune, déduit (D1). Entrée brute facts/us-gaap/Assets/units/USD/89 (sha256 fbbce5559cd2765c…). À confirmer sur l'instance XBRL.","edgar_normalize.py (règles edgar_v1 sha256:f95d7e2287bb49a3, automatique)",2026-09-28T13:10:29+00:00,doc:0001652044-0001652044-26-000071,R2
160,concept_map,us-gaap:RevenueFromContractWithCustomerExcludingAssessedTax,source_concept,,us-gaap:RevenueFromContractWithCustomerExcludingAssessedTax,"edgar_normalize.py (règles edgar_v1 sha256:f95d7e2287bb49a3, automatique)",2026-09-28T13:10:29+00:00,url:https://data.sec.gov/api/xbrl/companyfacts/CIK0001652044.json,"règle R1 (edgar_v1) ; libellé taxonomie : Revenue from Contract with Customer, Excluding Assessed Tax"
161,concept_map,us-gaap:RevenueFromContractWithCustomerExcludingAssessedTax,normalized_concept,,total_revenue,"edgar_normalize.py (règles edgar_v1 sha256:f95d7e2287bb49a3, automatique)",2026-09-28T13:10:29+00:00,url:https://data.sec.gov/api/xbrl/companyfacts/CIK0001652044.json,"règle R1 (edgar_v1) ; libellé taxonomie : Revenue from Contract with Customer, Excluding Assessed Tax"
162,concept_map,us-gaap:RevenueFromContractWithCustomerExcludingAssessedTax,justification,,"Chiffre d'affaires tiré des contrats clients (ASC 606), hors taxes collectées pour des tiers : total des revenus de l'entité quand le fait est sans dimension. Définition de la taxonomie recopiée depuis companyfacts (champ description). Définition (us-gaap) : « Amount, excluding tax collected from customer, of revenue from satisfaction of performance obligation by transferring promised good or service to customer. Tax collected from customer is tax assessed by governmental authority that is both imposed on and concurrent with specific revenue-producing transaction, including, but not limited to, sales, use, value added and excise. »","edgar_normalize.py (règles edgar_v1 sha256:f95d7e2287bb49a3, automatique)",2026-09-28T13:10:29+00:00,url:https://data.sec.gov/api/xbrl/companyfacts/CIK0001652044.json,"règle R1 (edgar_v1) ; libellé taxonomie : Revenue from Contract with Customer, Excluding Assessed Tax"
163,facts,0001652044-0001652044-24-000022-us-gaap:RevenueFromContractWithCustomerExcludingAssessedTax-USD-2021-01-01-2021-12-31,source_context,,companyfacts;entite=CIK0001652044;periode=2021-01-01/2021-12-31;segment=aucun(deduit D1),"edgar_normalize.py (règles edgar_v1 sha256:f95d7e2287bb49a3, automatique)",2026-09-28T13:10:29+00:00,doc:0001652044-0001652044-24-000022,X1
164,facts,0001652044-0001652044-24-000022-us-gaap:RevenueFromContractWithCustomerExcludingAssessedTax-USD-2021-01-01-2021-12-31,source_dimensions,INCONNU,,"edgar_normalize.py (règles edgar_v1 sha256:f95d7e2287bb49a3, automatique)",2026-09-28T13:10:29+00:00,doc:0001652044-0001652044-24-000022,D1 : une seule valeur brute pour cette clé
165,facts,0001652044-0001652044-24-000022-us-gaap:RevenueFromContractWithCustomerExcludingAssessedTax-USD-2021-01-01-2021-12-31,normalized_concept,,total_revenue,"edgar_normalize.py (règles edgar_v1 sha256:f95d7e2287bb49a3, automatique)",2026-09-28T13:10:29+00:00,doc:0001652044-0001652044-24-000022,R1
166,facts,0001652044-0001652044-24-000022-us-gaap:RevenueFromContractWithCustomerExcludingAssessedTax-USD-2021-01-01-2021-12-31,transformation,,aucune,"edgar_normalize.py (règles edgar_v1 sha256:f95d7e2287bb49a3, automatique)",2026-09-28T13:10:29+00:00,doc:0001652044-0001652044-24-000022,T1
167,facts,0001652044-0001652044-24-000022-us-gaap:RevenueFromContractWithCustomerExcludingAssessedTax-USD-2021-01-01-2021-12-31,value,,257637000000,"edgar_normalize.py (règles edgar_v1 sha256:f95d7e2287bb49a3, automatique)",2026-09-28T13:10:29+00:00,doc:0001652044-0001652044-24-000022,T1
168,facts,0001652044-0001652044-24-000022-us-gaap:RevenueFromContractWithCustomerExcludingAssessedTax-USD-2021-01-01-2021-12-31,normalization_justification,,"Règle R1 (edgar_v1) : us-gaap:RevenueFromContractWithCustomerExcludingAssessedTax [USD, duration] -> total_revenue. Valeur reprise telle quelle (T1). Dimensions : aucune, déduit (D1). Entrée brute facts/us-gaap/RevenueFromContractWithCustomerExcludingAssessedTax/units/USD/53 (sha256 407e2a4c104d7836…). À confirmer sur l'instance XBRL.","edgar_normalize.py (règles edgar_v1 sha256:f95d7e2287bb49a3, automatique)",2026-09-28T13:10:29+00:00,doc:0001652044-0001652044-24-000022,R1
169,facts,0001652044-0001652044-23-000070-us-gaap:RevenueFromContractWithCustomerExcludingAssessedTax-USD-2022-01-01-2022-06-30,source_context,,companyfacts;entite=CIK0001652044;periode=2022-01-01/2022-06-30;segment=aucun(deduit D1),"edgar_normalize.py (règles edgar_v1 sha256:f95d7e2287bb49a3, automatique)",2026-09-28T13:10:29+00:00,doc:0001652044-0001652044-23-000070,X1
170,facts,0001652044-0001652044-23-000070-us-gaap:RevenueFromContractWithCustomerExcludingAssessedTax-USD-2022-01-01-2022-06-30,source_dimensions,INCONNU,,"edgar_normalize.py (règles edgar_v1 sha256:f95d7e2287bb49a3, automatique)",2026-09-28T13:10:29+00:00,doc:0001652044-0001652044-23-000070,D1 : une seule valeur brute pour cette clé
171,facts,0001652044-0001652044-23-000070-us-gaap:RevenueFromContractWithCustomerExcludingAssessedTax-USD-2022-01-01-2022-06-30,normalized_concept,,total_revenue,"edgar_normalize.py (règles edgar_v1 sha256:f95d7e2287bb49a3, automatique)",2026-09-28T13:10:29+00:00,doc:0001652044-0001652044-23-000070,R1
172,facts,0001652044-0001652044-23-000070-us-gaap:RevenueFromContractWithCustomerExcludingAssessedTax-USD-2022-01-01-2022-06-30,transformation,,aucune,"edgar_normalize.py (règles edgar_v1 sha256:f95d7e2287bb49a3, automatique)",2026-09-28T13:10:29+00:00,doc:0001652044-0001652044-23-000070,T1
173,facts,0001652044-0001652044-23-000070-us-gaap:RevenueFromContractWithCustomerExcludingAssessedTax-USD-2022-01-01-2022-06-30,value,,137696000000,"edgar_normalize.py (règles edgar_v1 sha256:f95d7e2287bb49a3, automatique)",2026-09-28T13:10:29+00:00,doc:0001652044-0001652044-23-000070,T1
174,facts,0001652044-0001652044-23-000070-us-gaap:RevenueFromContractWithCustomerExcludingAssessedTax-USD-2022-01-01-2022-06-30,normalization_justification,,"Règle R1 (edgar_v1) : us-gaap:RevenueFromContractWithCustomerExcludingAssessedTax [USD, duration] -> total_revenue. Valeur reprise telle quelle (T1). Dimensions : aucune, déduit (D1). Entrée brute facts/us-gaap/RevenueFromContractWithCustomerExcludingAssessedTax/units/USD/57 (sha256 cbc3fbd3f204ab8a…). À confirmer sur l'instance XBRL.","edgar_normalize.py (règles edgar_v1 sha256:f95d7e2287bb49a3, automatique)",2026-09-28T13:10:29+00:00,doc:0001652044-0001652044-23-000070,R1
175,facts,0001652044-0001652044-23-000070-us-gaap:RevenueFromContractWithCustomerExcludingAssessedTax-USD-2022-04-01-2022-06-30,source_context,,companyfacts;entite=CIK0001652044;periode=2022-04-01/2022-06-30;segment=aucun(deduit D1),"edgar_normalize.py (règles edgar_v1 sha256:f95d7e2287bb49a3, automatique)",2026-09-28T13:10:29+00:00,doc:0001652044-0001652044-23-000070,X1
176,facts,0001652044-0001652044-23-000070-us-gaap:RevenueFromContractWithCustomerExcludingAssessedTax-USD-2022-04-01-2022-06-30,source_dimensions,INCONNU,,"edgar_normalize.py (règles edgar_v1 sha256:f95d7e2287bb49a3, automatique)",2026-09-28T13:10:29+00:00,doc:0001652044-0001652044-23-000070,D1 : une seule valeur brute pour cette clé
177,facts,0001652044-0001652044-23-000070-us-gaap:RevenueFromContractWithCustomerExcludingAssessedTax-USD-2022-04-01-2022-06-30,normalized_concept,,total_revenue,"edgar_normalize.py (règles edgar_v1 sha256:f95d7e2287bb49a3, automatique)",2026-09-28T13:10:29+00:00,doc:0001652044-0001652044-23-000070,R1
178,facts,0001652044-0001652044-23-000070-us-gaap:RevenueFromContractWithCustomerExcludingAssessedTax-USD-2022-04-01-2022-06-30,transformation,,aucune,"edgar_normalize.py (règles edgar_v1 sha256:f95d7e2287bb49a3, automatique)",2026-09-28T13:10:29+00:00,doc:0001652044-0001652044-23-000070,T1
179,facts,0001652044-0001652044-23-000070-us-gaap:RevenueFromContractWithCustomerExcludingAssessedTax-USD-2022-04-01-2022-06-30,value,,69685000000,"edgar_normalize.py (règles edgar_v1 sha256:f95d7e2287bb49a3, automatique)",2026-09-28T13:10:29+00:00,doc:0001652044-0001652044-23-000070,T1
180,facts,0001652044-0001652044-23-000070-us-gaap:RevenueFromContractWithCustomerExcludingAssessedTax-USD-2022-04-01-2022-06-30,normalization_justification,,"Règle R1 (edgar_v1) : us-gaap:RevenueFromContractWithCustomerExcludingAssessedTax [USD, duration] -> total_revenue. Valeur reprise telle quelle (T1). Dimensions : aucune, déduit (D1). Entrée brute facts/us-gaap/RevenueFromContractWithCustomerExcludingAssessedTax/units/USD/59 (sha256 088e1e0a7180d656…). À confirmer sur l'instance XBRL.","edgar_normalize.py (règles edgar_v1 sha256:f95d7e2287bb49a3, automatique)",2026-09-28T13:10:29+00:00,doc:0001652044-0001652044-23-000070,R1
181,facts,0001652044-0001652044-23-000094-us-gaap:RevenueFromContractWithCustomerExcludingAssessedTax-USD-2022-01-01-2022-09-30,source_context,,companyfacts;entite=CIK0001652044;periode=2022-01-01/2022-09-30;segment=aucun(deduit D1),"edgar_normalize.py (règles edgar_v1 sha256:f95d7e2287bb49a3, automatique)",2026-09-28T13:10:29+00:00,doc:0001652044-0001652044-23-000094,X1
182,facts,0001652044-0001652044-23-000094-us-gaap:RevenueFromContractWithCustomerExcludingAssessedTax-USD-2022-01-01-2022-09-30,source_dimensions,INCONNU,,"edgar_normalize.py (règles edgar_v1 sha256:f95d7e2287bb49a3, automatique)",2026-09-28T13:10:29+00:00,doc:0001652044-0001652044-23-000094,D1 : une seule valeur brute pour cette clé
183,facts,0001652044-0001652044-23-000094-us-gaap:RevenueFromContractWithCustomerExcludingAssessedTax-USD-2022-01-01-2022-09-30,normalized_concept,,total_revenue,"edgar_normalize.py (règles edgar_v1 sha256:f95d7e2287bb49a3, automatique)",2026-09-28T13:10:29+00:00,doc:0001652044-0001652044-23-000094,R1
184,facts,0001652044-0001652044-23-000094-us-gaap:RevenueFromContractWithCustomerExcludingAssessedTax-USD-2022-01-01-2022-09-30,transformation,,aucune,"edgar_normalize.py (règles edgar_v1 sha256:f95d7e2287bb49a3, automatique)",2026-09-28T13:10:29+00:00,doc:0001652044-0001652044-23-000094,T1
185,facts,0001652044-0001652044-23-000094-us-gaap:RevenueFromContractWithCustomerExcludingAssessedTax-USD-2022-01-01-2022-09-30,value,,206788000000,"edgar_normalize.py (règles edgar_v1 sha256:f95d7e2287bb49a3, automatique)",2026-09-28T13:10:29+00:00,doc:0001652044-0001652044-23-000094,T1
186,facts,0001652044-0001652044-23-000094-us-gaap:RevenueFromContractWithCustomerExcludingAssessedTax-USD-2022-01-01-2022-09-30,normalization_justification,,"Règle R1 (edgar_v1) : us-gaap:RevenueFromContractWithCustomerExcludingAssessedTax [USD, duration] -> total_revenue. Valeur reprise telle quelle (T1). Dimensions : aucune, déduit (D1). Entrée brute facts/us-gaap/RevenueFromContractWithCustomerExcludingAssessedTax/units/USD/61 (sha256 7ffb8fa82cf1d965…). À confirmer sur l'instance XBRL.","edgar_normalize.py (règles edgar_v1 sha256:f95d7e2287bb49a3, automatique)",2026-09-28T13:10:29+00:00,doc:0001652044-0001652044-23-000094,R1
187,facts,0001652044-0001652044-23-000094-us-gaap:RevenueFromContractWithCustomerExcludingAssessedTax-USD-2022-07-01-2022-09-30,source_context,,companyfacts;entite=CIK0001652044;periode=2022-07-01/2022-09-30;segment=aucun(deduit D1),"edgar_normalize.py (règles edgar_v1 sha256:f95d7e2287bb49a3, automatique)",2026-09-28T13:10:29+00:00,doc:0001652044-0001652044-23-000094,X1
188,facts,0001652044-0001652044-23-000094-us-gaap:RevenueFromContractWithCustomerExcludingAssessedTax-USD-2022-07-01-2022-09-30,source_dimensions,INCONNU,,"edgar_normalize.py (règles edgar_v1 sha256:f95d7e2287bb49a3, automatique)",2026-09-28T13:10:29+00:00,doc:0001652044-0001652044-23-000094,D1 : une seule valeur brute pour cette clé
189,facts,0001652044-0001652044-23-000094-us-gaap:RevenueFromContractWithCustomerExcludingAssessedTax-USD-2022-07-01-2022-09-30,normalized_concept,,total_revenue,"edgar_normalize.py (règles edgar_v1 sha256:f95d7e2287bb49a3, automatique)",2026-09-28T13:10:29+00:00,doc:0001652044-0001652044-23-000094,R1
190,facts,0001652044-0001652044-23-000094-us-gaap:RevenueFromContractWithCustomerExcludingAssessedTax-USD-2022-07-01-2022-09-30,transformation,,aucune,"edgar_normalize.py (règles edgar_v1 sha256:f95d7e2287bb49a3, automatique)",2026-09-28T13:10:29+00:00,doc:0001652044-0001652044-23-000094,T1
191,facts,0001652044-0001652044-23-000094-us-gaap:RevenueFromContractWithCustomerExcludingAssessedTax-USD-2022-07-01-2022-09-30,value,,69092000000,"edgar_normalize.py (règles edgar_v1 sha256:f95d7e2287bb49a3, automatique)",2026-09-28T13:10:29+00:00,doc:0001652044-0001652044-23-000094,T1
192,facts,0001652044-0001652044-23-000094-us-gaap:RevenueFromContractWithCustomerExcludingAssessedTax-USD-2022-07-01-2022-09-30,normalization_justification,,"Règle R1 (edgar_v1) : us-gaap:RevenueFromContractWithCustomerExcludingAssessedTax [USD, duration] -> total_revenue. Valeur reprise telle quelle (T1). Dimensions : aucune, déduit (D1). Entrée brute facts/us-gaap/RevenueFromContractWithCustomerExcludingAssessedTax/units/USD/63 (sha256 d4444d3158339fe3…). À confirmer sur l'instance XBRL.","edgar_normalize.py (règles edgar_v1 sha256:f95d7e2287bb49a3, automatique)",2026-09-28T13:10:29+00:00,doc:0001652044-0001652044-23-000094,R1
193,facts,0001652044-0001652044-24-000022-us-gaap:RevenueFromContractWithCustomerExcludingAssessedTax-USD-2022-01-01-2022-12-31,source_context,,companyfacts;entite=CIK0001652044;periode=2022-01-01/2022-12-31;segment=aucun(deduit D1),"edgar_normalize.py (règles edgar_v1 sha256:f95d7e2287bb49a3, automatique)",2026-09-28T13:10:29+00:00,doc:0001652044-0001652044-24-000022,X1
194,facts,0001652044-0001652044-24-000022-us-gaap:RevenueFromContractWithCustomerExcludingAssessedTax-USD-2022-01-01-2022-12-31,source_dimensions,INCONNU,,"edgar_normalize.py (règles edgar_v1 sha256:f95d7e2287bb49a3, automatique)",2026-09-28T13:10:29+00:00,doc:0001652044-0001652044-24-000022,D1 : une seule valeur brute pour cette clé
195,facts,0001652044-0001652044-24-000022-us-gaap:RevenueFromContractWithCustomerExcludingAssessedTax-USD-2022-01-01-2022-12-31,normalized_concept,,total_revenue,"edgar_normalize.py (règles edgar_v1 sha256:f95d7e2287bb49a3, automatique)",2026-09-28T13:10:29+00:00,doc:0001652044-0001652044-24-000022,R1
196,facts,0001652044-0001652044-24-000022-us-gaap:RevenueFromContractWithCustomerExcludingAssessedTax-USD-2022-01-01-2022-12-31,transformation,,aucune,"edgar_normalize.py (règles edgar_v1 sha256:f95d7e2287bb49a3, automatique)",2026-09-28T13:10:29+00:00,doc:0001652044-0001652044-24-000022,T1
197,facts,0001652044-0001652044-24-000022-us-gaap:RevenueFromContractWithCustomerExcludingAssessedTax-USD-2022-01-01-2022-12-31,value,,282836000000,"edgar_normalize.py (règles edgar_v1 sha256:f95d7e2287bb49a3, automatique)",2026-09-28T13:10:29+00:00,doc:0001652044-0001652044-24-000022,T1
198,facts,0001652044-0001652044-24-000022-us-gaap:RevenueFromContractWithCustomerExcludingAssessedTax-USD-2022-01-01-2022-12-31,normalization_justification,,"Règle R1 (edgar_v1) : us-gaap:RevenueFromContractWithCustomerExcludingAssessedTax [USD, duration] -> total_revenue. Valeur reprise telle quelle (T1). Dimensions : aucune, déduit (D1). Entrée brute facts/us-gaap/RevenueFromContractWithCustomerExcludingAssessedTax/units/USD/65 (sha256 8a34387c73c07775…). À confirmer sur l'instance XBRL.","edgar_normalize.py (règles edgar_v1 sha256:f95d7e2287bb49a3, automatique)",2026-09-28T13:10:29+00:00,doc:0001652044-0001652044-24-000022,R1
199,facts,0001652044-0001652044-25-000014-us-gaap:RevenueFromContractWithCustomerExcludingAssessedTax-USD-2022-01-01-2022-12-31,source_context,,companyfacts;entite=CIK0001652044;periode=2022-01-01/2022-12-31;segment=aucun(deduit D1),"edgar_normalize.py (règles edgar_v1 sha256:f95d7e2287bb49a3, automatique)",2026-09-28T13:10:29+00:00,doc:0001652044-0001652044-25-000014,X1
200,facts,0001652044-0001652044-25-000014-us-gaap:RevenueFromContractWithCustomerExcludingAssessedTax-USD-2022-01-01-2022-12-31,source_dimensions,INCONNU,,"edgar_normalize.py (règles edgar_v1 sha256:f95d7e2287bb49a3, automatique)",2026-09-28T13:10:29+00:00,doc:0001652044-0001652044-25-000014,D1 : une seule valeur brute pour cette clé
201,facts,0001652044-0001652044-25-000014-us-gaap:RevenueFromContractWithCustomerExcludingAssessedTax-USD-2022-01-01-2022-12-31,normalized_concept,,total_revenue,"edgar_normalize.py (règles edgar_v1 sha256:f95d7e2287bb49a3, automatique)",2026-09-28T13:10:29+00:00,doc:0001652044-0001652044-25-000014,R1
202,facts,0001652044-0001652044-25-000014-us-gaap:RevenueFromContractWithCustomerExcludingAssessedTax-USD-2022-01-01-2022-12-31,transformation,,aucune,"edgar_normalize.py (règles edgar_v1 sha256:f95d7e2287bb49a3, automatique)",2026-09-28T13:10:29+00:00,doc:0001652044-0001652044-25-000014,T1
203,facts,0001652044-0001652044-25-000014-us-gaap:RevenueFromContractWithCustomerExcludingAssessedTax-USD-2022-01-01-2022-12-31,value,,282836000000,"edgar_normalize.py (règles edgar_v1 sha256:f95d7e2287bb49a3, automatique)",2026-09-28T13:10:29+00:00,doc:0001652044-0001652044-25-000014,T1
204,facts,0001652044-0001652044-25-000014-us-gaap:RevenueFromContractWithCustomerExcludingAssessedTax-USD-2022-01-01-2022-12-31,normalization_justification,,"Règle R1 (edgar_v1) : us-gaap:RevenueFromContractWithCustomerExcludingAssessedTax [USD, duration] -> total_revenue. Valeur reprise telle quelle (T1). Dimensions : aucune, déduit (D1). Entrée brute facts/us-gaap/RevenueFromContractWithCustomerExcludingAssessedTax/units/USD/66 (sha256 22c98935456f8ec9…). À confirmer sur l'instance XBRL.","edgar_normalize.py (règles edgar_v1 sha256:f95d7e2287bb49a3, automatique)",2026-09-28T13:10:29+00:00,doc:0001652044-0001652044-25-000014,R1
205,facts,0001652044-0001652044-24-000053-us-gaap:RevenueFromContractWithCustomerExcludingAssessedTax-USD-2023-01-01-2023-03-31,source_context,,companyfacts;entite=CIK0001652044;periode=2023-01-01/2023-03-31;segment=aucun(deduit D1),"edgar_normalize.py (règles edgar_v1 sha256:f95d7e2287bb49a3, automatique)",2026-09-28T13:10:29+00:00,doc:0001652044-0001652044-24-000053,X1
206,facts,0001652044-0001652044-24-000053-us-gaap:RevenueFromContractWithCustomerExcludingAssessedTax-USD-2023-01-01-2023-03-31,source_dimensions,INCONNU,,"edgar_normalize.py (règles edgar_v1 sha256:f95d7e2287bb49a3, automatique)",2026-09-28T13:10:29+00:00,doc:0001652044-0001652044-24-000053,D1 : une seule valeur brute pour cette clé
207,facts,0001652044-0001652044-24-000053-us-gaap:RevenueFromContractWithCustomerExcludingAssessedTax-USD-2023-01-01-2023-03-31,normalized_concept,,total_revenue,"edgar_normalize.py (règles edgar_v1 sha256:f95d7e2287bb49a3, automatique)",2026-09-28T13:10:29+00:00,doc:0001652044-0001652044-24-000053,R1
208,facts,0001652044-0001652044-24-000053-us-gaap:RevenueFromContractWithCustomerExcludingAssessedTax-USD-2023-01-01-2023-03-31,transformation,,aucune,"edgar_normalize.py (règles edgar_v1 sha256:f95d7e2287bb49a3, automatique)",2026-09-28T13:10:29+00:00,doc:0001652044-0001652044-24-000053,T1
209,facts,0001652044-0001652044-24-000053-us-gaap:RevenueFromContractWithCustomerExcludingAssessedTax-USD-2023-01-01-2023-03-31,value,,69787000000,"edgar_normalize.py (règles edgar_v1 sha256:f95d7e2287bb49a3, automatique)",2026-09-28T13:10:29+00:00,doc:0001652044-0001652044-24-000053,T1
210,facts,0001652044-0001652044-24-000053-us-gaap:RevenueFromContractWithCustomerExcludingAssessedTax-USD-2023-01-01-2023-03-31,normalization_justification,,"Règle R1 (edgar_v1) : us-gaap:RevenueFromContractWithCustomerExcludingAssessedTax [USD, duration] -> total_revenue. Valeur reprise telle quelle (T1). Dimensions : aucune, déduit (D1). Entrée brute facts/us-gaap/RevenueFromContractWithCustomerExcludingAssessedTax/units/USD/68 (sha256 28cc7cab2a33d99d…). À confirmer sur l'instance XBRL.","edgar_normalize.py (règles edgar_v1 sha256:f95d7e2287bb49a3, automatique)",2026-09-28T13:10:29+00:00,doc:0001652044-0001652044-24-000053,R1
211,facts,0001652044-0001652044-23-000070-us-gaap:RevenueFromContractWithCustomerExcludingAssessedTax-USD-2023-01-01-2023-06-30,source_context,,companyfacts;entite=CIK0001652044;periode=2023-01-01/2023-06-30;segment=aucun(deduit D1),"edgar_normalize.py (règles edgar_v1 sha256:f95d7e2287bb49a3, automatique)",2026-09-28T13:10:29+00:00,doc:0001652044-0001652044-23-000070,X1
212,facts,0001652044-0001652044-23-000070-us-gaap:RevenueFromContractWithCustomerExcludingAssessedTax-USD-2023-01-01-2023-06-30,source_dimensions,INCONNU,,"edgar_normalize.py (règles edgar_v1 sha256:f95d7e2287bb49a3, automatique)",2026-09-28T13:10:29+00:00,doc:0001652044-0001652044-23-000070,D1 : une seule valeur brute pour cette clé
213,facts,0001652044-0001652044-23-000070-us-gaap:RevenueFromContractWithCustomerExcludingAssessedTax-USD-2023-01-01-2023-06-30,normalized_concept,,total_revenue,"edgar_normalize.py (règles edgar_v1 sha256:f95d7e2287bb49a3, automatique)",2026-09-28T13:10:29+00:00,doc:0001652044-0001652044-23-000070,R1
214,facts,0001652044-0001652044-23-000070-us-gaap:RevenueFromContractWithCustomerExcludingAssessedTax-USD-2023-01-01-2023-06-30,transformation,,aucune,"edgar_normalize.py (règles edgar_v1 sha256:f95d7e2287bb49a3, automatique)",2026-09-28T13:10:29+00:00,doc:0001652044-0001652044-23-000070,T1
215,facts,0001652044-0001652044-23-000070-us-gaap:RevenueFromContractWithCustomerExcludingAssessedTax-USD-2023-01-01-2023-06-30,value,,144391000000,"edgar_normalize.py (règles edgar_v1 sha256:f95d7e2287bb49a3, automatique)",2026-09-28T13:10:29+00:00,doc:0001652044-0001652044-23-000070,T1
216,facts,0001652044-0001652044-23-000070-us-gaap:RevenueFromContractWithCustomerExcludingAssessedTax-USD-2023-01-01-2023-06-30,normalization_justification,,"Règle R1 (edgar_v1) : us-gaap:RevenueFromContractWithCustomerExcludingAssessedTax [USD, duration] -> total_revenue. Valeur reprise telle quelle (T1). Dimensions : aucune, déduit (D1). Entrée brute facts/us-gaap/RevenueFromContractWithCustomerExcludingAssessedTax/units/USD/69 (sha256 25ead65bf8e4f542…). À confirmer sur l'instance XBRL.","edgar_normalize.py (règles edgar_v1 sha256:f95d7e2287bb49a3, automatique)",2026-09-28T13:10:29+00:00,doc:0001652044-0001652044-23-000070,R1
217,facts,0001652044-0001652044-24-000079-us-gaap:RevenueFromContractWithCustomerExcludingAssessedTax-USD-2023-01-01-2023-06-30,source_context,,companyfacts;entite=CIK0001652044;periode=2023-01-01/2023-06-30;segment=aucun(deduit D1),"edgar_normalize.py (règles edgar_v1 sha256:f95d7e2287bb49a3, automatique)",2026-09-28T13:10:29+00:00,doc:0001652044-0001652044-24-000079,X1
218,facts,0001652044-0001652044-24-000079-us-gaap:RevenueFromContractWithCustomerExcludingAssessedTax-USD-2023-01-01-2023-06-30,source_dimensions,INCONNU,,"edgar_normalize.py (règles edgar_v1 sha256:f95d7e2287bb49a3, automatique)",2026-09-28T13:10:29+00:00,doc:0001652044-0001652044-24-000079,D1 : une seule valeur brute pour cette clé
219,facts,0001652044-0001652044-24-000079-us-gaap:RevenueFromContractWithCustomerExcludingAssessedTax-USD-2023-01-01-2023-06-30,normalized_concept,,total_revenue,"edgar_normalize.py (règles edgar_v1 sha256:f95d7e2287bb49a3, automatique)",2026-09-28T13:10:29+00:00,doc:0001652044-0001652044-24-000079,R1
220,facts,0001652044-0001652044-24-000079-us-gaap:RevenueFromContractWithCustomerExcludingAssessedTax-USD-2023-01-01-2023-06-30,transformation,,aucune,"edgar_normalize.py (règles edgar_v1 sha256:f95d7e2287bb49a3, automatique)",2026-09-28T13:10:29+00:00,doc:0001652044-0001652044-24-000079,T1
221,facts,0001652044-0001652044-24-000079-us-gaap:RevenueFromContractWithCustomerExcludingAssessedTax-USD-2023-01-01-2023-06-30,value,,144391000000,"edgar_normalize.py (règles edgar_v1 sha256:f95d7e2287bb49a3, automatique)",2026-09-28T13:10:29+00:00,doc:0001652044-0001652044-24-000079,T1
222,facts,0001652044-0001652044-24-000079-us-gaap:RevenueFromContractWithCustomerExcludingAssessedTax-USD-2023-01-01-2023-06-30,normalization_justification,,"Règle R1 (edgar_v1) : us-gaap:RevenueFromContractWithCustomerExcludingAssessedTax [USD, duration] -> total_revenue. Valeur reprise telle quelle (T1). Dimensions : aucune, déduit (D1). Entrée brute facts/us-gaap/RevenueFromContractWithCustomerExcludingAssessedTax/units/USD/70 (sha256 962f2c04937cb2fd…). À confirmer sur l'instance XBRL.","edgar_normalize.py (règles edgar_v1 sha256:f95d7e2287bb49a3, automatique)",2026-09-28T13:10:29+00:00,doc:0001652044-0001652044-24-000079,R1
223,facts,0001652044-0001652044-23-000070-us-gaap:RevenueFromContractWithCustomerExcludingAssessedTax-USD-2023-04-01-2023-06-30,source_context,,companyfacts;entite=CIK0001652044;periode=2023-04-01/2023-06-30;segment=aucun(deduit D1),"edgar_normalize.py (règles edgar_v1 sha256:f95d7e2287bb49a3, automatique)",2026-09-28T13:10:29+00:00,doc:0001652044-0001652044-23-000070,X1
224,facts,0001652044-0001652044-23-000070-us-gaap:RevenueFromContractWithCustomerExcludingAssessedTax-USD-2023-04-01-2023-06-30,source_dimensions,INCONNU,,"edgar_normalize.py (règles edgar_v1 sha256:f95d7e2287bb49a3, automatique)",2026-09-28T13:10:29+00:00,doc:0001652044-0001652044-23-000070,D1 : une seule valeur brute pour cette clé
225,facts,0001652044-0001652044-23-000070-us-gaap:RevenueFromContractWithCustomerExcludingAssessedTax-USD-2023-04-01-2023-06-30,normalized_concept,,total_revenue,"edgar_normalize.py (règles edgar_v1 sha256:f95d7e2287bb49a3, automatique)",2026-09-28T13:10:29+00:00,doc:0001652044-0001652044-23-000070,R1
226,facts,0001652044-0001652044-23-000070-us-gaap:RevenueFromContractWithCustomerExcludingAssessedTax-USD-2023-04-01-2023-06-30,transformation,,aucune,"edgar_normalize.py (règles edgar_v1 sha256:f95d7e2287bb49a3, automatique)",2026-09-28T13:10:29+00:00,doc:0001652044-0001652044-23-000070,T1
227,facts,0001652044-0001652044-23-000070-us-gaap:RevenueFromContractWithCustomerExcludingAssessedTax-USD-2023-04-01-2023-06-30,value,,74604000000,"edgar_normalize.py (règles edgar_v1 sha256:f95d7e2287bb49a3, automatique)",2026-09-28T13:10:29+00:00,doc:0001652044-0001652044-23-000070,T1
228,facts,0001652044-0001652044-23-000070-us-gaap:RevenueFromContractWithCustomerExcludingAssessedTax-USD-2023-04-01-2023-06-30,normalization_justification,,"Règle R1 (edgar_v1) : us-gaap:RevenueFromContractWithCustomerExcludingAssessedTax [USD, duration] -> total_revenue. Valeur reprise telle quelle (T1). Dimensions : aucune, déduit (D1). Entrée brute facts/us-gaap/RevenueFromContractWithCustomerExcludingAssessedTax/units/USD/71 (sha256 de07d77f76784b02…). À confirmer sur l'instance XBRL.","edgar_normalize.py (règles edgar_v1 sha256:f95d7e2287bb49a3, automatique)",2026-09-28T13:10:29+00:00,doc:0001652044-0001652044-23-000070,R1
229,facts,0001652044-0001652044-24-000079-us-gaap:RevenueFromContractWithCustomerExcludingAssessedTax-USD-2023-04-01-2023-06-30,source_context,,companyfacts;entite=CIK0001652044;periode=2023-04-01/2023-06-30;segment=aucun(deduit D1),"edgar_normalize.py (règles edgar_v1 sha256:f95d7e2287bb49a3, automatique)",2026-09-28T13:10:29+00:00,doc:0001652044-0001652044-24-000079,X1
230,facts,0001652044-0001652044-24-000079-us-gaap:RevenueFromContractWithCustomerExcludingAssessedTax-USD-2023-04-01-2023-06-30,source_dimensions,INCONNU,,"edgar_normalize.py (règles edgar_v1 sha256:f95d7e2287bb49a3, automatique)",2026-09-28T13:10:29+00:00,doc:0001652044-0001652044-24-000079,D1 : une seule valeur brute pour cette clé
231,facts,0001652044-0001652044-24-000079-us-gaap:RevenueFromContractWithCustomerExcludingAssessedTax-USD-2023-04-01-2023-06-30,normalized_concept,,total_revenue,"edgar_normalize.py (règles edgar_v1 sha256:f95d7e2287bb49a3, automatique)",2026-09-28T13:10:29+00:00,doc:0001652044-0001652044-24-000079,R1
232,facts,0001652044-0001652044-24-000079-us-gaap:RevenueFromContractWithCustomerExcludingAssessedTax-USD-2023-04-01-2023-06-30,transformation,,aucune,"edgar_normalize.py (règles edgar_v1 sha256:f95d7e2287bb49a3, automatique)",2026-09-28T13:10:29+00:00,doc:0001652044-0001652044-24-000079,T1
233,facts,0001652044-0001652044-24-000079-us-gaap:RevenueFromContractWithCustomerExcludingAssessedTax-USD-2023-04-01-2023-06-30,value,,74604000000,"edgar_normalize.py (règles edgar_v1 sha256:f95d7e2287bb49a3, automatique)",2026-09-28T13:10:29+00:00,doc:0001652044-0001652044-24-000079,T1
234,facts,0001652044-0001652044-24-000079-us-gaap:RevenueFromContractWithCustomerExcludingAssessedTax-USD-2023-04-01-2023-06-30,normalization_justification,,"Règle R1 (edgar_v1) : us-gaap:RevenueFromContractWithCustomerExcludingAssessedTax [USD, duration] -> total_revenue. Valeur reprise telle quelle (T1). Dimensions : aucune, déduit (D1). Entrée brute facts/us-gaap/RevenueFromContractWithCustomerExcludingAssessedTax/units/USD/72 (sha256 d172aa9169175da1…). À confirmer sur l'instance XBRL.","edgar_normalize.py (règles edgar_v1 sha256:f95d7e2287bb49a3, automatique)",2026-09-28T13:10:29+00:00,doc:0001652044-0001652044-24-000079,R1
235,facts,0001652044-0001652044-23-000094-us-gaap:RevenueFromContractWithCustomerExcludingAssessedTax-USD-2023-01-01-2023-09-30,source_context,,companyfacts;entite=CIK0001652044;periode=2023-01-01/2023-09-30;segment=aucun(deduit D1),"edgar_normalize.py (règles edgar_v1 sha256:f95d7e2287bb49a3, automatique)",2026-09-28T13:10:29+00:00,doc:0001652044-0001652044-23-000094,X1
236,facts,0001652044-0001652044-23-000094-us-gaap:RevenueFromContractWithCustomerExcludingAssessedTax-USD-2023-01-01-2023-09-30,source_dimensions,INCONNU,,"edgar_normalize.py (règles edgar_v1 sha256:f95d7e2287bb49a3, automatique)",2026-09-28T13:10:29+00:00,doc:0001652044-0001652044-23-000094,D1 : une seule valeur brute pour cette clé
237,facts,0001652044-0001652044-23-000094-us-gaap:RevenueFromContractWithCustomerExcludingAssessedTax-USD-2023-01-01-2023-09-30,normalized_concept,,total_revenue,"edgar_normalize.py (règles edgar_v1 sha256:f95d7e2287bb49a3, automatique)",2026-09-28T13:10:29+00:00,doc:0001652044-0001652044-23-000094,R1
238,facts,0001652044-0001652044-23-000094-us-gaap:RevenueFromContractWithCustomerExcludingAssessedTax-USD-2023-01-01-2023-09-30,transformation,,aucune,"edgar_normalize.py (règles edgar_v1 sha256:f95d7e2287bb49a3, automatique)",2026-09-28T13:10:29+00:00,doc:0001652044-0001652044-23-000094,T1
239,facts,0001652044-0001652044-23-000094-us-gaap:RevenueFromContractWithCustomerExcludingAssessedTax-USD-2023-01-01-2023-09-30,value,,221084000000,"edgar_normalize.py (règles edgar_v1 sha256:f95d7e2287bb49a3, automatique)",2026-09-28T13:10:29+00:00,doc:0001652044-0001652044-23-000094,T1
240,facts,0001652044-0001652044-23-000094-us-gaap:RevenueFromContractWithCustomerExcludingAssessedTax-USD-2023-01-01-2023-09-30,normalization_justification,,"Règle R1 (edgar_v1) : us-gaap:RevenueFromContractWithCustomerExcludingAssessedTax [USD, duration] -> total_revenue. Valeur reprise telle quelle (T1). Dimensions : aucune, déduit (D1). Entrée brute facts/us-gaap/RevenueFromContractWithCustomerExcludingAssessedTax/units/USD/73 (sha256 ec0e1a495576d2d4…). À confirmer sur l'instance XBRL.","edgar_normalize.py (règles edgar_v1 sha256:f95d7e2287bb49a3, automatique)",2026-09-28T13:10:29+00:00,doc:0001652044-0001652044-23-000094,R1
241,facts,0001652044-0001652044-24-000118-us-gaap:RevenueFromContractWithCustomerExcludingAssessedTax-USD-2023-01-01-2023-09-30,source_context,,companyfacts;entite=CIK0001652044;periode=2023-01-01/2023-09-30;segment=aucun(deduit D1),"edgar_normalize.py (règles edgar_v1 sha256:f95d7e2287bb49a3, automatique)",2026-09-28T13:10:29+00:00,doc:0001652044-0001652044-24-000118,X1
242,facts,0001652044-0001652044-24-000118-us-gaap:RevenueFromContractWithCustomerExcludingAssessedTax-USD-2023-01-01-2023-09-30,source_dimensions,INCONNU,,"edgar_normalize.py (règles edgar_v1 sha256:f95d7e2287bb49a3, automatique)",2026-09-28T13:10:29+00:00,doc:0001652044-0001652044-24-000118,D1 : une seule valeur brute pour cette clé
243,facts,0001652044-0001652044-24-000118-us-gaap:RevenueFromContractWithCustomerExcludingAssessedTax-USD-2023-01-01-2023-09-30,normalized_concept,,total_revenue,"edgar_normalize.py (règles edgar_v1 sha256:f95d7e2287bb49a3, automatique)",2026-09-28T13:10:29+00:00,doc:0001652044-0001652044-24-000118,R1
244,facts,0001652044-0001652044-24-000118-us-gaap:RevenueFromContractWithCustomerExcludingAssessedTax-USD-2023-01-01-2023-09-30,transformation,,aucune,"edgar_normalize.py (règles edgar_v1 sha256:f95d7e2287bb49a3, automatique)",2026-09-28T13:10:29+00:00,doc:0001652044-0001652044-24-000118,T1
245,facts,0001652044-0001652044-24-000118-us-gaap:RevenueFromContractWithCustomerExcludingAssessedTax-USD-2023-01-01-2023-09-30,value,,221084000000,"edgar_normalize.py (règles edgar_v1 sha256:f95d7e2287bb49a3, automatique)",2026-09-28T13:10:29+00:00,doc:0001652044-0001652044-24-000118,T1
246,facts,0001652044-0001652044-24-000118-us-gaap:RevenueFromContractWithCustomerExcludingAssessedTax-USD-2023-01-01-2023-09-30,normalization_justification,,"Règle R1 (edgar_v1) : us-gaap:RevenueFromContractWithCustomerExcludingAssessedTax [USD, duration] -> total_revenue. Valeur reprise telle quelle (T1). Dimensions : aucune, déduit (D1). Entrée brute facts/us-gaap/RevenueFromContractWithCustomerExcludingAssessedTax/units/USD/74 (sha256 6b9488c08fef9ca2…). À confirmer sur l'instance XBRL.","edgar_normalize.py (règles edgar_v1 sha256:f95d7e2287bb49a3, automatique)",2026-09-28T13:10:29+00:00,doc:0001652044-0001652044-24-000118,R1
247,facts,0001652044-0001652044-23-000094-us-gaap:RevenueFromContractWithCustomerExcludingAssessedTax-USD-2023-07-01-2023-09-30,source_context,,companyfacts;entite=CIK0001652044;periode=2023-07-01/2023-09-30;segment=aucun(deduit D1),"edgar_normalize.py (règles edgar_v1 sha256:f95d7e2287bb49a3, automatique)",2026-09-28T13:10:29+00:00,doc:0001652044-0001652044-23-000094,X1
248,facts,0001652044-0001652044-23-000094-us-gaap:RevenueFromContractWithCustomerExcludingAssessedTax-USD-2023-07-01-2023-09-30,source_dimensions,INCONNU,,"edgar_normalize.py (règles edgar_v1 sha256:f95d7e2287bb49a3, automatique)",2026-09-28T13:10:29+00:00,doc:0001652044-0001652044-23-000094,D1 : une seule valeur brute pour cette clé
249,facts,0001652044-0001652044-23-000094-us-gaap:RevenueFromContractWithCustomerExcludingAssessedTax-USD-2023-07-01-2023-09-30,normalized_concept,,total_revenue,"edgar_normalize.py (règles edgar_v1 sha256:f95d7e2287bb49a3, automatique)",2026-09-28T13:10:29+00:00,doc:0001652044-0001652044-23-000094,R1
250,facts,0001652044-0001652044-23-000094-us-gaap:RevenueFromContractWithCustomerExcludingAssessedTax-USD-2023-07-01-2023-09-30,transformation,,aucune,"edgar_normalize.py (règles edgar_v1 sha256:f95d7e2287bb49a3, automatique)",2026-09-28T13:10:29+00:00,doc:0001652044-0001652044-23-000094,T1
251,facts,0001652044-0001652044-23-000094-us-gaap:RevenueFromContractWithCustomerExcludingAssessedTax-USD-2023-07-01-2023-09-30,value,,76693000000,"edgar_normalize.py (règles edgar_v1 sha256:f95d7e2287bb49a3, automatique)",2026-09-28T13:10:29+00:00,doc:0001652044-0001652044-23-000094,T1
252,facts,0001652044-0001652044-23-000094-us-gaap:RevenueFromContractWithCustomerExcludingAssessedTax-USD-2023-07-01-2023-09-30,normalization_justification,,"Règle R1 (edgar_v1) : us-gaap:RevenueFromContractWithCustomerExcludingAssessedTax [USD, duration] -> total_revenue. Valeur reprise telle quelle (T1). Dimensions : aucune, déduit (D1). Entrée brute facts/us-gaap/RevenueFromContractWithCustomerExcludingAssessedTax/units/USD/75 (sha256 c73a71fa8db9f294…). À confirmer sur l'instance XBRL.","edgar_normalize.py (règles edgar_v1 sha256:f95d7e2287bb49a3, automatique)",2026-09-28T13:10:29+00:00,doc:0001652044-0001652044-23-000094,R1
253,facts,0001652044-0001652044-24-000118-us-gaap:RevenueFromContractWithCustomerExcludingAssessedTax-USD-2023-07-01-2023-09-30,source_context,,companyfacts;entite=CIK0001652044;periode=2023-07-01/2023-09-30;segment=aucun(deduit D1),"edgar_normalize.py (règles edgar_v1 sha256:f95d7e2287bb49a3, automatique)",2026-09-28T13:10:29+00:00,doc:0001652044-0001652044-24-000118,X1
254,facts,0001652044-0001652044-24-000118-us-gaap:RevenueFromContractWithCustomerExcludingAssessedTax-USD-2023-07-01-2023-09-30,source_dimensions,INCONNU,,"edgar_normalize.py (règles edgar_v1 sha256:f95d7e2287bb49a3, automatique)",2026-09-28T13:10:29+00:00,doc:0001652044-0001652044-24-000118,D1 : une seule valeur brute pour cette clé
255,facts,0001652044-0001652044-24-000118-us-gaap:RevenueFromContractWithCustomerExcludingAssessedTax-USD-2023-07-01-2023-09-30,normalized_concept,,total_revenue,"edgar_normalize.py (règles edgar_v1 sha256:f95d7e2287bb49a3, automatique)",2026-09-28T13:10:29+00:00,doc:0001652044-0001652044-24-000118,R1
256,facts,0001652044-0001652044-24-000118-us-gaap:RevenueFromContractWithCustomerExcludingAssessedTax-USD-2023-07-01-2023-09-30,transformation,,aucune,"edgar_normalize.py (règles edgar_v1 sha256:f95d7e2287bb49a3, automatique)",2026-09-28T13:10:29+00:00,doc:0001652044-0001652044-24-000118,T1
257,facts,0001652044-0001652044-24-000118-us-gaap:RevenueFromContractWithCustomerExcludingAssessedTax-USD-2023-07-01-2023-09-30,value,,76693000000,"edgar_normalize.py (règles edgar_v1 sha256:f95d7e2287bb49a3, automatique)",2026-09-28T13:10:29+00:00,doc:0001652044-0001652044-24-000118,T1
258,facts,0001652044-0001652044-24-000118-us-gaap:RevenueFromContractWithCustomerExcludingAssessedTax-USD-2023-07-01-2023-09-30,normalization_justification,,"Règle R1 (edgar_v1) : us-gaap:RevenueFromContractWithCustomerExcludingAssessedTax [USD, duration] -> total_revenue. Valeur reprise telle quelle (T1). Dimensions : aucune, déduit (D1). Entrée brute facts/us-gaap/RevenueFromContractWithCustomerExcludingAssessedTax/units/USD/76 (sha256 e460bea847fbcb90…). À confirmer sur l'instance XBRL.","edgar_normalize.py (règles edgar_v1 sha256:f95d7e2287bb49a3, automatique)",2026-09-28T13:10:29+00:00,doc:0001652044-0001652044-24-000118,R1
259,facts,0001652044-0001652044-24-000022-us-gaap:RevenueFromContractWithCustomerExcludingAssessedTax-USD-2023-01-01-2023-12-31,source_context,,companyfacts;entite=CIK0001652044;periode=2023-01-01/2023-12-31;segment=aucun(deduit D1),"edgar_normalize.py (règles edgar_v1 sha256:f95d7e2287bb49a3, automatique)",2026-09-28T13:10:29+00:00,doc:0001652044-0001652044-24-000022,X1
260,facts,0001652044-0001652044-24-000022-us-gaap:RevenueFromContractWithCustomerExcludingAssessedTax-USD-2023-01-01-2023-12-31,source_dimensions,INCONNU,,"edgar_normalize.py (règles edgar_v1 sha256:f95d7e2287bb49a3, automatique)",2026-09-28T13:10:29+00:00,doc:0001652044-0001652044-24-000022,D1 : une seule valeur brute pour cette clé
261,facts,0001652044-0001652044-24-000022-us-gaap:RevenueFromContractWithCustomerExcludingAssessedTax-USD-2023-01-01-2023-12-31,normalized_concept,,total_revenue,"edgar_normalize.py (règles edgar_v1 sha256:f95d7e2287bb49a3, automatique)",2026-09-28T13:10:29+00:00,doc:0001652044-0001652044-24-000022,R1
262,facts,0001652044-0001652044-24-000022-us-gaap:RevenueFromContractWithCustomerExcludingAssessedTax-USD-2023-01-01-2023-12-31,transformation,,aucune,"edgar_normalize.py (règles edgar_v1 sha256:f95d7e2287bb49a3, automatique)",2026-09-28T13:10:29+00:00,doc:0001652044-0001652044-24-000022,T1
263,facts,0001652044-0001652044-24-000022-us-gaap:RevenueFromContractWithCustomerExcludingAssessedTax-USD-2023-01-01-2023-12-31,value,,307394000000,"edgar_normalize.py (règles edgar_v1 sha256:f95d7e2287bb49a3, automatique)",2026-09-28T13:10:29+00:00,doc:0001652044-0001652044-24-000022,T1
264,facts,0001652044-0001652044-24-000022-us-gaap:RevenueFromContractWithCustomerExcludingAssessedTax-USD-2023-01-01-2023-12-31,normalization_justification,,"Règle R1 (edgar_v1) : us-gaap:RevenueFromContractWithCustomerExcludingAssessedTax [USD, duration] -> total_revenue. Valeur reprise telle quelle (T1). Dimensions : aucune, déduit (D1). Entrée brute facts/us-gaap/RevenueFromContractWithCustomerExcludingAssessedTax/units/USD/77 (sha256 a92d4d3716ce361b…). À confirmer sur l'instance XBRL.","edgar_normalize.py (règles edgar_v1 sha256:f95d7e2287bb49a3, automatique)",2026-09-28T13:10:29+00:00,doc:0001652044-0001652044-24-000022,R1
265,facts,0001652044-0001652044-25-000014-us-gaap:RevenueFromContractWithCustomerExcludingAssessedTax-USD-2023-01-01-2023-12-31,source_context,,companyfacts;entite=CIK0001652044;periode=2023-01-01/2023-12-31;segment=aucun(deduit D1),"edgar_normalize.py (règles edgar_v1 sha256:f95d7e2287bb49a3, automatique)",2026-09-28T13:10:29+00:00,doc:0001652044-0001652044-25-000014,X1
266,facts,0001652044-0001652044-25-000014-us-gaap:RevenueFromContractWithCustomerExcludingAssessedTax-USD-2023-01-01-2023-12-31,source_dimensions,INCONNU,,"edgar_normalize.py (règles edgar_v1 sha256:f95d7e2287bb49a3, automatique)",2026-09-28T13:10:29+00:00,doc:0001652044-0001652044-25-000014,D1 : une seule valeur brute pour cette clé
267,facts,0001652044-0001652044-25-000014-us-gaap:RevenueFromContractWithCustomerExcludingAssessedTax-USD-2023-01-01-2023-12-31,normalized_concept,,total_revenue,"edgar_normalize.py (règles edgar_v1 sha256:f95d7e2287bb49a3, automatique)",2026-09-28T13:10:29+00:00,doc:0001652044-0001652044-25-000014,R1
268,facts,0001652044-0001652044-25-000014-us-gaap:RevenueFromContractWithCustomerExcludingAssessedTax-USD-2023-01-01-2023-12-31,transformation,,aucune,"edgar_normalize.py (règles edgar_v1 sha256:f95d7e2287bb49a3, automatique)",2026-09-28T13:10:29+00:00,doc:0001652044-0001652044-25-000014,T1
269,facts,0001652044-0001652044-25-000014-us-gaap:RevenueFromContractWithCustomerExcludingAssessedTax-USD-2023-01-01-2023-12-31,value,,307394000000,"edgar_normalize.py (règles edgar_v1 sha256:f95d7e2287bb49a3, automatique)",2026-09-28T13:10:29+00:00,doc:0001652044-0001652044-25-000014,T1
270,facts,0001652044-0001652044-25-000014-us-gaap:RevenueFromContractWithCustomerExcludingAssessedTax-USD-2023-01-01-2023-12-31,normalization_justification,,"Règle R1 (edgar_v1) : us-gaap:RevenueFromContractWithCustomerExcludingAssessedTax [USD, duration] -> total_revenue. Valeur reprise telle quelle (T1). Dimensions : aucune, déduit (D1). Entrée brute facts/us-gaap/RevenueFromContractWithCustomerExcludingAssessedTax/units/USD/78 (sha256 18558565e6da53e5…). À confirmer sur l'instance XBRL.","edgar_normalize.py (règles edgar_v1 sha256:f95d7e2287bb49a3, automatique)",2026-09-28T13:10:29+00:00,doc:0001652044-0001652044-25-000014,R1
271,facts,0001652044-0001652044-24-000053-us-gaap:RevenueFromContractWithCustomerExcludingAssessedTax-USD-2024-01-01-2024-03-31,source_context,,companyfacts;entite=CIK0001652044;periode=2024-01-01/2024-03-31;segment=aucun(deduit D1),"edgar_normalize.py (règles edgar_v1 sha256:f95d7e2287bb49a3, automatique)",2026-09-28T13:10:29+00:00,doc:0001652044-0001652044-24-000053,X1
272,facts,0001652044-0001652044-24-000053-us-gaap:RevenueFromContractWithCustomerExcludingAssessedTax-USD-2024-01-01-2024-03-31,source_dimensions,INCONNU,,"edgar_normalize.py (règles edgar_v1 sha256:f95d7e2287bb49a3, automatique)",2026-09-28T13:10:29+00:00,doc:0001652044-0001652044-24-000053,D1 : une seule valeur brute pour cette clé
273,facts,0001652044-0001652044-24-000053-us-gaap:RevenueFromContractWithCustomerExcludingAssessedTax-USD-2024-01-01-2024-03-31,normalized_concept,,total_revenue,"edgar_normalize.py (règles edgar_v1 sha256:f95d7e2287bb49a3, automatique)",2026-09-28T13:10:29+00:00,doc:0001652044-0001652044-24-000053,R1
274,facts,0001652044-0001652044-24-000053-us-gaap:RevenueFromContractWithCustomerExcludingAssessedTax-USD-2024-01-01-2024-03-31,transformation,,aucune,"edgar_normalize.py (règles edgar_v1 sha256:f95d7e2287bb49a3, automatique)",2026-09-28T13:10:29+00:00,doc:0001652044-0001652044-24-000053,T1
275,facts,0001652044-0001652044-24-000053-us-gaap:RevenueFromContractWithCustomerExcludingAssessedTax-USD-2024-01-01-2024-03-31,value,,80539000000,"edgar_normalize.py (règles edgar_v1 sha256:f95d7e2287bb49a3, automatique)",2026-09-28T13:10:29+00:00,doc:0001652044-0001652044-24-000053,T1
276,facts,0001652044-0001652044-24-000053-us-gaap:RevenueFromContractWithCustomerExcludingAssessedTax-USD-2024-01-01-2024-03-31,normalization_justification,,"Règle R1 (edgar_v1) : us-gaap:RevenueFromContractWithCustomerExcludingAssessedTax [USD, duration] -> total_revenue. Valeur reprise telle quelle (T1). Dimensions : aucune, déduit (D1). Entrée brute facts/us-gaap/RevenueFromContractWithCustomerExcludingAssessedTax/units/USD/79 (sha256 a6320ff361d49ce7…). À confirmer sur l'instance XBRL.","edgar_normalize.py (règles edgar_v1 sha256:f95d7e2287bb49a3, automatique)",2026-09-28T13:10:29+00:00,doc:0001652044-0001652044-24-000053,R1
277,facts,0001652044-0001652044-25-000043-us-gaap:RevenueFromContractWithCustomerExcludingAssessedTax-USD-2024-01-01-2024-03-31,source_context,,companyfacts;entite=CIK0001652044;periode=2024-01-01/2024-03-31;segment=aucun(deduit D1),"edgar_normalize.py (règles edgar_v1 sha256:f95d7e2287bb49a3, automatique)",2026-09-28T13:10:29+00:00,doc:0001652044-0001652044-25-000043,X1
278,facts,0001652044-0001652044-25-000043-us-gaap:RevenueFromContractWithCustomerExcludingAssessedTax-USD-2024-01-01-2024-03-31,source_dimensions,INCONNU,,"edgar_normalize.py (règles edgar_v1 sha256:f95d7e2287bb49a3, automatique)",2026-09-28T13:10:29+00:00,doc:0001652044-0001652044-25-000043,D1 : une seule valeur brute pour cette clé
279,facts,0001652044-0001652044-25-000043-us-gaap:RevenueFromContractWithCustomerExcludingAssessedTax-USD-2024-01-01-2024-03-31,normalized_concept,,total_revenue,"edgar_normalize.py (règles edgar_v1 sha256:f95d7e2287bb49a3, automatique)",2026-09-28T13:10:29+00:00,doc:0001652044-0001652044-25-000043,R1
280,facts,0001652044-0001652044-25-000043-us-gaap:RevenueFromContractWithCustomerExcludingAssessedTax-USD-2024-01-01-2024-03-31,transformation,,aucune,"edgar_normalize.py (règles edgar_v1 sha256:f95d7e2287bb49a3, automatique)",2026-09-28T13:10:29+00:00,doc:0001652044-0001652044-25-000043,T1
281,facts,0001652044-0001652044-25-000043-us-gaap:RevenueFromContractWithCustomerExcludingAssessedTax-USD-2024-01-01-2024-03-31,value,,80539000000,"edgar_normalize.py (règles edgar_v1 sha256:f95d7e2287bb49a3, automatique)",2026-09-28T13:10:29+00:00,doc:0001652044-0001652044-25-000043,T1
282,facts,0001652044-0001652044-25-000043-us-gaap:RevenueFromContractWithCustomerExcludingAssessedTax-USD-2024-01-01-2024-03-31,normalization_justification,,"Règle R1 (edgar_v1) : us-gaap:RevenueFromContractWithCustomerExcludingAssessedTax [USD, duration] -> total_revenue. Valeur reprise telle quelle (T1). Dimensions : aucune, déduit (D1). Entrée brute facts/us-gaap/RevenueFromContractWithCustomerExcludingAssessedTax/units/USD/80 (sha256 adb91fefcb0936e7…). À confirmer sur l'instance XBRL.","edgar_normalize.py (règles edgar_v1 sha256:f95d7e2287bb49a3, automatique)",2026-09-28T13:10:29+00:00,doc:0001652044-0001652044-25-000043,R1
283,facts,0001652044-0001652044-24-000079-us-gaap:RevenueFromContractWithCustomerExcludingAssessedTax-USD-2024-01-01-2024-06-30,source_context,,companyfacts;entite=CIK0001652044;periode=2024-01-01/2024-06-30;segment=aucun(deduit D1),"edgar_normalize.py (règles edgar_v1 sha256:f95d7e2287bb49a3, automatique)",2026-09-28T13:10:29+00:00,doc:0001652044-0001652044-24-000079,X1
284,facts,0001652044-0001652044-24-000079-us-gaap:RevenueFromContractWithCustomerExcludingAssessedTax-USD-2024-01-01-2024-06-30,source_dimensions,INCONNU,,"edgar_normalize.py (règles edgar_v1 sha256:f95d7e2287bb49a3, automatique)",2026-09-28T13:10:29+00:00,doc:0001652044-0001652044-24-000079,D1 : une seule valeur brute pour cette clé
285,facts,0001652044-0001652044-24-000079-us-gaap:RevenueFromContractWithCustomerExcludingAssessedTax-USD-2024-01-01-2024-06-30,normalized_concept,,total_revenue,"edgar_normalize.py (règles edgar_v1 sha256:f95d7e2287bb49a3, automatique)",2026-09-28T13:10:29+00:00,doc:0001652044-0001652044-24-000079,R1
286,facts,0001652044-0001652044-24-000079-us-gaap:RevenueFromContractWithCustomerExcludingAssessedTax-USD-2024-01-01-2024-06-30,transformation,,aucune,"edgar_normalize.py (règles edgar_v1 sha256:f95d7e2287bb49a3, automatique)",2026-09-28T13:10:29+00:00,doc:0001652044-0001652044-24-000079,T1
287,facts,0001652044-0001652044-24-000079-us-gaap:RevenueFromContractWithCustomerExcludingAssessedTax-USD-2024-01-01-2024-06-30,value,,165281000000,"edgar_normalize.py (règles edgar_v1 sha256:f95d7e2287bb49a3, automatique)",2026-09-28T13:10:29+00:00,doc:0001652044-0001652044-24-000079,T1
288,facts,0001652044-0001652044-24-000079-us-gaap:RevenueFromContractWithCustomerExcludingAssessedTax-USD-2024-01-01-2024-06-30,normalization_justification,,"Règle R1 (edgar_v1) : us-gaap:RevenueFromContractWithCustomerExcludingAssessedTax [USD, duration] -> total_revenue. Valeur reprise telle quelle (T1). Dimensions : aucune, déduit (D1). Entrée brute facts/us-gaap/RevenueFromContractWithCustomerExcludingAssessedTax/units/USD/81 (sha256 dfb5ff54c7df358a…). À confirmer sur l'instance XBRL.","edgar_normalize.py (règles edgar_v1 sha256:f95d7e2287bb49a3, automatique)",2026-09-28T13:10:29+00:00,doc:0001652044-0001652044-24-000079,R1
289,facts,0001652044-0001652044-24-000079-us-gaap:RevenueFromContractWithCustomerExcludingAssessedTax-USD-2024-04-01-2024-06-30,source_context,,companyfacts;entite=CIK0001652044;periode=2024-04-01/2024-06-30;segment=aucun(deduit D1),"edgar_normalize.py (règles edgar_v1 sha256:f95d7e2287bb49a3, automatique)",2026-09-28T13:10:29+00:00,doc:0001652044-0001652044-24-000079,X1
290,facts,0001652044-0001652044-24-000079-us-gaap:RevenueFromContractWithCustomerExcludingAssessedTax-USD-2024-04-01-2024-06-30,source_dimensions,INCONNU,,"edgar_normalize.py (règles edgar_v1 sha256:f95d7e2287bb49a3, automatique)",2026-09-28T13:10:29+00:00,doc:0001652044-0001652044-24-000079,D1 : une seule valeur brute pour cette clé
291,facts,0001652044-0001652044-24-000079-us-gaap:RevenueFromContractWithCustomerExcludingAssessedTax-USD-2024-04-01-2024-06-30,normalized_concept,,total_revenue,"edgar_normalize.py (règles edgar_v1 sha256:f95d7e2287bb49a3, automatique)",2026-09-28T13:10:29+00:00,doc:0001652044-0001652044-24-000079,R1
292,facts,0001652044-0001652044-24-000079-us-gaap:RevenueFromContractWithCustomerExcludingAssessedTax-USD-2024-04-01-2024-06-30,transformation,,aucune,"edgar_normalize.py (règles edgar_v1 sha256:f95d7e2287bb49a3, automatique)",2026-09-28T13:10:29+00:00,doc:0001652044-0001652044-24-000079,T1
293,facts,0001652044-0001652044-24-000079-us-gaap:RevenueFromContractWithCustomerExcludingAssessedTax-USD-2024-04-01-2024-06-30,value,,84742000000,"edgar_normalize.py (règles edgar_v1 sha256:f95d7e2287bb49a3, automatique)",2026-09-28T13:10:29+00:00,doc:0001652044-0001652044-24-000079,T1
294,facts,0001652044-0001652044-24-000079-us-gaap:RevenueFromContractWithCustomerExcludingAssessedTax-USD-2024-04-01-2024-06-30,normalization_justification,,"Règle R1 (edgar_v1) : us-gaap:RevenueFromContractWithCustomerExcludingAssessedTax [USD, duration] -> total_revenue. Valeur reprise telle quelle (T1). Dimensions : aucune, déduit (D1). Entrée brute facts/us-gaap/RevenueFromContractWithCustomerExcludingAssessedTax/units/USD/82 (sha256 05f99d0bc7b119c4…). À confirmer sur l'instance XBRL.","edgar_normalize.py (règles edgar_v1 sha256:f95d7e2287bb49a3, automatique)",2026-09-28T13:10:29+00:00,doc:0001652044-0001652044-24-000079,R1
295,facts,0001652044-0001652044-24-000118-us-gaap:RevenueFromContractWithCustomerExcludingAssessedTax-USD-2024-01-01-2024-09-30,source_context,,companyfacts;entite=CIK0001652044;periode=2024-01-01/2024-09-30;segment=aucun(deduit D1),"edgar_normalize.py (règles edgar_v1 sha256:f95d7e2287bb49a3, automatique)",2026-09-28T13:10:29+00:00,doc:0001652044-0001652044-24-000118,X1
296,facts,0001652044-0001652044-24-000118-us-gaap:RevenueFromContractWithCustomerExcludingAssessedTax-USD-2024-01-01-2024-09-30,source_dimensions,INCONNU,,"edgar_normalize.py (règles edgar_v1 sha256:f95d7e2287bb49a3, automatique)",2026-09-28T13:10:29+00:00,doc:0001652044-0001652044-24-000118,D1 : une seule valeur brute pour cette clé
297,facts,0001652044-0001652044-24-000118-us-gaap:RevenueFromContractWithCustomerExcludingAssessedTax-USD-2024-01-01-2024-09-30,normalized_concept,,total_revenue,"edgar_normalize.py (règles edgar_v1 sha256:f95d7e2287bb49a3, automatique)",2026-09-28T13:10:29+00:00,doc:0001652044-0001652044-24-000118,R1
298,facts,0001652044-0001652044-24-000118-us-gaap:RevenueFromContractWithCustomerExcludingAssessedTax-USD-2024-01-01-2024-09-30,transformation,,aucune,"edgar_normalize.py (règles edgar_v1 sha256:f95d7e2287bb49a3, automatique)",2026-09-28T13:10:29+00:00,doc:0001652044-0001652044-24-000118,T1
299,facts,0001652044-0001652044-24-000118-us-gaap:RevenueFromContractWithCustomerExcludingAssessedTax-USD-2024-01-01-2024-09-30,value,,253549000000,"edgar_normalize.py (règles edgar_v1 sha256:f95d7e2287bb49a3, automatique)",2026-09-28T13:10:29+00:00,doc:0001652044-0001652044-24-000118,T1
300,facts,0001652044-0001652044-24-000118-us-gaap:RevenueFromContractWithCustomerExcludingAssessedTax-USD-2024-01-01-2024-09-30,normalization_justification,,"Règle R1 (edgar_v1) : us-gaap:RevenueFromContractWithCustomerExcludingAssessedTax [USD, duration] -> total_revenue. Valeur reprise telle quelle (T1). Dimensions : aucune, déduit (D1). Entrée brute facts/us-gaap/RevenueFromContractWithCustomerExcludingAssessedTax/units/USD/83 (sha256 90ef11e79f39e532…). À confirmer sur l'instance XBRL.","edgar_normalize.py (règles edgar_v1 sha256:f95d7e2287bb49a3, automatique)",2026-09-28T13:10:29+00:00,doc:0001652044-0001652044-24-000118,R1
301,facts,0001652044-0001652044-24-000118-us-gaap:RevenueFromContractWithCustomerExcludingAssessedTax-USD-2024-07-01-2024-09-30,source_context,,companyfacts;entite=CIK0001652044;periode=2024-07-01/2024-09-30;segment=aucun(deduit D1),"edgar_normalize.py (règles edgar_v1 sha256:f95d7e2287bb49a3, automatique)",2026-09-28T13:10:29+00:00,doc:0001652044-0001652044-24-000118,X1
302,facts,0001652044-0001652044-24-000118-us-gaap:RevenueFromContractWithCustomerExcludingAssessedTax-USD-2024-07-01-2024-09-30,source_dimensions,INCONNU,,"edgar_normalize.py (règles edgar_v1 sha256:f95d7e2287bb49a3, automatique)",2026-09-28T13:10:29+00:00,doc:0001652044-0001652044-24-000118,D1 : une seule valeur brute pour cette clé
303,facts,0001652044-0001652044-24-000118-us-gaap:RevenueFromContractWithCustomerExcludingAssessedTax-USD-2024-07-01-2024-09-30,normalized_concept,,total_revenue,"edgar_normalize.py (règles edgar_v1 sha256:f95d7e2287bb49a3, automatique)",2026-09-28T13:10:29+00:00,doc:0001652044-0001652044-24-000118,R1
304,facts,0001652044-0001652044-24-000118-us-gaap:RevenueFromContractWithCustomerExcludingAssessedTax-USD-2024-07-01-2024-09-30,transformation,,aucune,"edgar_normalize.py (règles edgar_v1 sha256:f95d7e2287bb49a3, automatique)",2026-09-28T13:10:29+00:00,doc:0001652044-0001652044-24-000118,T1
305,facts,0001652044-0001652044-24-000118-us-gaap:RevenueFromContractWithCustomerExcludingAssessedTax-USD-2024-07-01-2024-09-30,value,,88268000000,"edgar_normalize.py (règles edgar_v1 sha256:f95d7e2287bb49a3, automatique)",2026-09-28T13:10:29+00:00,doc:0001652044-0001652044-24-000118,T1
306,facts,0001652044-0001652044-24-000118-us-gaap:RevenueFromContractWithCustomerExcludingAssessedTax-USD-2024-07-01-2024-09-30,normalization_justification,,"Règle R1 (edgar_v1) : us-gaap:RevenueFromContractWithCustomerExcludingAssessedTax [USD, duration] -> total_revenue. Valeur reprise telle quelle (T1). Dimensions : aucune, déduit (D1). Entrée brute facts/us-gaap/RevenueFromContractWithCustomerExcludingAssessedTax/units/USD/84 (sha256 4473c70eedb03cb1…). À confirmer sur l'instance XBRL.","edgar_normalize.py (règles edgar_v1 sha256:f95d7e2287bb49a3, automatique)",2026-09-28T13:10:29+00:00,doc:0001652044-0001652044-24-000118,R1
307,facts,0001652044-0001652044-25-000014-us-gaap:RevenueFromContractWithCustomerExcludingAssessedTax-USD-2024-01-01-2024-12-31,source_context,,companyfacts;entite=CIK0001652044;periode=2024-01-01/2024-12-31;segment=aucun(deduit D1),"edgar_normalize.py (règles edgar_v1 sha256:f95d7e2287bb49a3, automatique)",2026-09-28T13:10:29+00:00,doc:0001652044-0001652044-25-000014,X1
308,facts,0001652044-0001652044-25-000014-us-gaap:RevenueFromContractWithCustomerExcludingAssessedTax-USD-2024-01-01-2024-12-31,source_dimensions,INCONNU,,"edgar_normalize.py (règles edgar_v1 sha256:f95d7e2287bb49a3, automatique)",2026-09-28T13:10:29+00:00,doc:0001652044-0001652044-25-000014,D1 : une seule valeur brute pour cette clé
309,facts,0001652044-0001652044-25-000014-us-gaap:RevenueFromContractWithCustomerExcludingAssessedTax-USD-2024-01-01-2024-12-31,normalized_concept,,total_revenue,"edgar_normalize.py (règles edgar_v1 sha256:f95d7e2287bb49a3, automatique)",2026-09-28T13:10:29+00:00,doc:0001652044-0001652044-25-000014,R1
310,facts,0001652044-0001652044-25-000014-us-gaap:RevenueFromContractWithCustomerExcludingAssessedTax-USD-2024-01-01-2024-12-31,transformation,,aucune,"edgar_normalize.py (règles edgar_v1 sha256:f95d7e2287bb49a3, automatique)",2026-09-28T13:10:29+00:00,doc:0001652044-0001652044-25-000014,T1
311,facts,0001652044-0001652044-25-000014-us-gaap:RevenueFromContractWithCustomerExcludingAssessedTax-USD-2024-01-01-2024-12-31,value,,350018000000,"edgar_normalize.py (règles edgar_v1 sha256:f95d7e2287bb49a3, automatique)",2026-09-28T13:10:29+00:00,doc:0001652044-0001652044-25-000014,T1
312,facts,0001652044-0001652044-25-000014-us-gaap:RevenueFromContractWithCustomerExcludingAssessedTax-USD-2024-01-01-2024-12-31,normalization_justification,,"Règle R1 (edgar_v1) : us-gaap:RevenueFromContractWithCustomerExcludingAssessedTax [USD, duration] -> total_revenue. Valeur reprise telle quelle (T1). Dimensions : aucune, déduit (D1). Entrée brute facts/us-gaap/RevenueFromContractWithCustomerExcludingAssessedTax/units/USD/85 (sha256 be171e525ed1bdf0…). À confirmer sur l'instance XBRL.","edgar_normalize.py (règles edgar_v1 sha256:f95d7e2287bb49a3, automatique)",2026-09-28T13:10:29+00:00,doc:0001652044-0001652044-25-000014,R1
313,facts,0001652044-0001652044-25-000043-us-gaap:RevenueFromContractWithCustomerExcludingAssessedTax-USD-2025-01-01-2025-03-31,source_context,,companyfacts;entite=CIK0001652044;periode=2025-01-01/2025-03-31;segment=aucun(deduit D1),"edgar_normalize.py (règles edgar_v1 sha256:f95d7e2287bb49a3, automatique)",2026-09-28T13:10:29+00:00,doc:0001652044-0001652044-25-000043,X1
314,facts,0001652044-0001652044-25-000043-us-gaap:RevenueFromContractWithCustomerExcludingAssessedTax-USD-2025-01-01-2025-03-31,source_dimensions,INCONNU,,"edgar_normalize.py (règles edgar_v1 sha256:f95d7e2287bb49a3, automatique)",2026-09-28T13:10:29+00:00,doc:0001652044-0001652044-25-000043,D1 : une seule valeur brute pour cette clé
315,facts,0001652044-0001652044-25-000043-us-gaap:RevenueFromContractWithCustomerExcludingAssessedTax-USD-2025-01-01-2025-03-31,normalized_concept,,total_revenue,"edgar_normalize.py (règles edgar_v1 sha256:f95d7e2287bb49a3, automatique)",2026-09-28T13:10:29+00:00,doc:0001652044-0001652044-25-000043,R1
316,facts,0001652044-0001652044-25-000043-us-gaap:RevenueFromContractWithCustomerExcludingAssessedTax-USD-2025-01-01-2025-03-31,transformation,,aucune,"edgar_normalize.py (règles edgar_v1 sha256:f95d7e2287bb49a3, automatique)",2026-09-28T13:10:29+00:00,doc:0001652044-0001652044-25-000043,T1
317,facts,0001652044-0001652044-25-000043-us-gaap:RevenueFromContractWithCustomerExcludingAssessedTax-USD-2025-01-01-2025-03-31,value,,90234000000,"edgar_normalize.py (règles edgar_v1 sha256:f95d7e2287bb49a3, automatique)",2026-09-28T13:10:29+00:00,doc:0001652044-0001652044-25-000043,T1
318,facts,0001652044-0001652044-25-000043-us-gaap:RevenueFromContractWithCustomerExcludingAssessedTax-USD-2025-01-01-2025-03-31,normalization_justification,,"Règle R1 (edgar_v1) : us-gaap:RevenueFromContractWithCustomerExcludingAssessedTax [USD, duration] -> total_revenue. Valeur reprise telle quelle (T1). Dimensions : aucune, déduit (D1). Entrée brute facts/us-gaap/RevenueFromContractWithCustomerExcludingAssessedTax/units/USD/86 (sha256 7f240ceea1ee66fa…). À confirmer sur l'instance XBRL.","edgar_normalize.py (règles edgar_v1 sha256:f95d7e2287bb49a3, automatique)",2026-09-28T13:10:29+00:00,doc:0001652044-0001652044-25-000043,R1
