date,ticker,open,high,low,close,volume
2021-01-04,FXALP,42.0339,42.2434,41.7319,42.2361,99744
2021-01-05,FXALP,42.2582,42.3114,41.3350,41.3597,53377
2021-01-06,FXALP,41.3040,41.3176,40.9555,41.1388,88478
2021-01-07,FXALP,41.0390,41.1896,39.5721,39.6429,28802
2021-01-08,FXALP,39.5750,41.7316,39.5582,41.6539,32667
2021-01-11,FXALP,41.7095,42.0297,41.0776,41.2069,93892
2021-01-12,FXALP,41.2925,41.4207,41.1124,41.1597,63863
2021-01-13,FXALP,41.0397,41.1032,39.4509,39.4574,83013
2021-01-14,FXALP,39.2695,39.4765,39.1466,39.4456,79029
2021-01-15,FXALP,39.3296,39.5318,39.2211,39.2752,68427
2021-01-18,FXALP,39.3222,39.4510,38.5673,38.8388,24011
2021-01-19,FXALP,38.8253,38.9999,38.1530,38.1714,35347
2021-01-20,FXALP,38.2676,39.4695,38.1144,39.2484,63515
2021-01-21,FXALP,39.3521,39.4180,38.7572,39.0737,39983
2021-01-22,FXALP,39.0336,39.3603,38.7335,38.7961,80284
2021-01-25,FXALP,38.7842,39.0364,37.8560,38.1187,58516
2021-01-26,FXALP,38.2457,38.4656,37.1788,37.3600,71286
2021-01-27,FXALP,37.2043,37.2905,36.7688,36.8123,58741
2021-01-28,FXALP,36.7243,36.8382,36.1535,36.2051,30557
2021-01-29,FXALP,36.5289,36.7730,35.5482,35.7621,90218
2021-02-01,FXALP,35.8033,35.9356,35.7562,35.8669,34188
2021-02-02,FXALP,36.3063,36.4345,36.1374,36.3005,63010
2021-02-03,FXALP,36.4945,36.7416,36.2027,36.3666,58085
2021-02-04,FXALP,36.6990,36.7737,36.5357,36.7693,36815
2021-02-05,FXALP,36.5841,36.7358,35.5853,35.6358,93193
2021-02-08,FXALP,35.5943,35.8827,35.2731,35.6875,43006
2021-02-09,FXALP,35.6798,35.7583,35.6732,35.7404,23058
2021-02-10,FXALP,35.8523,36.4983,35.6569,36.2750,20104
2021-02-11,FXALP,36.1497,36.3430,35.3459,35.5433,53692
2021-02-12,FXALP,35.8642,35.9177,35.4590,35.5538,91265
2021-02-15,FXALP,35.6587,35.7214,35.5472,35.6202,23056
2021-02-16,FXALP,35.6457,35.8548,35.4390,35.7836,73967
2021-02-17,FXALP,35.7348,35.9072,35.4199,35.6227,56747
2021-02-18,FXALP,35.6967,35.8139,35.2334,35.2688,86731
2021-02-19,FXALP,35.1704,35.6594,35.1142,35.4934,71880
2021-02-22,FXALP,35.4786,35.5104,34.8963,35.0596,58174
2021-02-23,FXALP,34.9748,35.1376,33.8249,33.9634,55760
2021-02-24,FXALP,34.0160,34.2847,33.9402,34.2507,82088
2021-02-25,FXALP,34.3540,34.9569,34.2776,34.8886,59691
2021-02-26,FXALP,35.0317,35.1573,34.8101,34.9676,25569
2021-03-01,FXALP,35.1402,35.2265,34.5229,34.5642,75456
2021-03-02,FXALP,34.3789,34.4125,33.6989,33.7427,64471
2021-03-03,FXALP,33.9859,34.0101,32.5983,32.7686,97569
2021-03-04,FXALP,32.9304,33.1748,32.9263,33.1012,65903
2021-03-05,FXALP,32.9307,33.5017,32.8725,33.2826,67321
2021-03-08,FXALP,33.1400,33.1830,32.8669,33.0035,65944
2021-03-09,FXALP,33.0411,33.7080,32.8651,33.7035,35157
2021-03-10,FXALP,33.7311,34.3029,33.4442,34.2315,57696
2021-03-11,FXALP,34.1778,34.6741,34.0262,34.4822,38174
2021-03-12,FXALP,34.3097,34.5853,34.2618,34.4211,29911
2021-03-15,FXALP,34.3940,34.7084,34.3635,34.4251,41420
2021-03-16,FXALP,34.4164,34.6573,34.1944,34.4920,39586
2021-03-17,FXALP,34.3506,34.5250,34.2540,34.3701,63219
2021-03-18,FXALP,34.2561,34.3968,34.1097,34.2274,80219
2021-03-19,FXALP,34.0612,35.1109,34.0255,35.0434,81535
2021-03-22,FXALP,35.0787,35.1724,34.3486,34.3729,89740
2021-03-23,FXALP,34.3093,35.4189,34.3000,35.3662,44522
2021-03-24,FXALP,35.4349,36.3656,35.3808,36.2156,73360
2021-03-25,FXALP,36.0901,36.7557,35.8398,36.7342,50537
2021-03-26,FXALP,36.6947,36.9988,36.6262,36.7725,93938
2021-03-29,FXALP,36.8172,36.8745,36.0085,36.0164,34277
2021-03-30,FXALP,35.9890,36.0332,35.9834,36.0200,42635
2021-03-31,FXALP,36.2299,36.4059,36.1108,36.1451,46874
2021-04-01,FXALP,36.0394,36.3358,35.8322,36.0003,72218
2021-04-02,FXALP,36.1763,36.2477,35.8408,35.9373,54345
2021-04-05,FXALP,35.9164,36.7131,35.7977,36.5991,47876
2021-04-06,FXALP,36.6238,36.7186,36.1461,36.1580,70177
2021-04-07,FXALP,36.4103,36.9444,36.3943,36.6295,73607
2021-04-08,FXALP,36.7155,38.0179,36.6104,37.8281,63794
2021-04-09,FXALP,37.6640,37.8287,37.1401,37.5028,44376
2021-04-12,FXALP,37.2148,37.9440,37.2055,37.8307,49382
2021-04-13,FXALP,37.9289,37.9728,37.0267,37.1985,55391
2021-04-14,FXALP,37.1078,38.3869,36.9501,38.1703,97378
2021-04-15,FXALP,37.9016,38.0272,37.8838,37.9602,93830
2021-04-16,FXALP,38.1947,38.3108,38.0424,38.1001,96549
2021-04-19,FXALP,38.1057,38.1605,37.5888,37.6655,63790
2021-04-20,FXALP,37.9565,37.9632,37.6710,37.7259,55065
2021-04-21,FXALP,37.7308,37.7824,36.4753,36.4953,43910
2021-04-22,FXALP,36.4724,37.6618,36.3936,37.4853,25437
2021-04-23,FXALP,37.5481,37.7629,37.4016,37.5969,97691
2021-04-26,FXALP,37.3185,37.4215,37.1300,37.3855,49100
2021-04-27,FXALP,37.4784,37.5387,36.8104,36.8292,34453
2021-04-28,FXALP,36.8430,36.8802,36.5736,36.7093,67793
2021-04-29,FXALP,36.5299,36.5909,36.3390,36.3885,33277
2021-04-30,FXALP,36.2112,36.6424,36.1342,36.5934,35224
2021-05-03,FXALP,36.8487,36.9304,36.6810,36.7233,88840
2021-05-04,FXALP,36.4132,36.5134,36.1303,36.2440,64668
2021-05-05,FXALP,36.3615,36.5514,35.9237,35.9842,67474
2021-05-06,FXALP,36.1026,36.3233,35.2861,35.5874,84141
2021-05-07,FXALP,35.4066,36.4172,35.3008,36.3449,20226
2021-05-10,FXALP,36.7390,36.9914,35.9114,36.1195,81774
2021-05-11,FXALP,35.9940,36.6152,35.8784,36.5606,77396
2021-05-12,FXALP,36.5982,37.2636,36.5677,36.7589,52946
2021-05-13,FXALP,36.9112,38.3574,36.9010,38.2314,36423
2021-05-14,FXALP,38.2759,38.2884,37.9852,37.9935,85262
2021-05-17,FXALP,37.8683,38.0461,37.4269,37.5590,45714
2021-05-18,FXALP,37.3811,37.8516,37.1420,37.7915,67124
2021-05-19,FXALP,37.7141,37.9341,37.2679,37.3077,72718
2021-05-20,FXALP,37.1666,38.0745,36.9102,37.9507,66629
2021-05-21,FXALP,37.9138,38.3622,37.6200,38.0995,57602
2021-05-24,FXALP,38.0517,38.2108,37.2550,37.4982,97251
2021-05-25,FXALP,37.4741,38.8561,37.4655,38.7136,92986
2021-05-26,FXALP,38.8339,38.9519,38.6977,38.7513,59701
2021-05-27,FXALP,38.7426,39.2626,38.7123,39.2619,27775
2021-05-28,FXALP,39.0380,39.3192,38.8494,38.8707,65979
2021-05-31,FXALP,38.8423,38.9490,38.3770,38.5832,43401
2021-06-01,FXALP,38.6335,39.3737,38.5442,39.3181,87855
2021-06-02,FXALP,39.1924,39.4844,39.1377,39.2686,76900
2021-06-03,FXALP,39.0886,40.9500,38.9606,40.8447,91997
2021-06-04,FXALP,40.7820,40.9377,40.1291,40.2366,47012
2021-06-07,FXALP,40.3723,40.9423,40.2246,40.7903,30239
2021-06-08,FXALP,40.5631,41.1311,40.5424,40.9922,68082
2021-06-09,FXALP,41.0158,41.3913,40.6244,41.1356,50508
2021-06-10,FXALP,41.4948,41.5047,40.1461,40.4975,59769
2021-06-11,FXALP,40.5746,40.6565,40.3877,40.6126,75882
2021-06-14,FXALP,40.7778,40.7822,40.4437,40.6038,28669
2021-06-15,FXALP,40.7255,40.7917,40.1575,40.2071,38245
2021-06-16,FXALP,40.2042,40.3502,40.1653,40.2947,67559
2021-06-17,FXALP,40.2398,40.8017,40.2382,40.7404,87239
2021-06-18,FXALP,40.7497,40.8613,40.6287,40.7980,91432
2021-06-21,FXALP,40.7906,40.8596,39.9833,40.0673,87156
2021-06-22,FXALP,40.2002,40.7630,40.1581,40.6811,27708
2021-06-23,FXALP,40.9391,40.9571,40.2544,40.2929,73130
2021-06-24,FXALP,40.3925,40.5374,39.1756,39.2477,51777
2021-06-25,FXALP,39.2028,40.0185,39.1972,39.9363,30035
2021-06-28,FXALP,39.9230,40.3343,39.7136,40.2255,87216
2021-06-29,FXALP,40.3462,40.3759,39.9203,39.9595,90321
2021-06-30,FXALP,40.0905,40.5205,40.0350,40.4823,96215
2021-07-01,FXALP,40.4299,40.9592,40.3919,40.6947,83407
2021-07-02,FXALP,40.4107,42.1818,40.3692,42.0799,34303
2021-07-05,FXALP,42.2286,42.3419,40.8506,40.9252,30908
2021-07-06,FXALP,40.7791,41.5890,40.3532,41.4435,65331
2021-07-07,FXALP,41.4007,41.4587,40.8189,40.8617,40986
2021-07-08,FXALP,40.7326,42.8345,40.5823,42.6251,32136
2021-07-09,FXALP,42.4800,42.5068,41.2141,41.5044,21681
2021-07-12,FXALP,41.3463,41.4128,40.9691,41.0181,55890
2021-07-13,FXALP,40.6530,41.6383,40.4647,41.5563,86704
2021-07-14,FXALP,41.7859,42.0335,41.6879,42.0156,30347
2021-07-15,FXALP,42.2976,42.5116,41.6130,41.6143,45953
2021-07-16,FXALP,41.6400,41.9752,41.1020,41.1994,72134
2021-07-19,FXALP,41.2271,41.2875,40.5621,40.7682,63349
2021-07-20,FXALP,40.7440,40.8546,40.4292,40.7035,57818
2021-07-21,FXALP,40.5671,40.6714,39.5311,39.7221,96258
2021-07-22,FXALP,39.6887,39.8676,38.6529,38.7142,93564
2021-07-23,FXALP,38.5672,38.6863,38.2649,38.5986,61403
2021-07-26,FXALP,38.5466,39.1822,38.4300,39.1058,29177
2021-07-27,FXALP,39.1546,39.1885,38.3785,38.4100,88215
2021-07-28,FXALP,38.5354,38.6009,38.4044,38.4213,58066
2021-07-29,FXALP,38.3470,39.1214,38.2747,38.8872,39335
2021-07-30,FXALP,38.8579,38.8802,37.9319,37.9496,83855
2021-08-02,FXALP,37.8932,39.1714,37.8423,39.0167,21068
2021-08-03,FXALP,38.9261,39.0899,38.6701,38.9177,28711
2021-08-04,FXALP,38.7614,38.9255,37.6709,37.8754,61748
2021-08-05,FXALP,38.0472,38.0663,37.7318,37.9645,23031
2021-08-06,FXALP,37.9474,38.1949,37.9116,38.0826,99351
2021-08-09,FXALP,38.0187,38.1899,37.0040,37.1647,85611
2021-08-10,FXALP,37.1236,37.5608,37.0690,37.4637,24237
2021-08-11,FXALP,37.6699,37.7019,36.8436,36.8783,50467
2021-08-12,FXALP,37.0294,37.2116,36.3301,36.5309,54263
2021-08-13,FXALP,36.4933,36.5333,35.1810,35.2303,90317
2021-08-16,FXALP,35.2333,35.6962,35.1657,35.3916,66175
2021-08-17,FXALP,35.3405,35.8057,35.3237,35.7378,60718
2021-08-18,FXALP,35.9143,36.2038,35.4591,35.5449,73754
2021-08-19,FXALP,35.6952,35.7604,34.5015,34.7338,36101
2021-08-20,FXALP,34.3201,36.0144,34.3153,35.9582,86758
2021-08-23,FXALP,36.0212,36.7427,35.9793,36.5947,51875
2021-08-24,FXALP,36.6302,36.7770,36.3358,36.3645,82759
2021-08-25,FXALP,36.2676,36.4674,35.9892,36.2506,78498
2021-08-26,FXALP,36.2813,36.4061,36.0994,36.1498,33496
2021-08-27,FXALP,36.1425,36.6176,36.1272,36.5029,43315
2021-08-30,FXALP,36.5727,37.6285,36.4676,37.6236,53206
2021-08-31,FXALP,37.5954,37.6323,37.5261,37.5269,66764
2021-09-01,FXALP,37.5088,37.5171,36.7814,37.0784,30459
2021-09-02,FXALP,37.0986,37.6140,36.9831,37.5433,48792
2021-09-03,FXALP,37.3627,38.3784,37.1564,38.3022,27934
2021-09-06,FXALP,38.2433,38.3813,36.9577,37.0227,47412
2021-09-07,FXALP,36.9411,37.1321,36.6393,36.7154,38773
2021-09-08,FXALP,36.6589,37.3654,36.6054,37.3175,92510
2021-09-09,FXALP,37.3156,37.5211,36.3594,36.6389,69829
2021-09-10,FXALP,36.5572,36.6008,36.1393,36.2957,55019
2021-09-13,FXALP,36.2643,36.3927,35.0697,35.3135,60093
2021-09-14,FXALP,35.5389,35.5706,34.9749,35.1084,85937
2021-09-15,FXALP,35.2930,35.6183,35.2187,35.4435,89207
2021-09-16,FXALP,35.5783,35.6680,35.1498,35.2270,77066
2021-09-17,FXALP,35.2910,35.3339,34.4354,34.5204,31093
2021-09-20,FXALP,34.6057,34.6693,34.3532,34.5949,66394
2021-09-21,FXALP,34.5482,34.7555,34.2048,34.3139,44554
2021-09-22,FXALP,34.3302,35.0540,34.2856,34.8216,23608
2021-09-23,FXALP,34.6042,34.7440,34.3160,34.4445,70696
2021-09-24,FXALP,34.1986,34.4458,33.6997,33.8907,60053
2021-09-27,FXALP,33.7528,34.3679,33.5746,34.2722,66359
2021-09-28,FXALP,34.2727,34.8413,34.1379,34.7755,76015
2021-09-29,FXALP,35.0511,35.3563,34.8327,35.1755,46817
2021-09-30,FXALP,35.1364,35.2560,34.2169,34.3273,65973
2021-10-01,FXALP,34.1015,34.4156,34.0547,34.3301,38033
2021-10-04,FXALP,34.0257,34.1810,33.3020,33.3139,24745
2021-10-05,FXALP,33.2849,33.3075,32.8287,32.9577,36365
2021-10-06,FXALP,32.6711,32.7451,32.4522,32.6319,42450
2021-10-07,FXALP,32.6569,33.0478,31.8159,31.9087,36175
2021-10-08,FXALP,31.9034,32.1195,31.0970,31.2245,68448
2021-10-11,FXALP,31.0885,31.2743,30.9319,30.9546,61920
2021-10-12,FXALP,31.0726,31.2154,30.6543,30.7316,60942
2021-10-13,FXALP,30.7591,31.5319,30.5385,31.5028,68339
2021-10-14,FXALP,31.5017,32.1702,31.3573,32.0325,67590
2021-10-15,FXALP,31.8496,32.2133,31.4401,31.5129,40202
2021-10-18,FXALP,31.3871,31.8778,31.3804,31.7879,74706
2021-10-19,FXALP,31.8695,32.1191,31.7924,32.1151,30272
2021-10-20,FXALP,32.1576,32.4743,31.9770,32.2990,56172
2021-10-21,FXALP,32.2301,32.3324,31.7704,31.8945,41567
2021-10-22,FXALP,31.9858,32.0424,30.7735,30.8946,67108
2021-10-25,FXALP,31.0041,31.0187,30.8948,31.0078,93722
2021-10-26,FXALP,30.9070,31.6819,30.7229,31.5435,49613
2021-10-27,FXALP,31.6056,31.9524,31.4470,31.8751,57396
2021-10-28,FXALP,31.9064,32.0215,31.6245,31.9860,65285
2021-10-29,FXALP,32.1358,32.2357,31.9470,31.9605,27206
2021-11-01,FXALP,32.0856,32.1342,30.7997,30.9557,74696
2021-11-02,FXALP,31.2444,31.6033,31.0261,31.4162,99135
2021-11-03,FXALP,31.3681,32.4574,31.2356,32.3562,34811
2021-11-04,FXALP,32.4082,33.6699,32.3799,33.5932,86775
2021-11-05,FXALP,33.7734,33.8098,33.0077,33.0588,79736
2021-11-08,FXALP,33.1235,33.2297,32.4486,32.6772,36002
2021-11-09,FXALP,32.7260,33.0292,32.2389,32.2706,88827
2021-11-10,FXALP,32.4419,32.5801,32.3493,32.4777,46475
2021-11-11,FXALP,32.4432,32.7624,32.4199,32.6024,30152
2021-11-12,FXALP,32.4778,32.5272,32.3878,32.3904,54911
2021-11-15,FXALP,32.5107,33.4489,32.4300,33.3180,38891
2021-11-16,FXALP,33.4799,33.6039,33.3422,33.5425,37713
2021-11-17,FXALP,33.3469,33.3546,32.7349,32.8086,49265
2021-11-18,FXALP,32.9159,33.4246,32.9002,33.2888,34815
2021-11-19,FXALP,33.2004,33.5690,33.1497,33.4871,65422
2021-11-22,FXALP,33.5741,33.6745,32.8443,32.8699,37699
2021-11-23,FXALP,32.7105,32.7689,32.0564,32.1823,52994
2021-11-24,FXALP,32.3539,32.3846,31.7903,31.9463,97484
2021-11-25,FXALP,32.0753,32.1235,31.3652,31.4812,35704
2021-11-26,FXALP,31.7366,31.7733,30.6431,30.7943,98165
2021-11-29,FXALP,30.7452,30.8327,30.4774,30.5542,42064
2021-11-30,FXALP,30.5475,31.0059,30.3633,30.8013,36953
2021-12-01,FXALP,30.6483,30.6660,30.4169,30.5257,56470
2021-12-02,FXALP,30.4045,30.7832,30.3485,30.6673,27347
2021-12-03,FXALP,30.5760,30.7398,30.5218,30.7024,81884
2021-12-06,FXALP,30.8382,30.9958,29.8618,29.9850,97407
2021-12-07,FXALP,30.0773,30.1865,29.9952,30.0946,32035
2021-12-08,FXALP,30.1216,30.4159,30.1171,30.2380,51269
2021-12-09,FXALP,30.3622,30.6101,28.8209,28.9796,83053
2021-12-10,FXALP,29.0770,29.1374,28.8853,29.1186,22499
2021-12-13,FXALP,29.2379,29.2954,28.6060,28.6072,31075
2021-12-14,FXALP,28.5063,28.7387,28.4540,28.5736,54448
2021-12-15,FXALP,28.7266,28.9907,28.7069,28.9561,54661
2021-12-16,FXALP,28.8384,29.1342,28.8309,28.9347,67538
2021-12-17,FXALP,28.9451,29.8282,28.9185,29.8238,21213
2021-12-20,FXALP,29.8857,29.9020,29.6490,29.7869,76882
2021-12-21,FXALP,29.6726,29.7156,29.3562,29.4197,71366
2021-12-22,FXALP,29.3589,29.4260,29.0239,29.1315,92321
2021-12-23,FXALP,29.2699,29.6546,29.2281,29.5255,87137
2021-12-24,FXALP,29.5016,29.8260,29.4788,29.6785,28850
2021-12-27,FXALP,29.7515,29.9077,29.5361,29.5629,36603
2021-12-28,FXALP,29.5988,30.2017,29.4911,30.1953,76114
2021-12-29,FXALP,30.1069,30.1252,29.9204,29.9344,99008
2021-12-30,FXALP,29.8387,29.8902,29.1147,29.2675,59195
2021-12-31,FXALP,29.2616,29.7802,29.2235,29.6675,25407
2022-01-03,FXALP,29.4482,30.5093,29.3024,30.2982,22941
2022-01-04,FXALP,30.3270,30.3426,29.8360,30.1261,86524
2022-01-05,FXALP,30.1718,30.1960,28.8541,28.9984,45903
2022-01-06,FXALP,29.0480,29.1183,28.4048,28.4568,67554
2022-01-07,FXALP,28.5595,28.7620,28.5407,28.6995,27807
2022-01-10,FXALP,28.5129,28.8367,28.4222,28.7998,60701
2022-01-11,FXALP,28.7724,29.4102,28.7439,29.3323,90328
2022-01-12,FXALP,29.1758,29.3930,29.0437,29.3515,54043
2022-01-13,FXALP,29.3292,29.3889,29.1910,29.3013,82388
2022-01-14,FXALP,29.5799,29.6485,28.9302,28.9439,62420
2022-01-17,FXALP,28.9164,29.0397,28.5932,28.7093,37655
2022-01-18,FXALP,28.5985,28.8280,27.8841,28.0300,20933
2022-01-19,FXALP,28.0862,28.8824,28.0339,28.7152,48092
2022-01-20,FXALP,28.7461,28.9161,28.6648,28.8928,77181
2022-01-21,FXALP,28.8465,28.8878,28.2251,28.2417,82950
2022-01-24,FXALP,28.2169,28.3047,27.6902,27.7710,93178
2022-01-25,FXALP,27.8015,28.8675,27.7834,28.5795,49671
2022-01-26,FXALP,28.6519,28.6793,28.5585,28.5786,65483
2022-01-27,FXALP,28.5344,28.6444,28.4633,28.5056,38768
2022-01-28,FXALP,28.6843,28.7537,28.1925,28.2300,94560
2022-01-31,FXALP,28.2607,28.4952,27.3446,27.4098,33390
2022-02-01,FXALP,27.4036,28.4304,27.2104,28.2762,60681
2022-02-02,FXALP,28.3257,28.4257,28.1620,28.1854,82348
2022-02-03,FXALP,28.1223,28.3762,27.9867,28.2467,87246
2022-02-04,FXALP,28.0928,28.4968,27.9283,28.3019,56333
2022-02-07,FXALP,28.3902,28.4121,27.4999,27.7506,39821
2022-02-08,FXALP,27.8681,27.8803,27.7171,27.7680,72099
2022-02-09,FXALP,27.8268,28.0156,27.5382,27.6839,41402
2022-02-10,FXALP,27.6639,28.0251,27.5499,27.8613,68505
2022-02-11,FXALP,27.7044,28.3640,27.6798,28.3081,73136
2022-02-14,FXALP,28.3524,29.4689,28.2819,29.2952,75311
2022-02-15,FXALP,29.5585,29.7501,29.3454,29.7439,70625
2022-02-16,FXALP,29.7960,29.8567,29.6828,29.7445,49765
2022-02-17,FXALP,29.9955,30.0071,29.0881,29.1219,83083
2022-02-18,FXALP,29.3396,29.6780,29.2659,29.6470,65939
2022-02-21,FXALP,29.7141,29.7881,29.6003,29.7194,40292
2022-02-22,FXALP,29.6085,29.6468,29.3941,29.5384,52096
2022-02-23,FXALP,29.6164,29.6384,28.7002,28.7147,93822
2022-02-24,FXALP,28.8122,28.9560,28.0701,28.0890,26544
2022-02-25,FXALP,28.0220,28.7539,27.9792,28.6895,50445
2022-02-28,FXALP,28.7967,29.6220,28.6036,29.5078,95664
2022-03-01,FXALP,29.4365,29.9604,29.3714,29.9285,40806
2022-03-02,FXALP,29.8958,30.0812,29.0642,29.1484,44662
2022-03-03,FXALP,29.1648,29.3486,28.9055,29.3265,39919
2022-03-04,FXALP,29.2862,29.3584,28.2576,28.3030,83861
2022-03-07,FXALP,28.1998,28.4089,27.6098,27.8045,72781
2022-03-08,FXALP,27.9928,28.1523,27.7084,27.8002,72331
2022-03-09,FXALP,27.9318,28.1620,27.4635,27.5049,59699
2022-03-10,FXALP,27.4622,27.5137,27.4216,27.4469,49422
2022-03-11,FXALP,27.4188,27.4902,27.4106,27.4330,32787
2022-03-14,FXALP,27.6976,27.7145,27.3516,27.4871,44537
2022-03-15,FXALP,27.4776,27.6441,27.2324,27.2799,32556
2022-03-16,FXALP,27.4975,27.5275,27.3188,27.3281,46504
2022-03-17,FXALP,27.2140,27.6677,27.2128,27.6467,96973
2022-03-18,FXALP,27.5276,27.7107,26.8584,26.9183,68339
2022-03-21,FXALP,26.9661,27.2151,26.7122,27.1687,23548
2022-03-22,FXALP,27.1187,27.3346,27.0992,27.2880,47695
2022-03-23,FXALP,27.2974,27.4174,27.2007,27.2460,98148
2022-03-24,FXALP,27.0540,27.0830,26.7930,26.8012,98986
2022-03-25,FXALP,26.6559,26.8484,26.5866,26.8481,84372
2022-03-28,FXALP,26.8074,27.0068,26.7078,26.8471,65911
2022-03-29,FXALP,26.7420,27.1665,26.7076,27.0929,56554
2022-03-30,FXALP,27.2577,27.2975,27.0218,27.0682,66058
2022-03-31,FXALP,27.2075,27.3152,26.9266,27.0584,39184
2022-04-01,FXALP,27.1918,27.2376,26.1422,26.3387,20024
2022-04-04,FXALP,26.1171,26.1694,26.0119,26.0528,47008
2022-04-05,FXALP,26.0778,26.3416,26.0163,26.3358,70152
2022-04-06,FXALP,26.3217,26.6919,26.2733,26.5480,60813
2022-04-07,FXALP,26.7447,27.1438,26.7153,27.0741,23928
2022-04-08,FXALP,26.9230,27.0899,26.8881,26.9301,87190
2022-04-11,FXALP,26.8812,27.0188,26.6795,27.0013,71689
2022-04-12,FXALP,26.9548,27.0324,26.4627,26.7811,35161
2022-04-13,FXALP,26.8606,26.9179,25.7896,25.9746,96246
2022-04-14,FXALP,26.1271,26.1550,25.6894,25.8118,82440
2022-04-15,FXALP,25.8400,25.8690,25.3488,25.3542,73346
2022-04-18,FXALP,25.4309,25.4601,25.2168,25.4304,49889
2022-04-19,FXALP,25.2449,25.3879,25.2276,25.3853,60690
2022-04-20,FXALP,25.2133,25.5927,25.0557,25.5838,23919
2022-04-21,FXALP,25.4515,25.9294,25.3875,25.7855,24107
2022-04-22,FXALP,25.7270,25.8377,25.1054,25.1626,27869
2022-04-25,FXALP,25.0598,25.6326,24.8606,25.5268,64025
2022-04-26,FXALP,25.4307,25.8970,25.3573,25.8753,66330
2022-04-27,FXALP,25.9028,25.9496,25.5167,25.5502,33536
2022-04-28,FXALP,25.5467,25.8616,25.4650,25.7361,22572
2022-04-29,FXALP,25.5713,25.8588,25.4709,25.7299,63836
2022-05-02,FXALP,25.6434,26.2112,25.6366,26.0396,58308
2022-05-03,FXALP,25.9798,26.6549,25.9677,26.5914,47686
2022-05-04,FXALP,26.5197,27.1375,26.4319,26.8868,74578
2022-05-05,FXALP,27.1990,27.2568,26.3451,26.4861,79730
2022-05-06,FXALP,26.3447,26.7436,26.1868,26.6964,28373
2022-05-09,FXALP,26.8063,26.8666,26.7418,26.8357,27723
2022-05-10,FXALP,26.8357,27.5211,26.5958,27.3628,33642
2022-05-11,FXALP,27.2264,27.4452,26.6285,26.6745,52327
2022-05-12,FXALP,26.7009,26.8689,26.6408,26.8086,80729
2022-05-13,FXALP,26.9213,26.9317,26.2199,26.2770,35992
2022-05-16,FXALP,26.1847,26.2282,25.9510,26.0592,53538
2022-05-17,FXALP,26.0555,26.0878,25.4625,25.5916,29546
2022-05-18,FXALP,25.5275,25.7697,25.5105,25.7270,43850
2022-05-19,FXALP,25.7414,25.9296,25.7241,25.8896,49629
2022-05-20,FXALP,26.1166,26.1961,25.4050,25.5950,22337
2022-05-23,FXALP,25.6978,25.7587,25.1482,25.2879,60081
2022-05-24,FXALP,25.1756,25.4361,25.1207,25.3952,76903
2022-05-25,FXALP,25.4838,25.7768,25.2694,25.7034,84128
2022-05-26,FXALP,25.6956,25.9212,25.1418,25.3760,51754
2022-05-27,FXALP,25.3736,25.6019,25.3028,25.5764,40893
2022-05-30,FXALP,25.6957,25.7567,25.5720,25.5895,67937
2022-05-31,FXALP,25.5312,25.6971,25.2380,25.2879,25042
2022-06-01,FXALP,25.4097,25.6865,25.3982,25.6364,34589
2022-06-02,FXALP,25.7497,25.7606,25.1289,25.1351,71649
2022-06-03,FXALP,25.1841,25.1935,24.6961,24.7837,63670
2022-06-06,FXALP,24.7335,24.7342,24.4514,24.6178,89305
2022-06-07,FXALP,24.6577,24.7686,24.5439,24.6022,38219
2022-06-08,FXALP,24.6269,24.8375,24.3975,24.5167,96357
2022-06-09,FXALP,24.6495,24.6572,24.1529,24.2465,90910
2022-06-10,FXALP,24.4051,24.5858,22.9145,23.0510,80767
2022-06-13,FXALP,23.0103,23.0515,22.9183,22.9300,86857
2022-06-14,FXALP,22.9066,23.1109,22.7652,23.1057,45876
2022-06-15,FXALP,23.2196,23.4971,23.1112,23.4677,84909
2022-06-16,FXALP,23.6370,24.0628,23.6295,23.9909,77552
2022-06-17,FXALP,23.7492,24.3033,23.7120,24.2198,82774
2022-06-20,FXALP,24.0932,24.7937,23.9420,24.7853,79704
2022-06-21,FXALP,24.6614,24.6875,24.5122,24.5581,97111
2022-06-22,FXALP,24.3935,25.1334,24.3866,25.0375,76304
2022-06-23,FXALP,25.0495,25.6019,24.9255,25.4806,73295
2022-06-24,FXALP,25.5636,25.6927,25.1598,25.2653,61789
2022-06-27,FXALP,25.2391,25.3331,25.0492,25.1974,57073
2022-06-28,FXALP,25.3253,26.5880,25.1480,26.5187,86177
2022-06-29,FXALP,26.5212,26.7969,26.4201,26.7591,50452
2022-06-30,FXALP,26.7417,26.7945,26.3610,26.4646,55015
2022-07-01,FXALP,26.4865,27.3697,26.3748,27.3671,65319
2022-07-04,FXALP,27.5212,27.7034,27.0689,27.0749,60985
2022-07-05,FXALP,26.9459,26.9664,26.6302,26.9369,90281
2022-07-06,FXALP,26.9104,27.3250,26.8200,27.3176,99791
2022-07-07,FXALP,27.3389,27.3648,26.8210,26.9850,58690
2022-07-08,FXALP,26.9894,27.1096,26.8106,27.0112,89301
2022-07-11,FXALP,26.9654,27.2255,26.8441,27.0959,75249
2022-07-12,FXALP,27.1056,27.3182,26.7060,26.7177,44061
2022-07-13,FXALP,26.9239,26.9912,26.2104,26.2277,86660
2022-07-14,FXALP,26.2318,26.8849,26.1630,26.8069,48807
2022-07-15,FXALP,26.7102,26.7736,26.2454,26.3913,99129
2022-07-18,FXALP,26.3960,26.7084,26.3641,26.6067,44465
2022-07-19,FXALP,26.5971,26.6428,25.9248,26.0068,79665
2022-07-20,FXALP,26.0915,26.1292,26.0749,26.0991,46183
2022-07-21,FXALP,26.0890,26.7183,25.8319,26.7101,81140
2022-07-22,FXALP,26.8206,26.8421,26.6924,26.7548,58257
2022-07-25,FXALP,26.7463,27.3474,26.6943,27.1074,83237
2022-07-26,FXALP,26.9778,27.1175,26.7620,27.1072,68557
2022-07-27,FXALP,26.8849,27.5780,26.7626,27.4246,58167
2022-07-28,FXALP,27.5587,27.7313,27.5139,27.6492,58144
2022-07-29,FXALP,27.4646,27.4995,27.1094,27.3097,84962
2022-08-01,FXALP,27.4200,27.5157,27.0266,27.1891,55384
2022-08-02,FXALP,27.2098,27.3018,26.9385,27.0127,91912
2022-08-03,FXALP,27.0384,27.1858,26.9918,27.0029,65849
2022-08-04,FXALP,27.1218,27.2858,26.9863,27.2807,97762
2022-08-05,FXALP,27.4243,27.5018,26.2965,26.3565,73561
2022-08-08,FXALP,26.4172,26.4233,26.1812,26.2384,66494
2022-08-09,FXALP,26.1091,26.2033,26.0385,26.0996,29045
2022-08-10,FXALP,25.9993,26.0156,25.8603,25.8756,69329
2022-08-11,FXALP,25.7700,25.8688,25.6476,25.8092,46701
2022-08-12,FXALP,25.7801,25.8662,25.1577,25.1686,86278
2022-08-15,FXALP,24.9881,25.0609,24.8985,25.0233,28608
2022-08-16,FXALP,25.1126,25.1447,25.0735,25.0816,64413
2022-08-17,FXALP,24.8478,25.2306,24.7223,25.1005,52329
2022-08-18,FXALP,25.0645,25.2361,25.0545,25.1982,88572
2022-08-19,FXALP,25.0451,25.5351,24.9729,25.3209,32473
2022-08-22,FXALP,25.3795,25.5468,25.3415,25.4346,46184
2022-08-23,FXALP,25.5084,25.5299,24.8381,24.9328,85377
2022-08-24,FXALP,24.8948,24.9120,24.8390,24.8645,98190
2022-08-25,FXALP,24.8006,24.8098,24.2780,24.3729,66710
2022-08-26,FXALP,24.3984,24.4537,24.1548,24.2385,29150
2022-08-29,FXALP,24.2192,24.3007,23.8034,23.9145,69471
2022-08-30,FXALP,24.0554,24.2439,24.0209,24.0792,46384
2022-08-31,FXALP,24.1997,24.2662,23.7889,23.8673,67537
2022-09-01,FXALP,23.7280,24.2951,23.7061,24.2054,67859
2022-09-02,FXALP,24.1139,24.1439,23.8860,23.9223,78125
2022-09-05,FXALP,24.1376,24.8135,24.0178,24.7810,61203
2022-09-06,FXALP,24.8526,25.5631,24.7755,25.5444,43217
2022-09-07,FXALP,25.7481,25.8800,25.0601,25.1373,62160
2022-09-08,FXALP,25.1350,25.9421,25.0954,25.7046,41143
2022-09-09,FXALP,25.7343,25.9439,25.7030,25.9053,88213
2022-09-12,FXALP,25.9174,25.9223,25.7776,25.7890,47625
2022-09-13,FXALP,25.6077,25.6861,25.4911,25.5368,50652
2022-09-14,FXALP,25.6782,25.7568,25.1799,25.3183,62534
2022-09-15,FXALP,25.3469,25.3504,24.9824,25.0554,78238
2022-09-16,FXALP,24.8793,25.1834,24.6942,25.1802,74393
2022-09-19,FXALP,25.0656,25.1143,24.9008,24.9013,74685
2022-09-20,FXALP,24.8872,24.9823,24.8166,24.9523,74174
2022-09-21,FXALP,25.0644,25.1335,24.4430,24.5225,94647
2022-09-22,FXALP,24.4281,24.9877,24.3257,24.9249,71840
2022-09-23,FXALP,24.8838,24.8898,24.2887,24.5375,83989
2022-09-26,FXALP,24.5473,24.5478,24.1000,24.1528,73850
2022-09-27,FXALP,24.1941,24.2119,23.9827,24.0500,37855
2022-09-28,FXALP,23.9621,23.9764,23.7263,23.7466,71255
2022-09-29,FXALP,23.6693,24.4542,23.6272,24.4138,54506
2022-09-30,FXALP,24.4934,24.8247,24.4280,24.6383,65774
2022-10-03,FXALP,24.7325,25.1757,24.7163,25.1386,66137
2022-10-04,FXALP,25.1369,25.2915,25.0913,25.1052,96447
2022-10-05,FXALP,24.9560,25.0371,24.5465,24.9535,69778
2022-10-06,FXALP,25.0132,25.4917,24.9890,25.4269,24673
2022-10-07,FXALP,25.4336,25.6105,24.7728,24.9190,20990
2022-10-10,FXALP,24.9725,25.0035,24.4864,24.6138,86321
2022-10-11,FXALP,24.6999,24.7698,24.5098,24.6443,73353
2022-10-12,FXALP,24.5561,25.4258,24.5545,25.1314,93107
2022-10-13,FXALP,24.9628,25.0414,24.8474,25.0108,47372
2022-10-14,FXALP,24.9634,25.0817,24.4427,24.5196,40251
2022-10-17,FXALP,24.5010,24.8473,24.4929,24.7650,23403
2022-10-18,FXALP,24.8349,24.8897,24.1824,24.2270,38442
2022-10-19,FXALP,24.1941,24.8220,24.0857,24.6814,61492
2022-10-20,FXALP,24.8270,24.8329,24.7875,24.7911,50300
2022-10-21,FXALP,24.8756,25.4593,24.8133,25.4190,33444
2022-10-24,FXALP,25.4385,26.2538,25.2614,26.1440,35889
2022-10-25,FXALP,26.2433,26.5624,26.1890,26.3747,58800
2022-10-26,FXALP,26.5081,26.7747,26.4986,26.5921,55629
2022-10-27,FXALP,26.4494,26.5029,26.4340,26.4850,65226
2022-10-28,FXALP,26.6140,27.2292,26.4867,27.1713,21386
2022-10-31,FXALP,27.0354,27.1771,26.8902,26.9318,67492
2022-11-01,FXALP,26.8034,26.9334,26.6056,26.6578,56218
2022-11-02,FXALP,26.5917,26.6522,26.2043,26.2056,52386
2022-11-03,FXALP,26.2939,26.5497,25.8485,25.9169,66326
2022-11-04,FXALP,25.7022,26.1308,25.4569,26.0105,84191
2022-11-07,FXALP,25.9775,26.1466,25.8187,26.1073,69694
2022-11-08,FXALP,26.3989,26.5789,26.0124,26.0638,49430
2022-11-09,FXALP,25.9516,26.9239,25.9492,26.8985,53386
2022-11-10,FXALP,27.0420,27.1191,26.5041,26.5241,69568
2022-11-11,FXALP,26.6359,26.6717,25.8279,25.8498,36462
2022-11-14,FXALP,25.9456,26.3022,25.8650,26.2302,45802
2022-11-15,FXALP,26.2710,26.3842,26.2506,26.2607,47200
2022-11-16,FXALP,26.2546,26.6678,26.2160,26.6650,51873
2022-11-17,FXALP,26.6337,26.7857,26.3727,26.6256,90932
2022-11-18,FXALP,26.5901,26.6884,26.5538,26.6618,26336
2022-11-21,FXALP,26.6178,26.7331,26.3058,26.3336,20081
2022-11-22,FXALP,26.1713,26.4215,26.1575,26.3407,25992
2022-11-23,FXALP,26.3291,26.7278,26.2702,26.7101,49683
2022-11-24,FXALP,26.8479,27.0109,26.8294,27.0042,48483
2022-11-25,FXALP,27.1250,27.1458,26.4923,26.6087,46423
2022-11-28,FXALP,26.6381,27.4497,26.3930,27.3806,90176
2022-11-29,FXALP,27.3789,27.4035,26.2582,26.5432,78285
2022-11-30,FXALP,26.4980,26.4996,26.4310,26.4674,77656
2022-12-01,FXALP,26.5312,26.5727,25.5355,25.8927,51864
2022-12-02,FXALP,25.9102,25.9168,25.5502,25.7159,51714
2022-12-05,FXALP,25.7321,25.7546,25.3954,25.4241,91419
2022-12-06,FXALP,25.4714,25.4738,25.3167,25.4088,68983
2022-12-07,FXALP,25.2002,25.5876,25.1413,25.4886,56874
2022-12-08,FXALP,25.2770,25.4758,25.1857,25.2271,56994
2022-12-09,FXALP,25.4054,25.5371,25.2009,25.3447,64820
2022-12-12,FXALP,25.4670,25.4785,25.2989,25.3159,41122
2022-12-13,FXALP,25.1835,25.5746,25.0944,25.3688,54837
2022-12-14,FXALP,25.5033,25.6573,24.7276,24.7500,61110
2022-12-15,FXALP,24.7703,25.1571,24.7279,25.0855,29309
2022-12-16,FXALP,25.0846,25.2417,24.2849,24.3292,67985
2022-12-19,FXALP,24.2431,24.5273,24.1653,24.4791,45199
2022-12-20,FXALP,24.4482,25.2025,24.4096,25.1895,58143
2022-12-21,FXALP,25.1618,25.9782,25.0289,25.9659,39901
2022-12-22,FXALP,25.7933,26.4477,25.7162,26.3650,62773
2022-12-23,FXALP,26.3074,27.0833,26.2889,27.0551,80933
2022-12-26,FXALP,27.1266,27.2075,26.8449,26.9709,71749
2022-12-27,FXALP,26.9532,27.1485,26.9391,27.1389,38635
2022-12-28,FXALP,27.2474,27.3080,27.0090,27.0439,98603
2022-12-29,FXALP,26.9860,27.0965,26.8080,26.9635,97295
2022-12-30,FXALP,27.0944,27.1545,26.9681,27.0655,32182
2023-01-02,FXALP,27.0395,27.2208,26.8953,27.1540,75784
2023-01-03,FXALP,27.3147,27.3451,27.2576,27.2651,37087
2023-01-04,FXALP,27.1481,27.8221,27.0117,27.7959,80442
2023-01-05,FXALP,27.7471,27.9388,27.6334,27.6849,62604
2023-01-06,FXALP,27.5269,27.5914,27.3790,27.4163,51188
2023-01-09,FXALP,27.4262,27.4315,26.8276,26.9060,65579
2023-01-10,FXALP,26.9503,27.1208,26.9154,26.9820,78973
2023-01-11,FXALP,27.0130,27.1698,26.9469,26.9975,61081
2023-01-12,FXALP,27.0471,27.4084,26.8929,27.3211,31048
2023-01-13,FXALP,27.4792,28.1214,27.4061,27.9818,80408
2023-01-16,FXALP,27.9724,28.1580,27.8030,28.0728,59983
2023-01-17,FXALP,28.0136,28.7620,27.9562,28.5677,22793
2023-01-18,FXALP,28.5810,29.1684,28.4908,29.1526,69871
2023-01-19,FXALP,29.0704,29.2131,28.8929,29.1937,27309
2023-01-20,FXALP,29.0264,29.0499,28.8407,28.9831,73095
2023-01-23,FXALP,29.0384,29.1784,28.7413,28.8232,27114
2023-01-24,FXALP,28.9169,29.0518,28.0670,28.1202,26809
2023-01-25,FXALP,28.2222,28.3817,27.2939,27.5623,81743
2023-01-26,FXALP,27.6433,27.7140,27.3953,27.4550,84802
2023-01-27,FXALP,27.2682,27.8905,27.1608,27.8784,86335
2023-01-30,FXALP,28.0821,28.1539,27.6340,27.7320,47753
2023-01-31,FXALP,27.9017,27.9231,26.8343,26.9152,53374
2023-02-01,FXALP,27.0209,27.7558,26.8696,27.4598,53556
2023-02-02,FXALP,27.1852,27.2807,27.1815,27.1951,58373
2023-02-03,FXALP,27.0073,27.7991,26.9142,27.6820,35439
2023-02-06,FXALP,27.6675,27.7987,27.4227,27.5584,95021
2023-02-07,FXALP,27.6256,27.8316,27.2195,27.2969,27428
2023-02-08,FXALP,27.3642,27.6411,26.6330,26.7154,84997
2023-02-09,FXALP,26.6231,27.0268,26.5376,26.9429,87128
2023-02-10,FXALP,27.1096,27.1605,26.4725,26.5933,42801
2023-02-13,FXALP,26.7081,26.9162,26.3756,26.4122,62178
2023-02-14,FXALP,26.2342,26.2724,25.8052,25.8060,30298
2023-02-15,FXALP,25.6977,26.7164,25.6407,26.5240,67927
2023-02-16,FXALP,26.5250,27.1372,26.5148,27.0460,74898
2023-02-17,FXALP,26.8012,26.8677,26.5509,26.6068,95970
2023-02-20,FXALP,26.6793,27.6449,26.6148,27.4163,83830
2023-02-21,FXALP,27.4322,27.6641,27.3673,27.5181,60974
2023-02-22,FXALP,27.6398,28.0978,27.4043,27.9214,96100
2023-02-23,FXALP,27.9813,28.5013,27.8887,28.3011,69786
2023-02-24,FXALP,28.2038,28.3895,27.3204,27.3466,81480
2023-02-27,FXALP,27.4553,28.4306,27.3792,28.3310,43068
2023-02-28,FXALP,28.5367,29.4832,28.4863,29.4035,79259
2023-03-01,FXALP,29.3676,30.3596,29.3294,30.2165,68732
2023-03-02,FXALP,29.9975,30.7062,29.5976,30.6794,81541
2023-03-03,FXALP,30.7202,30.8259,29.7156,29.8124,62856
2023-03-06,FXALP,29.7093,29.7344,29.4535,29.4551,20109
2023-03-07,FXALP,29.3351,29.8263,29.2985,29.5635,93916
2023-03-08,FXALP,29.5829,29.6296,29.3326,29.4634,97322
2023-03-09,FXALP,29.3755,30.3413,29.1200,30.3092,31263
2023-03-10,FXALP,30.3768,30.3782,29.5405,29.7674,70492
2023-03-13,FXALP,29.9822,30.3303,29.8337,30.0672,98619
2023-03-14,FXALP,29.8045,30.0426,29.6859,30.0371,38022
2023-03-15,FXALP,30.1960,31.1396,29.9570,31.0526,52956
2023-03-16,FXALP,31.0016,31.6462,30.9363,31.6225,70126
2023-03-17,FXALP,31.6264,31.7252,30.9430,30.9478,20688
2023-03-20,FXALP,30.7769,31.0427,30.4835,30.6744,26572
2023-03-21,FXALP,30.8960,31.0482,30.6745,30.8138,89436
2023-03-22,FXALP,30.6117,30.7740,29.6994,29.7157,86953
2023-03-23,FXALP,29.7204,29.9249,29.5698,29.6213,57743
2023-03-24,FXALP,29.6544,29.7539,29.4442,29.5554,41564
2023-03-27,FXALP,29.7532,29.8952,29.5832,29.7515,31373
2023-03-28,FXALP,29.6071,30.3816,29.3950,30.3572,59857
2023-03-29,FXALP,30.4073,30.5272,30.2551,30.4900,91440
2023-03-30,FXALP,30.6048,30.7017,30.3506,30.4806,45164
2023-03-31,FXALP,30.4452,30.6230,30.1429,30.4663,58271
2023-04-03,FXALP,30.5646,30.7785,30.5040,30.6848,23057
2023-04-04,FXALP,30.5206,30.7139,30.5125,30.6424,55250
2023-04-05,FXALP,30.7099,30.8297,30.0123,30.1329,87605
2023-04-06,FXALP,30.1300,30.1356,29.4758,29.7345,92453
2023-04-07,FXALP,29.7589,30.5637,29.6825,30.4523,21682
2023-04-10,FXALP,30.4213,31.3294,30.2144,31.3193,44951
2023-04-11,FXALP,31.4252,31.6702,31.3552,31.5207,92184
2023-04-12,FXALP,31.4333,32.6406,31.3429,32.5948,62898
2023-04-13,FXALP,32.4433,32.9680,32.4160,32.8526,25131
2023-04-14,FXALP,32.7639,33.4880,32.5888,33.2893,27924
2023-04-17,FXALP,33.2093,33.4317,33.1050,33.1713,25950
2023-04-18,FXALP,33.0765,33.9823,32.9281,33.6791,37252
2023-04-19,FXALP,33.8311,33.8641,32.8798,32.9662,54213
2023-04-20,FXALP,32.8153,33.0687,32.7256,32.8600,52908
2023-04-21,FXALP,32.8395,32.9544,31.4019,31.6027,37629
2023-04-24,FXALP,31.8426,32.3901,31.8065,32.3549,90640
2023-04-25,FXALP,32.5026,32.5206,31.8132,31.9260,43913
2023-04-26,FXALP,32.1414,32.2123,31.1736,31.1958,94412
2023-04-27,FXALP,31.0774,31.2951,31.0355,31.2736,65464
2023-04-28,FXALP,31.2725,32.0649,31.1983,32.0316,45712
2023-05-01,FXALP,31.9637,32.5534,31.9482,32.4342,76999
2023-05-02,FXALP,32.5278,32.6698,32.3663,32.3728,79175
2023-05-03,FXALP,32.3528,32.3653,31.8034,32.0808,23934
2023-05-04,FXALP,31.9929,32.1304,31.7285,31.8738,97406
2023-05-05,FXALP,31.8360,31.8643,31.3523,31.3714,85561
2023-05-08,FXALP,31.2288,32.1005,31.0985,31.8329,42654
2023-05-09,FXALP,31.8095,31.8582,30.7020,30.7102,65366
2023-05-10,FXALP,30.7282,30.9099,30.5964,30.8661,91370
2023-05-11,FXALP,30.8058,30.8726,30.1708,30.4591,97243
2023-05-12,FXALP,30.6682,30.9222,30.5947,30.8294,50712
2023-05-15,FXALP,30.9411,31.0049,30.0598,30.0798,24006
2023-05-16,FXALP,30.2530,30.5015,29.8059,29.9021,83137
2023-05-17,FXALP,29.6415,30.1356,29.5396,30.0381,71840
2023-05-18,FXALP,30.0217,30.7206,29.9800,30.6380,85313
2023-05-19,FXALP,30.4371,30.8962,30.3670,30.8160,40158
2023-05-22,FXALP,30.8994,31.0342,30.5025,30.5609,96881
2023-05-23,FXALP,30.7200,30.7640,29.9826,29.9916,64161
2023-05-24,FXALP,30.0633,30.1919,29.9756,30.1243,25054
2023-05-25,FXALP,30.1938,30.2572,29.9498,29.9846,68421
2023-05-26,FXALP,29.8272,30.8604,29.7350,30.7611,51166
2023-05-29,FXALP,30.9463,31.0678,30.2279,30.4379,72429
2023-05-30,FXALP,30.4768,30.8449,30.2966,30.7872,37931
2023-05-31,FXALP,30.6271,31.4906,30.5050,31.3253,78114
2023-06-01,FXALP,31.3746,31.4673,30.9669,31.0698,79683
2023-06-02,FXALP,31.0336,31.3647,30.9269,31.2075,93945
2023-06-05,FXALP,31.1334,31.6144,31.0579,31.5066,68544
2023-06-06,FXALP,31.7561,31.7663,30.3536,30.4726,31524
2023-06-07,FXALP,30.4536,30.4949,30.3510,30.3549,22682
2023-06-08,FXALP,30.3248,31.3763,30.1352,31.1348,78086
2023-06-09,FXALP,31.2600,31.2841,30.7743,30.9823,20359
2023-06-12,FXALP,31.0072,31.1017,30.0786,30.0949,60108
2023-06-13,FXALP,29.9551,29.9783,29.0098,29.1217,79539
2023-06-14,FXALP,28.9425,29.8641,28.8390,29.7337,51374
2023-06-15,FXALP,29.7637,29.8675,29.3925,29.4041,74355
2023-06-16,FXALP,29.5011,29.9782,29.3927,29.7474,55609
2023-06-19,FXALP,29.6436,30.0682,29.4421,29.8841,82424
2023-06-20,FXALP,29.9234,30.9090,29.9227,30.8746,83056
2023-06-21,FXALP,30.9648,31.1900,30.9071,30.9226,23709
2023-06-22,FXALP,30.7399,30.8779,30.6757,30.6940,85494
2023-06-23,FXALP,30.4984,31.1397,30.4811,30.8014,74348
2023-06-26,FXALP,30.7496,30.8505,30.7312,30.7742,47978
2023-06-27,FXALP,30.7870,30.8212,30.6750,30.7904,96536
2023-06-28,FXALP,30.5138,31.3129,30.5120,31.1644,93052
2023-06-29,FXALP,31.1852,32.4063,30.9334,32.2904,31039
2023-06-30,FXALP,32.2997,33.0902,32.1502,32.8635,89282
2023-07-03,FXALP,32.6738,33.9477,32.5769,33.8246,41835
2023-07-04,FXALP,33.8016,35.2994,33.6936,35.2373,51584
2023-07-05,FXALP,35.3013,35.6437,34.8676,34.9154,60376
2023-07-06,FXALP,34.8858,35.0359,34.8459,34.9072,36354
2023-07-07,FXALP,34.6306,36.0166,34.6059,35.9627,59387
2023-07-10,FXALP,35.7521,35.7638,35.0135,35.1944,53114
2023-07-11,FXALP,35.1083,35.1920,34.8108,34.8643,21369
2023-07-12,FXALP,34.6700,34.9448,34.4961,34.8925,65196
2023-07-13,FXALP,34.9361,35.0405,34.1126,34.2936,22558
2023-07-14,FXALP,34.2185,34.3126,33.4899,33.5481,80551
2023-07-17,FXALP,33.5988,33.6803,32.8363,32.8423,66572
2023-07-18,FXALP,32.6975,32.7772,31.8408,31.8966,36672
2023-07-19,FXALP,31.8558,31.8697,31.7003,31.7355,84376
2023-07-20,FXALP,31.8369,32.1211,31.7839,31.9071,39039
2023-07-21,FXALP,31.9823,32.0852,31.0061,31.2928,93126
2023-07-24,FXALP,31.2432,31.3089,30.9478,31.0586,31741
2023-07-25,FXALP,31.0351,31.7562,30.8127,31.5819,45330
2023-07-26,FXALP,31.6954,31.8531,31.4301,31.5782,68320
2023-07-27,FXALP,31.7032,31.8345,31.6176,31.6723,97799
2023-07-28,FXALP,31.5716,31.5886,31.4540,31.5547,96976
2023-07-31,FXALP,31.6847,32.1142,31.5703,32.1115,48341
2023-08-01,FXALP,32.0583,32.2051,31.9594,32.1437,56802
2023-08-02,FXALP,31.9030,32.3786,31.7327,32.1726,41483
2023-08-03,FXALP,32.2430,32.3879,32.1005,32.2274,60660
2023-08-04,FXALP,32.1834,32.2186,31.9726,31.9863,84800
2023-08-07,FXALP,31.8570,31.8917,31.7568,31.7939,81052
2023-08-08,FXALP,31.8173,32.1278,31.2592,31.4326,91404
2023-08-09,FXALP,31.4615,32.3124,31.4108,32.2723,98575
2023-08-10,FXALP,32.4646,32.5712,31.9922,32.2296,37687
2023-08-11,FXALP,32.2541,32.2671,32.1811,32.2028,24402
2023-08-14,FXALP,32.1981,32.4057,31.6713,31.7461,56127
2023-08-15,FXALP,31.9781,32.0023,31.5662,31.6289,20545
2023-08-16,FXALP,31.4267,31.5379,31.3989,31.5360,25756
2023-08-17,FXALP,31.3302,31.4802,31.3014,31.4408,71066
2023-08-18,FXALP,31.4757,31.9848,31.4670,31.7027,72465
2023-08-21,FXALP,31.5898,31.7710,30.2191,30.2198,43778
2023-08-22,FXALP,30.2731,30.4611,30.1513,30.3920,45128
2023-08-23,FXALP,30.3853,30.5873,29.5360,29.6958,31683
2023-08-24,FXALP,29.9802,30.3439,29.8211,30.2256,64080
2023-08-25,FXALP,30.1892,30.9423,29.9963,30.8641,31983
2023-08-28,FXALP,30.9384,31.0757,30.1373,30.1758,50463
2023-08-29,FXALP,30.1990,31.1095,30.0306,30.8208,39193
2023-08-30,FXALP,30.7255,31.5458,30.4747,31.5402,52909
2023-08-31,FXALP,31.5578,31.7741,31.4810,31.7503,82626
2023-09-01,FXALP,31.5760,31.9001,31.5693,31.6893,82108
2023-09-04,FXALP,31.7039,31.8718,31.4364,31.7121,31944
2023-09-05,FXALP,31.7548,32.5702,31.6549,32.5657,72154
2023-09-06,FXALP,32.6757,33.5479,32.5664,33.3788,61866
2023-09-07,FXALP,33.4242,33.5790,32.6442,32.7635,78398
2023-09-08,FXALP,32.6858,33.6158,32.6567,33.4547,93902
2023-09-11,FXALP,33.3703,33.4373,32.9129,33.1458,41949
2023-09-12,FXALP,33.0781,33.5405,32.8919,33.4968,95086
2023-09-13,FXALP,33.4697,33.6852,33.2015,33.2342,43940
2023-09-14,FXALP,33.5160,33.5737,32.6334,32.6676,78715
2023-09-15,FXALP,32.6652,32.6952,32.1549,32.1620,59441
2023-09-18,FXALP,32.3687,32.5257,32.0021,32.1062,69767
2023-09-19,FXALP,32.0562,32.6892,31.8559,32.6396,98462
2023-09-20,FXALP,32.5922,32.7239,32.4241,32.6245,52851
2023-09-21,FXALP,32.5159,32.7260,31.6955,31.7965,54692
2023-09-22,FXALP,31.8210,32.4957,31.7765,32.3620,90492
2023-09-25,FXALP,32.6214,32.8543,32.3101,32.7346,89364
2023-09-26,FXALP,32.6327,32.7339,32.3050,32.3987,45408
2023-09-27,FXALP,32.4630,32.4999,32.1270,32.3707,34545
2023-09-28,FXALP,32.5096,32.6575,31.9571,32.0769,58660
2023-09-29,FXALP,31.8625,32.9918,31.8460,32.8245,98882
2023-10-02,FXALP,32.7439,32.9484,32.0797,32.1294,61011
2023-10-03,FXALP,32.2146,32.6140,32.0411,32.5982,50169
2023-10-04,FXALP,32.6839,32.7715,32.3551,32.4979,55127
2023-10-05,FXALP,32.3672,33.1014,32.2762,32.9202,97029
2023-10-06,FXALP,32.7198,33.6843,32.6942,33.6390,73467
2023-10-09,FXALP,33.5826,33.8588,33.4865,33.7063,84891
2023-10-10,FXALP,33.7847,34.2087,33.6736,33.9718,37956
2023-10-11,FXALP,34.0355,34.0857,33.0805,33.1180,57015
2023-10-12,FXALP,33.1024,33.2667,32.3720,32.4178,69351
2023-10-13,FXALP,32.4107,32.5126,32.0749,32.2103,39523
2023-10-16,FXALP,31.9095,31.9299,31.0430,31.2633,85616
2023-10-17,FXALP,31.2048,31.6334,31.0362,31.5380,64542
2023-10-18,FXALP,31.4923,31.9897,31.4358,31.6891,27569
2023-10-19,FXALP,31.5399,32.1169,31.3894,32.0996,96891
2023-10-20,FXALP,32.1730,32.1745,31.0471,31.0876,74758
2023-10-23,FXALP,31.1762,31.2803,31.1555,31.1679,36338
2023-10-24,FXALP,31.1435,31.9179,31.1007,31.8049,99481
2023-10-25,FXALP,31.6944,31.8123,30.4690,30.4960,38060
2023-10-26,FXALP,30.4766,30.4833,29.7211,29.9555,77623
2023-10-27,FXALP,30.0685,30.2212,29.9053,30.0127,55512
2023-10-30,FXALP,29.9395,29.9900,29.2497,29.3831,45293
2023-10-31,FXALP,29.4636,29.7323,29.3099,29.6585,45066
2023-11-01,FXALP,29.6607,29.8182,29.2963,29.4006,60901
2023-11-02,FXALP,29.3206,29.3317,29.1283,29.2242,65048
2023-11-03,FXALP,29.2504,29.3043,29.0579,29.1759,55543
2023-11-06,FXALP,29.1606,29.8493,28.9578,29.8350,79143
2023-11-07,FXALP,29.9073,30.0526,29.5739,29.6386,83577
2023-11-08,FXALP,29.5592,30.6763,29.4044,30.5748,20875
2023-11-09,FXALP,30.2421,30.6306,30.1658,30.6258,20543
2023-11-10,FXALP,30.4278,30.6145,29.5499,29.5837,79102
2023-11-13,FXALP,29.5803,29.6060,29.5280,29.5710,73511
2023-11-14,FXALP,29.5421,29.5435,29.2561,29.3471,92652
2023-11-15,FXALP,29.4975,29.5076,28.6283,28.8207,28243
2023-11-16,FXALP,28.7798,28.8944,28.7148,28.8740,84930
2023-11-17,FXALP,28.8914,29.6569,28.6611,29.4186,61677
2023-11-20,FXALP,29.2588,29.4657,29.2373,29.2543,91354
2023-11-21,FXALP,29.1289,29.6060,29.0169,29.5194,60858
2023-11-22,FXALP,29.6567,30.2563,29.3828,30.2408,32898
2023-11-23,FXALP,30.2415,30.4643,30.2080,30.3511,40546
2023-11-24,FXALP,30.2569,30.2938,29.9049,30.0865,91041
2023-11-27,FXALP,30.0779,30.2417,29.9645,29.9686,38303
2023-11-28,FXALP,30.1157,30.2122,29.3175,29.3983,26037
2023-11-29,FXALP,29.0810,29.2688,28.6092,28.7287,70828
2023-11-30,FXALP,28.6146,28.7182,28.4862,28.5275,49386
2023-12-01,FXALP,28.5533,28.7424,28.4179,28.5166,64136
2023-12-04,FXALP,28.4263,28.4321,28.3342,28.3449,94694
2023-12-05,FXALP,28.3546,28.4815,28.0599,28.1612,94042
2023-12-06,FXALP,28.2698,28.5910,28.1332,28.4728,63954
2023-12-07,FXALP,28.6447,28.8097,28.6017,28.7061,24282
2023-12-08,FXALP,28.6554,28.9367,28.5882,28.8796,78452
2023-12-11,FXALP,28.7374,29.9473,28.6775,29.8964,44981
2023-12-12,FXALP,30.0657,30.2152,29.9731,30.0469,72839
2023-12-13,FXALP,30.0597,30.1488,29.4474,29.4857,88634
2023-12-14,FXALP,29.4336,29.9429,29.4303,29.8702,55191
2023-12-15,FXALP,29.9642,29.9805,29.5130,29.6834,63315
2023-12-18,FXALP,29.8729,29.9930,29.7578,29.8591,78014
2023-12-19,FXALP,29.9072,30.6382,29.5810,30.6055,28503
2023-12-20,FXALP,30.5576,31.2010,30.5133,30.9531,67952
2023-12-21,FXALP,31.0204,31.0239,29.9967,30.0999,30179
2023-12-22,FXALP,30.0520,30.4779,29.9875,30.4745,82081
2023-12-25,FXALP,30.4454,30.4939,29.1360,29.3195,26120
2023-12-26,FXALP,29.3556,29.7727,29.2478,29.7100,77318
2023-12-27,FXALP,29.6272,29.8372,28.9519,29.1842,67053
2023-12-28,FXALP,28.9398,30.0841,28.9115,30.0205,55256
2023-12-29,FXALP,30.0425,30.2300,29.1317,29.1400,73432
2024-01-01,FXALP,29.0218,29.4098,28.9697,29.3550,22406
2024-01-02,FXALP,29.2476,29.6543,29.0677,29.4856,83392
2024-01-03,FXALP,29.5000,29.6853,28.5300,28.5558,91746
2024-01-04,FXALP,28.4789,28.7231,28.4541,28.6696,70437
2024-01-05,FXALP,28.5500,28.8980,28.4317,28.8957,78799
2024-01-08,FXALP,28.8249,29.0579,28.6797,29.0003,62856
2024-01-09,FXALP,28.9704,29.5431,28.8567,29.3746,55617
2024-01-10,FXALP,29.3080,30.1774,29.1982,30.0326,80923
2024-01-11,FXALP,30.0298,30.6116,29.8632,30.4890,89451
2024-01-12,FXALP,30.6352,30.7461,29.6284,29.7609,99588
2024-01-15,FXALP,29.8111,30.3441,29.7065,30.3275,80608
2024-01-16,FXALP,30.3245,31.1741,30.1405,31.0550,59173
2024-01-17,FXALP,30.9546,31.2239,30.0364,30.0660,33000
2024-01-18,FXALP,30.1020,30.2356,30.0868,30.1926,62458
2024-01-19,FXALP,30.2875,30.3139,29.1927,29.2217,38123
2024-01-22,FXALP,29.1935,29.2489,29.1327,29.1677,60932
2024-01-23,FXALP,29.1170,29.1621,28.7593,29.0267,29474
2024-01-24,FXALP,28.8907,29.0329,28.3278,28.4173,53855
2024-01-25,FXALP,28.3551,28.3833,27.6002,27.6306,22096
2024-01-26,FXALP,27.7407,27.7770,27.6542,27.7217,26288
2024-01-29,FXALP,27.7890,27.8409,27.5808,27.6083,24252
2024-01-30,FXALP,27.6533,27.6585,27.3734,27.4262,26372
2024-01-31,FXALP,27.4942,27.5323,27.1076,27.1361,78725
2024-02-01,FXALP,27.1119,27.1178,26.6087,26.7576,70557
2024-02-02,FXALP,26.7020,26.9270,26.3265,26.3796,94693
2024-02-05,FXALP,26.4523,27.0639,26.3161,27.0469,62595
2024-02-06,FXALP,27.0498,27.6171,26.9797,27.5516,55901
2024-02-07,FXALP,27.3838,27.9769,27.2050,27.7637,99979
2024-02-08,FXALP,27.8383,27.9587,27.7844,27.9048,43687
2024-02-09,FXALP,27.9392,28.2585,27.6888,28.1699,82483
2024-02-12,FXALP,28.2324,28.2839,27.4684,27.5688,87710
2024-02-13,FXALP,27.6663,27.7816,27.3867,27.4230,86326
2024-02-14,FXALP,27.4031,27.5948,27.3348,27.4866,62074
2024-02-15,FXALP,27.6115,27.6313,26.4536,26.4885,64330
2024-02-16,FXALP,26.5712,26.6709,25.7186,25.8699,94905
2024-02-19,FXALP,25.7281,26.1404,25.6774,26.1328,94268
2024-02-20,FXALP,26.1132,26.5668,26.0154,26.5666,31224
2024-02-21,FXALP,26.5115,27.6852,26.4775,27.5912,73790
2024-02-22,FXALP,27.7825,27.8087,27.5215,27.5522,35298
2024-02-23,FXALP,27.5270,27.6201,27.3393,27.4379,55074
2024-02-26,FXALP,27.4969,27.9570,27.4441,27.8042,49737
2024-02-27,FXALP,27.9122,28.1388,27.7447,27.7929,89170
2024-02-28,FXALP,27.9035,28.1035,27.8154,28.0147,46478
2024-02-29,FXALP,27.8805,27.9322,27.5651,27.7549,39244
2024-03-01,FXALP,27.6879,27.8929,27.6299,27.7776,20708
2024-03-04,FXALP,27.8316,28.4345,27.7557,28.3689,76598
2024-03-05,FXALP,28.4116,29.0410,28.3221,28.9572,68374
2024-03-06,FXALP,29.2552,29.2676,28.9489,29.0690,94335
2024-03-07,FXALP,29.1906,29.2961,28.8805,28.9337,61628
2024-03-08,FXALP,28.5811,29.5608,28.4176,29.5582,51577
2024-03-11,FXALP,29.5368,29.5897,28.8788,28.9826,82002
2024-03-12,FXALP,28.9633,29.0263,28.6442,28.6520,36328
2024-03-13,FXALP,28.5208,28.6555,28.3652,28.4551,48857
2024-03-14,FXALP,28.3324,28.4125,28.0967,28.0976,82495
2024-03-15,FXALP,28.0871,28.1714,27.9542,28.1138,40122
2024-03-18,FXALP,28.1647,28.7453,27.8544,28.5907,50692
2024-03-19,FXALP,28.6132,29.4170,28.5723,29.1723,66985
2024-03-20,FXALP,29.1272,29.2300,29.0179,29.0454,38630
2024-03-21,FXALP,28.8539,29.4098,28.7821,29.3106,48673
2024-03-22,FXALP,29.2925,29.3877,28.8829,28.9313,63990
2024-03-25,FXALP,28.9469,30.0740,28.7975,29.8919,50192
2024-03-26,FXALP,29.9677,31.2408,29.9675,31.1464,86380
2024-03-27,FXALP,31.2066,31.9574,31.1616,31.9068,48478
2024-03-28,FXALP,32.0174,32.0723,32.0039,32.0386,69954
2024-03-29,FXALP,32.0881,32.4539,32.0627,32.4522,27196
2024-04-01,FXALP,32.5824,32.7343,31.0218,31.3771,27953
2024-04-02,FXALP,31.5664,31.5982,31.3370,31.3704,43329
2024-04-03,FXALP,31.4574,31.6247,31.4233,31.5619,78138
2024-04-04,FXALP,31.4755,31.5340,31.0731,31.1689,67857
2024-04-05,FXALP,31.2923,31.3558,30.6467,30.7859,82054
2024-04-08,FXALP,30.8151,30.8425,30.1693,30.2142,91172
2024-04-09,FXALP,30.1380,30.7758,30.1342,30.5680,45448
2024-04-10,FXALP,30.8172,30.8321,30.0387,30.0545,71306
2024-04-11,FXALP,29.9166,30.4398,29.8720,30.3648,34774
2024-04-12,FXALP,30.3134,30.4237,30.0282,30.0599,60513
2024-04-15,FXALP,30.0162,30.4983,29.7295,30.3470,92258
2024-04-16,FXALP,30.4932,30.5630,29.5405,29.7780,98713
2024-04-17,FXALP,29.8200,29.9908,29.0146,29.1374,94167
2024-04-18,FXALP,29.0624,29.4937,28.8447,29.3825,98178
2024-04-19,FXALP,29.5335,29.8284,29.4238,29.8095,89460
2024-04-22,FXALP,29.8065,30.3000,29.6980,30.0402,48785
2024-04-23,FXALP,30.1252,30.2741,29.2633,29.2710,78564
2024-04-24,FXALP,29.2954,29.4798,29.2589,29.4467,59775
2024-04-25,FXALP,29.4342,29.5356,29.3152,29.5148,22227
2024-04-26,FXALP,29.6971,29.8055,28.6186,28.6588,81270
2024-04-29,FXALP,28.5441,28.9794,28.4347,28.8446,23338
2024-04-30,FXALP,28.8368,28.9180,28.4437,28.5646,93621
2024-05-01,FXALP,28.6006,28.7333,28.3396,28.4845,84802
2024-05-02,FXALP,28.5365,29.2666,28.3622,29.1404,78175
2024-05-03,FXALP,29.0021,29.1819,28.1860,28.4837,52018
2024-05-06,FXALP,28.4956,28.9927,28.4687,28.8846,59513
2024-05-07,FXALP,28.8611,29.0150,28.3994,28.5549,23419
2024-05-08,FXALP,28.3341,29.2152,28.2065,29.1824,53544
2024-05-09,FXALP,28.9679,29.2669,28.8483,29.1730,60589
2024-05-10,FXALP,29.2030,29.3017,28.8453,28.8866,49255
2024-05-13,FXALP,28.8390,29.1014,28.7642,29.0007,39872
2024-05-14,FXALP,29.0204,29.2445,28.8604,29.1200,22810
2024-05-15,FXALP,29.1713,29.3845,29.0138,29.0225,53838
2024-05-16,FXALP,29.2772,29.3832,29.1191,29.3333,83433
2024-05-17,FXALP,29.3927,30.3097,29.2091,30.1857,26262
2024-05-20,FXALP,30.2151,30.2834,29.4240,29.6555,31669
2024-05-21,FXALP,29.6549,29.8338,29.5072,29.7588,75728
2024-05-22,FXALP,29.7522,29.7984,29.5143,29.5801,52926
2024-05-23,FXALP,29.4625,29.7683,29.3490,29.3491,28565
2024-05-24,FXALP,29.4752,30.0790,29.4276,30.0655,21777
2024-05-27,FXALP,30.3621,30.3799,29.5094,29.7113,38026
2024-05-28,FXALP,29.5953,30.3743,29.3904,30.3054,47127
2024-05-29,FXALP,30.2562,30.6121,30.0898,30.5074,84410
2024-05-30,FXALP,30.5447,31.3162,30.3757,31.0641,41360
2024-05-31,FXALP,30.8076,30.8798,30.6093,30.6763,53094
2024-06-03,FXALP,30.6698,31.6397,30.5120,31.5200,63457
2024-06-04,FXALP,31.7260,31.7407,31.2745,31.3544,38528
2024-06-05,FXALP,31.6181,32.1427,31.5750,32.0796,86684
2024-06-06,FXALP,32.3462,32.3534,31.7324,31.8878,98005
2024-06-07,FXALP,31.7235,32.5019,31.6309,32.2549,73412
2024-06-10,FXALP,32.2461,32.7257,32.2213,32.5922,21205
2024-06-11,FXALP,32.4826,32.5052,31.9772,32.0088,53541
2024-06-12,FXALP,32.0116,32.1002,30.8534,30.8764,44980
2024-06-13,FXALP,31.0355,31.0379,30.4639,30.4963,23702
2024-06-14,FXALP,30.4213,30.4390,29.9611,30.0235,26908
2024-06-17,FXALP,29.9054,29.9224,29.5760,29.6254,26160
2024-06-18,FXALP,29.6707,30.0298,29.4966,29.9351,39127
2024-06-19,FXALP,30.0309,30.1321,29.7148,29.7893,35930
2024-06-20,FXALP,29.5251,29.6934,29.4234,29.6853,97873
2024-06-21,FXALP,29.5589,29.5840,29.3432,29.5235,88586
2024-06-24,FXALP,29.5789,30.7528,29.3999,30.7358,67310
2024-06-25,FXALP,30.8207,30.9863,30.2890,30.4410,20969
2024-06-26,FXALP,30.4262,30.6448,30.2890,30.4067,72070
2024-06-27,FXALP,30.4492,30.4946,30.3900,30.4124,39074
2024-06-28,FXALP,30.4584,31.3658,30.4064,31.3263,46690
2024-07-01,FXALP,31.3894,31.4116,30.6883,30.9656,91603
2024-07-02,FXALP,30.9642,31.4806,30.9061,31.4542,82235
2024-07-03,FXALP,31.1857,31.3318,30.8462,30.9506,29185
2024-07-04,FXALP,30.9063,30.9903,30.8596,30.9698,24670
2024-07-05,FXALP,31.0730,32.5798,30.8077,32.3102,24286
2024-07-08,FXALP,32.3308,32.6861,32.3131,32.6323,20430
2024-07-09,FXALP,32.7061,33.2438,32.5529,33.2023,69921
2024-07-10,FXALP,33.1501,33.5288,33.0734,33.5003,35443
2024-07-11,FXALP,33.3419,33.5669,33.1114,33.4760,70772
2024-07-12,FXALP,33.4447,34.1546,33.3969,33.9724,31163
2024-07-15,FXALP,33.9156,34.1139,33.8368,34.0604,26239
2024-07-16,FXALP,33.9610,34.3268,33.8565,34.2208,97641
2024-07-17,FXALP,34.2616,34.3399,33.6096,33.7380,47830
2024-07-18,FXALP,33.6672,33.7527,33.3571,33.4701,68663
2024-07-19,FXALP,33.6776,34.2497,33.5795,34.2229,66498
2024-07-22,FXALP,34.3707,34.4710,33.9608,34.1280,84280
2024-07-23,FXALP,33.9941,34.1963,33.8030,34.1676,25024
2024-07-24,FXALP,34.3753,35.2259,34.1766,35.1470,34763
2024-07-25,FXALP,35.0808,35.3382,34.7833,34.8608,36309
2024-07-26,FXALP,34.8392,35.1833,34.7398,34.9951,72294
2024-07-29,FXALP,35.0396,35.2090,34.2552,34.2595,37854
2024-07-30,FXALP,34.2354,34.8202,34.1877,34.7741,92876
2024-07-31,FXALP,34.6237,35.6331,34.6077,35.5048,87632
2024-08-01,FXALP,35.4754,35.5323,35.4074,35.4942,99077
2024-08-02,FXALP,35.7062,35.8798,35.6450,35.7093,59248
2024-08-05,FXALP,35.8408,36.5486,35.6499,36.3985,79624
2024-08-06,FXALP,36.2087,36.8085,36.1315,36.6415,85759
2024-08-07,FXALP,36.8029,36.9494,35.7669,35.9904,64058
2024-08-08,FXALP,36.0044,36.0345,35.5892,35.6181,81335
2024-08-09,FXALP,35.3279,36.4796,35.0336,36.4043,80653
2024-08-12,FXALP,36.3634,37.0967,36.3484,36.9482,72893
2024-08-13,FXALP,36.9912,37.2143,35.4241,35.5679,31243
2024-08-14,FXALP,35.5740,35.6669,34.8825,34.9662,44641
2024-08-15,FXALP,35.0148,35.9172,34.8318,35.9024,27274
2024-08-16,FXALP,35.8249,36.1189,35.4958,36.1149,81212
2024-08-19,FXALP,36.1580,36.2299,35.6043,35.6691,77893
2024-08-20,FXALP,35.5966,35.6468,34.8659,35.0369,25821
2024-08-21,FXALP,35.0256,35.3690,34.9178,35.1719,26257
2024-08-22,FXALP,35.1457,35.3297,34.9245,35.2225,71365
2024-08-23,FXALP,35.4017,35.4551,34.7937,34.8206,54944
2024-08-26,FXALP,34.5342,35.5709,34.4826,35.4735,93010
2024-08-27,FXALP,35.3434,35.5372,35.1791,35.5364,30577
2024-08-28,FXALP,35.6611,35.9749,35.5543,35.8297,21988
2024-08-29,FXALP,35.9233,36.1118,35.3925,35.4452,52873
2024-08-30,FXALP,35.2322,35.2896,34.5640,34.8322,38833
2024-09-02,FXALP,34.7590,34.7921,34.6717,34.7246,74256
2024-09-03,FXALP,34.7034,35.6848,34.6233,35.5473,47401
2024-09-04,FXALP,35.7520,35.8247,35.1023,35.2641,61318
2024-09-05,FXALP,35.0755,35.2551,34.3881,34.6279,36322
2024-09-06,FXALP,34.8004,34.9892,34.7363,34.9872,88054
2024-09-09,FXALP,34.9384,35.3253,34.7497,35.2572,91286
2024-09-10,FXALP,35.1729,36.3520,35.1131,36.0924,78064
2024-09-11,FXALP,36.0999,36.1110,35.5613,35.6300,77733
2024-09-12,FXALP,35.8940,36.6355,35.7917,36.6123,28969
2024-09-13,FXALP,36.7615,37.2263,36.5277,37.1932,46670
2024-09-16,FXALP,37.1091,37.1151,36.7455,36.9330,23816
2024-09-17,FXALP,37.0168,37.1993,36.5186,36.6175,47225
2024-09-18,FXALP,36.8782,37.0179,36.6732,36.7362,74134
2024-09-19,FXALP,36.7738,37.0760,36.2237,36.4342,96521
2024-09-20,FXALP,36.6253,37.3758,36.5243,37.3319,83244
2024-09-23,FXALP,37.1708,37.2441,36.4018,36.5299,43671
2024-09-24,FXALP,36.6847,37.0966,36.6418,36.9390,90867
2024-09-25,FXALP,37.0032,37.2957,36.5437,36.7731,32754
2024-09-26,FXALP,36.8283,36.8582,36.2508,36.3040,98912
2024-09-27,FXALP,36.3341,36.5218,35.5538,35.8397,94539
2024-09-30,FXALP,36.0621,36.2128,35.5016,35.7884,30838
2024-10-01,FXALP,35.7487,35.9358,35.6015,35.8587,76334
2024-10-02,FXALP,35.9479,36.6411,35.6529,36.5360,53477
2024-10-03,FXALP,36.7516,38.0867,36.4899,38.0824,22441
2024-10-04,FXALP,37.9679,38.0472,37.8501,38.0180,30095
2024-10-07,FXALP,37.8038,38.3947,37.6841,38.2476,24407
2024-10-08,FXALP,38.3841,38.4795,37.7875,37.8598,38951
2024-10-09,FXALP,37.7865,37.8861,37.7749,37.8519,40566
2024-10-10,FXALP,37.8862,38.1650,37.7277,38.1110,48516
2024-10-11,FXALP,38.4160,38.6716,38.2129,38.5044,40731
2024-10-14,FXALP,38.6133,38.6991,37.7436,37.8300,46907
2024-10-15,FXALP,37.7901,38.3109,37.5402,38.1623,91846
2024-10-16,FXALP,37.8709,38.4174,37.7362,38.1100,23523
2024-10-17,FXALP,37.8750,37.9575,37.5837,37.6218,45864
2024-10-18,FXALP,37.5079,38.7436,37.3999,38.6023,51806
2024-10-21,FXALP,38.7079,38.8063,37.9763,38.0684,67920
2024-10-22,FXALP,38.1474,39.3028,37.9979,39.2374,97514
2024-10-23,FXALP,39.4623,39.6277,38.6694,38.6813,38896
2024-10-24,FXALP,38.6262,39.8467,38.6213,39.4130,72561
2024-10-25,FXALP,39.1675,40.2258,38.9683,39.9975,74505
2024-10-28,FXALP,39.7898,39.9019,38.9149,39.0921,25453
2024-10-29,FXALP,38.9056,38.9859,38.8165,38.9538,37511
2024-10-30,FXALP,39.2615,39.6712,39.2342,39.6065,35295
2024-10-31,FXALP,39.6592,40.6011,39.3414,40.4802,95570
2024-11-01,FXALP,40.4466,41.7354,40.2645,41.5875,45859
2024-11-04,FXALP,41.4587,41.6146,40.7865,41.0508,46616
2024-11-05,FXALP,41.2293,41.4061,39.7006,39.7152,34678
2024-11-06,FXALP,39.7900,40.6152,39.5159,40.4587,56821
2024-11-07,FXALP,40.4791,40.7841,40.3459,40.6789,83491
2024-11-08,FXALP,40.6278,41.6383,40.2763,41.5529,96938
2024-11-11,FXALP,41.6894,41.7561,40.5399,40.6515,63770
2024-11-12,FXALP,40.6709,40.7857,39.9353,39.9831,78060
2024-11-13,FXALP,40.2099,40.9752,40.0417,40.7821,59592
2024-11-14,FXALP,40.9589,40.9884,39.6530,39.9589,40330
2024-11-15,FXALP,39.8965,41.8080,39.8284,41.7429,45344
2024-11-18,FXALP,41.9147,41.9224,41.5034,41.6713,41383
2024-11-19,FXALP,41.6264,41.7005,40.1145,40.3253,42812
2024-11-20,FXALP,40.1910,40.2785,39.9405,40.2693,74188
2024-11-21,FXALP,40.3754,40.8192,40.3606,40.7588,41612
2024-11-22,FXALP,40.6495,40.7625,40.6206,40.6868,45860
2024-11-25,FXALP,40.8806,41.0500,39.4268,39.4412,27324
2024-11-26,FXALP,39.3958,40.5703,39.2313,40.5612,40155
2024-11-27,FXALP,40.5583,40.7960,40.4436,40.7464,98264
2024-11-28,FXALP,40.6049,41.3489,40.5679,41.2525,71736
2024-11-29,FXALP,41.2414,42.5208,40.9757,42.3812,73860
2024-12-02,FXALP,42.6445,42.7713,41.9396,41.9761,35852
2024-12-03,FXALP,41.9104,42.8671,41.8600,42.7975,69972
2024-12-04,FXALP,42.7491,43.1276,42.6372,42.9242,25879
2024-12-05,FXALP,42.8069,43.1804,42.6065,42.7334,88622
2024-12-06,FXALP,42.6392,42.6456,42.5598,42.6400,89292
2024-12-09,FXALP,42.4996,42.5263,41.8880,41.9997,83892
2024-12-10,FXALP,41.9312,42.1306,41.8896,42.0287,75597
2024-12-11,FXALP,42.3912,42.9301,42.1597,42.7595,32352
2024-12-12,FXALP,42.9130,43.1509,42.7150,42.8077,90204
2024-12-13,FXALP,42.8058,42.8673,42.5469,42.7256,72401
2024-12-16,FXALP,42.6134,43.1695,42.5851,43.0841,62986
2024-12-17,FXALP,43.1870,43.9421,43.0175,43.8101,86404
2024-12-18,FXALP,43.8455,45.1018,43.6899,44.7324,43957
2024-12-19,FXALP,44.9662,45.8163,44.7799,45.6549,42671
2024-12-20,FXALP,45.3551,46.4892,45.0033,46.4272,35475
2024-12-23,FXALP,46.3016,47.0991,46.1714,46.8000,25300
2024-12-24,FXALP,46.6417,47.2201,46.3728,47.0368,99686
2024-12-25,FXALP,47.0407,47.5322,46.8088,47.3937,72137
2024-12-26,FXALP,47.7454,47.8879,47.7360,47.8045,34727
2024-12-27,FXALP,47.9246,48.1516,47.6941,48.1393,55627
2024-12-30,FXALP,48.1536,49.5647,48.0374,49.1156,76340
2024-12-31,FXALP,49.1822,50.3404,49.1255,50.2477,48767
2025-01-01,FXALP,50.0007,52.0380,49.8721,52.0248,41297
2025-01-02,FXALP,52.2149,52.3272,51.5840,51.8645,75284
2025-01-03,FXALP,51.9857,53.4657,51.4204,53.3503,55835
2025-01-06,FXALP,53.1580,53.2034,52.3978,52.5422,42348
2025-01-07,FXALP,52.3337,52.6265,51.4337,51.5753,46324
2025-01-08,FXALP,51.3848,51.5703,51.0795,51.2777,71641
2025-01-09,FXALP,50.8276,53.0958,50.6283,52.9354,68277
2025-01-10,FXALP,53.1338,54.7221,52.9447,54.1316,86359
2025-01-13,FXALP,53.8512,53.8892,53.1474,53.4365,88820
2025-01-14,FXALP,53.4687,53.7976,52.7908,52.8749,20241
2025-01-15,FXALP,53.2125,53.5833,53.1803,53.4820,25958
2025-01-16,FXALP,53.5594,53.6880,53.3332,53.6029,26000
2025-01-17,FXALP,53.7623,54.1553,53.4469,54.0566,35729
2025-01-20,FXALP,54.3306,54.5464,53.7992,54.1374,65502
2025-01-21,FXALP,54.0997,54.2974,53.9382,54.1485,65858
2025-01-22,FXALP,53.9807,54.0835,53.8366,53.9567,78841
2025-01-23,FXALP,54.0677,55.2895,53.9451,55.0462,48930
2025-01-24,FXALP,55.1542,56.7837,55.1398,56.4575,94096
2025-01-27,FXALP,56.4593,56.6995,55.0868,55.2244,43580
2025-01-28,FXALP,55.5286,56.7468,55.3653,56.4576,27558
2025-01-29,FXALP,56.0714,57.7621,55.7997,57.7468,65229
2025-01-30,FXALP,58.0087,58.0110,57.8431,57.9798,68094
2025-01-31,FXALP,58.0997,58.1627,57.6370,57.6676,69179
2025-02-03,FXALP,58.1367,58.2458,57.2584,57.4611,70137
2025-02-04,FXALP,57.7837,57.7909,56.5910,56.6052,53384
2025-02-05,FXALP,56.4203,57.6747,56.2622,57.5758,96626
2025-02-06,FXALP,57.4760,57.6931,55.9212,56.1655,80032
2025-02-07,FXALP,56.0182,56.1316,55.8939,55.9385,70121
2025-02-10,FXALP,55.9113,60.0324,55.7917,59.5691,63012
2025-02-11,FXALP,59.5036,59.9239,59.5027,59.7574,35008
2025-02-12,FXALP,59.9133,60.1068,59.7777,59.7784,39192
2025-02-13,FXALP,59.7533,59.9854,59.5754,59.7523,91910
2025-02-14,FXALP,59.7448,59.7660,58.8913,59.0640,29944
2025-02-17,FXALP,59.0048,59.2319,58.4894,58.8288,80228
2025-02-18,FXALP,58.9479,60.4178,58.6925,60.1161,52498
2025-02-19,FXALP,60.1395,60.3939,60.0275,60.2024,66684
2025-02-20,FXALP,60.2511,62.3855,60.1302,62.1911,37450
2025-02-21,FXALP,62.4458,63.0148,58.6866,58.9371,25975
2025-02-24,FXALP,59.2200,59.3271,58.0722,58.1258,27870
2025-02-25,FXALP,57.9768,59.1613,57.6668,58.7565,34352
2025-02-26,FXALP,58.5297,58.6372,57.2674,57.3439,83878
2025-02-27,FXALP,57.2613,57.3249,55.8683,56.6199,87704
2025-02-28,FXALP,56.4828,56.5025,55.7406,55.9477,22159
2025-03-03,FXALP,55.6963,56.7715,55.6701,56.6425,95578
2025-03-04,FXALP,56.8480,56.9699,56.6052,56.6690,51549
2025-03-05,FXALP,56.8100,59.9246,56.7965,59.7256,98016
2025-03-06,FXALP,59.4244,60.5867,59.1385,60.5664,36598
2025-03-07,FXALP,60.4002,60.5493,59.5211,60.1638,29202
2025-03-10,FXALP,60.1939,60.4230,58.2383,58.4044,84165
2025-03-11,FXALP,58.4469,59.1275,58.0920,59.1051,86610
2025-03-12,FXALP,59.4562,59.8181,59.2126,59.7907,45977
2025-03-13,FXALP,60.1338,60.1571,58.9635,59.2333,33489
2025-03-14,FXALP,59.5579,60.8737,59.2618,60.6901,67731
2025-03-17,FXALP,60.8408,61.7128,60.7134,61.5266,31018
2025-03-18,FXALP,61.4171,62.3716,61.3691,62.1013,57000
2025-03-19,FXALP,61.8450,63.1823,61.6305,62.6347,63225
2025-03-20,FXALP,62.4636,63.2401,62.2945,63.1097,31489
2025-03-21,FXALP,63.3172,63.7826,63.1547,63.4501,34773
2025-03-24,FXALP,63.2016,63.9558,63.1063,63.6457,44964
2025-03-25,FXALP,64.0019,64.1418,62.0612,62.3215,88337
2025-03-26,FXALP,62.0005,62.1314,61.4236,61.5285,35507
2025-03-27,FXALP,61.5544,61.6223,60.8874,61.1009,25230
2025-03-28,FXALP,61.2369,62.9981,61.0358,62.6255,26633
2025-03-31,FXALP,62.5889,62.8213,61.9636,62.1453,85355
2025-04-01,FXALP,62.2098,62.8490,60.7179,60.8427,95472
2025-04-02,FXALP,60.6969,60.9097,60.4039,60.9076,30779
2025-04-03,FXALP,60.7902,60.9299,60.6056,60.7456,73801
2025-04-04,FXALP,60.7315,60.8044,60.0639,60.3527,50186
2025-04-07,FXALP,60.8286,61.0075,59.5313,59.8482,58011
2025-04-08,FXALP,60.0041,61.9812,59.8074,61.6858,96616
2025-04-09,FXALP,61.8130,62.1334,59.6238,59.6946,82543
2025-04-10,FXALP,59.4435,59.8657,59.0921,59.7203,69578
2025-04-11,FXALP,59.3115,60.4398,59.1487,60.3617,48666
2025-04-14,FXALP,60.9471,61.3346,60.8869,61.0050,94496
2025-04-15,FXALP,60.8661,60.9753,60.4473,60.5361,63828
2025-04-16,FXALP,60.4532,61.3142,60.3767,61.0726,73460
2025-04-17,FXALP,61.1634,61.4551,60.7549,60.8282,43872
2025-04-18,FXALP,60.4094,61.8665,60.3590,61.7716,38026
2025-04-21,FXALP,62.0996,62.3726,61.8863,62.3504,73259
2025-04-22,FXALP,62.3330,62.3690,60.7962,60.8907,54991
2025-04-23,FXALP,61.1116,61.2313,59.9757,60.2328,48415
2025-04-24,FXALP,60.3552,60.4212,58.6569,59.1295,20981
2025-04-25,FXALP,59.0998,59.3287,59.0569,59.2745,58301
2025-04-28,FXALP,58.9643,59.0118,57.7649,57.9682,41311
2025-04-29,FXALP,58.1986,58.3023,57.2482,57.5908,48202
2025-04-30,FXALP,57.5166,57.5503,57.2731,57.2782,84424
2025-05-01,FXALP,57.4610,58.1435,57.1261,58.0817,68027
2025-05-02,FXALP,58.3591,58.6690,57.5725,57.7090,36261
2025-05-05,FXALP,57.2887,58.0627,57.1144,57.6239,75066
2025-05-06,FXALP,57.5410,57.5664,56.6044,56.7316,65776
2025-05-07,FXALP,56.9951,57.5634,56.8464,57.5071,55702
2025-05-08,FXALP,57.4640,58.0826,57.4088,58.0431,43498
2025-05-09,FXALP,58.1927,58.3206,57.9104,57.9389,21317
2025-05-12,FXALP,58.0763,59.1573,57.9438,59.0405,69737
2025-05-13,FXALP,59.3451,59.5626,57.9880,58.0938,95218
2025-05-14,FXALP,57.9381,57.9734,57.1826,57.2710,58194
2025-05-15,FXALP,57.5310,57.9456,56.4714,56.9628,35410
2025-05-16,FXALP,57.3062,57.4659,56.9157,57.0031,92259
2025-05-19,FXALP,57.4006,57.4892,56.0182,56.2426,26576
2025-05-20,FXALP,56.7287,57.0561,55.2736,55.5259,98028
2025-05-21,FXALP,55.5410,56.2051,55.4685,55.8961,91166
2025-05-22,FXALP,55.9384,56.6920,55.7559,56.6766,31275
2025-05-23,FXALP,56.5534,57.3446,56.4963,57.3172,35441
2025-05-26,FXALP,57.0967,58.0033,56.8043,57.8261,28453
2025-05-27,FXALP,57.9708,58.4354,57.8392,57.8842,75191
2025-05-28,FXALP,57.4244,57.6729,57.4047,57.5221,71219
2025-05-29,FXALP,57.6355,57.8189,57.3060,57.4678,30785
2025-05-30,FXALP,57.4968,57.7413,57.0775,57.1861,39587
2025-06-02,FXALP,56.9587,58.0319,56.8385,57.8136,84151
2025-06-03,FXALP,57.8789,57.9610,57.2632,57.2651,49015
2025-06-04,FXALP,57.4322,57.5508,56.2437,56.2633,35591
2025-06-05,FXALP,56.2130,56.2610,55.5196,55.5540,97620
2025-06-06,FXALP,55.9501,56.5374,55.8620,56.4682,75560
2025-06-09,FXALP,56.4282,56.4527,55.6295,55.9761,29741
2025-06-10,FXALP,55.6125,56.6734,55.3039,56.5731,87476
2025-06-11,FXALP,56.6674,56.8175,56.1312,56.3350,72793
2025-06-12,FXALP,56.2513,56.3015,56.1459,56.2902,44993
2025-06-13,FXALP,56.3760,57.2293,56.3411,57.0853,39445
2025-06-16,FXALP,57.2486,57.2514,55.8049,56.0089,33358
2025-06-17,FXALP,56.0252,56.7007,55.7830,56.4660,89867
2025-06-18,FXALP,56.0162,56.1873,55.8537,56.0914,65126
2025-06-19,FXALP,56.1260,57.0085,55.8799,56.9392,67070
2025-06-20,FXALP,57.0399,57.0409,57.0071,57.0229,94859
2025-06-23,FXALP,57.1164,58.4870,57.0187,58.4079,30667
2025-06-24,FXALP,58.6943,59.3476,57.0670,57.2826,47147
2025-06-25,FXALP,57.3958,58.1165,57.3312,57.8764,63877
2025-06-26,FXALP,58.1827,58.7002,57.9479,58.3862,24124
2025-06-27,FXALP,58.6224,58.8314,58.2004,58.6618,43852
2025-06-30,FXALP,58.4524,58.5500,58.0109,58.4788,92122
2025-07-01,FXALP,58.0266,58.9033,57.8600,58.5530,35169
2025-07-02,FXALP,58.7591,58.8929,57.3496,57.3680,93283
2025-07-03,FXALP,57.1584,57.4263,56.0234,56.2258,90854
2025-07-04,FXALP,56.4130,57.4736,56.3038,57.2497,61056
2025-07-07,FXALP,56.8561,56.9856,56.8519,56.8548,67279
2025-07-08,FXALP,56.5264,58.6096,56.2392,58.4943,53278
2025-07-09,FXALP,58.4609,59.2689,58.4203,58.9354,66523
2025-07-10,FXALP,58.8783,59.9415,58.7322,59.8622,67623
2025-07-11,FXALP,60.1366,61.1298,59.9512,61.0498,52829
2025-07-14,FXALP,60.6920,60.8691,59.6545,59.9638,90247
2025-07-15,FXALP,59.9406,59.9572,59.8003,59.8418,47799
2025-07-16,FXALP,59.7267,60.4055,59.6138,60.2786,99849
2025-07-17,FXALP,60.1498,61.0833,59.7559,60.9471,75022
2025-07-18,FXALP,61.0549,61.2668,59.1654,59.4278,43856
2025-07-21,FXALP,59.3925,60.5692,59.3478,60.5013,59718
2025-07-22,FXALP,60.2912,61.1731,60.1043,60.8118,77797
2025-07-23,FXALP,61.0068,61.8100,60.8461,61.4820,45625
2025-07-24,FXALP,61.8504,61.9204,61.0179,61.1702,79593
2025-07-25,FXALP,61.0992,62.2501,61.0170,62.1312,54796
2025-07-28,FXALP,62.1959,62.3869,60.5197,61.0521,99826
2025-07-29,FXALP,61.2299,61.4344,60.0656,60.4029,70473
2025-07-30,FXALP,60.5427,60.7723,59.5738,59.9267,32282
2025-07-31,FXALP,60.2927,60.4117,58.9939,59.1432,94764
2025-08-01,FXALP,59.4267,59.8741,59.3493,59.8176,75630
2025-08-04,FXALP,59.8252,61.4147,59.7217,61.3453,90751
2025-08-05,FXALP,61.1646,62.5383,61.0156,62.4108,96713
2025-08-06,FXALP,62.5283,62.9115,62.4049,62.8779,49469
2025-08-07,FXALP,62.4482,63.5090,62.2766,63.3729,50025
2025-08-08,FXALP,63.2938,63.5347,62.3274,63.1398,23585
2025-08-11,FXALP,62.9340,62.9405,62.3677,62.7865,56566
2025-08-12,FXALP,62.2963,63.7043,61.9122,63.6150,37650
2025-08-13,FXALP,63.6174,64.5924,63.5330,64.3535,54896
2025-08-14,FXALP,64.3099,65.0283,64.2373,64.4900,90473
2025-08-15,FXALP,64.3292,64.4570,64.3124,64.4187,97988
2025-08-18,FXALP,64.2489,64.6943,64.2130,64.6393,88152
2025-08-19,FXALP,64.5437,65.3247,64.3883,65.1160,94116
2025-08-20,FXALP,64.7146,65.0096,63.7953,63.9416,34815
2025-08-21,FXALP,63.9118,64.3000,63.8344,64.1551,76944
2025-08-22,FXALP,64.0739,64.6557,63.9903,64.1291,83353
2025-08-25,FXALP,64.5074,66.2432,64.1613,65.9594,56405
2025-08-26,FXALP,65.9822,67.2488,65.4925,67.0649,23664
2025-08-27,FXALP,67.4815,67.4914,66.7576,67.0843,99582
2025-08-28,FXALP,67.0959,67.6031,66.9781,67.5865,92954
2025-08-29,FXALP,67.9594,68.0632,67.9157,67.9881,69024
2025-09-01,FXALP,67.8811,68.8552,67.7529,68.6264,56788
2025-09-02,FXALP,68.6923,68.7285,68.2065,68.6362,44553
2025-09-03,FXALP,68.0203,70.8176,67.9203,70.6951,62277
2025-09-04,FXALP,70.4784,70.9565,70.3568,70.4546,37834
2025-09-05,FXALP,70.4528,71.9693,70.1494,71.8864,51659
2025-09-08,FXALP,71.5927,73.2540,71.3961,72.9951,23320
2025-09-09,FXALP,73.4201,73.7586,71.9870,72.0917,65773
2025-09-10,FXALP,72.3542,73.8423,72.2208,73.7985,98357
2025-09-11,FXALP,73.3712,73.7995,72.7524,72.9461,59170
2025-09-12,FXALP,73.2847,74.7152,72.9317,74.2421,92140
2025-09-15,FXALP,74.0187,75.1122,73.8486,74.4199,92502
2025-09-16,FXALP,74.4913,75.5587,74.4912,75.0587,79843
2025-09-17,FXALP,74.7455,75.2719,74.2792,75.1760,50077
2025-09-18,FXALP,75.0268,75.6313,74.6730,75.1507,81733
2025-09-19,FXALP,75.2416,75.2832,73.9660,74.0533,97136
2025-09-22,FXALP,74.1603,74.2473,73.1974,73.4822,56761
2025-09-23,FXALP,73.1293,73.6060,71.5052,71.6965,83871
2025-09-24,FXALP,71.7855,73.3234,71.6682,73.1426,86803
2025-09-25,FXALP,73.2138,73.3347,72.5932,72.7718,90677
2025-09-26,FXALP,73.3479,73.8860,73.2536,73.4840,54478
2025-09-29,FXALP,73.3860,73.5845,71.6723,72.1691,21872
2025-09-30,FXALP,72.0495,72.9340,71.7762,72.8703,64268
2025-10-01,FXALP,73.5028,73.6953,71.6771,72.5607,49508
2025-10-02,FXALP,72.3944,72.5763,72.3394,72.5749,46633
2025-10-03,FXALP,72.8383,73.7395,72.7472,73.4263,32466
2025-10-06,FXALP,72.8468,75.3914,72.5919,75.0661,96775
2025-10-07,FXALP,75.3262,75.5978,73.4171,73.5300,31051
2025-10-08,FXALP,73.0811,73.8986,72.9248,73.8178,73098
2025-10-09,FXALP,74.1021,75.3116,73.5868,74.9591,34563
2025-10-10,FXALP,74.5458,74.7542,73.4614,74.0063,52069
2025-10-13,FXALP,73.7813,74.3661,73.3881,74.1672,46683
2025-10-14,FXALP,74.5868,75.1271,74.5829,74.9479,37954
2025-10-15,FXALP,75.2124,78.0149,74.8028,77.7954,61366
2025-10-16,FXALP,78.4875,78.7959,75.0967,75.3195,70220
2025-10-17,FXALP,75.2329,75.4197,74.1424,74.3120,67359
2025-10-20,FXALP,74.6880,75.3462,73.4052,73.6964,25062
2025-10-21,FXALP,73.3042,75.4701,73.1992,75.0682,71492
2025-10-22,FXALP,75.2969,75.3854,74.2415,74.2492,46488
2025-10-23,FXALP,74.2357,74.3063,72.8607,73.9657,35660
2025-10-24,FXALP,73.3316,74.9128,73.0965,74.5956,55780
2025-10-27,FXALP,74.9724,75.1570,73.8636,73.8975,52766
2025-10-28,FXALP,74.2564,74.6663,72.3067,72.5962,70637
2025-10-29,FXALP,72.4493,72.6287,72.2861,72.5905,58191
2025-10-30,FXALP,72.0921,72.7516,71.6754,72.5401,52988
2025-10-31,FXALP,72.8729,73.2569,68.6368,68.9010,81924
2025-11-03,FXALP,68.9036,69.3754,68.0687,68.1981,28401
2025-11-04,FXALP,67.9520,68.1041,67.0012,67.3816,85128
2025-11-05,FXALP,67.0504,68.9172,66.8032,68.7569,69148
2025-11-06,FXALP,68.8790,68.9751,67.2228,67.4052,80036
2025-11-07,FXALP,67.5145,68.0383,66.8877,67.1052,31139
2025-11-10,FXALP,67.6298,67.7900,67.6018,67.7316,56618
2025-11-11,FXALP,67.3256,69.5866,67.0874,69.1372,83402
2025-11-12,FXALP,68.4732,69.0680,67.0036,67.3639,57863
2025-11-13,FXALP,66.9081,68.1031,66.7564,68.0878,48875
2025-11-14,FXALP,67.8826,68.6176,67.7479,68.5207,39040
2025-11-17,FXALP,69.3256,69.7224,68.7219,68.9565,38675
2025-11-18,FXALP,69.0085,69.8798,68.8523,69.5557,56824
2025-11-19,FXALP,69.4015,69.5200,69.3194,69.5038,84952
2025-11-20,FXALP,69.2498,71.6552,69.2059,71.6273,93643
2025-11-21,FXALP,71.0163,72.5279,70.8710,72.2489,38977
2025-11-24,FXALP,72.5673,72.6197,71.4285,71.5459,58291
2025-11-25,FXALP,71.8761,71.9056,70.6259,70.9436,70899
2025-11-26,FXALP,70.7305,70.8738,69.7040,69.7785,69272
2025-11-27,FXALP,69.6509,70.7049,69.2336,70.3811,95983
2025-11-28,FXALP,70.3029,70.5892,69.5241,69.6518,92423
2025-12-01,FXALP,69.8857,70.2300,66.8255,67.1270,74662
2025-12-02,FXALP,67.1551,67.5654,65.6575,66.0130,23234
2025-12-03,FXALP,66.0769,66.5187,64.9974,65.0338,20033
2025-12-04,FXALP,64.9768,65.3942,64.9187,65.0992,95785
2025-12-05,FXALP,65.0841,67.0192,65.0175,66.8590,21680
2025-12-08,FXALP,67.2076,67.2957,66.2273,66.5198,42714
2025-12-09,FXALP,66.7132,66.9364,66.0691,66.4293,45039
2025-12-10,FXALP,66.7807,67.9858,66.5309,67.7730,41031
2025-12-11,FXALP,67.7312,68.2277,67.6831,68.1317,33890
2025-12-12,FXALP,68.0581,68.4795,66.9081,66.9986,24889
2025-12-15,FXALP,66.8249,67.4391,66.7696,67.3829,30198
2025-12-16,FXALP,67.0156,67.0760,66.5651,66.7883,57496
2025-12-17,FXALP,67.3928,67.6225,65.0199,65.0461,83658
2025-12-18,FXALP,64.8855,66.4377,64.6091,65.9245,81614
2025-12-19,FXALP,65.7302,65.9658,64.1926,64.3846,97462
2025-12-22,FXALP,64.6306,64.6360,63.5780,64.0263,27453
2025-12-23,FXALP,64.0257,65.1997,63.8856,64.9704,39847
2025-12-24,FXALP,64.9539,66.3801,64.7335,66.3015,45836
2025-12-25,FXALP,65.5846,66.5330,65.3199,66.2979,72061
2025-12-26,FXALP,66.1795,66.4011,64.9474,65.0629,81644
2025-12-29,FXALP,65.0763,65.4483,64.9157,65.3932,65052
2025-12-30,FXALP,65.2621,65.5261,64.8098,65.1366,62957
2025-12-31,FXALP,65.2228,66.3143,65.0189,66.2182,81846
2021-01-04,FXBET,118.8193,118.9544,118.3545,118.6272,26631
2021-01-05,FXBET,118.9829,119.5299,116.6668,116.9440,52789
2021-01-06,FXBET,116.4258,116.9692,116.1470,116.8034,99348
2021-01-07,FXBET,116.6107,116.7926,115.2693,115.5573,31279
2021-01-08,FXBET,115.5895,117.2670,115.2647,117.1272,61956
2021-01-11,FXBET,116.9393,117.5940,115.0242,115.3867,20043
2021-01-12,FXBET,115.1390,115.3980,114.8545,115.3769,57700
2021-01-13,FXBET,115.4249,115.6423,112.5478,112.5903,72245
2021-01-14,FXBET,113.2687,114.4231,112.7645,113.5688,51291
2021-01-15,FXBET,113.4087,115.4544,112.9811,115.1258,22402
2021-01-18,FXBET,115.2019,116.6450,114.7276,114.7641,96824
2021-01-19,FXBET,114.1178,114.9042,114.0940,114.5405,39464
2021-01-20,FXBET,115.6202,117.2301,115.2224,116.6054,79910
2021-01-21,FXBET,116.7079,118.0032,116.7021,117.4185,94967
2021-01-22,FXBET,117.0098,117.5240,116.3476,116.5590,91641
2021-01-25,FXBET,116.8493,117.1558,114.5343,115.7744,83703
2021-01-26,FXBET,116.2047,116.8001,115.6733,115.8997,92981
2021-01-27,FXBET,115.4559,116.1551,114.1496,114.4067,98800
2021-01-28,FXBET,114.3684,115.8251,114.0258,115.4829,86870
2021-01-29,FXBET,115.2203,115.5853,112.8627,112.9022,65970
2021-02-01,FXBET,113.7284,114.3176,113.3727,114.1411,20169
2021-02-02,FXBET,113.8112,113.9726,112.2892,112.7130,24376
2021-02-03,FXBET,112.6526,113.2134,112.4718,112.8732,82999
2021-02-04,FXBET,112.9834,114.2105,112.6194,114.1651,60589
2021-02-05,FXBET,114.1063,115.8250,113.9023,115.3133,78034
2021-02-08,FXBET,115.9199,116.1884,114.9351,115.4040,70978
2021-02-09,FXBET,115.0622,116.3171,114.8189,116.1159,69326
2021-02-10,FXBET,116.2609,119.6966,115.9078,119.1097,25611
2021-02-11,FXBET,119.6678,120.6783,115.4720,115.9897,45818
2021-02-12,FXBET,116.1899,116.5733,114.1157,114.1652,95835
2021-02-15,FXBET,114.2262,114.4747,113.1363,113.6544,77461
2021-02-16,FXBET,114.3119,115.0439,113.7676,114.1276,82639
2021-02-17,FXBET,114.9308,115.2230,113.4198,113.4919,34068
2021-02-18,FXBET,113.5012,115.0655,113.1247,114.7749,43505
2021-02-19,FXBET,114.3820,114.5856,113.2138,113.5482,80852
2021-02-22,FXBET,112.9060,113.1361,110.4353,110.9025,53909
2021-02-23,FXBET,110.5741,110.6712,109.4963,109.8509,69674
2021-02-24,FXBET,109.8565,110.4332,108.5013,109.3114,80673
2021-02-25,FXBET,109.6159,110.7373,109.3898,110.2356,29273
2021-02-26,FXBET,109.9394,109.9998,109.3730,109.8759,28860
2021-03-01,FXBET,110.0884,111.6827,109.5014,111.5087,23671
2021-03-02,FXBET,112.0089,112.5946,110.5306,110.9334,79858
2021-03-03,FXBET,110.9907,111.0548,110.1987,110.3261,58067
2021-03-04,FXBET,109.8396,110.4787,109.5952,110.2565,59895
2021-03-05,FXBET,110.4198,110.8868,108.3412,108.6177,89898
2021-03-08,FXBET,108.8949,109.1381,107.0682,108.0734,94533
2021-03-09,FXBET,108.2285,110.1496,107.8995,110.1236,56130
2021-03-10,FXBET,110.2276,111.1460,110.1257,111.0592,23225
2021-03-11,FXBET,110.7154,112.8372,110.3161,112.4439,58046
2021-03-12,FXBET,112.6349,112.7111,110.7607,110.8799,39342
2021-03-15,FXBET,110.6796,110.7607,109.5579,110.0805,68977
2021-03-16,FXBET,110.4345,110.7176,109.7273,110.2694,68373
2021-03-17,FXBET,109.4788,110.4639,109.2949,110.0521,67198
2021-03-18,FXBET,109.6790,110.2273,108.3416,108.6871,98328
2021-03-19,FXBET,108.3877,110.7278,108.3235,110.5891,73863
2021-03-22,FXBET,109.8208,110.6527,109.7347,110.2053,97147
2021-03-23,FXBET,110.0839,112.2650,109.9906,112.0947,96120
2021-03-24,FXBET,112.0700,113.6737,111.5340,113.5850,21101
2021-03-25,FXBET,113.3758,113.4958,111.6769,112.0933,55599
2021-03-26,FXBET,111.9779,112.2570,111.8616,112.1642,63444
2021-03-29,FXBET,111.8096,112.4634,109.8330,110.3752,67119
2021-03-30,FXBET,109.8429,110.0996,108.9207,109.4061,27164
2021-03-31,FXBET,109.4488,109.9470,108.9261,109.0961,22943
2021-04-01,FXBET,109.0641,109.5014,106.4183,106.6627,44312
2021-04-02,FXBET,107.3879,107.9605,104.1702,104.3531,80390
2021-04-05,FXBET,104.0682,107.5472,103.9276,107.4725,77589
2021-04-06,FXBET,106.8887,107.9080,106.1164,107.6109,58925
2021-04-07,FXBET,108.2336,108.2760,105.4248,106.6020,62968
2021-04-08,FXBET,106.5335,106.9527,106.3553,106.7890,30402
2021-04-09,FXBET,105.9690,106.2986,104.1133,104.1325,56006
2021-04-12,FXBET,104.0614,105.6053,103.8327,105.5876,79678
2021-04-13,FXBET,106.0488,106.5755,105.1037,105.3910,67086
2021-04-14,FXBET,105.5119,105.9499,104.7188,105.0900,53159
2021-04-15,FXBET,104.9373,105.0196,103.8619,104.3431,78525
2021-04-16,FXBET,103.9828,104.4660,100.1138,100.4161,44241
2021-04-19,FXBET,100.5108,100.6071,99.1444,99.6304,77694
2021-04-20,FXBET,99.7510,100.2366,98.8556,98.8713,98333
2021-04-21,FXBET,98.7168,99.2008,97.4779,97.7261,60626
2021-04-22,FXBET,97.7064,100.5176,96.9909,99.9030,38411
2021-04-23,FXBET,99.9442,99.9483,99.0965,99.2721,84706
2021-04-26,FXBET,99.0989,100.4026,98.9074,100.0414,86107
2021-04-27,FXBET,100.3022,103.0248,99.9444,102.7669,85433
2021-04-28,FXBET,102.6104,104.5163,102.1847,104.2704,32477
2021-04-29,FXBET,104.0382,105.4333,103.9119,105.0229,24887
2021-04-30,FXBET,105.4573,105.4824,105.2040,105.4781,38925
2021-05-03,FXBET,105.6125,107.5997,105.4898,107.1627,46985
2021-05-04,FXBET,106.8422,107.0200,105.1489,105.4390,25083
2021-05-05,FXBET,105.7723,107.0703,105.6154,106.8401,39770
2021-05-06,FXBET,107.4212,107.4322,106.1828,106.3404,58296
2021-05-07,FXBET,105.5323,108.2427,104.8506,107.9769,85818
2021-05-10,FXBET,108.5324,108.8337,107.3372,107.3515,48523
2021-05-11,FXBET,107.7496,107.7946,107.1563,107.3383,34882
2021-05-12,FXBET,108.0474,109.9419,107.7354,109.3580,39578
2021-05-13,FXBET,109.4431,111.2211,109.3959,110.6465,75122
2021-05-14,FXBET,110.4526,110.9102,108.4358,108.6269,66789
2021-05-17,FXBET,108.6398,109.2297,105.5103,105.7373,44908
2021-05-18,FXBET,106.5559,107.5875,106.5215,107.4727,66679
2021-05-19,FXBET,107.5089,108.0636,107.4358,107.5735,78732
2021-05-20,FXBET,107.3722,108.7430,106.6366,108.0761,66579
2021-05-21,FXBET,107.9493,108.0916,104.4772,104.7572,28961
2021-05-24,FXBET,104.8029,105.5709,102.2445,102.9642,64244
2021-05-25,FXBET,102.4743,105.1113,102.4688,104.5769,91590
2021-05-26,FXBET,104.7219,105.5705,104.4345,104.6502,57750
2021-05-27,FXBET,105.2087,106.7803,105.1517,106.6860,72503
2021-05-28,FXBET,107.3298,107.3425,106.7079,107.1848,29585
2021-05-31,FXBET,107.6475,108.0821,107.5268,107.6607,80199
2021-06-01,FXBET,108.5083,108.9991,107.8520,108.4231,70274
2021-06-02,FXBET,108.2342,108.3115,107.8360,108.0696,39374
2021-06-03,FXBET,108.3072,110.8701,108.2405,110.8366,26635
2021-06-04,FXBET,111.3047,111.4512,108.3122,108.3984,80285
2021-06-07,FXBET,108.1740,108.8196,107.4165,108.7779,34819
2021-06-08,FXBET,109.5036,110.6337,109.0153,109.5169,75026
2021-06-09,FXBET,109.1892,109.2973,107.3727,108.1074,20565
2021-06-10,FXBET,107.8135,110.0550,107.4894,109.4425,29811
2021-06-11,FXBET,110.0833,110.1673,108.9818,109.0243,42426
2021-06-14,FXBET,109.4419,113.5043,109.3995,112.6657,60544
2021-06-15,FXBET,113.3115,113.4570,110.0196,110.1689,47040
2021-06-16,FXBET,109.8732,111.9798,109.4872,111.8722,39569
2021-06-17,FXBET,112.5200,112.5384,109.8142,109.8962,26494
2021-06-18,FXBET,109.7812,111.7244,109.7514,111.5008,80837
2021-06-21,FXBET,111.4578,112.7634,111.1162,112.1242,51322
2021-06-22,FXBET,111.7728,113.0561,111.6725,112.7982,60367
2021-06-23,FXBET,112.4706,113.3462,112.2934,113.3417,30851
2021-06-24,FXBET,113.8822,113.9069,112.9629,113.0169,26783
2021-06-25,FXBET,113.1167,113.7554,112.9856,113.4240,77973
2021-06-28,FXBET,113.3653,113.8527,112.1444,113.2904,56810
2021-06-29,FXBET,112.7089,113.3053,110.7346,110.7728,83444
2021-06-30,FXBET,110.6339,112.2046,110.0884,111.9529,94353
2021-07-01,FXBET,111.8789,112.0582,111.0417,111.0653,90585
2021-07-02,FXBET,110.6560,111.8588,110.3366,111.7918,37020
2021-07-05,FXBET,112.4809,112.8959,112.1181,112.5868,56269
2021-07-06,FXBET,112.1802,114.9192,111.5488,114.4984,29025
2021-07-07,FXBET,114.7573,115.1919,114.2175,114.7046,91886
2021-07-08,FXBET,114.4748,116.2043,114.0996,116.1039,42431
2021-07-09,FXBET,115.9365,117.1445,115.5217,116.4348,31340
2021-07-12,FXBET,116.5280,117.7609,115.1362,115.8164,96327
2021-07-13,FXBET,115.8325,116.3031,114.1182,114.7068,97039
2021-07-14,FXBET,114.8207,115.8626,114.7923,115.1837,36445
2021-07-15,FXBET,115.4589,116.4974,114.4084,114.8259,51941
2021-07-16,FXBET,114.4494,114.8056,113.3015,113.7703,78887
2021-07-19,FXBET,114.8237,115.2659,111.7787,112.4277,85849
2021-07-20,FXBET,112.5372,113.0646,112.1270,112.5417,67181
2021-07-21,FXBET,113.0268,113.0475,112.2789,112.5383,71334
2021-07-22,FXBET,111.6575,111.7185,110.1515,110.1682,87232
2021-07-23,FXBET,110.1599,110.7740,109.4754,110.6150,72576
2021-07-26,FXBET,110.4170,111.7099,110.2016,110.9405,79176
2021-07-27,FXBET,110.6733,112.0558,110.4453,110.9332,75928
2021-07-28,FXBET,110.5934,110.6148,106.6332,107.5219,61425
2021-07-29,FXBET,107.3740,107.4195,105.6399,105.8150,89091
2021-07-30,FXBET,105.9585,106.2657,103.1336,103.1958,30688
2021-08-02,FXBET,103.2541,104.1715,102.5912,103.6128,71422
2021-08-03,FXBET,103.6438,104.3577,103.4578,104.0955,44696
2021-08-04,FXBET,103.7653,103.8333,101.8487,101.9661,68457
2021-08-05,FXBET,102.0979,103.2004,101.4829,102.8873,77589
2021-08-06,FXBET,103.1263,103.2232,101.8903,101.9312,23110
2021-08-09,FXBET,101.6857,101.9064,99.1601,99.2060,41396
2021-08-10,FXBET,99.0673,99.7577,98.5319,99.6355,54687
2021-08-11,FXBET,100.2258,100.9346,99.2776,100.5049,25284
2021-08-12,FXBET,100.5539,100.8536,97.9651,98.1037,51592
2021-08-13,FXBET,98.2309,98.5227,97.8078,98.0003,21308
2021-08-16,FXBET,98.2298,98.6357,97.2524,97.2729,95732
2021-08-17,FXBET,97.2778,97.4951,96.5341,96.7990,64152
2021-08-18,FXBET,97.1364,97.2886,95.5990,96.3397,56094
2021-08-19,FXBET,96.3671,96.4644,94.2328,94.3175,92391
2021-08-20,FXBET,93.8907,95.0255,93.4458,94.4121,42446
2021-08-23,FXBET,93.8678,94.6227,93.7086,94.1709,38207
2021-08-24,FXBET,94.5532,94.5830,92.7578,92.9527,72290
2021-08-25,FXBET,93.1099,94.9570,93.0062,94.4510,92873
2021-08-26,FXBET,93.8978,94.1565,92.4378,93.0310,69331
2021-08-27,FXBET,93.6830,93.8736,91.4202,91.9612,51253
2021-08-30,FXBET,91.9699,94.4024,91.9064,94.3412,88320
2021-08-31,FXBET,94.5512,96.7498,94.5185,96.0869,90302
2021-09-01,FXBET,96.0827,97.2799,95.8272,97.1944,64826
2021-09-02,FXBET,97.2750,97.5261,97.0235,97.3955,82063
2021-09-03,FXBET,97.8815,98.0074,96.2083,96.5359,97733
2021-09-06,FXBET,95.9912,96.4318,95.5313,95.7311,62289
2021-09-07,FXBET,95.2933,95.4603,94.2431,94.5517,42752
2021-09-08,FXBET,95.2999,95.3382,95.0552,95.2910,33377
2021-09-09,FXBET,95.9236,96.8046,94.1291,94.6004,92111
2021-09-10,FXBET,94.3977,94.4375,92.4173,92.5426,88939
2021-09-13,FXBET,92.5940,92.8767,90.8932,91.0430,70905
2021-09-14,FXBET,91.6138,91.8294,90.1410,90.5123,74445
2021-09-15,FXBET,89.6053,92.9638,89.1838,92.8718,21789
2021-09-16,FXBET,93.2351,93.4296,93.0611,93.3109,45206
2021-09-17,FXBET,93.2348,93.4022,92.5905,92.8917,97545
2021-09-20,FXBET,93.7038,94.3250,93.1783,94.2106,31386
2021-09-21,FXBET,94.8292,95.5966,94.2228,94.6768,50215
2021-09-22,FXBET,95.1405,96.2847,94.8649,96.1978,28342
2021-09-23,FXBET,96.3137,96.7845,94.7813,94.8655,39841
2021-09-24,FXBET,94.7446,95.2531,92.3276,92.9386,35368
2021-09-27,FXBET,93.1640,93.4939,92.4285,92.6503,48096
2021-09-28,FXBET,93.1355,94.3321,92.6679,94.2311,81905
2021-09-29,FXBET,94.4244,94.8537,93.1901,94.0009,93815
2021-09-30,FXBET,94.2874,94.3573,92.7083,92.7832,83814
2021-10-01,FXBET,92.9182,93.8726,91.9453,92.0465,63101
2021-10-04,FXBET,91.8915,92.0825,90.7247,90.8098,56795
2021-10-05,FXBET,90.4385,92.4812,90.0271,92.1878,27074
2021-10-06,FXBET,91.9154,92.2112,90.5081,90.9421,50554
2021-10-07,FXBET,90.3200,90.6367,89.9465,89.9850,32435
2021-10-08,FXBET,89.9558,90.4489,89.0908,89.2678,33442
2021-10-11,FXBET,88.9063,88.9755,88.7080,88.9027,83860
2021-10-12,FXBET,89.3729,89.3730,86.7340,87.3106,32639
2021-10-13,FXBET,87.4620,90.2374,87.3536,89.9997,22880
2021-10-14,FXBET,90.1257,90.4384,89.4494,89.7603,43061
2021-10-15,FXBET,89.5798,90.3537,88.5499,89.0776,61514
2021-10-18,FXBET,88.7284,91.1785,88.4096,90.9246,25093
2021-10-19,FXBET,90.8763,91.9378,90.7426,91.3862,37917
2021-10-20,FXBET,91.1230,91.8536,90.9436,91.6748,37941
2021-10-21,FXBET,91.5774,92.8643,91.4961,92.6722,55503
2021-10-22,FXBET,92.8321,93.4046,91.1043,91.2913,91994
2021-10-25,FXBET,91.0136,91.8347,90.8924,91.5680,79095
2021-10-26,FXBET,91.4686,92.2995,91.3685,91.7036,97885
2021-10-27,FXBET,92.2611,92.3229,90.9814,91.2448,37898
2021-10-28,FXBET,90.7412,92.6294,90.6210,92.3965,33270
2021-10-29,FXBET,92.5099,94.6692,91.9927,94.5355,48261
2021-11-01,FXBET,94.8472,95.0833,93.1608,93.3468,97929
2021-11-02,FXBET,93.8791,95.1268,93.8160,94.8880,42507
2021-11-03,FXBET,94.6562,97.5677,94.5030,96.9453,99665
2021-11-04,FXBET,96.7154,99.0588,96.3015,98.6860,96032
2021-11-05,FXBET,97.9569,98.2191,95.8237,96.6129,30298
2021-11-08,FXBET,97.1520,97.5342,96.2391,96.3686,80843
2021-11-09,FXBET,95.7125,95.7239,94.6516,95.0691,48545
2021-11-10,FXBET,94.9279,95.0783,94.6905,94.8666,93558
2021-11-11,FXBET,94.2473,95.4782,93.7255,94.9260,23749
2021-11-12,FXBET,94.1724,94.2846,93.4165,93.8892,26745
2021-11-15,FXBET,93.3637,95.1590,93.2522,94.4974,93734
2021-11-16,FXBET,94.2511,95.4570,93.6133,95.3339,62320
2021-11-17,FXBET,95.3248,96.3856,95.1412,96.3297,75905
2021-11-18,FXBET,96.8001,97.1350,95.5080,96.2319,89023
2021-11-19,FXBET,95.2272,97.8156,95.1767,97.4565,74293
2021-11-22,FXBET,97.6957,98.1993,97.4089,97.8030,46872
2021-11-23,FXBET,97.4566,99.9037,97.3326,99.6847,22285
2021-11-24,FXBET,99.3346,99.3895,99.2694,99.2964,94134
2021-11-25,FXBET,99.2888,100.9517,98.9208,100.7341,81263
2021-11-26,FXBET,100.1374,100.5388,98.7717,99.4402,92557
2021-11-29,FXBET,99.9456,99.9886,97.9809,98.3073,91398
2021-11-30,FXBET,97.7465,100.0968,97.1863,99.9192,44530
2021-12-01,FXBET,99.5707,100.0532,98.5812,99.1257,58607
2021-12-02,FXBET,99.5181,101.7656,99.0006,101.6587,64272
2021-12-03,FXBET,101.8823,102.7430,101.6829,102.2376,78906
2021-12-06,FXBET,102.7564,103.8092,100.9156,100.9658,93116
2021-12-07,FXBET,100.6392,101.5384,100.2797,101.2426,40886
2021-12-08,FXBET,101.3869,104.3852,101.1763,104.1511,20607
2021-12-09,FXBET,103.9295,104.3419,101.9859,102.3800,56238
2021-12-10,FXBET,102.7959,103.4713,101.8653,101.9350,72466
2021-12-13,FXBET,101.9493,102.2288,100.9381,100.9560,95398
2021-12-14,FXBET,100.7785,101.2123,99.6095,101.1752,30786
2021-12-15,FXBET,100.7410,102.6709,100.3670,102.3157,22667
2021-12-16,FXBET,102.4460,103.7324,101.7848,103.3820,68313
2021-12-17,FXBET,102.9117,105.6673,102.6256,104.9380,46650
2021-12-20,FXBET,104.7673,106.5279,104.4210,106.4732,57254
2021-12-21,FXBET,106.3673,109.5414,106.0535,108.5339,61366
2021-12-22,FXBET,108.9634,110.9962,108.5808,109.6808,67276
2021-12-23,FXBET,108.9145,110.9007,108.3467,110.4098,58897
2021-12-24,FXBET,110.3597,110.7281,108.7293,109.2790,23088
2021-12-27,FXBET,108.9989,109.6414,108.9558,109.5812,85874
2021-12-28,FXBET,109.2291,110.6037,108.5603,110.0966,78838
2021-12-29,FXBET,110.5717,112.4873,110.0326,112.3224,71303
2021-12-30,FXBET,112.7314,113.4454,111.6687,111.9800,77590
2021-12-31,FXBET,111.7373,115.5049,111.3967,115.2688,33007
2022-01-03,FXBET,115.8640,116.0950,113.3070,113.6208,79327
2022-01-04,FXBET,113.7364,116.3151,113.0925,116.2108,55917
2022-01-05,FXBET,115.7995,116.4250,114.4594,114.4657,63345
2022-01-06,FXBET,114.0593,114.6065,112.3677,112.4689,72158
2022-01-07,FXBET,112.5036,112.5691,109.0876,109.8845,27604
2022-01-10,FXBET,109.8424,110.4581,109.5908,110.4028,41288
2022-01-11,FXBET,110.3366,111.9158,110.1456,111.1776,80587
2022-01-12,FXBET,111.4756,111.7682,110.0166,111.1129,97640
2022-01-13,FXBET,111.5212,111.5528,110.3794,110.4617,28402
2022-01-14,FXBET,110.0375,110.2714,109.1648,109.3402,30318
2022-01-17,FXBET,109.3130,109.5049,108.2443,108.3561,96175
2022-01-18,FXBET,107.8818,108.0981,105.2157,105.7603,28395
2022-01-19,FXBET,105.3173,106.6363,104.8899,105.9136,85907
2022-01-20,FXBET,105.4725,105.8675,105.2986,105.7988,49311
2022-01-21,FXBET,106.5311,106.6196,104.3374,104.4568,32194
2022-01-24,FXBET,104.3626,104.6519,102.2740,102.4708,53792
2022-01-25,FXBET,102.7733,104.1132,102.6718,103.6994,80933
2022-01-26,FXBET,103.2999,106.4133,103.1784,105.9691,91612
2022-01-27,FXBET,106.0501,106.1593,104.8980,105.0400,42746
2022-01-28,FXBET,104.9293,105.6655,104.6939,105.4447,93293
2022-01-31,FXBET,105.8030,106.6688,104.6915,104.9447,77699
2022-02-01,FXBET,105.1784,105.7458,104.5620,104.6646,28164
2022-02-02,FXBET,105.2410,105.9174,104.6978,105.7640,84088
2022-02-03,FXBET,105.5807,105.8955,103.5449,103.9979,68358
2022-02-04,FXBET,103.7268,104.0383,102.5803,103.0001,74394
2022-02-07,FXBET,103.3970,104.6538,102.0981,102.4638,87477
2022-02-08,FXBET,103.4918,105.3936,103.2674,105.0610,20032
2022-02-09,FXBET,105.2185,105.2886,103.2954,103.3708,97849
2022-02-10,FXBET,103.3921,103.5744,102.6219,102.6508,54535
2022-02-11,FXBET,102.5782,102.5911,101.7626,101.9974,24637
2022-02-14,FXBET,102.3930,103.7709,101.9414,103.7356,38133
2022-02-15,FXBET,104.0735,104.5350,103.0226,103.5090,50692
2022-02-16,FXBET,103.0573,105.0920,103.0260,104.9304,22122
2022-02-17,FXBET,105.2237,105.4694,103.5588,103.6062,34717
2022-02-18,FXBET,103.3552,105.8605,103.1691,105.5434,91935
2022-02-21,FXBET,105.3487,107.6585,105.0800,107.1323,40439
2022-02-22,FXBET,106.9182,107.8936,106.9105,107.4870,59699
2022-02-23,FXBET,106.8157,107.3676,106.6789,107.2728,68142
2022-02-24,FXBET,107.4086,107.6501,103.5336,103.5943,43946
2022-02-25,FXBET,103.1549,104.9405,102.8090,104.5380,51874
2022-02-28,FXBET,104.2976,106.7401,103.8091,105.7237,34619
2022-03-01,FXBET,105.2614,105.5063,103.6792,104.1132,50468
2022-03-02,FXBET,103.5011,104.2754,103.3196,104.0808,43719
2022-03-03,FXBET,103.7157,103.9642,102.8520,103.2840,82212
2022-03-04,FXBET,103.4364,103.6072,101.4796,102.0665,70925
2022-03-07,FXBET,101.7656,102.7528,101.7550,102.5911,53749
2022-03-08,FXBET,102.5187,102.6638,100.9679,102.0934,78842
2022-03-09,FXBET,101.9588,102.6460,100.8902,101.2094,75705
2022-03-10,FXBET,101.1067,101.6210,100.3857,100.7756,85821
2022-03-11,FXBET,101.2315,101.8171,100.0073,100.0948,65005
2022-03-14,FXBET,99.3421,101.2389,98.6728,101.0399,94735
2022-03-15,FXBET,101.5548,101.9602,100.1490,100.1588,88713
2022-03-16,FXBET,99.5355,100.7829,99.4263,100.7631,72090
2022-03-17,FXBET,100.9789,101.2646,100.9662,101.1599,92962
2022-03-18,FXBET,101.5708,101.9396,99.3866,99.6393,67278
2022-03-21,FXBET,100.0754,100.6067,99.4611,99.8456,62199
2022-03-22,FXBET,100.0534,101.5809,99.7003,101.4481,65988
2022-03-23,FXBET,101.6649,102.0501,98.5608,98.7462,75913
2022-03-24,FXBET,98.9354,99.4210,95.1952,95.4579,91186
2022-03-25,FXBET,95.4837,95.7189,93.9482,94.2379,31939
2022-03-28,FXBET,94.4546,94.8250,92.9705,93.5411,20538
2022-03-29,FXBET,93.0404,94.0314,92.9794,93.8929,26737
2022-03-30,FXBET,94.0313,94.1803,94.0181,94.0980,29688
2022-03-31,FXBET,93.5117,94.4102,93.1680,94.3693,40491
2022-04-01,FXBET,94.4582,94.4861,93.1007,93.1204,93041
2022-04-04,FXBET,93.6211,93.6779,92.0769,92.3148,45228
2022-04-05,FXBET,92.5783,93.8218,92.3283,93.6196,38468
2022-04-06,FXBET,93.5442,93.8608,93.3523,93.8212,76213
2022-04-07,FXBET,93.3872,93.7582,91.9731,92.5658,88656
2022-04-08,FXBET,92.7123,92.9426,92.2113,92.3015,56969
2022-04-11,FXBET,92.4068,92.8481,89.6941,89.9950,28064
2022-04-12,FXBET,89.9249,90.0528,89.7069,89.9262,72556
2022-04-13,FXBET,90.0380,90.2159,89.9702,90.1615,36840
2022-04-14,FXBET,90.1774,90.2711,89.2505,89.4306,58555
2022-04-15,FXBET,88.9596,90.4163,88.3468,89.9321,80881
2022-04-18,FXBET,90.2676,90.3633,89.0823,89.5224,59580
2022-04-19,FXBET,89.7965,90.0508,88.1637,88.5438,42407
2022-04-20,FXBET,89.2671,89.4886,87.5017,87.7213,93292
2022-04-21,FXBET,87.0505,87.4544,86.5261,87.3576,38403
2022-04-22,FXBET,86.8477,87.0145,86.6516,86.7743,65052
2022-04-25,FXBET,86.5868,86.6227,85.4626,86.0010,72135
2022-04-26,FXBET,86.1295,86.3542,83.8280,84.4910,36258
2022-04-27,FXBET,84.2867,84.7435,83.8197,84.3589,31828
2022-04-28,FXBET,84.3538,84.8730,84.3480,84.6598,75860
2022-04-29,FXBET,84.6663,86.9132,84.6594,86.5309,78406
2022-05-02,FXBET,86.1220,86.6164,85.2097,85.6050,31721
2022-05-03,FXBET,85.4921,85.6874,83.9428,84.4393,39425
2022-05-04,FXBET,84.2556,85.0124,84.1500,84.8090,96168
2022-05-05,FXBET,84.4577,84.8193,84.3605,84.7888,64788
2022-05-06,FXBET,85.7718,85.8152,84.1004,84.3544,40108
2022-05-09,FXBET,84.6852,84.9135,83.5802,83.9515,41512
2022-05-10,FXBET,83.5784,86.2649,83.5447,85.6981,64237
2022-05-11,FXBET,85.1666,85.4155,82.2420,82.3551,44818
2022-05-12,FXBET,82.1595,82.6789,81.3685,81.9182,54114
2022-05-13,FXBET,81.4769,81.5206,80.3268,80.6543,26884
2022-05-16,FXBET,80.9596,81.1500,78.9385,79.4728,41098
2022-05-17,FXBET,79.2623,79.9961,78.9897,79.8667,58918
2022-05-18,FXBET,79.5177,79.7579,78.1725,78.2371,74535
2022-05-19,FXBET,78.6903,78.8876,78.2512,78.4027,62867
2022-05-20,FXBET,78.8194,79.6511,78.6416,79.3644,41802
2022-05-23,FXBET,79.6552,79.9918,78.7341,78.7902,86650
2022-05-24,FXBET,78.7893,79.5633,78.7774,79.3809,74828
2022-05-25,FXBET,79.3995,80.2188,78.8954,80.1490,43339
2022-05-26,FXBET,79.9134,80.0379,77.5461,78.2185,82431
2022-05-27,FXBET,78.8337,80.4468,78.6131,80.3376,52815
2022-05-30,FXBET,80.7437,80.8446,80.4992,80.7781,71614
2022-05-31,FXBET,80.8697,81.0902,80.8682,80.9883,53162
2022-06-01,FXBET,81.1128,82.1831,81.0258,81.9181,71765
2022-06-02,FXBET,81.7941,82.3964,81.2758,82.1890,48778
2022-06-03,FXBET,81.8054,82.4174,81.7776,82.2830,88667
2022-06-06,FXBET,82.3045,83.1941,82.1577,82.7955,56999
2022-06-07,FXBET,82.3970,82.9147,81.0130,81.3493,61148
2022-06-08,FXBET,81.2486,81.4144,80.6006,81.3724,33289
2022-06-09,FXBET,81.2682,81.3724,80.6169,80.9367,55276
2022-06-10,FXBET,80.3521,80.5765,80.0318,80.1699,24861
2022-06-13,FXBET,80.4592,81.0250,79.7729,79.7887,21510
2022-06-14,FXBET,79.5274,79.7233,78.9839,79.5652,50414
2022-06-15,FXBET,79.6759,80.2967,79.3931,79.5535,43793
2022-06-16,FXBET,79.1167,79.9266,78.8981,79.8533,28455
2022-06-17,FXBET,80.1695,80.4111,78.4326,78.7122,77613
2022-06-20,FXBET,78.5942,81.0952,77.9536,80.9416,82297
2022-06-21,FXBET,80.8866,81.5487,79.0145,79.2335,87179
2022-06-22,FXBET,78.8435,80.0772,78.3357,79.5059,44089
2022-06-23,FXBET,79.5740,80.0617,78.6029,78.6822,36706
2022-06-24,FXBET,78.6993,78.7850,78.3184,78.4431,81715
2022-06-27,FXBET,77.8696,77.9758,76.4683,76.6066,43428
2022-06-28,FXBET,76.7346,79.0239,76.7019,78.8541,89371
2022-06-29,FXBET,78.6876,80.6193,78.2601,80.2464,43406
2022-06-30,FXBET,80.4115,80.5413,79.4099,79.4831,53633
2022-07-01,FXBET,79.8379,80.1412,79.6891,80.1181,52213
2022-07-04,FXBET,80.2160,80.5566,79.2464,79.5219,53307
2022-07-05,FXBET,79.8698,80.4342,78.2507,78.3066,93549
2022-07-06,FXBET,78.1623,79.6903,78.0108,79.4677,51229
2022-07-07,FXBET,79.6513,79.9101,79.2242,79.4580,45237
2022-07-08,FXBET,79.5654,79.7968,79.0512,79.3918,62396
2022-07-11,FXBET,79.1728,82.0860,78.8138,81.5975,27073
2022-07-12,FXBET,80.7889,82.7446,80.6087,82.6404,35463
2022-07-13,FXBET,82.4852,83.2132,82.1817,82.5962,95456
2022-07-14,FXBET,82.0542,84.0069,81.6414,83.8561,58180
2022-07-15,FXBET,83.8176,84.5886,81.0265,81.2427,88396
2022-07-18,FXBET,81.7008,81.8609,80.6014,80.8576,53764
2022-07-19,FXBET,80.6660,81.0150,79.1950,79.3492,96315
2022-07-20,FXBET,79.5891,80.3187,78.7917,78.8506,79073
2022-07-21,FXBET,78.5767,81.7719,78.5307,81.5115,74319
2022-07-22,FXBET,81.7040,83.4547,81.0269,82.9966,27674
2022-07-25,FXBET,83.4207,84.5878,83.1916,84.4084,21232
2022-07-26,FXBET,84.5806,84.8070,84.2172,84.3148,83683
2022-07-27,FXBET,84.3402,85.1066,84.0390,84.5479,79219
2022-07-28,FXBET,84.5646,84.8720,84.4000,84.4266,43931
2022-07-29,FXBET,83.9599,84.1564,83.1923,83.6888,55655
2022-08-01,FXBET,83.7732,84.0961,83.5978,83.6170,86003
2022-08-02,FXBET,84.1389,84.3204,83.5738,83.8353,48243
2022-08-03,FXBET,84.5277,84.6496,81.9408,82.3999,75295
2022-08-04,FXBET,82.4715,83.2023,82.0890,83.1802,52161
2022-08-05,FXBET,83.3716,83.8770,81.9954,82.4651,32064
2022-08-08,FXBET,81.9262,83.0202,81.4220,82.9573,40172
2022-08-09,FXBET,83.1585,83.3381,82.9866,83.0657,30103
2022-08-10,FXBET,83.3600,83.6018,81.3607,81.8860,83623
2022-08-11,FXBET,81.6664,82.5330,81.4467,81.9520,33889
2022-08-12,FXBET,81.3185,82.1808,81.2504,81.9421,46427
2022-08-15,FXBET,81.7616,81.9840,79.2709,80.0286,40338
2022-08-16,FXBET,79.5331,80.6082,79.4220,80.2497,38658
2022-08-17,FXBET,80.1806,80.6612,79.2503,79.5986,87821
2022-08-18,FXBET,79.2056,79.2427,78.4595,78.7986,35825
2022-08-19,FXBET,79.0540,79.1495,78.6125,78.9454,80413
2022-08-22,FXBET,79.2116,79.6375,76.8476,77.1305,37285
2022-08-23,FXBET,76.7351,76.8709,76.4235,76.7871,40050
2022-08-24,FXBET,77.5295,78.4307,75.8914,76.5501,72587
2022-08-25,FXBET,76.5991,76.9117,75.8133,75.8689,26984
2022-08-26,FXBET,76.1003,76.5948,74.3607,74.7959,89747
2022-08-29,FXBET,74.8112,74.9582,73.8667,74.1626,98903
2022-08-30,FXBET,74.4137,74.7096,74.3449,74.4830,49610
2022-08-31,FXBET,74.1721,74.7303,73.1617,73.3856,90939
2022-09-01,FXBET,73.1611,74.7964,73.0154,74.5522,25826
2022-09-02,FXBET,74.5113,74.5497,74.3263,74.3324,74469
2022-09-05,FXBET,74.2770,74.5074,73.9642,74.0281,76475
2022-09-06,FXBET,74.0953,74.1994,73.5888,73.5978,29239
2022-09-07,FXBET,73.2021,73.8351,72.9761,73.0189,60611
2022-09-08,FXBET,73.2546,73.9650,73.0596,73.1769,97910
2022-09-09,FXBET,73.2197,73.8661,71.9023,72.0473,33718
2022-09-12,FXBET,72.3461,72.6889,72.0174,72.3069,94513
2022-09-13,FXBET,72.1206,73.5903,71.6902,73.4737,41807
2022-09-14,FXBET,73.3682,73.8282,72.8581,73.1922,37565
2022-09-15,FXBET,72.8236,73.2198,72.3512,72.6121,62155
2022-09-16,FXBET,72.8461,72.9485,72.0437,72.4112,90238
2022-09-19,FXBET,72.3123,74.2647,72.0800,74.0316,98009
2022-09-20,FXBET,74.0871,74.6203,73.3236,73.5711,28678
2022-09-21,FXBET,73.2969,73.6122,71.9386,72.0397,48616
2022-09-22,FXBET,72.0522,74.9846,72.0075,74.7057,81298
2022-09-23,FXBET,74.8282,74.8472,73.6063,73.9205,67064
2022-09-26,FXBET,73.6231,73.8066,71.9460,72.0417,49389
2022-09-27,FXBET,72.0168,72.2561,71.8231,71.8807,97505
2022-09-28,FXBET,72.1183,72.5808,70.2938,70.7002,32148
2022-09-29,FXBET,70.3475,70.5177,70.3003,70.4897,55878
2022-09-30,FXBET,70.4487,70.9769,69.6725,69.7472,23131
2022-10-03,FXBET,69.6304,69.7790,69.0150,69.0726,21940
2022-10-04,FXBET,69.2612,69.8902,69.0005,69.4019,99055
2022-10-05,FXBET,69.2663,69.2960,68.0042,68.3016,46687
2022-10-06,FXBET,68.1590,68.6673,67.6434,68.4867,36388
2022-10-07,FXBET,68.7029,69.7495,68.3065,69.6106,44220
2022-10-10,FXBET,69.8839,70.3017,69.6967,69.8738,83176
2022-10-11,FXBET,69.6503,71.6371,69.5608,71.4065,90259
2022-10-12,FXBET,71.5486,72.4744,71.3773,72.2288,86672
2022-10-13,FXBET,72.9472,73.2039,72.6783,72.8868,81731
2022-10-14,FXBET,72.9815,72.9915,72.7271,72.9366,95362
2022-10-17,FXBET,72.7935,74.3615,72.3262,73.9725,61085
2022-10-18,FXBET,74.0754,74.1128,73.6268,73.7826,89953
2022-10-19,FXBET,73.8260,75.0092,73.4952,74.5208,25596
2022-10-20,FXBET,74.8004,74.9158,73.2929,73.5632,68145
2022-10-21,FXBET,73.8365,74.1859,73.4295,73.5960,57797
2022-10-24,FXBET,73.5990,75.7403,73.4977,75.3474,69961
2022-10-25,FXBET,75.6086,75.6595,74.3532,74.7258,27569
2022-10-26,FXBET,75.0114,75.1842,73.0788,73.1728,32811
2022-10-27,FXBET,73.0844,73.1483,72.9115,73.0139,98986
2022-10-28,FXBET,72.7495,72.7569,72.6078,72.6365,71606
2022-10-31,FXBET,72.6539,73.4878,72.3760,73.3224,68653
2022-11-01,FXBET,73.1608,74.0740,72.8865,73.9546,95409
2022-11-02,FXBET,73.7810,74.1792,73.4671,73.7056,32258
2022-11-03,FXBET,73.8443,74.0554,72.0401,72.0450,50889
2022-11-04,FXBET,71.8011,71.8056,71.0497,71.4135,48164
2022-11-07,FXBET,71.0955,71.8845,70.5422,71.6614,98696
2022-11-08,FXBET,71.4171,73.8270,71.1516,73.6727,95236
2022-11-09,FXBET,73.8854,74.5881,73.8300,74.5645,31935
2022-11-10,FXBET,74.5669,74.6229,72.2784,72.4992,75428
2022-11-11,FXBET,72.3917,73.4984,72.0799,73.1771,93325
2022-11-14,FXBET,73.0781,73.3684,71.0629,71.6686,41953
2022-11-15,FXBET,71.7099,71.8945,70.1524,70.3544,83198
2022-11-16,FXBET,70.1669,71.2379,70.1099,70.9954,28111
2022-11-17,FXBET,70.9172,71.1548,68.2503,68.7321,42699
2022-11-18,FXBET,68.6545,69.0519,68.4275,68.5111,85502
2022-11-21,FXBET,68.4189,69.1048,68.3236,68.6508,34027
2022-11-22,FXBET,68.4231,68.6409,67.6061,67.8113,51872
2022-11-23,FXBET,68.1472,68.2435,67.7780,68.0869,70077
2022-11-24,FXBET,68.4435,68.7904,67.7395,67.9702,38221
2022-11-25,FXBET,68.3262,69.0215,67.9601,68.5887,59407
2022-11-28,FXBET,68.8199,70.3477,68.6448,70.0030,25234
2022-11-29,FXBET,69.6508,70.1633,69.0036,69.1510,53899
2022-11-30,FXBET,69.0746,69.0861,68.5575,68.6917,48393
2022-12-01,FXBET,68.3725,68.7623,67.1387,67.1924,25690
2022-12-02,FXBET,67.0954,67.3120,66.7724,66.9003,54509
2022-12-05,FXBET,66.6340,66.6386,65.5461,65.6877,22704
2022-12-06,FXBET,65.7557,67.9897,65.4138,67.8605,55567
2022-12-07,FXBET,67.8019,68.1237,67.1181,67.1756,83075
2022-12-08,FXBET,67.3758,67.4130,66.3823,66.7758,93089
2022-12-09,FXBET,66.2687,66.4499,66.0394,66.3827,37599
2022-12-12,FXBET,66.4002,66.5811,64.9670,65.0556,34344
2022-12-13,FXBET,65.1286,65.7007,64.8468,65.5806,35834
2022-12-14,FXBET,65.4547,65.6047,63.7918,63.9067,93732
2022-12-15,FXBET,63.7563,65.5772,63.7104,65.3515,95555
2022-12-16,FXBET,65.4386,65.5762,64.5768,64.8839,29459
2022-12-19,FXBET,64.3398,64.5286,63.6443,63.8469,20348
2022-12-20,FXBET,64.0717,65.3391,63.7990,64.8353,42396
2022-12-21,FXBET,65.5749,66.2030,65.4327,65.8592,42940
2022-12-22,FXBET,65.9144,66.2451,64.9397,65.1541,69346
2022-12-23,FXBET,65.1027,65.2119,64.7976,64.9859,64976
2022-12-26,FXBET,65.2092,65.5954,63.6845,64.0249,80012
2022-12-27,FXBET,64.3239,64.5930,62.8924,63.2674,60782
2022-12-28,FXBET,63.5317,63.5951,62.1194,62.1297,78408
2022-12-29,FXBET,62.0533,62.1153,61.7481,61.7969,38566
2022-12-30,FXBET,61.5315,61.7862,61.4403,61.6961,83351
2023-01-02,FXBET,61.6732,62.4236,61.3740,62.1560,30291
2023-01-03,FXBET,62.1153,62.7091,61.9800,62.3654,77359
2023-01-04,FXBET,63.1774,63.2759,61.8363,62.0584,38980
2023-01-05,FXBET,62.4240,62.5043,61.1462,61.6195,62217
2023-01-06,FXBET,61.5242,61.9033,60.0011,60.4800,75778
2023-01-09,FXBET,60.6760,60.8698,60.3440,60.8414,79049
2023-01-10,FXBET,60.4697,60.6347,59.9386,60.1915,60698
2023-01-11,FXBET,60.6244,60.7512,60.5317,60.6429,25875
2023-01-12,FXBET,60.5604,60.6904,59.9522,60.2589,59614
2023-01-13,FXBET,60.2100,60.4868,59.4059,59.4857,66201
2023-01-16,FXBET,59.5680,59.6316,57.9383,58.3191,86140
2023-01-17,FXBET,58.4607,58.7285,57.8177,58.0738,49036
2023-01-18,FXBET,58.1411,58.6855,57.8736,58.1526,70619
2023-01-19,FXBET,58.2084,60.3097,58.0691,59.9740,23448
2023-01-20,FXBET,59.6552,59.7196,58.7061,58.8164,69334
2023-01-23,FXBET,59.0839,59.1117,58.8305,59.0839,62202
2023-01-24,FXBET,59.1124,60.0280,59.0797,59.4497,25693
2023-01-25,FXBET,59.3653,59.6417,59.1864,59.2002,78431
2023-01-26,FXBET,59.0391,60.2342,58.7625,59.9410,57447
2023-01-27,FXBET,59.9811,60.5437,59.9067,60.1506,54773
2023-01-30,FXBET,59.8541,60.2403,59.6634,59.9214,81990
2023-01-31,FXBET,59.5582,59.5876,58.0126,58.3936,76893
2023-02-01,FXBET,58.0662,58.8634,57.7796,58.8097,81486
2023-02-02,FXBET,58.8061,59.9969,58.4556,59.7185,53133
2023-02-03,FXBET,59.6509,61.7756,59.5732,61.6895,80755
2023-02-06,FXBET,61.8797,61.9377,61.1824,61.2580,57354
2023-02-07,FXBET,61.3083,61.5413,59.7653,60.0488,85205
2023-02-08,FXBET,59.9195,60.3878,58.4679,58.6318,88688
2023-02-09,FXBET,58.8614,59.2445,58.7084,58.9443,53878
2023-02-10,FXBET,58.9118,59.1369,56.9128,57.0885,37015
2023-02-13,FXBET,57.4021,57.6559,57.0540,57.1864,64326
2023-02-14,FXBET,57.0035,57.0066,55.8963,56.3913,86671
2023-02-15,FXBET,56.7299,57.4342,56.4877,57.2990,55973
2023-02-16,FXBET,57.2292,57.6414,56.9439,57.5966,73809
2023-02-17,FXBET,57.7229,58.0240,57.5633,57.9653,31250
2023-02-20,FXBET,58.0001,59.2171,57.6942,58.6084,91150
2023-02-21,FXBET,58.8334,58.9881,57.8718,58.0076,26932
2023-02-22,FXBET,58.2327,59.3719,58.0788,58.7936,80533
2023-02-23,FXBET,58.7608,59.5959,58.6201,59.4698,52637
2023-02-24,FXBET,59.7446,59.7642,58.1981,58.2792,24471
2023-02-27,FXBET,58.5179,59.3752,58.4907,59.2171,50277
2023-02-28,FXBET,59.4932,59.5122,58.7681,59.0331,47484
2023-03-01,FXBET,58.9355,59.0890,58.0210,58.0736,40517
2023-03-02,FXBET,57.9745,58.2702,57.6982,57.8124,68111
2023-03-03,FXBET,57.9714,58.1181,56.3841,56.9287,42367
2023-03-06,FXBET,57.0848,57.3794,57.0679,57.2062,24654
2023-03-07,FXBET,57.0786,57.9447,56.9050,57.6289,50594
2023-03-08,FXBET,57.4236,57.6202,57.4068,57.5896,91015
2023-03-09,FXBET,57.7190,57.8093,57.4226,57.6834,51399
2023-03-10,FXBET,58.0117,58.3590,57.7298,58.2169,70548
2023-03-13,FXBET,57.9768,58.1615,57.0830,57.2121,92092
2023-03-14,FXBET,57.0762,57.1247,55.6309,55.8112,78108
2023-03-15,FXBET,55.5750,57.7173,55.2509,57.5650,78906
2023-03-16,FXBET,57.6016,57.9130,57.3709,57.5616,75821
2023-03-17,FXBET,57.5602,57.8090,56.9818,57.0133,73723
2023-03-20,FXBET,56.7796,57.0787,56.5166,56.5337,61012
2023-03-21,FXBET,56.6900,57.6189,56.5247,57.5647,88889
2023-03-22,FXBET,57.7236,57.7643,57.0549,57.1092,77809
2023-03-23,FXBET,57.2802,57.3468,55.7621,55.8365,66540
2023-03-24,FXBET,55.8364,56.2027,55.3173,55.7764,49694
2023-03-27,FXBET,55.7736,56.7511,55.6202,56.2831,81230
2023-03-28,FXBET,56.4216,56.4227,55.9654,56.0044,81553
2023-03-29,FXBET,55.6139,55.7218,55.0602,55.6788,99812
2023-03-30,FXBET,55.9199,56.1252,55.6810,55.8553,59209
2023-03-31,FXBET,55.8347,56.6507,55.5970,56.5185,81216
2023-04-03,FXBET,56.4751,56.6872,55.6622,56.0598,86647
2023-04-04,FXBET,55.9660,56.2490,55.1134,55.2145,48355
2023-04-05,FXBET,55.4080,55.7819,55.2704,55.5012,60633
2023-04-06,FXBET,55.2736,55.7896,55.2721,55.5627,85001
2023-04-07,FXBET,55.9571,56.0499,55.8575,56.0105,37734
2023-04-10,FXBET,56.0785,56.5910,55.8694,56.4354,76284
2023-04-11,FXBET,56.4172,57.6020,55.9698,57.1641,23815
2023-04-12,FXBET,57.1024,57.9337,56.9119,57.7985,44360
2023-04-13,FXBET,57.8805,58.0986,57.2948,57.8676,49192
2023-04-14,FXBET,57.7600,58.7548,57.6726,58.6789,69328
2023-04-17,FXBET,58.4384,58.7356,57.6446,57.7371,81465
2023-04-18,FXBET,57.7582,57.9614,57.2805,57.4992,29890
2023-04-19,FXBET,57.8941,58.0685,56.9262,57.1816,74960
2023-04-20,FXBET,57.2921,57.8376,57.2366,57.6545,70156
2023-04-21,FXBET,57.9163,57.9220,57.5926,57.5948,79333
2023-04-24,FXBET,57.5795,57.6669,56.2247,56.4492,43828
2023-04-25,FXBET,56.4313,56.5663,55.7764,55.8272,44784
2023-04-26,FXBET,56.3485,56.3879,55.8362,55.9568,88185
2023-04-27,FXBET,56.0658,56.4936,55.1437,55.6267,62017
2023-04-28,FXBET,55.3886,55.8822,55.0654,55.8225,66093
2023-05-01,FXBET,55.9471,56.0490,55.3783,55.5551,50550
2023-05-02,FXBET,55.6354,56.7889,55.5200,56.3280,80645
2023-05-03,FXBET,56.0564,56.1695,54.7447,54.9204,97086
2023-05-04,FXBET,54.9770,55.1209,54.9763,55.0778,89851
2023-05-05,FXBET,55.0887,55.3276,54.3149,54.4376,46221
2023-05-08,FXBET,54.0525,55.5741,53.9285,55.2085,52503
2023-05-09,FXBET,54.8730,54.9910,54.0025,54.0631,53552
2023-05-10,FXBET,54.2533,54.6099,54.1120,54.5861,27504
2023-05-11,FXBET,54.4408,54.5993,54.3645,54.5703,83268
2023-05-12,FXBET,54.3103,54.5155,53.7000,53.7541,39553
2023-05-15,FXBET,53.2225,54.1747,53.0601,54.0476,94264
2023-05-16,FXBET,54.0191,54.1269,53.1055,53.3277,89500
2023-05-17,FXBET,53.3396,53.7761,53.1535,53.5887,42083
2023-05-18,FXBET,53.9021,54.4728,53.5894,54.2811,55624
2023-05-19,FXBET,54.1884,54.3483,53.6291,54.0705,27452
2023-05-22,FXBET,53.8835,54.2683,53.4416,53.7662,70239
2023-05-23,FXBET,53.9506,54.1156,53.2042,53.5396,32085
2023-05-24,FXBET,53.5515,54.3762,53.5314,54.2592,92962
2023-05-25,FXBET,54.4930,55.1449,54.1701,54.8468,76276
2023-05-26,FXBET,54.7613,54.9847,54.5384,54.9784,46214
2023-05-29,FXBET,54.8452,54.9087,54.1183,54.1775,54753
2023-05-30,FXBET,54.1036,55.1308,54.0519,54.9313,27054
2023-05-31,FXBET,55.1060,55.2013,54.5144,54.8137,70299
2023-06-01,FXBET,54.7554,55.0457,54.1788,54.4786,69203
2023-06-02,FXBET,54.7876,54.7887,54.4821,54.7471,67132
2023-06-05,FXBET,54.8852,55.0077,54.6384,54.8733,57663
2023-06-06,FXBET,54.3798,54.5233,53.8109,54.0280,54596
2023-06-07,FXBET,54.0631,54.5937,53.9809,54.2699,93934
2023-06-08,FXBET,54.2905,54.3005,54.0369,54.2175,29698
2023-06-09,FXBET,54.7608,55.2266,54.6969,55.1000,74472
2023-06-12,FXBET,55.0973,55.1317,53.8322,54.0573,60637
2023-06-13,FXBET,54.0471,54.6630,51.5424,51.7787,47159
2023-06-14,FXBET,52.0783,52.7539,51.8972,52.5896,97084
2023-06-15,FXBET,52.4204,52.4629,51.6386,51.8266,64621
2023-06-16,FXBET,51.7146,51.9755,51.6739,51.9031,86683
2023-06-19,FXBET,51.4150,51.8692,51.2853,51.7450,97769
2023-06-20,FXBET,51.9099,51.9875,51.6460,51.7291,81875
2023-06-21,FXBET,51.7749,53.1397,51.5458,52.8300,94638
2023-06-22,FXBET,53.0043,53.6765,52.1957,52.2882,68419
2023-06-23,FXBET,52.1154,52.4936,50.8728,50.8882,26686
2023-06-26,FXBET,50.6829,50.7409,50.6592,50.7392,75541
2023-06-27,FXBET,50.8209,51.6719,50.5909,51.3192,48052
2023-06-28,FXBET,51.2325,52.4420,50.8335,52.4152,43441
2023-06-29,FXBET,52.1032,53.4956,52.0809,53.4768,73354
2023-06-30,FXBET,53.1161,54.3205,52.9251,53.8463,92603
2023-07-03,FXBET,53.9040,54.8614,53.8665,54.8066,30121
2023-07-04,FXBET,54.3108,55.2301,54.2928,55.1040,44815
2023-07-05,FXBET,55.1992,55.3525,55.1278,55.3443,66824
2023-07-06,FXBET,56.0424,56.1046,54.8815,55.0501,22586
2023-07-07,FXBET,54.8458,55.0699,54.1371,54.3110,44190
2023-07-10,FXBET,54.3621,54.3834,53.9100,54.1282,65446
2023-07-11,FXBET,54.1346,54.7888,53.2082,53.4217,51217
2023-07-12,FXBET,53.5238,53.8544,53.1969,53.4532,89860
2023-07-13,FXBET,53.4621,53.6876,52.8533,53.2019,49801
2023-07-14,FXBET,53.2189,53.2525,52.4221,52.7262,85214
2023-07-17,FXBET,52.6966,52.7294,51.7338,51.9387,85505
2023-07-18,FXBET,52.0417,52.2734,51.9264,52.2027,36507
2023-07-19,FXBET,52.3597,52.5346,51.9163,52.0476,61648
2023-07-20,FXBET,52.0805,52.4445,51.8993,52.2152,55445
2023-07-21,FXBET,52.3625,53.6299,52.2939,53.4645,38388
2023-07-24,FXBET,53.4489,53.8368,52.2317,52.5827,33839
2023-07-25,FXBET,52.6541,53.8462,52.3170,53.7442,83025
2023-07-26,FXBET,53.5632,53.9536,53.3908,53.7321,54977
2023-07-27,FXBET,53.3293,53.9019,52.7329,52.9669,45546
2023-07-28,FXBET,53.1659,53.1909,52.4731,52.5429,83556
2023-07-31,FXBET,52.5815,53.5928,52.5017,53.5516,67006
2023-08-01,FXBET,53.6963,53.7529,52.9295,52.9382,47115
2023-08-02,FXBET,52.8885,52.9636,50.3841,50.8487,64880
2023-08-03,FXBET,50.8829,51.2289,50.7802,51.1059,25875
2023-08-04,FXBET,51.0008,51.3380,50.8032,50.8728,70699
2023-08-07,FXBET,50.9332,51.1326,50.4195,50.4676,66668
2023-08-08,FXBET,50.6933,51.9162,50.5245,51.8620,87147
2023-08-09,FXBET,51.5096,51.8902,50.9959,51.8546,35095
2023-08-10,FXBET,52.0930,52.5975,51.8195,52.5459,98057
2023-08-11,FXBET,52.9231,53.0735,52.3143,52.3303,79338
2023-08-14,FXBET,52.6076,53.4898,52.3381,53.3725,64233
2023-08-15,FXBET,53.2085,53.5991,52.9914,53.0570,77390
2023-08-16,FXBET,53.1093,53.4940,53.0672,53.3887,43435
2023-08-17,FXBET,53.3170,53.3240,52.9222,53.0630,62994
2023-08-18,FXBET,53.1496,53.4109,52.2526,52.5094,24167
2023-08-21,FXBET,52.5490,52.8249,52.2975,52.7767,37873
2023-08-22,FXBET,52.8021,53.2933,52.7048,53.2287,24453
2023-08-23,FXBET,53.2425,53.9774,52.0657,52.2200,25348
2023-08-24,FXBET,52.0859,52.2778,51.6369,51.8374,31371
2023-08-25,FXBET,51.2373,53.5610,51.2182,53.4072,52101
2023-08-28,FXBET,53.1017,53.3003,51.8452,52.4355,27413
2023-08-29,FXBET,52.7643,53.0846,52.1995,52.6265,83620
2023-08-30,FXBET,52.7992,53.0981,52.4394,52.7208,35431
2023-08-31,FXBET,52.8315,53.5967,52.4804,53.3934,64566
2023-09-01,FXBET,53.3726,53.5504,52.4841,52.6307,60184
2023-09-04,FXBET,52.3316,53.0120,52.1115,52.8221,69823
2023-09-05,FXBET,52.6414,53.4395,52.3432,53.4193,49415
2023-09-06,FXBET,53.4726,55.3636,53.2257,54.9920,96679
2023-09-07,FXBET,54.7506,55.0579,54.3945,54.5701,30744
2023-09-08,FXBET,54.7156,55.4916,54.6875,55.1119,60608
2023-09-11,FXBET,55.0467,55.0812,54.4644,54.4847,29463
2023-09-12,FXBET,54.9047,55.2029,54.6054,54.9819,84310
2023-09-13,FXBET,54.8286,55.6482,54.7478,55.3467,83867
2023-09-14,FXBET,55.5831,56.1033,53.7682,54.0572,90750
2023-09-15,FXBET,53.6894,54.0574,53.3395,53.5395,97425
2023-09-18,FXBET,53.4460,53.5320,52.1603,52.6121,20852
2023-09-19,FXBET,53.1239,53.3420,53.0402,53.2899,96241
2023-09-20,FXBET,53.4564,53.6125,52.9324,53.0281,73183
2023-09-21,FXBET,53.1964,53.7201,51.1155,51.1267,98699
2023-09-22,FXBET,51.3250,51.7682,51.1544,51.6150,40023
2023-09-25,FXBET,51.8304,52.0269,51.6122,51.6457,37041
2023-09-26,FXBET,51.6946,51.7271,50.7024,50.8160,48541
2023-09-27,FXBET,50.8706,50.9000,50.6762,50.7931,40420
2023-09-28,FXBET,50.8106,51.0495,50.5303,50.7082,22000
2023-09-29,FXBET,50.4015,51.5460,50.1135,51.5404,94057
2023-10-02,FXBET,51.5895,51.9717,51.4862,51.9621,78765
2023-10-03,FXBET,51.8545,52.7292,51.5595,52.4857,49874
2023-10-04,FXBET,52.3913,53.3839,52.2111,53.1141,38905
2023-10-05,FXBET,53.0311,53.1925,51.9566,52.1990,62081
2023-10-06,FXBET,52.5989,52.6645,52.2215,52.5591,54011
2023-10-09,FXBET,51.9401,53.7676,51.7793,53.7547,63102
2023-10-10,FXBET,53.5765,53.5885,53.1892,53.3639,59912
2023-10-11,FXBET,53.4245,53.8804,52.3948,52.6299,77554
2023-10-12,FXBET,52.5833,52.7350,52.2649,52.3842,54234
2023-10-13,FXBET,52.4980,52.6590,51.6573,51.8010,27659
2023-10-16,FXBET,51.5904,52.4721,51.2976,52.3549,64207
2023-10-17,FXBET,52.4710,52.6568,52.2569,52.3021,82449
2023-10-18,FXBET,52.5084,52.9132,52.4593,52.8311,23323
2023-10-19,FXBET,52.7854,52.9416,52.6223,52.7015,73178
2023-10-20,FXBET,52.6922,53.0393,51.9637,52.2753,47838
2023-10-23,FXBET,52.0860,52.4097,51.3037,51.5051,31004
2023-10-24,FXBET,51.5333,52.5445,51.4966,52.5438,44551
2023-10-25,FXBET,52.5386,52.6021,51.5975,51.6865,58649
2023-10-26,FXBET,51.6621,51.7536,50.1758,50.2828,76426
2023-10-27,FXBET,50.4009,50.6971,49.6832,49.7809,56076
2023-10-30,FXBET,49.6421,49.7210,49.3219,49.4085,68183
2023-10-31,FXBET,49.5484,49.7711,49.3746,49.5291,64545
2023-11-01,FXBET,49.5749,49.7466,49.1442,49.1925,27648
2023-11-02,FXBET,48.7552,49.1423,48.5434,49.1105,50940
2023-11-03,FXBET,49.2774,49.4579,49.0971,49.4577,66725
2023-11-06,FXBET,49.6907,50.7025,49.4338,50.5209,47515
2023-11-07,FXBET,50.7087,50.7975,49.8298,49.9465,94291
2023-11-08,FXBET,50.1853,50.6025,50.1259,50.4487,40800
2023-11-09,FXBET,50.3772,50.5854,50.2127,50.4192,98616
2023-11-10,FXBET,50.3235,50.4658,49.6703,49.8386,56045
2023-11-13,FXBET,50.1494,50.9412,49.8377,50.6736,21627
2023-11-14,FXBET,50.5481,50.6565,49.8910,49.9501,38259
2023-11-15,FXBET,49.9204,51.2964,49.8063,51.1366,62971
2023-11-16,FXBET,51.6700,52.2557,51.6315,52.1502,50775
2023-11-17,FXBET,52.0492,53.0738,51.8223,53.0408,75946
2023-11-20,FXBET,53.1966,54.2798,53.0685,53.8574,41808
2023-11-21,FXBET,53.7880,53.9553,53.3929,53.6348,85988
2023-11-22,FXBET,53.4586,54.1105,53.2848,53.6278,89852
2023-11-23,FXBET,54.1848,54.2929,53.2380,53.6402,29225
2023-11-24,FXBET,53.6681,53.6779,52.3688,52.5703,84558
2023-11-27,FXBET,52.4956,53.6594,52.1990,53.5602,73289
2023-11-28,FXBET,53.7088,53.7743,53.1317,53.2355,28004
2023-11-29,FXBET,53.2623,53.3881,52.9419,52.9640,45343
2023-11-30,FXBET,53.1763,53.3294,53.0409,53.2148,99707
2023-12-01,FXBET,53.2466,53.4143,52.9736,53.1813,68613
2023-12-04,FXBET,53.0673,53.8094,52.6045,53.5822,31175
2023-12-05,FXBET,53.7045,53.7711,52.9646,53.1940,86296
2023-12-06,FXBET,53.3077,53.4045,51.9855,52.2728,48921
2023-12-07,FXBET,52.1832,52.7007,51.7804,51.8609,87482
2023-12-08,FXBET,51.6079,52.6789,51.3667,52.3646,80197
2023-12-11,FXBET,52.3254,52.9473,51.9383,52.7214,96806
2023-12-12,FXBET,53.3609,53.5111,52.2162,52.2312,26111
2023-12-13,FXBET,52.2661,52.3168,51.9442,52.0192,63177
2023-12-14,FXBET,51.7642,51.8356,51.6417,51.6921,35344
2023-12-15,FXBET,51.5985,51.7239,50.7815,51.0991,87102
2023-12-18,FXBET,51.1730,51.4619,49.8240,49.8455,72323
2023-12-19,FXBET,49.9995,51.5998,49.5023,51.2777,97271
2023-12-20,FXBET,51.0441,51.4090,50.9182,51.3739,98434
2023-12-21,FXBET,51.1929,51.3677,50.4446,50.8397,34130
2023-12-22,FXBET,50.8389,50.9979,49.5763,49.8060,35850
2023-12-25,FXBET,50.2356,50.3113,48.3514,48.4084,21495
2023-12-26,FXBET,48.5040,48.6607,47.1768,47.4401,52752
2023-12-27,FXBET,47.4375,47.6713,47.4158,47.4976,80603
2023-12-28,FXBET,47.8356,47.9417,46.9703,47.0156,72196
2023-12-29,FXBET,46.8496,46.9027,45.4908,45.6401,90837
2024-01-01,FXBET,45.5693,45.6827,44.9096,45.4584,67422
2024-01-02,FXBET,45.6153,46.1006,45.6140,46.0329,45068
2024-01-03,FXBET,45.8716,46.4099,45.4167,45.8149,87219
2024-01-04,FXBET,46.0130,46.1919,45.5514,45.6860,93732
2024-01-05,FXBET,45.5112,45.6019,45.3042,45.4031,49159
2024-01-08,FXBET,44.9741,45.7041,44.9398,45.5650,99840
2024-01-09,FXBET,45.8877,45.9045,45.3932,45.6449,87384
2024-01-10,FXBET,45.8297,46.9400,45.6920,46.6895,57559
2024-01-11,FXBET,47.0196,47.2825,46.7871,46.7963,39724
2024-01-12,FXBET,46.7476,46.9639,46.5082,46.6686,87905
2024-01-15,FXBET,46.6319,47.1572,46.2112,47.0092,56779
2024-01-16,FXBET,47.0319,47.1686,46.4686,46.5993,50741
2024-01-17,FXBET,46.6797,46.7367,46.6256,46.6458,28435
2024-01-18,FXBET,46.6787,47.5438,46.6602,47.0871,80896
2024-01-19,FXBET,46.9629,47.8986,46.7696,47.4848,31783
2024-01-22,FXBET,47.0979,48.5229,47.0474,48.1876,29676
2024-01-23,FXBET,48.0309,48.0470,47.9076,47.9902,25962
2024-01-24,FXBET,47.8192,48.5895,47.6147,48.4683,99666
2024-01-25,FXBET,48.2578,48.2669,47.3684,47.4851,64755
2024-01-26,FXBET,47.4210,47.5166,46.8567,47.0524,89406
2024-01-29,FXBET,46.9726,47.2511,46.0992,46.1262,88005
2024-01-30,FXBET,45.9124,46.0858,45.3532,45.5709,60408
2024-01-31,FXBET,45.7106,45.7848,45.4803,45.5425,36114
2024-02-01,FXBET,46.0553,46.0826,45.6547,45.6868,36046
2024-02-02,FXBET,45.8444,46.0359,45.0108,45.3153,86896
2024-02-05,FXBET,45.6570,46.2071,45.5866,45.9454,50453
2024-02-06,FXBET,46.1838,46.4205,46.1334,46.3639,99998
2024-02-07,FXBET,46.1877,47.4314,45.9329,47.1953,56322
2024-02-08,FXBET,46.8493,47.4738,46.4510,47.1654,53415
2024-02-09,FXBET,47.0400,48.1024,46.7384,47.9848,81278
2024-02-12,FXBET,48.3659,48.3890,46.8317,47.1760,59919
2024-02-13,FXBET,47.0760,47.1831,45.9626,46.2330,75086
2024-02-14,FXBET,46.1237,46.2305,45.9250,46.1056,75629
2024-02-15,FXBET,46.0400,46.4382,45.8699,46.3757,57960
2024-02-16,FXBET,46.3401,47.4898,46.0912,47.4017,42562
2024-02-19,FXBET,47.4236,47.8687,47.3978,47.6495,75644
2024-02-20,FXBET,47.5307,47.7143,47.2481,47.4465,83486
2024-02-21,FXBET,47.4201,47.7908,47.2128,47.7330,70349
2024-02-22,FXBET,47.7144,47.7655,45.9755,46.2361,49807
2024-02-23,FXBET,46.1947,46.3305,46.0521,46.1484,62840
2024-02-26,FXBET,45.8646,46.6341,45.5779,46.4705,77713
2024-02-27,FXBET,46.7141,47.1676,46.2617,46.4892,62528
2024-02-28,FXBET,46.0539,46.4691,46.0023,46.0210,78724
2024-02-29,FXBET,45.9822,46.1538,45.7789,45.9055,23749
2024-03-01,FXBET,45.6704,46.8960,45.4961,46.5664,54168
2024-03-04,FXBET,46.4470,47.1880,46.3951,47.0619,60084
2024-03-05,FXBET,46.9078,47.1568,46.6776,46.7912,48301
2024-03-06,FXBET,46.5409,46.6462,45.3603,45.5485,21946
2024-03-07,FXBET,45.3514,46.5926,44.9954,46.4129,42427
2024-03-08,FXBET,46.3241,47.6652,46.2338,47.4937,84661
2024-03-11,FXBET,47.6304,47.7896,46.7529,46.7785,88998
2024-03-12,FXBET,47.1651,47.1999,46.4668,46.6953,49268
2024-03-13,FXBET,46.4176,46.4671,46.1430,46.3474,53359
2024-03-14,FXBET,46.2893,46.5106,45.9505,46.4542,56629
2024-03-15,FXBET,46.7505,47.1537,45.8579,45.9143,92166
2024-03-18,FXBET,45.8938,46.5939,45.7002,46.4014,26610
2024-03-19,FXBET,46.4639,46.5761,45.8944,46.0903,65503
2024-03-20,FXBET,45.8509,46.9335,45.7017,46.8387,38221
2024-03-21,FXBET,46.9400,47.5266,46.9328,47.3274,42473
2024-03-22,FXBET,47.3077,47.3604,46.9019,47.1939,95814
2024-03-25,FXBET,47.2387,47.8947,47.0945,47.7566,35673
2024-03-26,FXBET,47.8715,49.0125,47.5832,48.9955,67609
2024-03-27,FXBET,49.1169,50.5100,49.0694,50.3503,51004
2024-03-28,FXBET,50.1922,50.5308,49.7726,50.4149,55287
2024-03-29,FXBET,50.5345,50.5947,50.2282,50.5582,29740
2024-04-01,FXBET,50.6153,51.0824,50.0250,50.1220,46519
2024-04-02,FXBET,50.4609,50.5437,49.7339,49.9394,50584
2024-04-03,FXBET,49.9395,50.0882,48.6554,48.9303,80727
2024-04-04,FXBET,49.0629,49.3292,48.8406,49.3231,97091
2024-04-05,FXBET,49.3130,49.4165,48.7290,48.8069,27120
2024-04-08,FXBET,48.7638,48.8209,48.4306,48.5462,37429
2024-04-09,FXBET,48.7121,48.8620,48.3158,48.4365,23385
2024-04-10,FXBET,48.5755,48.6879,48.2096,48.4579,59920
2024-04-11,FXBET,48.1989,48.8937,47.8196,48.8402,88582
2024-04-12,FXBET,48.7381,49.7667,48.2189,49.7395,35431
2024-04-15,FXBET,49.5778,52.0605,49.5407,51.8155,26747
2024-04-16,FXBET,51.3509,51.9509,51.2620,51.6293,21134
2024-04-17,FXBET,51.8345,51.9753,51.8215,51.8522,71137
2024-04-18,FXBET,51.9078,53.7886,51.6712,53.7348,69261
2024-04-19,FXBET,53.4452,55.0673,53.3288,54.8533,79307
2024-04-22,FXBET,54.4412,55.5164,54.1568,55.4054,28746
2024-04-23,FXBET,55.4664,56.1640,55.2408,55.8570,36947
2024-04-24,FXBET,55.8806,57.4110,55.7749,57.2728,93386
2024-04-25,FXBET,57.1631,57.3411,56.2334,56.7012,31029
2024-04-26,FXBET,56.4487,56.7758,55.4471,55.4799,94291
2024-04-29,FXBET,55.3470,55.8081,54.6900,54.7483,73460
2024-04-30,FXBET,54.9830,55.1635,54.9017,55.0397,30629
2024-05-01,FXBET,55.0316,55.3528,53.8888,54.1269,67150
2024-05-02,FXBET,54.2351,54.9459,53.9232,54.7701,87897
2024-05-03,FXBET,54.7648,54.9438,54.6417,54.9334,74234
2024-05-06,FXBET,55.3352,56.8603,55.3305,56.5214,96280
2024-05-07,FXBET,56.8752,57.0749,56.6834,56.8909,98074
2024-05-08,FXBET,56.9235,57.1741,56.5836,56.7339,95381
2024-05-09,FXBET,57.1324,57.1669,56.1439,56.1475,94405
2024-05-10,FXBET,55.7759,55.9899,55.4698,55.5037,76842
2024-05-13,FXBET,55.7383,55.8165,54.3382,54.5359,57514
2024-05-14,FXBET,54.5783,54.7079,54.2736,54.7041,25267
2024-05-15,FXBET,54.9353,55.0500,54.2911,54.4247,64181
2024-05-16,FXBET,54.4373,54.7307,52.9819,53.3206,26558
2024-05-17,FXBET,53.0537,53.1883,52.9724,53.1233,48827
2024-05-20,FXBET,52.8774,53.7719,52.7267,53.6697,53978
2024-05-21,FXBET,53.5764,53.7075,53.1444,53.7071,83710
2024-05-22,FXBET,53.4880,53.5405,52.6497,52.8252,78650
2024-05-23,FXBET,53.1517,53.2384,52.5745,52.7568,37455
2024-05-24,FXBET,52.8061,52.9034,52.5290,52.6373,82658
2024-05-27,FXBET,52.7266,52.9019,51.8993,52.1258,56023
2024-05-28,FXBET,52.4130,52.5653,51.5076,51.6190,44384
2024-05-29,FXBET,51.6871,51.7555,51.6614,51.7312,73437
2024-05-30,FXBET,51.8799,51.9433,51.8478,51.8815,93547
2024-05-31,FXBET,51.5533,51.5966,50.8264,50.8595,24427
2024-06-03,FXBET,50.9917,51.4600,50.9826,51.2541,46089
2024-06-04,FXBET,51.5439,51.6952,50.3238,50.5749,44284
2024-06-05,FXBET,50.2177,51.1847,50.1219,51.1033,98826
2024-06-06,FXBET,51.1289,52.8016,50.9766,52.5432,89558
2024-06-07,FXBET,52.7685,53.1750,52.4154,53.1636,37790
2024-06-10,FXBET,53.2492,53.5292,53.1565,53.4548,92377
2024-06-11,FXBET,53.2074,53.7588,53.1312,53.3780,82769
2024-06-12,FXBET,53.2104,53.3911,53.0496,53.3754,87258
2024-06-13,FXBET,53.5754,53.9258,52.2296,52.4885,79042
2024-06-14,FXBET,52.4886,53.1767,52.4475,52.8669,44027
2024-06-17,FXBET,52.9753,53.1343,51.2692,51.8252,99719
2024-06-18,FXBET,51.7146,52.8568,51.5133,52.7241,24527
2024-06-19,FXBET,52.6874,52.6943,52.4182,52.4377,78270
2024-06-20,FXBET,52.5033,52.7097,52.3912,52.7003,78807
2024-06-21,FXBET,52.7775,53.4668,52.7563,53.1761,28814
2024-06-24,FXBET,53.0374,53.4796,52.9852,53.2612,77260
2024-06-25,FXBET,53.2807,53.3978,52.5300,52.7778,96308
2024-06-26,FXBET,52.4486,52.7143,52.0324,52.5870,42235
2024-06-27,FXBET,52.7242,52.7632,52.3224,52.5602,95278
2024-06-28,FXBET,52.5256,52.7268,51.9627,52.2511,82113
2024-07-01,FXBET,52.5401,52.6368,51.7128,51.8309,31766
2024-07-02,FXBET,51.7428,51.9395,51.5902,51.6911,40229
2024-07-03,FXBET,51.5481,51.8374,51.5329,51.6777,31307
2024-07-04,FXBET,51.8117,52.3623,51.5130,52.2220,71837
2024-07-05,FXBET,52.2117,53.9020,52.0095,53.8946,82052
2024-07-08,FXBET,53.8325,53.9031,53.1986,53.4907,30030
2024-07-09,FXBET,53.5094,53.8617,53.4856,53.7959,57005
2024-07-10,FXBET,53.8736,54.1214,53.6323,53.8781,98415
2024-07-11,FXBET,53.6184,53.7291,53.3474,53.6046,93892
2024-07-12,FXBET,53.2941,53.3559,52.2950,52.5320,66087
2024-07-15,FXBET,52.8201,52.9544,52.5493,52.6807,72483
2024-07-16,FXBET,52.6169,53.0726,52.1129,52.9770,59509
2024-07-17,FXBET,52.9636,53.6883,52.7809,53.6253,61453
2024-07-18,FXBET,53.9268,54.2478,53.1602,53.4293,20269
2024-07-19,FXBET,53.6169,54.1441,53.5486,53.7996,67842
2024-07-22,FXBET,53.9327,54.6625,53.6803,54.4249,77685
2024-07-23,FXBET,54.2493,55.5405,54.0336,55.4940,94194
2024-07-24,FXBET,55.0951,56.1081,54.9057,55.8887,57019
2024-07-25,FXBET,55.7891,56.0541,55.3913,55.4317,62715
2024-07-26,FXBET,55.7193,55.9246,55.4966,55.5383,62488
2024-07-29,FXBET,55.6710,55.6995,54.8555,54.9307,21837
2024-07-30,FXBET,54.7008,54.9394,54.4649,54.8267,65326
2024-07-31,FXBET,54.8397,55.0028,54.7128,54.9758,55622
2024-08-01,FXBET,54.9736,55.8157,54.9678,55.5089,29004
2024-08-02,FXBET,55.5254,56.3583,55.3350,56.2053,56200
2024-08-05,FXBET,56.4776,56.5124,55.6961,55.8451,47534
2024-08-06,FXBET,55.9357,56.1904,54.4466,54.8184,25671
2024-08-07,FXBET,54.9349,55.0070,53.9396,54.2803,21772
2024-08-08,FXBET,54.0048,55.2139,53.9327,54.9400,24407
2024-08-09,FXBET,54.8263,56.8635,54.5587,56.6797,24356
2024-08-12,FXBET,56.7435,56.9757,56.0419,56.1864,79915
2024-08-13,FXBET,56.0926,56.2283,55.8135,56.0376,43541
2024-08-14,FXBET,55.9768,56.2402,54.5252,54.5615,80118
2024-08-15,FXBET,54.4719,54.6510,54.1223,54.2268,42019
2024-08-16,FXBET,54.1534,54.2273,53.1932,53.5224,95872
2024-08-19,FXBET,53.3321,54.7023,53.1882,54.5354,47299
2024-08-20,FXBET,54.7257,54.9798,53.0296,53.1545,67176
2024-08-21,FXBET,52.8758,53.7279,52.8027,53.4974,47483
2024-08-22,FXBET,53.2896,53.3436,52.6742,52.8494,36287
2024-08-23,FXBET,52.6074,52.8983,52.5442,52.8083,99159
2024-08-26,FXBET,52.7118,52.8390,52.4462,52.6711,71946
2024-08-27,FXBET,52.3398,53.1877,52.0835,53.1254,59709
2024-08-28,FXBET,53.2684,53.7917,52.8416,53.7028,47175
2024-08-29,FXBET,53.9867,54.2456,52.4203,52.5577,97587
2024-08-30,FXBET,52.2433,52.2607,51.7835,51.8472,27739
2024-09-02,FXBET,51.9441,52.0305,51.8054,51.9944,76749
2024-09-03,FXBET,52.3744,52.3926,52.1240,52.3528,64514
2024-09-04,FXBET,52.4006,52.4828,51.6675,51.8488,73378
2024-09-05,FXBET,51.5954,51.7736,51.3865,51.3963,22083
2024-09-06,FXBET,51.4568,51.6096,51.0142,51.0774,99045
2024-09-09,FXBET,51.3563,51.6193,50.5785,50.6682,73987
2024-09-10,FXBET,50.6860,50.8367,49.5441,49.5965,56487
2024-09-11,FXBET,49.7382,49.7701,49.2616,49.3280,20752
2024-09-12,FXBET,49.2093,50.9850,48.9050,50.9032,56534
2024-09-13,FXBET,51.0353,51.0857,50.8187,51.0600,91839
2024-09-16,FXBET,51.1496,51.3705,50.7173,51.0574,42301
2024-09-17,FXBET,51.3084,51.5302,50.7223,51.0622,57764
2024-09-18,FXBET,51.3811,51.4405,51.1457,51.2191,53138
2024-09-19,FXBET,50.9768,51.1012,49.0766,49.4279,73952
2024-09-20,FXBET,49.3843,50.1611,49.3337,49.9910,50262
2024-09-23,FXBET,49.8738,50.2893,49.4938,50.0045,85906
2024-09-24,FXBET,50.0664,50.1461,49.3190,49.3765,51315
2024-09-25,FXBET,49.4483,49.7872,47.9337,47.9514,39642
2024-09-26,FXBET,48.1245,48.1715,47.4341,47.7283,47485
2024-09-27,FXBET,47.8089,48.0715,47.6479,47.9918,99862
2024-09-30,FXBET,47.9374,48.1534,47.6966,48.1402,66830
2024-10-01,FXBET,48.3923,48.6102,48.2708,48.4071,75714
2024-10-02,FXBET,48.6558,49.4746,48.5259,49.0813,43192
2024-10-03,FXBET,49.0226,50.7166,48.5061,50.3664,59718
2024-10-04,FXBET,50.2297,50.3125,48.8470,48.9382,35407
2024-10-07,FXBET,48.7898,49.9482,48.6642,49.7428,26190
2024-10-08,FXBET,50.0354,50.1319,48.9817,49.1677,48956
2024-10-09,FXBET,49.4437,49.6233,48.2411,48.4806,86218
2024-10-10,FXBET,48.0889,48.9532,48.0743,48.7048,85932
2024-10-11,FXBET,48.7146,48.8012,48.6823,48.6926,36139
2024-10-14,FXBET,48.8942,48.9729,46.6769,46.9163,24464
2024-10-15,FXBET,47.1966,47.3045,46.2394,46.5244,29296
2024-10-16,FXBET,46.2302,47.7684,45.8365,47.4202,85179
2024-10-17,FXBET,47.3656,47.6909,45.7229,45.9524,50017
2024-10-18,FXBET,45.7124,46.7737,45.6702,46.7142,31863
2024-10-21,FXBET,46.9031,47.3047,46.7193,47.2912,64802
2024-10-22,FXBET,47.3360,49.0928,47.0356,48.5890,56409
2024-10-23,FXBET,48.6241,48.7855,47.8740,47.9346,40302
2024-10-24,FXBET,47.8976,48.4077,47.7819,48.0761,62013
2024-10-25,FXBET,48.1181,48.7762,47.7765,48.5437,61036
2024-10-28,FXBET,48.9581,49.0422,48.4384,48.6685,46439
2024-10-29,FXBET,48.7549,49.2503,48.5517,49.2165,93971
2024-10-30,FXBET,49.1903,49.2744,47.9770,48.2218,46793
2024-10-31,FXBET,48.4707,48.4936,47.4288,47.6308,67463
2024-11-01,FXBET,47.4554,47.5659,47.2458,47.5496,54117
2024-11-04,FXBET,47.6229,47.8220,46.9725,47.1093,29956
2024-11-05,FXBET,47.0239,47.4560,46.5899,47.3324,21004
2024-11-06,FXBET,47.1265,48.4560,47.0393,48.3566,95675
2024-11-07,FXBET,48.4399,48.4737,47.7359,47.8015,64432
2024-11-08,FXBET,47.8416,48.5915,47.6288,48.4976,57942
2024-11-11,FXBET,48.3697,49.1291,48.2252,48.7822,83125
2024-11-12,FXBET,48.6865,49.3951,48.6220,49.2293,34498
2024-11-13,FXBET,49.3223,49.5220,49.1665,49.4956,79801
2024-11-14,FXBET,49.5317,49.7040,49.5212,49.5909,98332
2024-11-15,FXBET,49.7064,49.8670,49.0826,49.3405,62851
2024-11-18,FXBET,49.3431,50.1962,49.1511,50.0555,77403
2024-11-19,FXBET,49.8729,50.1504,49.1387,49.2044,30213
2024-11-20,FXBET,48.9876,49.6961,48.9251,49.4212,54087
2024-11-21,FXBET,49.4806,49.7967,49.2000,49.6284,89472
2024-11-22,FXBET,49.5990,50.7864,49.4655,50.5777,51607
2024-11-25,FXBET,50.7310,50.9371,50.6615,50.8658,22431
2024-11-26,FXBET,50.9561,51.2869,50.9487,51.0905,81313
2024-11-27,FXBET,51.0709,51.7214,50.8644,51.6497,79240
2024-11-28,FXBET,52.0661,52.3974,50.4355,50.6219,29494
2024-11-29,FXBET,50.5798,50.8553,50.4709,50.6491,38988
2024-12-02,FXBET,50.8313,51.1143,50.6375,50.7640,60288
2024-12-03,FXBET,50.6962,50.9987,50.5990,50.8201,66539
2024-12-04,FXBET,50.7442,52.1496,50.6380,51.9782,51094
2024-12-05,FXBET,51.9072,52.6633,51.6224,52.5826,66362
2024-12-06,FXBET,52.7639,52.9453,52.6664,52.8722,95413
2024-12-09,FXBET,53.4178,53.4849,51.3836,51.9263,27653
2024-12-10,FXBET,51.9414,53.0977,51.8652,53.0416,77279
2024-12-11,FXBET,53.2414,53.3423,52.6086,52.6482,44364
2024-12-12,FXBET,52.4817,54.1445,52.4793,53.9730,51553
2024-12-13,FXBET,54.1641,54.5131,52.3740,52.6852,71361
2024-12-16,FXBET,52.9858,53.4665,52.4460,52.6858,34281
2024-12-17,FXBET,52.7285,53.0931,51.9581,52.0690,51844
2024-12-18,FXBET,52.3851,52.5384,51.6706,51.8174,89486
2024-12-19,FXBET,51.7450,51.8896,51.5312,51.6188,97314
2024-12-20,FXBET,51.4371,51.4823,50.4463,50.5369,21179
2024-12-23,FXBET,50.3123,51.5563,49.9857,51.4414,87405
2024-12-24,FXBET,51.6783,51.6820,50.7367,50.7932,64048
2024-12-25,FXBET,50.5446,51.2641,50.2840,51.2257,91070
2024-12-26,FXBET,51.3907,51.5722,50.7640,50.9451,36970
2024-12-27,FXBET,50.6847,51.1778,50.6107,50.7410,27506
2024-12-30,FXBET,50.5002,51.6952,50.4914,51.6672,79709
2024-12-31,FXBET,51.4370,52.7215,51.3871,52.5294,78433
2025-01-01,FXBET,52.7375,52.8519,51.3826,51.5437,92962
2025-01-02,FXBET,51.5117,51.6351,51.2809,51.3924,82802
2025-01-03,FXBET,51.4697,53.4733,51.1774,53.4555,98926
2025-01-06,FXBET,53.7568,53.9951,52.9808,53.2935,40632
2025-01-07,FXBET,53.5041,54.0368,52.8932,53.2433,83919
2025-01-08,FXBET,53.4869,54.5203,53.1424,54.4986,99165
2025-01-09,FXBET,54.3964,54.7136,54.1922,54.5214,41081
2025-01-10,FXBET,54.7358,55.7183,54.7314,55.4292,94961
2025-01-13,FXBET,55.5599,55.9167,54.8047,55.0933,83240
2025-01-14,FXBET,54.8509,55.1313,54.6582,54.8275,31322
2025-01-15,FXBET,54.7767,55.2359,54.7038,54.9515,56966
2025-01-16,FXBET,55.3907,55.4891,54.7940,55.0909,31130
2025-01-17,FXBET,54.7536,55.3562,54.2897,55.1878,85090
2025-01-20,FXBET,55.2242,55.4226,54.1035,54.3993,78577
2025-01-21,FXBET,54.2826,55.5349,53.8065,55.1884,36772
2025-01-22,FXBET,55.1634,55.9412,54.9745,55.6242,81063
2025-01-23,FXBET,55.3812,55.7050,55.2714,55.4746,24508
2025-01-24,FXBET,55.0843,56.5087,55.0095,56.4100,25709
2025-01-27,FXBET,56.3812,56.6263,56.3604,56.3657,93987
2025-01-28,FXBET,56.5075,57.0950,56.0637,56.0689,83099
2025-01-29,FXBET,55.9694,56.3163,55.8295,55.9981,26658
2025-01-30,FXBET,55.9592,57.4645,55.7852,57.4241,56315
2025-01-31,FXBET,57.8175,58.0340,56.6211,56.8412,26718
2025-02-03,FXBET,56.3557,57.7278,56.1599,57.6816,42109
2025-02-04,FXBET,58.3183,58.4333,57.2885,57.3863,83116
2025-02-05,FXBET,57.2626,57.4621,56.8083,57.1265,68434
2025-02-06,FXBET,56.9834,57.0773,56.2140,56.2902,65836
2025-02-07,FXBET,56.1142,56.2883,54.8132,54.9513,38469
2025-02-10,FXBET,54.5458,56.4429,54.5052,56.1398,89717
2025-02-11,FXBET,56.1389,56.4029,56.0056,56.3172,83652
2025-02-12,FXBET,56.2230,56.4310,56.0525,56.1453,23373
2025-02-13,FXBET,56.2366,56.3653,55.1589,55.4053,59213
2025-02-14,FXBET,55.4807,55.6175,54.6921,54.7711,59600
2025-02-17,FXBET,54.5631,55.1206,54.5370,55.1004,22739
2025-02-18,FXBET,54.9032,56.0943,54.7543,56.0835,97115
2025-02-19,FXBET,56.0693,56.5260,56.0310,56.4796,90539
2025-02-20,FXBET,56.7638,57.7599,56.7141,57.4252,98735
2025-02-21,FXBET,57.5520,57.8883,55.9765,56.1468,95722
2025-02-24,FXBET,56.4742,56.5199,55.1210,55.1717,46166
2025-02-25,FXBET,55.2278,56.6063,54.8430,56.2641,87517
2025-02-26,FXBET,56.1141,56.6645,55.9127,56.2728,24950
2025-02-27,FXBET,56.6322,56.9404,56.5624,56.8675,42667
2025-02-28,FXBET,56.6407,56.6795,55.4491,55.5512,35264
2025-03-03,FXBET,55.6314,56.0642,55.5297,55.8412,85751
2025-03-04,FXBET,55.4371,56.3395,55.3959,56.0301,69042
2025-03-05,FXBET,56.3892,58.2401,56.3357,58.0781,94615
2025-03-06,FXBET,58.0970,58.1387,58.0302,58.0779,23691
2025-03-07,FXBET,58.2977,58.4509,56.5883,56.6829,78088
2025-03-10,FXBET,56.3660,56.9979,55.7624,56.5443,73406
2025-03-11,FXBET,56.3196,57.4869,56.1385,57.3582,78237
2025-03-12,FXBET,57.3755,57.5229,56.2218,56.4677,88987
2025-03-13,FXBET,56.6328,56.7057,56.2147,56.3266,20296
2025-03-14,FXBET,56.4230,56.7280,56.3357,56.6540,46585
2025-03-17,FXBET,56.7273,57.7635,56.6161,57.6354,38284
2025-03-18,FXBET,57.4174,59.1152,57.1521,58.7522,43681
2025-03-19,FXBET,58.4535,58.7139,58.3300,58.4494,89032
2025-03-20,FXBET,58.4048,59.3949,58.2158,59.3796,21637
2025-03-21,FXBET,59.4744,59.6391,58.4395,58.5234,92057
2025-03-24,FXBET,58.8938,59.0874,58.6684,59.0100,52052
2025-03-25,FXBET,59.0322,59.1149,58.2811,58.6052,90266
2025-03-26,FXBET,58.1793,60.9096,57.8244,60.4737,64853
2025-03-27,FXBET,60.0406,60.3165,59.7628,60.2288,26784
2025-03-28,FXBET,60.0073,60.7414,59.9967,60.6091,86415
2025-03-31,FXBET,60.6589,62.0073,60.4502,61.8964,29305
2025-04-01,FXBET,61.7567,62.0412,61.5380,61.9691,61865
2025-04-02,FXBET,61.7909,62.1964,61.6952,62.0987,51145
2025-04-03,FXBET,61.9159,62.9840,61.4503,62.9430,99310
2025-04-04,FXBET,63.1213,63.4387,62.5432,62.6371,89624
2025-04-07,FXBET,62.5158,62.6472,61.9037,62.1113,72943
2025-04-08,FXBET,61.5527,62.4107,61.1817,62.1946,38555
2025-04-09,FXBET,62.4301,62.6167,61.2351,61.4097,46635
2025-04-10,FXBET,61.6972,61.8343,60.1326,60.2735,66673
2025-04-11,FXBET,60.2487,60.7909,60.1136,60.7218,39495
2025-04-14,FXBET,60.6865,60.8219,60.3061,60.4964,59170
2025-04-15,FXBET,60.6950,60.8097,59.4888,59.8468,64806
2025-04-16,FXBET,59.9145,59.9807,59.6970,59.9286,35707
2025-04-17,FXBET,59.8629,60.1057,59.3786,59.5354,86546
2025-04-18,FXBET,59.8046,59.9366,58.8816,59.1514,48356
2025-04-21,FXBET,59.0427,60.4520,58.8778,60.0883,51800
2025-04-22,FXBET,60.1860,60.2724,59.6743,60.2502,70262
2025-04-23,FXBET,60.8926,60.8943,60.3749,60.7895,79810
2025-04-24,FXBET,60.5807,60.8826,60.4931,60.6726,82287
2025-04-25,FXBET,60.6544,62.4067,60.2172,62.3657,84770
2025-04-28,FXBET,62.3944,62.5351,61.5107,61.8390,40941
2025-04-29,FXBET,62.0447,62.1996,60.1459,60.8103,21849
2025-04-30,FXBET,60.5311,61.6781,60.4784,61.5840,67406
2025-05-01,FXBET,62.2186,63.5918,61.8525,63.5240,75653
2025-05-02,FXBET,63.1373,64.5581,62.9833,64.3743,53153
2025-05-05,FXBET,64.6585,65.0853,64.6032,64.9684,72908
2025-05-06,FXBET,64.7277,65.0356,63.7083,63.9479,67301
2025-05-07,FXBET,63.8164,64.0924,63.6112,64.0906,44095
2025-05-08,FXBET,64.0457,64.0747,63.5169,63.5541,42844
2025-05-09,FXBET,63.5476,64.0256,62.1122,62.3467,35173
2025-05-12,FXBET,62.3995,62.8247,61.2485,61.3789,43086
2025-05-13,FXBET,61.1099,61.3862,60.6996,60.8129,79819
2025-05-14,FXBET,61.3067,61.3769,60.2774,60.3593,68219
2025-05-15,FXBET,60.2823,62.0245,60.2566,61.4063,55335
2025-05-16,FXBET,61.5465,62.1359,60.6702,61.1792,46811
2025-05-19,FXBET,61.1672,61.8048,60.8763,61.6465,52340
2025-05-20,FXBET,61.7119,61.8692,60.3633,60.6199,84916
2025-05-21,FXBET,60.6693,60.7508,60.2746,60.5627,51831
2025-05-22,FXBET,60.2161,60.8102,60.1511,60.7026,28042
2025-05-23,FXBET,60.7779,61.4564,60.5961,61.2782,62382
2025-05-26,FXBET,61.1404,61.9205,60.9642,61.8320,86650
2025-05-27,FXBET,62.1645,62.6863,62.1382,62.5451,60979
2025-05-28,FXBET,62.8841,62.9347,61.2291,61.7382,38594
2025-05-29,FXBET,61.6590,61.8174,61.2559,61.3900,99358
2025-05-30,FXBET,61.3860,61.4880,60.8286,60.8458,35178
2025-06-02,FXBET,60.4263,61.1247,60.2562,61.0003,46062
2025-06-03,FXBET,60.9362,61.0197,59.9929,60.1389,84134
2025-06-04,FXBET,60.5112,60.5885,58.7174,59.2314,80336
2025-06-05,FXBET,59.4122,59.6749,59.1284,59.4955,72874
2025-06-06,FXBET,59.0262,59.3922,58.4288,58.8088,55789
2025-06-09,FXBET,59.2351,59.4645,57.6039,57.6923,78306
2025-06-10,FXBET,57.8005,58.1062,57.4774,57.5121,60617
2025-06-11,FXBET,57.6194,57.6407,56.7579,56.8844,52820
2025-06-12,FXBET,57.1087,57.5688,56.3946,56.7202,59564
2025-06-13,FXBET,56.8277,57.5839,56.6397,57.5568,63255
2025-06-16,FXBET,57.4722,57.5787,57.2456,57.5105,84723
2025-06-17,FXBET,57.6310,58.1630,57.5112,57.8144,24328
2025-06-18,FXBET,57.7752,57.7929,56.3182,56.5236,58770
2025-06-19,FXBET,56.3859,56.4092,56.1801,56.4016,51424
2025-06-20,FXBET,56.7931,56.8734,55.1969,55.2985,78108
2025-06-23,FXBET,55.5795,57.3216,55.5689,57.1310,77412
2025-06-24,FXBET,56.8351,56.9436,54.9216,55.2314,20461
2025-06-25,FXBET,55.2906,55.9885,55.1685,55.8672,49940
2025-06-26,FXBET,56.0001,56.1414,55.6327,55.6426,58820
2025-06-27,FXBET,55.3734,58.3635,54.9760,58.0327,65417
2025-06-30,FXBET,58.3463,58.7096,57.1417,57.2229,33986
2025-07-01,FXBET,56.6082,57.3877,56.4985,57.3451,41727
2025-07-02,FXBET,56.8673,57.3505,56.2975,57.2966,80179
2025-07-03,FXBET,57.1107,57.7894,57.0553,57.3876,28219
2025-07-04,FXBET,56.8392,59.3124,56.7955,58.9091,60144
2025-07-07,FXBET,58.6739,58.7309,56.5637,56.9157,78679
2025-07-08,FXBET,56.5134,57.5042,56.3918,57.2098,89732
2025-07-09,FXBET,57.1818,57.4616,56.7077,56.8318,58029
2025-07-10,FXBET,56.6975,57.3519,56.6283,57.3229,52516
2025-07-11,FXBET,57.8250,58.4992,57.8244,58.4388,57539
2025-07-14,FXBET,58.3535,58.3761,56.2533,56.3455,37439
2025-07-15,FXBET,55.9624,57.0508,55.7090,56.7507,72959
2025-07-16,FXBET,56.7053,56.7072,56.2265,56.2349,96267
2025-07-17,FXBET,56.0491,56.8785,55.9577,56.6686,94711
2025-07-18,FXBET,56.5309,56.7476,56.3269,56.5355,84866
2025-07-21,FXBET,56.7453,57.4685,56.7357,57.3474,36730
2025-07-22,FXBET,57.5898,57.9239,57.1144,57.4078,33099
2025-07-23,FXBET,57.7478,58.3371,57.1393,57.3055,42647
2025-07-24,FXBET,57.4053,57.4186,56.7442,56.7828,90020
2025-07-25,FXBET,56.7979,57.6830,56.6821,57.2944,68497
2025-07-28,FXBET,57.1039,57.6122,56.6616,57.5867,45344
2025-07-29,FXBET,57.3817,57.4519,56.5716,56.6872,34309
2025-07-30,FXBET,56.2721,57.7943,56.0838,57.3229,46123
2025-07-31,FXBET,56.9761,57.7189,56.7557,57.5997,83265
2025-08-01,FXBET,57.7051,58.8809,57.4211,58.0194,90170
2025-08-04,FXBET,57.4930,59.1838,57.4353,59.0349,82383
2025-08-05,FXBET,58.6076,60.5656,58.5687,60.4886,87660
2025-08-06,FXBET,60.2423,60.5113,59.6337,59.8215,84926
2025-08-07,FXBET,59.9996,61.3095,59.5306,61.1255,44831
2025-08-08,FXBET,61.0264,61.1743,60.2144,60.5188,21398
2025-08-11,FXBET,60.6971,60.7541,59.5817,59.6197,87541
2025-08-12,FXBET,59.6066,61.9436,59.4077,61.7074,23363
2025-08-13,FXBET,61.6047,61.7060,59.7532,60.0401,29071
2025-08-14,FXBET,60.1371,60.2235,60.0589,60.1928,28836
2025-08-15,FXBET,59.9341,61.0665,59.9152,60.9884,29811
2025-08-18,FXBET,61.2172,61.2725,60.5039,60.8337,36994
2025-08-19,FXBET,60.2901,62.0231,59.7227,61.6202,23474
2025-08-20,FXBET,61.6966,62.7430,61.6383,62.0877,56635
2025-08-21,FXBET,62.4027,63.2991,62.3174,63.2737,49269
2025-08-22,FXBET,63.1161,63.2769,61.8604,62.0297,78368
2025-08-25,FXBET,62.3340,62.5132,61.3879,61.5718,53454
2025-08-26,FXBET,61.3114,64.1253,61.2996,63.5760,86076
2025-08-27,FXBET,63.9145,63.9200,63.7128,63.8498,57122
2025-08-28,FXBET,63.8426,64.4173,63.5452,64.2349,27384
2025-08-29,FXBET,64.2586,64.3537,63.5380,63.8095,24196
2025-09-01,FXBET,63.9708,64.1654,63.9043,63.9261,74961
2025-09-02,FXBET,64.1050,65.1691,63.9558,64.9781,45906
2025-09-03,FXBET,65.2890,66.0181,65.0614,65.5371,90749
2025-09-04,FXBET,65.7344,66.1214,64.2122,64.5207,28965
2025-09-05,FXBET,64.5315,65.7563,64.1198,65.5295,77543
2025-09-08,FXBET,65.0387,65.5135,64.2979,65.2213,65383
2025-09-09,FXBET,65.0549,65.2735,65.0181,65.2732,26139
2025-09-10,FXBET,64.8110,66.1196,64.6251,65.9031,46781
2025-09-11,FXBET,65.5837,65.9770,64.6545,64.8190,46200
2025-09-12,FXBET,65.0016,65.1007,63.7830,63.8088,91362
2025-09-15,FXBET,63.8119,63.9890,63.7355,63.8993,82409
2025-09-16,FXBET,63.7807,64.4623,63.5788,64.2739,26943
2025-09-17,FXBET,64.6073,64.6113,64.3866,64.4430,20765
2025-09-18,FXBET,64.2563,64.8188,63.4327,63.6707,77974
2025-09-19,FXBET,63.7505,63.7555,63.4599,63.5909,20570
2025-09-22,FXBET,63.3232,64.1291,63.2141,64.0679,29662
2025-09-23,FXBET,64.1536,64.6136,62.5650,62.6753,28036
2025-09-24,FXBET,62.3427,64.5785,62.1838,64.2437,34307
2025-09-25,FXBET,64.0809,65.0970,63.8470,65.0829,31416
2025-09-26,FXBET,65.1594,66.0759,65.0176,66.0440,25849
2025-09-29,FXBET,65.9627,66.7264,65.8911,66.2688,82149
2025-09-30,FXBET,66.0957,66.5675,65.9660,66.4938,31074
2025-10-01,FXBET,66.6781,66.9761,64.5951,64.7434,29550
2025-10-02,FXBET,65.4756,65.5355,65.1990,65.2575,94185
2025-10-03,FXBET,65.4988,66.6109,65.3068,66.3263,68087
2025-10-06,FXBET,66.3728,68.0858,66.2479,67.7901,34627
2025-10-07,FXBET,67.5178,67.5488,66.0922,66.1290,59456
2025-10-08,FXBET,66.5652,66.7195,65.1407,65.2517,37039
2025-10-09,FXBET,65.4528,66.6990,65.1841,66.5933,30949
2025-10-10,FXBET,66.5782,66.7453,65.9158,66.5103,35681
2025-10-13,FXBET,66.2425,66.6413,66.2099,66.2857,98933
2025-10-14,FXBET,66.0908,66.1716,65.7529,66.0685,22950
2025-10-15,FXBET,66.0628,66.4196,64.3493,64.7304,90131
2025-10-16,FXBET,64.7680,65.7767,64.6545,65.4007,70501
2025-10-17,FXBET,65.6175,66.0174,65.5681,65.6656,84808
2025-10-20,FXBET,66.0686,66.1292,65.7958,65.8164,46134
2025-10-21,FXBET,65.5824,66.8525,65.0989,66.3041,98067
2025-10-22,FXBET,66.5489,67.8307,66.2951,67.7089,59036
2025-10-23,FXBET,67.7943,67.8565,66.5318,66.6309,22680
2025-10-24,FXBET,66.2636,66.3684,65.9302,66.2989,26170
2025-10-27,FXBET,66.0655,66.1280,63.7880,63.8957,74988
2025-10-28,FXBET,64.3291,64.5193,63.2236,63.3636,93318
2025-10-29,FXBET,63.4983,63.5831,62.8784,63.0559,23414
2025-10-30,FXBET,63.1412,64.9505,63.0122,64.6090,54354
2025-10-31,FXBET,64.0991,64.4614,63.7015,63.8037,95858
2025-11-03,FXBET,63.6746,64.0816,63.2568,63.4630,76979
2025-11-04,FXBET,63.5236,65.1747,63.4488,64.8827,37840
2025-11-05,FXBET,64.7880,65.3853,64.6658,65.2650,48826
2025-11-06,FXBET,65.2959,66.2184,64.8823,65.7273,22280
2025-11-07,FXBET,65.5027,65.7044,65.1196,65.6434,49577
2025-11-10,FXBET,65.6304,65.8398,64.9835,65.1378,86342
2025-11-11,FXBET,65.1240,66.0407,64.9674,65.3612,81332
2025-11-12,FXBET,65.9702,66.5325,65.6605,65.7433,49855
2025-11-13,FXBET,65.5631,65.6515,65.3644,65.4334,33340
2025-11-14,FXBET,65.7155,67.2804,65.4963,66.5485,62807
2025-11-17,FXBET,66.5292,66.6992,65.2160,65.4030,55323
2025-11-18,FXBET,65.0830,66.4272,64.7106,66.2528,24377
2025-11-19,FXBET,66.2423,67.1024,66.0931,67.0063,72834
2025-11-20,FXBET,67.1416,67.3618,66.9388,67.2644,49160
2025-11-21,FXBET,66.7788,69.3387,66.7508,68.7305,78011
2025-11-24,FXBET,68.9391,69.7901,68.7722,69.5061,68249
2025-11-25,FXBET,69.3307,69.6148,69.0250,69.3058,64659
2025-11-26,FXBET,69.6552,69.8513,68.6201,68.8474,93751
2025-11-27,FXBET,68.6510,68.8210,68.2990,68.8006,48076
2025-11-28,FXBET,68.8903,69.5239,68.5687,69.0036,93549
2025-12-01,FXBET,68.4602,68.5749,65.9925,66.6233,53591
2025-12-02,FXBET,66.3610,66.5691,64.9434,65.1708,59779
2025-12-03,FXBET,65.1303,65.2914,64.8125,64.9436,67852
2025-12-04,FXBET,65.1194,65.7182,64.3489,65.2169,95069
2025-12-05,FXBET,64.9232,66.7804,64.6056,66.0587,77351
2025-12-08,FXBET,66.2296,67.1202,65.8107,66.6512,22395
2025-12-09,FXBET,66.8327,67.7444,66.8096,67.3746,69816
2025-12-10,FXBET,66.8597,67.1761,66.0024,66.3430,28556
2025-12-11,FXBET,65.9459,66.7731,65.8639,66.2436,62889
2025-12-12,FXBET,66.1943,66.2533,64.5449,64.5650,23077
2025-12-15,FXBET,64.8681,64.9422,64.3801,64.4155,86544
2025-12-16,FXBET,64.3306,65.3687,64.0089,64.8168,52635
2025-12-17,FXBET,65.0171,65.3085,64.9577,65.2237,50592
2025-12-18,FXBET,65.1452,66.0796,64.4401,65.6363,36331
2025-12-19,FXBET,65.2980,65.4568,64.8295,64.9088,95868
2025-12-22,FXBET,65.0692,65.2290,63.7301,63.9010,84488
2025-12-23,FXBET,63.9468,64.5671,63.7042,64.4501,79554
2025-12-24,FXBET,64.3191,65.4175,64.0801,65.3261,31757
2025-12-25,FXBET,65.5716,66.0663,65.3034,65.9562,87501
2025-12-26,FXBET,65.9954,66.0410,64.9827,65.0415,32838
2025-12-29,FXBET,64.8529,64.9146,64.2596,64.3236,65589
2025-12-30,FXBET,63.9618,64.0599,62.6994,63.2265,38596
2025-12-31,FXBET,62.6705,65.0992,62.6338,64.8532,88398
2021-01-04,FXIOT,23.4730,23.5627,22.9113,22.9257,67641
2021-01-05,FXIOT,23.2455,23.2816,22.3384,22.4116,94286
2021-01-06,FXIOT,22.3766,22.5031,22.2911,22.4352,62012
2021-01-07,FXIOT,22.4773,22.5155,22.0797,22.0837,62546
2021-01-08,FXIOT,21.9887,22.8098,21.9222,22.6935,31591
2021-01-11,FXIOT,22.7355,22.9317,22.6775,22.6855,44704
2021-01-12,FXIOT,22.6583,23.1383,22.6487,23.0391,59564
2021-01-13,FXIOT,22.9607,23.0040,22.4948,22.5760,53711
2021-01-14,FXIOT,22.5808,22.9357,22.5800,22.9340,43102
2021-01-15,FXIOT,22.9564,22.9803,22.3909,22.5249,29573
2021-01-18,FXIOT,22.4423,22.5652,22.2337,22.5143,71574
2021-01-19,FXIOT,22.6768,22.7372,21.8702,21.9404,84422
2021-01-20,FXIOT,21.9396,22.0851,21.9382,22.0352,63496
2021-01-21,FXIOT,21.9874,22.4973,21.8560,22.3448,64510
2021-01-22,FXIOT,22.3235,22.5069,22.2464,22.2464,52264
2021-01-25,FXIOT,22.2785,22.5113,22.2150,22.4599,65698
2021-01-26,FXIOT,22.4205,22.5023,21.7163,21.7451,71263
2021-01-27,FXIOT,21.7388,21.7553,20.8423,21.0097,39554
2021-01-28,FXIOT,20.9811,21.4307,20.8311,21.3476,83205
2021-01-29,FXIOT,21.3453,21.3711,20.9151,21.0089,67504
2021-02-01,FXIOT,20.9767,21.3180,20.8643,21.2299,83056
2021-02-02,FXIOT,21.1834,21.2099,20.9358,21.0406,34319
2021-02-03,FXIOT,21.1393,21.1965,20.6844,20.6967,80833
2021-02-04,FXIOT,20.8268,20.8302,20.2109,20.2751,26879
2021-02-05,FXIOT,20.3800,20.3857,19.8962,19.9356,51918
2021-02-08,FXIOT,20.0096,20.1232,19.8885,19.9114,26757
2021-02-09,FXIOT,19.8859,19.9768,19.6605,19.7027,29724
2021-02-10,FXIOT,19.7532,20.0409,19.6793,19.9943,95793
2021-02-11,FXIOT,19.7634,19.7756,19.7000,19.7239,62662
2021-02-12,FXIOT,19.8195,19.9713,19.1557,19.1827,57287
2021-02-15,FXIOT,19.1884,19.4724,19.1530,19.4321,64925
2021-02-16,FXIOT,19.4308,19.4625,19.3536,19.4136,81807
2021-02-17,FXIOT,19.3863,19.5737,19.3702,19.5317,84777
2021-02-18,FXIOT,19.5543,19.5699,19.3713,19.5460,91102
2021-02-19,FXIOT,19.5362,19.7557,19.5205,19.6535,98524
2021-02-22,FXIOT,19.6335,19.8437,19.5170,19.6837,56185
2021-02-23,FXIOT,19.4922,19.5772,19.4047,19.5351,84081
2021-02-24,FXIOT,19.4672,19.7197,19.4188,19.6914,76494
2021-02-25,FXIOT,19.6998,19.9124,19.6964,19.8983,51307
2021-02-26,FXIOT,19.8538,20.2681,19.7930,20.2305,25832
2021-03-01,FXIOT,20.2192,20.3645,20.1796,20.3107,47484
2021-03-02,FXIOT,20.3888,20.4899,19.7114,19.7575,92289
2021-03-03,FXIOT,19.7238,19.8049,19.6059,19.6557,82552
2021-03-04,FXIOT,19.7503,20.0183,19.3590,19.4104,43657
2021-03-05,FXIOT,19.6171,19.6984,19.0233,19.0813,38671
2021-03-08,FXIOT,19.1100,19.1699,18.6043,18.6156,47706
2021-03-09,FXIOT,18.6756,18.8415,18.5734,18.5952,94190
2021-03-10,FXIOT,18.5047,19.1006,18.3928,19.0722,95094
2021-03-11,FXIOT,19.1584,19.3278,19.1521,19.2102,75911
2021-03-12,FXIOT,19.1920,19.7520,19.1871,19.6626,94499
2021-03-15,FXIOT,19.6733,19.7526,19.3854,19.4288,70900
2021-03-16,FXIOT,19.2953,19.3413,19.1368,19.1526,27648
2021-03-17,FXIOT,19.1381,19.2558,19.1370,19.1372,83752
2021-03-18,FXIOT,19.0615,19.0754,18.8672,18.9086,80603
2021-03-19,FXIOT,18.8840,19.1576,18.8243,19.0312,41931
2021-03-22,FXIOT,19.1582,19.3659,19.1540,19.3347,66729
2021-03-23,FXIOT,19.3405,19.5092,19.2611,19.4583,44602
2021-03-24,FXIOT,19.5143,19.6088,19.4776,19.5698,37538
2021-03-25,FXIOT,19.5526,19.6585,19.3805,19.3950,72840
2021-03-26,FXIOT,19.3180,19.4499,19.1140,19.3560,36483
2021-03-29,FXIOT,19.2718,19.4506,19.2689,19.3347,55681
2021-03-30,FXIOT,19.3679,19.4335,19.2391,19.2598,80720
2021-03-31,FXIOT,19.1893,19.3334,18.9818,18.9858,95304
2021-04-01,FXIOT,18.9661,19.2528,18.9287,19.1016,84288
2021-04-02,FXIOT,18.9799,19.0787,18.4858,18.5653,93850
2021-04-05,FXIOT,18.5564,19.2253,18.5473,19.0301,87088
2021-04-06,FXIOT,18.9258,18.9343,18.7622,18.8702,78012
2021-04-07,FXIOT,18.8543,19.0169,18.6791,18.8279,52900
2021-04-08,FXIOT,18.7387,18.8511,18.7260,18.8066,75078
2021-04-09,FXIOT,18.7635,19.2455,18.7176,19.1929,78193
2021-04-12,FXIOT,19.1132,19.1486,19.0064,19.1419,21379
2021-04-13,FXIOT,19.1809,19.2767,18.9137,18.9143,44770
2021-04-14,FXIOT,18.9447,19.4193,18.7829,19.2180,32040
2021-04-15,FXIOT,19.1015,19.1828,18.9113,18.9763,80784
2021-04-16,FXIOT,18.9442,19.1443,18.8450,19.0311,69459
2021-04-19,FXIOT,18.9874,19.0176,18.8387,18.9354,70724
2021-04-20,FXIOT,18.9065,19.3041,18.8788,19.2224,62296
2021-04-21,FXIOT,19.2048,19.2447,19.0242,19.1097,52646
2021-04-22,FXIOT,19.2131,19.8266,19.0259,19.8000,30116
2021-04-23,FXIOT,19.8083,19.8362,19.6584,19.6686,38238
2021-04-26,FXIOT,19.6430,19.8908,19.5613,19.8862,22838
2021-04-27,FXIOT,19.8125,19.8354,19.4185,19.5072,35041
2021-04-28,FXIOT,19.3608,19.6679,19.3144,19.6272,50898
2021-04-29,FXIOT,19.6607,19.9109,19.5539,19.8603,83414
2021-04-30,FXIOT,19.6671,20.2644,19.5780,20.2425,95488
2021-05-03,FXIOT,20.1001,20.4270,20.0677,20.3113,35177
2021-05-04,FXIOT,20.2440,20.3546,19.9768,19.9829,53016
2021-05-05,FXIOT,19.9190,20.3711,19.8279,20.2785,22638
2021-05-06,FXIOT,20.3700,20.5223,19.8446,19.8762,27587
2021-05-07,FXIOT,19.9165,19.9236,19.6766,19.8395,82475
2021-05-10,FXIOT,19.8236,19.8622,19.4165,19.5138,71448
2021-05-11,FXIOT,19.5635,19.7721,19.5593,19.7594,36954
2021-05-12,FXIOT,19.6954,19.9522,19.5135,19.5384,89111
2021-05-13,FXIOT,19.6429,19.9929,19.6115,19.9465,77560
2021-05-14,FXIOT,19.9170,20.2437,19.8274,20.1872,80405
2021-05-17,FXIOT,20.2159,20.2388,19.9307,19.9946,45589
2021-05-18,FXIOT,19.8235,20.3605,19.8034,20.3603,20016
2021-05-19,FXIOT,20.3689,20.9640,20.3364,20.8471,72460
2021-05-20,FXIOT,20.7911,20.9463,20.4385,20.6291,43002
2021-05-21,FXIOT,20.7081,20.8615,20.5388,20.5797,64036
2021-05-24,FXIOT,20.5835,20.6887,19.8225,19.9535,52731
2021-05-25,FXIOT,19.9402,20.4574,19.9064,20.3738,95046
2021-05-26,FXIOT,20.4760,20.4893,20.1850,20.2237,85484
2021-05-27,FXIOT,20.2395,20.3166,20.1523,20.1667,82452
2021-05-28,FXIOT,20.1528,20.1626,19.7960,19.8064,68300
2021-05-31,FXIOT,19.8323,20.0234,19.6900,19.9870,90317
2021-06-01,FXIOT,20.0261,20.0748,19.9881,20.0663,70518
2021-06-02,FXIOT,20.1189,20.1444,19.3187,19.3217,72326
2021-06-03,FXIOT,19.3591,20.0972,19.3308,20.0628,55492
2021-06-04,FXIOT,20.1717,20.2542,19.6679,19.7004,72763
2021-06-07,FXIOT,19.6428,20.3058,19.5306,20.2451,77631
2021-06-08,FXIOT,20.2193,20.9168,20.2175,20.8719,46572
2021-06-09,FXIOT,20.9181,20.9229,20.8486,20.8686,90140
2021-06-10,FXIOT,20.8753,20.9290,20.0695,20.1503,54897
2021-06-11,FXIOT,20.1996,20.3296,19.8967,19.9766,36185
2021-06-14,FXIOT,19.9132,19.9789,19.8592,19.9705,86024
2021-06-15,FXIOT,19.9501,20.0002,19.5462,19.6622,98702
2021-06-16,FXIOT,19.6573,19.9407,19.4638,19.9277,66974
2021-06-17,FXIOT,20.0159,20.0186,19.4540,19.4855,50635
2021-06-18,FXIOT,19.4815,19.5065,19.2129,19.3307,44959
2021-06-21,FXIOT,19.4489,19.4594,19.3091,19.3596,48367
2021-06-22,FXIOT,19.3710,19.9290,19.3130,19.8732,80806
2021-06-23,FXIOT,19.9748,20.0790,19.6013,19.6640,20869
2021-06-24,FXIOT,19.6201,19.7425,19.4070,19.5083,67117
2021-06-25,FXIOT,19.5276,19.5665,19.1345,19.2405,94297
2021-06-28,FXIOT,19.0848,19.3932,19.0595,19.3821,28132
2021-06-29,FXIOT,19.3240,19.4352,18.9754,19.0006,93687
2021-06-30,FXIOT,18.7783,18.9304,18.6713,18.7002,44479
2021-07-01,FXIOT,18.6844,18.7801,18.3899,18.4683,43566
2021-07-02,FXIOT,18.4000,19.1766,18.3980,18.9459,68692
2021-07-05,FXIOT,18.8879,18.9495,18.7469,18.8118,82819
2021-07-06,FXIOT,18.6871,19.0541,18.5512,19.0394,24388
2021-07-07,FXIOT,19.0894,19.1515,18.8434,18.8816,45994
2021-07-08,FXIOT,18.9474,19.0097,18.8629,18.9848,71032
2021-07-09,FXIOT,18.8820,19.0870,18.7922,19.0756,23049
2021-07-12,FXIOT,19.1133,19.1808,19.0021,19.0598,94642
2021-07-13,FXIOT,19.0851,19.2733,19.0366,19.2383,52402
2021-07-14,FXIOT,19.2144,19.4741,19.0738,19.4701,48568
2021-07-15,FXIOT,19.5286,19.6114,19.1855,19.2952,24029
2021-07-16,FXIOT,19.3451,19.4537,19.3218,19.3904,37971
2021-07-19,FXIOT,19.4278,19.4381,19.2857,19.3574,75635
2021-07-20,FXIOT,19.3432,19.9844,19.3323,19.8375,63619
2021-07-21,FXIOT,19.9409,20.0340,19.8912,19.9379,63699
2021-07-22,FXIOT,19.8191,20.0760,19.7573,20.0246,62123
2021-07-23,FXIOT,20.0823,20.5691,20.0688,20.4131,56668
2021-07-26,FXIOT,20.4058,20.4290,20.3070,20.3586,76987
2021-07-27,FXIOT,20.1545,20.3745,19.9611,20.1508,71910
2021-07-28,FXIOT,20.1161,20.2009,19.5691,19.6921,34795
2021-07-29,FXIOT,19.6853,19.7373,19.5578,19.5788,88065
2021-07-30,FXIOT,19.6232,19.6404,19.3815,19.4058,77646
2021-08-02,FXIOT,19.4472,20.0189,19.4185,19.9874,70020
2021-08-03,FXIOT,19.9007,19.9343,19.7184,19.8166,65206
2021-08-04,FXIOT,19.9090,20.0112,19.4318,19.5193,95770
2021-08-05,FXIOT,19.4782,19.5903,19.2761,19.3085,30162
2021-08-06,FXIOT,19.2487,19.6944,19.2182,19.5694,76394
2021-08-09,FXIOT,19.6465,19.6650,19.1765,19.3561,21148
2021-08-10,FXIOT,19.3265,19.4561,19.1132,19.1965,36311
2021-08-11,FXIOT,19.1739,19.6980,19.0932,19.6266,71435
2021-08-12,FXIOT,19.5745,19.9221,19.4646,19.8500,59869
2021-08-13,FXIOT,19.8559,19.8698,19.4192,19.4579,88254
2021-08-16,FXIOT,19.4372,19.5780,18.9257,19.0914,71148
2021-08-17,FXIOT,19.2316,19.2380,19.0179,19.0793,59203
2021-08-18,FXIOT,19.1499,19.2089,18.9045,18.9834,34588
2021-08-19,FXIOT,18.9822,19.1221,18.3676,18.4225,96006
2021-08-20,FXIOT,18.4297,18.4695,18.4164,18.4416,47787
2021-08-23,FXIOT,18.5183,18.6468,17.9094,17.9579,92805
2021-08-24,FXIOT,17.9544,18.0133,17.9284,17.9753,77682
2021-08-25,FXIOT,17.9767,18.2676,17.9720,18.1863,43017
2021-08-26,FXIOT,18.3128,18.4122,17.8845,18.0533,76801
2021-08-27,FXIOT,18.1179,18.4448,18.0208,18.3973,43535
2021-08-30,FXIOT,18.5611,19.0846,18.5229,19.0662,23579
2021-08-31,FXIOT,19.0059,19.3166,18.9333,19.1241,44905
2021-09-01,FXIOT,19.1784,19.3175,19.0126,19.0248,71922
2021-09-02,FXIOT,19.0837,19.1000,18.9576,19.0389,33936
2021-09-03,FXIOT,18.9636,19.2658,18.9315,19.2044,59116
2021-09-06,FXIOT,19.1252,19.2459,18.5883,18.6405,31939
2021-09-07,FXIOT,18.7299,18.7847,18.6492,18.6641,71079
2021-09-08,FXIOT,18.6763,19.1191,18.6369,18.9419,66430
2021-09-09,FXIOT,19.0254,19.0738,18.9316,19.0049,25464
2021-09-10,FXIOT,18.9725,19.0298,18.9548,18.9960,73675
2021-09-13,FXIOT,18.8560,19.0165,18.7734,18.9855,51106
2021-09-14,FXIOT,18.9849,19.0439,18.6255,18.7561,97520
2021-09-15,FXIOT,18.7930,19.3711,18.7167,19.3508,47457
2021-09-16,FXIOT,19.3494,19.4552,19.1698,19.2007,41310
2021-09-17,FXIOT,19.2293,19.2419,19.0381,19.1426,51123
2021-09-20,FXIOT,19.1501,19.3333,18.7979,18.9235,98466
2021-09-21,FXIOT,18.7558,19.5209,18.7164,19.4147,20208
2021-09-22,FXIOT,19.5151,19.6152,19.4740,19.5763,20784
2021-09-23,FXIOT,19.7372,19.7587,19.3531,19.4021,85769
2021-09-24,FXIOT,19.5073,19.5325,18.7505,18.7535,46083
2021-09-27,FXIOT,18.8227,18.9762,18.8051,18.9093,93719
2021-09-28,FXIOT,18.8945,18.9675,18.7938,18.9513,98080
2021-09-29,FXIOT,18.9061,18.9522,18.8249,18.9058,96976
2021-09-30,FXIOT,18.8060,18.8097,18.4722,18.5797,21377
2021-10-01,FXIOT,18.6039,18.9269,18.5371,18.8022,59637
2021-10-04,FXIOT,18.7396,18.8135,18.4092,18.4365,74740
2021-10-05,FXIOT,18.5235,18.7093,18.5157,18.6283,34631
2021-10-06,FXIOT,18.6014,18.6378,18.4476,18.4609,83549
2021-10-07,FXIOT,18.5241,18.5691,18.4620,18.4672,70154
2021-10-08,FXIOT,18.4785,18.4996,18.1933,18.2603,80002
2021-10-11,FXIOT,18.2203,18.2552,18.1330,18.2369,68524
2021-10-12,FXIOT,18.2841,18.3232,17.6915,17.7921,50267
2021-10-13,FXIOT,17.7359,18.0425,17.6452,17.9911,80457
2021-10-14,FXIOT,17.9185,18.2301,17.8514,18.2020,62678
2021-10-15,FXIOT,18.1106,18.3398,18.1034,18.3037,61371
2021-10-18,FXIOT,18.2059,18.2793,18.0197,18.1354,48340
2021-10-19,FXIOT,18.0525,18.2820,17.9978,18.2526,42009
2021-10-20,FXIOT,18.3259,18.4156,18.3133,18.3199,62514
2021-10-21,FXIOT,18.3709,18.4306,18.1447,18.2295,81361
2021-10-22,FXIOT,18.2902,18.3157,18.0450,18.0733,96500
2021-10-25,FXIOT,18.1419,18.2488,17.8113,17.9740,78265
2021-10-26,FXIOT,17.8919,18.2307,17.7469,18.1537,78697
2021-10-27,FXIOT,18.2718,18.3184,18.0445,18.2230,42110
2021-10-28,FXIOT,18.1960,18.3966,18.1051,18.3871,71031
2021-10-29,FXIOT,18.3355,18.3424,18.2443,18.2616,53469
2021-11-01,FXIOT,18.2599,18.3487,18.1794,18.3190,66099
2021-11-02,FXIOT,18.3773,18.9553,18.3104,18.8483,98829
2021-11-03,FXIOT,18.7822,19.3346,18.7693,19.1374,92942
2021-11-04,FXIOT,19.1251,19.5104,19.0266,19.4830,20383
2021-11-05,FXIOT,19.4834,19.5977,18.7493,18.8192,77396
2021-11-08,FXIOT,18.8428,18.8855,18.6876,18.8610,48705
2021-11-09,FXIOT,18.8064,18.8082,18.3893,18.6209,64681
2021-11-10,FXIOT,18.6080,18.6413,18.1932,18.2559,97931
2021-11-11,FXIOT,18.3320,18.3809,18.0801,18.1766,48430
2021-11-12,FXIOT,18.1825,18.1981,17.9053,17.9673,94422
2021-11-15,FXIOT,17.8295,18.4028,17.8259,18.2587,59104
2021-11-16,FXIOT,18.2785,18.4997,18.1804,18.3853,50429
2021-11-17,FXIOT,18.3930,18.4447,17.9393,17.9402,85637
2021-11-18,FXIOT,17.9504,17.9523,17.7842,17.8030,92247
2021-11-19,FXIOT,17.8516,17.8937,17.7574,17.8478,99181
2021-11-22,FXIOT,17.8758,17.8858,17.7313,17.8252,81331
2021-11-23,FXIOT,17.7756,17.8055,17.4972,17.5001,72051
2021-11-24,FXIOT,17.5088,17.5734,17.4303,17.4437,33978
2021-11-25,FXIOT,17.4737,17.6057,17.4057,17.5048,85398
2021-11-26,FXIOT,17.4964,17.5079,16.9783,16.9996,35766
2021-11-29,FXIOT,17.0709,17.1210,16.5039,16.6665,97667
2021-11-30,FXIOT,16.6575,16.9366,16.6173,16.8923,67143
2021-12-01,FXIOT,16.9181,16.9578,16.3922,16.4181,71005
2021-12-02,FXIOT,16.4525,16.4799,16.3165,16.3465,64106
2021-12-03,FXIOT,16.2964,16.3549,16.1533,16.1622,26475
2021-12-06,FXIOT,16.1592,16.2743,16.0832,16.1525,94930
2021-12-07,FXIOT,16.1464,16.2749,16.0857,16.2389,38458
2021-12-08,FXIOT,16.2178,16.3798,16.1980,16.2935,31412
2021-12-09,FXIOT,16.2908,16.3473,15.8640,15.9498,42297
2021-12-10,FXIOT,15.9594,15.9635,15.7335,15.8143,60897
2021-12-13,FXIOT,15.9441,16.0421,15.3755,15.4273,51225
2021-12-14,FXIOT,15.4746,15.5648,15.4721,15.4839,54908
2021-12-15,FXIOT,15.5842,15.7597,15.4266,15.5141,43987
2021-12-16,FXIOT,15.5620,15.7277,15.4396,15.6852,43924
2021-12-17,FXIOT,15.5952,15.9586,15.5757,15.9304,55581
2021-12-20,FXIOT,16.0613,16.0712,15.6253,15.6553,84416
2021-12-21,FXIOT,15.7476,15.7663,15.4685,15.5330,39456
2021-12-22,FXIOT,15.5339,15.6130,15.3396,15.3782,63326
2021-12-23,FXIOT,15.3574,15.4633,15.3054,15.3828,71224
2021-12-24,FXIOT,15.4764,15.5254,15.0024,15.1377,67426
2021-12-27,FXIOT,15.0712,15.1078,14.9335,14.9614,99714
2021-12-28,FXIOT,15.0561,15.1116,14.8154,14.8193,89874
2021-12-29,FXIOT,14.7449,15.0243,14.7394,14.9371,53763
2021-12-30,FXIOT,14.8879,15.2933,14.8115,15.2583,58650
2021-12-31,FXIOT,15.2405,15.8463,15.1115,15.7948,73207
2022-01-03,FXIOT,15.8619,15.8949,15.7972,15.8060,40867
2022-01-04,FXIOT,15.8249,16.1702,15.8231,16.1273,51850
2022-01-05,FXIOT,16.0500,16.0961,15.7442,15.8280,44254
2022-01-06,FXIOT,15.7730,15.7733,15.6290,15.6319,61521
2022-01-07,FXIOT,15.7071,15.9251,15.6807,15.8152,85724
2022-01-10,FXIOT,15.8548,15.8609,15.5187,15.5437,39488
2022-01-11,FXIOT,15.5837,16.1261,15.5276,16.0435,76987
2022-01-12,FXIOT,15.9881,15.9986,15.9454,15.9784,46168
2022-01-13,FXIOT,16.0211,16.0259,15.5368,15.6137,77732
2022-01-14,FXIOT,15.5678,15.5844,15.4494,15.4796,51702
2022-01-17,FXIOT,15.5614,15.5862,15.3724,15.5205,82394
2022-01-18,FXIOT,15.5896,15.6003,15.4777,15.4909,34479
2022-01-19,FXIOT,15.5102,15.7255,15.4853,15.7207,43753
2022-01-20,FXIOT,15.7071,15.7272,15.5551,15.5945,28283
2022-01-21,FXIOT,15.6871,15.8382,15.4448,15.4506,45901
2022-01-24,FXIOT,15.4791,15.7809,15.4664,15.7394,60330
2022-01-25,FXIOT,15.7285,15.9910,15.7163,15.9861,20119
2022-01-26,FXIOT,15.9183,16.0021,15.8966,15.9453,26527
2022-01-27,FXIOT,15.9034,16.2096,15.8658,16.1090,67232
2022-01-28,FXIOT,16.0277,16.2506,15.9759,16.1799,29074
2022-01-31,FXIOT,16.2091,16.2104,16.1686,16.1821,66542
2022-02-01,FXIOT,16.2135,16.4220,16.1991,16.3517,25161
2022-02-02,FXIOT,16.4362,16.6358,16.4242,16.5953,88891
2022-02-03,FXIOT,16.5473,16.7771,16.4673,16.6837,23335
2022-02-04,FXIOT,16.6557,17.1738,16.6526,17.0784,56162
2022-02-07,FXIOT,17.1895,17.2028,16.7074,16.7549,92965
2022-02-08,FXIOT,16.6899,16.8310,16.6283,16.8280,92423
2022-02-09,FXIOT,16.8765,16.8874,16.3615,16.4196,94283
2022-02-10,FXIOT,16.4780,16.4858,16.1792,16.2580,48043
2022-02-11,FXIOT,16.1580,16.2496,16.1201,16.1287,47984
2022-02-14,FXIOT,16.0775,16.8560,16.0654,16.8358,21303
2022-02-15,FXIOT,16.8597,16.9044,16.8108,16.8171,86347
2022-02-16,FXIOT,16.7498,17.0024,16.7139,16.9891,74334
2022-02-17,FXIOT,16.9833,17.0314,16.5132,16.5854,43050
2022-02-18,FXIOT,16.5315,16.7053,16.5012,16.6325,56022
2022-02-21,FXIOT,16.6213,16.7810,16.5497,16.7022,75954
2022-02-22,FXIOT,16.6772,16.7567,16.6771,16.7353,91685
2022-02-23,FXIOT,16.6767,16.7384,16.2728,16.3001,54205
2022-02-24,FXIOT,16.2971,16.3836,16.2508,16.3457,45962
2022-02-25,FXIOT,16.2699,16.5998,16.2336,16.5985,92005
2022-02-28,FXIOT,16.6062,16.6507,16.4461,16.4823,57409
2022-03-01,FXIOT,16.4387,16.4603,15.9896,16.0927,82652
2022-03-02,FXIOT,16.1777,16.1823,15.8400,15.8705,84539
2022-03-03,FXIOT,15.8342,16.1729,15.8333,16.1109,31657
2022-03-04,FXIOT,16.1138,16.1350,15.6510,15.7721,79007
2022-03-07,FXIOT,15.7496,15.8184,15.5427,15.5828,32518
2022-03-08,FXIOT,15.6279,15.7043,15.4283,15.5403,95951
2022-03-09,FXIOT,15.5838,15.5922,15.3807,15.3846,52214
2022-03-10,FXIOT,15.3093,15.5089,15.3009,15.4679,63457
2022-03-11,FXIOT,15.4905,15.5213,15.3408,15.3927,89447
2022-03-14,FXIOT,15.3473,15.5671,15.3299,15.5278,73931
2022-03-15,FXIOT,15.5766,15.5918,15.4232,15.4887,95633
2022-03-16,FXIOT,15.4634,15.4906,15.1692,15.2374,55294
2022-03-17,FXIOT,15.1589,15.8586,15.1290,15.7613,56821
2022-03-18,FXIOT,15.7110,15.7875,15.5869,15.6097,94297
2022-03-21,FXIOT,15.6759,16.0856,15.5954,16.0827,61275
2022-03-22,FXIOT,16.0363,16.0506,15.6970,15.7687,84961
2022-03-23,FXIOT,15.8794,15.9141,15.8150,15.8232,58245
2022-03-24,FXIOT,15.7972,15.8273,15.0094,15.0152,82210
2022-03-25,FXIOT,15.0096,15.0251,14.9058,14.9452,25945
2022-03-28,FXIOT,14.9194,15.0800,14.8537,15.0489,66631
2022-03-29,FXIOT,15.0052,15.4457,14.9153,15.3800,74690
2022-03-30,FXIOT,15.4297,15.5494,15.3039,15.3313,73635
2022-03-31,FXIOT,15.3639,15.3648,14.9808,15.0613,55956
2022-04-01,FXIOT,15.2395,15.2536,15.0190,15.0378,83771
2022-04-04,FXIOT,14.9706,15.0448,14.9236,14.9746,90729
2022-04-05,FXIOT,14.9352,15.1916,14.8697,15.1451,99923
2022-04-06,FXIOT,15.1495,15.3123,15.1361,15.3062,40910
2022-04-07,FXIOT,15.2036,15.5821,15.0971,15.4877,79872
2022-04-08,FXIOT,15.5626,15.6802,15.5220,15.5350,38656
2022-04-11,FXIOT,15.4669,15.5340,15.3276,15.3448,79679
2022-04-12,FXIOT,15.4011,15.4164,15.1527,15.2017,59055
2022-04-13,FXIOT,15.1584,15.1624,14.8991,14.9561,86630
2022-04-14,FXIOT,15.0093,15.0165,14.7577,14.7936,92815
2022-04-15,FXIOT,14.8161,14.9155,14.6732,14.7514,41646
2022-04-18,FXIOT,14.7539,15.0828,14.7528,14.9979,86390
2022-04-19,FXIOT,15.0325,15.0931,14.5731,14.6055,23437
2022-04-20,FXIOT,14.6017,14.6553,14.3132,14.3710,65735
2022-04-21,FXIOT,14.4515,14.4775,14.3777,14.4562,52461
2022-04-22,FXIOT,14.4176,14.4206,14.1748,14.2297,23718
2022-04-25,FXIOT,14.1989,14.2870,14.0089,14.0467,90724
2022-04-26,FXIOT,14.0309,14.0543,13.6679,13.7579,79912
2022-04-27,FXIOT,13.8408,13.8814,13.7686,13.8503,76649
2022-04-28,FXIOT,13.8586,13.8659,13.6315,13.6804,76791
2022-04-29,FXIOT,13.7683,13.9157,13.7275,13.8438,53743
2022-05-02,FXIOT,13.7963,13.8815,13.6984,13.8806,21017
2022-05-03,FXIOT,13.8910,13.9510,13.8616,13.9272,81193
2022-05-04,FXIOT,13.9141,14.0210,13.8746,13.9676,35990
2022-05-05,FXIOT,13.9642,13.9983,13.8944,13.8988,53695
2022-05-06,FXIOT,13.8582,14.2195,13.8154,14.1842,57693
2022-05-09,FXIOT,14.2023,14.2969,14.1950,14.2513,70177
2022-05-10,FXIOT,14.2062,14.4801,14.1716,14.3874,93915
2022-05-11,FXIOT,14.3865,14.4619,13.7681,13.8079,95780
2022-05-12,FXIOT,13.7778,13.9476,13.7257,13.9049,65459
2022-05-13,FXIOT,13.8106,13.9069,13.7913,13.8105,34944
2022-05-16,FXIOT,13.8004,13.8245,13.5564,13.6078,23419
2022-05-17,FXIOT,13.5501,13.5577,13.4798,13.4810,23023
2022-05-18,FXIOT,13.6057,13.6085,13.4080,13.4187,26343
2022-05-19,FXIOT,13.4412,13.6491,13.3171,13.6472,35695
2022-05-20,FXIOT,13.6405,13.7588,13.5838,13.7127,57673
2022-05-23,FXIOT,13.6297,14.1009,13.6248,14.0619,47538
2022-05-24,FXIOT,13.9962,14.1211,13.9592,14.1207,54396
2022-05-25,FXIOT,14.0961,14.1958,14.0638,14.1758,66380
2022-05-26,FXIOT,14.1334,14.2392,14.1167,14.2354,53143
2022-05-27,FXIOT,14.2661,14.2677,14.1669,14.2108,98421
2022-05-30,FXIOT,14.2716,14.4488,14.2329,14.4147,42112
2022-05-31,FXIOT,14.3731,14.4917,14.0928,14.1194,34978
2022-06-01,FXIOT,14.1486,14.2296,14.0799,14.2220,33720
2022-06-02,FXIOT,14.2401,14.3435,14.2041,14.2875,47301
2022-06-03,FXIOT,14.3770,14.4011,14.0065,14.0543,83574
2022-06-06,FXIOT,14.1134,14.2160,13.9747,13.9828,49722
2022-06-07,FXIOT,13.9675,13.9868,13.8345,13.8796,79096
2022-06-08,FXIOT,13.8140,13.8582,13.5534,13.5915,60107
2022-06-09,FXIOT,13.5916,13.6286,13.4539,13.5507,24559
2022-06-10,FXIOT,13.5634,13.6097,13.1054,13.1739,86916
2022-06-13,FXIOT,13.0942,13.2191,13.0723,13.1943,74642
2022-06-14,FXIOT,13.1586,13.3278,13.1460,13.3001,36973
2022-06-15,FXIOT,13.2572,13.4192,13.2379,13.3558,67539
2022-06-16,FXIOT,13.4128,13.7202,13.4039,13.6490,95929
2022-06-17,FXIOT,13.7009,13.7023,13.4846,13.5342,65703
2022-06-20,FXIOT,13.5022,13.6371,13.4735,13.5929,38143
2022-06-21,FXIOT,13.5964,13.6327,13.3343,13.3800,42046
2022-06-22,FXIOT,13.3759,13.4809,13.2789,13.4359,90316
2022-06-23,FXIOT,13.4216,13.8799,13.4169,13.8605,91274
2022-06-24,FXIOT,13.8886,14.0898,13.6954,13.7028,45700
2022-06-27,FXIOT,13.7100,13.8936,13.6406,13.8896,95302
2022-06-28,FXIOT,13.8469,14.6584,13.7839,14.6429,65667
2022-06-29,FXIOT,14.6604,14.7223,14.5960,14.6902,58389
2022-06-30,FXIOT,14.6564,14.7175,14.2063,14.2586,45963
2022-07-01,FXIOT,14.3445,14.3558,14.3116,14.3458,26065
2022-07-04,FXIOT,14.4467,14.4700,14.2639,14.3794,58424
2022-07-05,FXIOT,14.3797,14.5031,14.3204,14.4332,84278
2022-07-06,FXIOT,14.3897,14.8346,14.3476,14.7281,38376
2022-07-07,FXIOT,14.6690,14.6757,14.5124,14.5641,27696
2022-07-08,FXIOT,14.5173,14.5369,14.4589,14.4858,42696
2022-07-11,FXIOT,14.4887,14.5145,14.4629,14.5076,35516
2022-07-12,FXIOT,14.5215,14.5566,13.9791,13.9986,71683
2022-07-13,FXIOT,13.9501,14.0250,13.7861,13.8386,64317
2022-07-14,FXIOT,13.8219,13.9605,13.7411,13.8884,39456
2022-07-15,FXIOT,13.8278,13.8731,13.5893,13.6601,42419
2022-07-18,FXIOT,13.6285,13.9724,13.4725,13.9167,34944
2022-07-19,FXIOT,13.9806,13.9954,13.5760,13.6049,47159
2022-07-20,FXIOT,13.6870,13.7271,13.4012,13.4074,86631
2022-07-21,FXIOT,13.3662,13.6960,13.2524,13.6385,35181
2022-07-22,FXIOT,13.6943,13.7765,13.5980,13.6550,39525
2022-07-25,FXIOT,13.7376,13.8887,13.7367,13.8575,22888
2022-07-26,FXIOT,13.9627,13.9660,13.6101,13.6320,44201
2022-07-27,FXIOT,13.6274,13.6729,13.5672,13.5961,39787
2022-07-28,FXIOT,13.6506,13.7861,13.6126,13.7634,60422
2022-07-29,FXIOT,13.7976,13.8493,13.5086,13.5823,47130
2022-08-01,FXIOT,13.5223,13.5620,13.3632,13.4298,94252
2022-08-02,FXIOT,13.5294,13.6572,13.4973,13.6509,39511
2022-08-03,FXIOT,13.6381,13.9885,13.6347,13.9527,74240
2022-08-04,FXIOT,14.0031,14.1996,13.9741,14.1339,56314
2022-08-05,FXIOT,14.0366,14.0892,13.5524,13.6103,90191
2022-08-08,FXIOT,13.6300,13.6324,13.5461,13.5860,52055
2022-08-09,FXIOT,13.6230,13.7369,13.3600,13.3979,37998
2022-08-10,FXIOT,13.4329,13.4821,13.3358,13.3741,22148
2022-08-11,FXIOT,13.4670,13.5512,13.4202,13.4855,30529
2022-08-12,FXIOT,13.4856,13.6053,13.1937,13.2542,38595
2022-08-15,FXIOT,13.2278,13.2330,13.1728,13.1874,99911
2022-08-16,FXIOT,13.3208,13.3855,12.8365,12.9348,87604
2022-08-17,FXIOT,12.8916,12.9915,12.8483,12.9558,47963
2022-08-18,FXIOT,12.8664,12.9711,12.8341,12.9470,60687
2022-08-19,FXIOT,12.9192,13.2318,12.8081,13.1359,74613
2022-08-22,FXIOT,13.2247,13.2411,13.1880,13.2060,38455
2022-08-23,FXIOT,13.1788,13.2734,13.1763,13.2567,27080
2022-08-24,FXIOT,13.2608,13.5442,13.2365,13.4368,28685
2022-08-25,FXIOT,13.4567,13.4632,13.2164,13.2892,58786
2022-08-26,FXIOT,13.2348,13.2948,13.0916,13.1048,81487
2022-08-29,FXIOT,13.1320,13.4706,13.1177,13.3482,67434
2022-08-30,FXIOT,13.4314,13.4903,13.2812,13.4497,20442
2022-08-31,FXIOT,13.3812,13.5551,13.3359,13.5266,42651
2022-09-01,FXIOT,13.4961,13.8590,13.4828,13.7987,44505
2022-09-02,FXIOT,13.8074,13.8143,13.5905,13.6298,96679
2022-09-05,FXIOT,13.6056,13.6195,13.5236,13.6084,72246
2022-09-06,FXIOT,13.6398,13.7858,13.5323,13.7623,25196
2022-09-07,FXIOT,13.7525,13.7765,13.6112,13.6393,82351
2022-09-08,FXIOT,13.6668,14.0383,13.6415,14.0234,95176
2022-09-09,FXIOT,14.0077,14.0604,13.9277,14.0573,59719
2022-09-12,FXIOT,14.0779,14.2467,14.0405,14.2261,34790
2022-09-13,FXIOT,14.2721,14.2824,13.9823,14.0000,57663
2022-09-14,FXIOT,13.9620,14.0239,13.8860,13.9021,33879
2022-09-15,FXIOT,13.8337,13.8934,13.4662,13.4702,60930
2022-09-16,FXIOT,13.4112,13.4308,13.1278,13.2519,89478
2022-09-19,FXIOT,13.2493,13.4419,13.1962,13.3621,33132
2022-09-20,FXIOT,13.3958,13.5146,13.3908,13.4621,65135
2022-09-21,FXIOT,13.4239,13.4641,13.3926,13.4565,98336
2022-09-22,FXIOT,13.4949,13.7525,13.4478,13.7510,30457
2022-09-23,FXIOT,13.7899,13.8235,13.7556,13.7695,71481
2022-09-26,FXIOT,13.8099,13.8126,13.7261,13.7427,77598
2022-09-27,FXIOT,13.8072,13.8103,13.6729,13.7092,79678
2022-09-28,FXIOT,13.6558,13.7822,13.6419,13.7191,35128
2022-09-29,FXIOT,13.7503,13.8343,13.3360,13.4376,90124
2022-09-30,FXIOT,13.4468,13.4985,13.3082,13.3463,37168
2022-10-03,FXIOT,13.2606,13.5366,13.2310,13.4637,94352
2022-10-04,FXIOT,13.4394,13.5774,13.3933,13.5235,30987
2022-10-05,FXIOT,13.4359,13.5894,13.4258,13.5414,24726
2022-10-06,FXIOT,13.6502,14.0135,13.5783,14.0004,68543
2022-10-07,FXIOT,14.0901,14.1137,13.9626,13.9666,48297
2022-10-10,FXIOT,14.0081,14.1152,13.9781,14.0474,83223
2022-10-11,FXIOT,14.0314,14.1009,14.0030,14.0328,70762
2022-10-12,FXIOT,14.1409,14.2030,14.0739,14.1961,77383
2022-10-13,FXIOT,14.2566,14.4346,14.2558,14.4169,36840
2022-10-14,FXIOT,14.4306,14.4976,14.0654,14.0654,27044
2022-10-17,FXIOT,14.0822,14.3112,14.0785,14.2917,32241
2022-10-18,FXIOT,14.3004,14.4631,13.9079,13.9127,94342
2022-10-19,FXIOT,14.0364,14.3520,13.9867,14.2599,45307
2022-10-20,FXIOT,14.2287,14.3022,14.1731,14.2943,74363
2022-10-21,FXIOT,14.3539,14.4164,14.2829,14.3856,81205
2022-10-24,FXIOT,14.4599,14.7473,14.4445,14.6492,70536
2022-10-25,FXIOT,14.5509,14.6833,14.4876,14.6246,23305
2022-10-26,FXIOT,14.6430,14.6824,14.2939,14.3565,31449
2022-10-27,FXIOT,14.3528,14.3576,14.1991,14.3201,47760
2022-10-28,FXIOT,14.2588,14.2828,14.2150,14.2291,73911
2022-10-31,FXIOT,14.2776,14.2838,14.0028,14.0184,69136
2022-11-01,FXIOT,14.1010,14.1255,13.8866,13.9660,62194
2022-11-02,FXIOT,14.0287,14.0760,13.9298,13.9647,23477
2022-11-03,FXIOT,14.0641,14.1607,13.7204,13.8015,54854
2022-11-04,FXIOT,13.8001,14.1871,13.7381,14.1605,47264
2022-11-07,FXIOT,14.1875,14.4767,14.1048,14.4651,32465
2022-11-08,FXIOT,14.4223,14.4231,14.2558,14.3400,24980
2022-11-09,FXIOT,14.3191,14.5461,14.2947,14.5344,64511
2022-11-10,FXIOT,14.5830,14.7327,13.8824,13.9563,45467
2022-11-11,FXIOT,13.9663,14.3279,13.9562,14.3038,72680
2022-11-14,FXIOT,14.1843,14.3509,14.1017,14.2467,65127
2022-11-15,FXIOT,14.2392,14.2489,13.9544,14.0471,83968
2022-11-16,FXIOT,14.0557,14.1407,13.8252,13.8838,72220
2022-11-17,FXIOT,13.9424,13.9538,13.4787,13.5259,39565
2022-11-18,FXIOT,13.5016,13.8237,13.4778,13.7422,38708
2022-11-21,FXIOT,13.7352,13.8901,13.7255,13.8774,40791
2022-11-22,FXIOT,13.9081,13.9552,13.6060,13.6278,56868
2022-11-23,FXIOT,13.5413,13.6199,13.5240,13.5713,94145
2022-11-24,FXIOT,13.5740,13.5925,13.4176,13.4633,81458
2022-11-25,FXIOT,13.3749,13.4171,13.0128,13.0169,23608
2022-11-28,FXIOT,13.0554,13.3281,13.0146,13.2912,46096
2022-11-29,FXIOT,13.2543,13.2819,13.0892,13.1185,80759
2022-11-30,FXIOT,13.1331,13.1554,12.9854,12.9932,47295
2022-12-01,FXIOT,13.0440,13.1096,12.7456,12.7477,72207
2022-12-02,FXIOT,12.7439,12.8141,12.7280,12.7894,26712
2022-12-05,FXIOT,12.7713,12.9378,12.6583,12.9204,27921
2022-12-06,FXIOT,12.9905,13.0434,12.9821,13.0077,23811
2022-12-07,FXIOT,12.9778,12.9951,12.8043,12.8115,63941
2022-12-08,FXIOT,12.6933,12.7336,12.6670,12.7311,32269
2022-12-09,FXIOT,12.7682,12.9352,12.6921,12.9196,67021
2022-12-12,FXIOT,12.9132,13.0952,12.8971,13.0331,94191
2022-12-13,FXIOT,13.1126,13.1181,13.0259,13.0397,77755
2022-12-14,FXIOT,12.9998,13.1100,12.9003,13.0759,65323
2022-12-15,FXIOT,13.0717,13.3703,13.0603,13.3187,71475
2022-12-16,FXIOT,13.3515,13.6461,13.3483,13.5480,80787
2022-12-19,FXIOT,13.6260,13.7361,13.4919,13.5389,45677
2022-12-20,FXIOT,13.5786,13.8130,13.5683,13.7871,65863
2022-12-21,FXIOT,13.8446,13.9809,13.7789,13.9710,60688
2022-12-22,FXIOT,13.9161,13.9230,13.7113,13.8005,82087
2022-12-23,FXIOT,13.7680,13.8348,13.7618,13.7773,44986
2022-12-26,FXIOT,13.8112,13.8432,13.4603,13.5733,40674
2022-12-27,FXIOT,13.5737,13.6744,13.4017,13.4620,68228
2022-12-28,FXIOT,13.4580,13.6697,13.3536,13.6383,39158
2022-12-29,FXIOT,13.6152,13.6480,13.5350,13.5941,26829
2022-12-30,FXIOT,13.7167,13.9811,13.7118,13.9440,81314
2023-01-02,FXIOT,14.0957,14.1267,13.8092,13.8478,91193
2023-01-03,FXIOT,13.8592,13.8863,13.6631,13.7218,95812
2023-01-04,FXIOT,13.8628,13.8887,13.6922,13.6979,36771
2023-01-05,FXIOT,13.6055,14.0708,13.5653,14.0078,60029
2023-01-06,FXIOT,14.0678,14.1122,13.9211,13.9576,99589
2023-01-09,FXIOT,14.0420,14.0477,13.5823,13.6508,76814
2023-01-10,FXIOT,13.5663,13.5932,13.1619,13.2011,74819
2023-01-11,FXIOT,13.2232,13.2378,12.8752,12.9621,89997
2023-01-12,FXIOT,12.9340,13.1846,12.9179,13.1751,96380
2023-01-13,FXIOT,13.1828,13.3324,13.1684,13.3145,50543
2023-01-16,FXIOT,13.2380,13.3174,13.1590,13.1608,25450
2023-01-17,FXIOT,13.1969,13.2048,12.9776,13.0726,22309
2023-01-18,FXIOT,13.0845,13.1684,12.9363,13.0352,40146
2023-01-19,FXIOT,13.0926,13.0981,12.6032,12.6326,60348
2023-01-20,FXIOT,12.6061,12.6900,12.6060,12.6125,32860
2023-01-23,FXIOT,12.6007,12.6074,12.5033,12.5487,45499
2023-01-24,FXIOT,12.5012,12.5677,12.3323,12.4213,50772
2023-01-25,FXIOT,12.4207,12.7352,12.3970,12.6939,80339
2023-01-26,FXIOT,12.7426,13.1310,12.7033,13.0934,88899
2023-01-27,FXIOT,13.0833,13.1070,12.9543,13.0412,21923
2023-01-30,FXIOT,12.9534,13.1812,12.9449,13.1338,96381
2023-01-31,FXIOT,13.0887,13.0935,12.7055,12.7119,50362
2023-02-01,FXIOT,12.6764,12.8372,12.6011,12.8048,43087
2023-02-02,FXIOT,12.8754,12.8875,12.3411,12.4385,88874
2023-02-03,FXIOT,12.3675,12.8118,12.2617,12.7820,88012
2023-02-06,FXIOT,12.7463,12.8051,12.6039,12.6068,55199
2023-02-07,FXIOT,12.5717,12.5795,12.4204,12.5116,25964
2023-02-08,FXIOT,12.5483,12.5801,12.1708,12.2170,90061
2023-02-09,FXIOT,12.2238,12.2983,12.0468,12.1304,90754
2023-02-10,FXIOT,12.1238,12.1290,12.0158,12.0296,88237
2023-02-13,FXIOT,12.0525,12.5162,12.0483,12.4804,87713
2023-02-14,FXIOT,12.4797,12.5500,12.3871,12.5495,77411
2023-02-15,FXIOT,12.5575,12.5711,12.5270,12.5639,99020
2023-02-16,FXIOT,12.5124,12.5223,12.4043,12.4680,83578
2023-02-17,FXIOT,12.4946,12.5377,12.2968,12.3161,59124
2023-02-20,FXIOT,12.3030,12.6330,12.1948,12.5833,62744
2023-02-21,FXIOT,12.5946,12.6184,12.5438,12.5614,56125
2023-02-22,FXIOT,12.5833,12.6130,12.4321,12.4941,78051
2023-02-23,FXIOT,12.4829,12.8051,12.3857,12.7471,25328
2023-02-24,FXIOT,12.7042,12.7157,12.4164,12.4240,49962
2023-02-27,FXIOT,12.4945,12.5905,12.4312,12.5828,35712
2023-02-28,FXIOT,12.5394,12.7554,12.5051,12.7183,45821
2023-03-01,FXIOT,12.7971,12.8243,12.7210,12.7345,90382
2023-03-02,FXIOT,12.7607,13.2367,12.7020,13.1969,80741
2023-03-03,FXIOT,13.1457,13.2217,12.8987,12.9332,55098
2023-03-06,FXIOT,12.9368,13.0941,12.9203,13.0522,74918
2023-03-07,FXIOT,13.1081,13.4067,13.0991,13.3709,63166
2023-03-08,FXIOT,13.4119,13.8527,13.3332,13.7719,87371
2023-03-09,FXIOT,13.7316,14.0436,13.7127,14.0327,29330
2023-03-10,FXIOT,14.0065,14.0183,13.8024,13.8211,29170
2023-03-13,FXIOT,13.7592,14.3496,13.7052,14.1926,97030
2023-03-14,FXIOT,14.1383,14.3630,14.1036,14.2793,21397
2023-03-15,FXIOT,14.1865,14.5750,14.1422,14.4675,35257
2023-03-16,FXIOT,14.4420,14.7110,14.4047,14.6690,97248
2023-03-17,FXIOT,14.7468,14.7746,14.6989,14.7557,24401
2023-03-20,FXIOT,14.7526,14.8011,14.4590,14.5029,43681
2023-03-21,FXIOT,14.3833,14.5561,14.3543,14.5215,55120
2023-03-22,FXIOT,14.5568,14.6378,14.5288,14.5291,67706
2023-03-23,FXIOT,14.5936,14.7674,14.3677,14.4290,22445
2023-03-24,FXIOT,14.4480,14.5854,14.4148,14.5722,27673
2023-03-27,FXIOT,14.5004,14.9630,14.4124,14.8261,79357
2023-03-28,FXIOT,14.7472,15.4378,14.6913,15.3676,30811
2023-03-29,FXIOT,15.3629,15.4694,15.3586,15.4502,48870
2023-03-30,FXIOT,15.4144,15.4167,15.0823,15.1534,36276
2023-03-31,FXIOT,15.1989,15.3339,15.1778,15.2285,57072
2023-04-03,FXIOT,15.2078,15.3325,15.1741,15.2325,92750
2023-04-04,FXIOT,15.2018,15.4231,15.1511,15.4088,40408
2023-04-05,FXIOT,15.3332,15.7106,15.3182,15.6278,20557
2023-04-06,FXIOT,15.5559,15.5983,14.6868,14.8471,24476
2023-04-07,FXIOT,14.9005,15.0826,14.8575,15.0504,35640
2023-04-10,FXIOT,15.0795,15.1419,14.9954,15.0616,35878
2023-04-11,FXIOT,15.0605,15.1363,14.9871,15.0161,73593
2023-04-12,FXIOT,14.9269,15.2926,14.8806,15.2852,29149
2023-04-13,FXIOT,15.2093,15.2994,15.0263,15.1256,83319
2023-04-14,FXIOT,15.1295,15.1951,15.0378,15.0536,71382
2023-04-17,FXIOT,15.0891,15.1453,14.7269,14.7422,36838
2023-04-18,FXIOT,14.6970,15.1008,14.5802,15.0648,62589
2023-04-19,FXIOT,15.0604,15.2000,14.7967,14.8437,33210
2023-04-20,FXIOT,14.8991,15.2280,14.8972,15.2268,54544
2023-04-21,FXIOT,15.1807,15.2273,15.1211,15.1840,35486
2023-04-24,FXIOT,15.1738,15.2193,15.0309,15.0326,87604
2023-04-25,FXIOT,14.9626,14.9789,14.7073,14.8258,83037
2023-04-26,FXIOT,14.8186,14.9282,14.7536,14.7632,87253
2023-04-27,FXIOT,14.6485,14.8338,14.6338,14.8118,85756
2023-04-28,FXIOT,14.8099,15.0757,14.7855,15.0307,88345
2023-05-01,FXIOT,15.0553,15.3734,15.0128,15.3084,68254
2023-05-02,FXIOT,15.3574,15.6656,15.3561,15.6070,21451
2023-05-03,FXIOT,15.5557,15.6631,15.0861,15.0921,22304
2023-05-04,FXIOT,15.0827,15.0934,14.7901,14.8467,50424
2023-05-05,FXIOT,14.8373,14.8762,14.7321,14.7478,94749
2023-05-08,FXIOT,14.7653,14.8530,14.5972,14.6612,90404
2023-05-09,FXIOT,14.6851,14.7789,14.3508,14.3637,23169
2023-05-10,FXIOT,14.4537,14.4732,13.9822,14.0409,28260
2023-05-11,FXIOT,14.0950,14.3710,14.0454,14.3532,70266
2023-05-12,FXIOT,14.3893,14.4070,14.0555,14.1023,38687
2023-05-15,FXIOT,14.0162,14.0480,13.6266,13.6993,77161
2023-05-16,FXIOT,13.6812,13.7361,13.2130,13.2774,51025
2023-05-17,FXIOT,13.2745,13.3425,13.2718,13.3384,67382
2023-05-18,FXIOT,13.4012,13.4765,13.3590,13.4512,40555
2023-05-19,FXIOT,13.4733,13.6531,13.4430,13.5691,91174
2023-05-22,FXIOT,13.5628,13.6237,13.3181,13.4069,34539
2023-05-23,FXIOT,13.2834,13.4703,13.2730,13.4061,37659
2023-05-24,FXIOT,13.3849,13.8329,13.3322,13.7860,57677
2023-05-25,FXIOT,13.7735,14.1255,13.7261,14.0554,99506
2023-05-26,FXIOT,14.1087,14.1242,13.8472,13.9627,83623
2023-05-29,FXIOT,13.9994,14.0546,13.9606,14.0013,61474
2023-05-30,FXIOT,14.0410,14.0471,13.9136,13.9272,73593
2023-05-31,FXIOT,13.8663,13.9063,13.7592,13.7620,21799
2023-06-01,FXIOT,13.6922,13.6991,13.6719,13.6848,23123
2023-06-02,FXIOT,13.7566,13.7845,13.6291,13.7165,32789
2023-06-05,FXIOT,13.6866,13.9038,13.6520,13.8421,75616
2023-06-06,FXIOT,13.7981,13.8270,13.4072,13.4270,92132
2023-06-07,FXIOT,13.3238,13.3411,13.2556,13.3008,95556
2023-06-08,FXIOT,13.2650,13.5383,13.2518,13.5021,39071
2023-06-09,FXIOT,13.5974,13.6265,13.3431,13.4502,68948
2023-06-12,FXIOT,13.4640,13.7091,13.4606,13.5677,95251
2023-06-13,FXIOT,13.4853,13.4904,13.0299,13.0918,85821
2023-06-14,FXIOT,13.0470,13.3989,13.0115,13.3942,57075
2023-06-15,FXIOT,13.3605,13.4372,12.7882,12.7977,46454
2023-06-16,FXIOT,12.8542,13.1136,12.8251,12.9799,89868
2023-06-19,FXIOT,12.9032,12.9379,12.8709,12.9331,56015
2023-06-20,FXIOT,13.0006,13.0518,12.8385,12.8531,71687
2023-06-21,FXIOT,12.8509,12.8880,12.8024,12.8438,48775
2023-06-22,FXIOT,12.8059,12.9086,12.6430,12.6584,92025
2023-06-23,FXIOT,12.6421,12.6528,12.3412,12.3753,80916
2023-06-26,FXIOT,12.3555,12.4085,12.1582,12.1931,71793
2023-06-27,FXIOT,12.2549,12.3395,12.2331,12.3008,25204
2023-06-28,FXIOT,12.2505,12.5871,12.2055,12.5510,89803
2023-06-29,FXIOT,12.5563,13.0187,12.5398,13.0106,90756
2023-06-30,FXIOT,12.9944,13.0230,12.8519,12.8711,86973
2023-07-03,FXIOT,12.8539,13.3402,12.8471,13.2785,87039
2023-07-04,FXIOT,13.3220,13.8711,13.3179,13.8299,89988
2023-07-05,FXIOT,13.8850,13.9138,13.4531,13.4794,48770
2023-07-06,FXIOT,13.5412,13.5501,13.2798,13.3176,72153
2023-07-07,FXIOT,13.3875,13.4955,13.3707,13.4772,72161
2023-07-10,FXIOT,13.6112,13.6171,13.1868,13.2228,89478
2023-07-11,FXIOT,13.2200,13.4633,13.2066,13.4065,72419
2023-07-12,FXIOT,13.4719,13.9596,13.4371,13.8836,49665
2023-07-13,FXIOT,13.9205,14.0421,13.7560,13.7628,81011
2023-07-14,FXIOT,13.8573,13.9073,13.6849,13.6963,75180
2023-07-17,FXIOT,13.7020,13.7126,13.4743,13.5267,86665
2023-07-18,FXIOT,13.5203,13.5400,13.1933,13.2101,38396
2023-07-19,FXIOT,13.1416,13.2257,13.0899,13.2069,26663
2023-07-20,FXIOT,13.1802,13.1886,13.1542,13.1667,83891
2023-07-21,FXIOT,13.2230,13.3761,13.1732,13.2553,47379
2023-07-24,FXIOT,13.2695,13.4515,13.2548,13.4057,74914
2023-07-25,FXIOT,13.5180,13.6555,13.5046,13.5430,98406
2023-07-26,FXIOT,13.4894,13.5785,13.4490,13.5238,44179
2023-07-27,FXIOT,13.4381,13.5725,13.3827,13.5724,60396
2023-07-28,FXIOT,13.5922,13.6371,13.1458,13.1998,62237
2023-07-31,FXIOT,13.1659,13.4635,13.1621,13.4120,31233
2023-08-01,FXIOT,13.3759,13.3778,13.2429,13.3369,35825
2023-08-02,FXIOT,13.2789,13.4686,13.2350,13.4580,92331
2023-08-03,FXIOT,13.3561,13.6793,13.2900,13.6693,25240
2023-08-04,FXIOT,13.5208,13.8541,13.4832,13.7986,89059
2023-08-07,FXIOT,13.7246,13.7917,13.5973,13.7810,32118
2023-08-08,FXIOT,13.8097,13.8344,13.2796,13.3638,96061
2023-08-09,FXIOT,13.3216,13.4689,13.2521,13.4152,74637
2023-08-10,FXIOT,13.3302,13.5806,13.3005,13.5502,83257
2023-08-11,FXIOT,13.5347,13.5406,13.4520,13.4768,84702
2023-08-14,FXIOT,13.5065,13.5538,13.3964,13.4057,30509
2023-08-15,FXIOT,13.4740,13.5782,13.4236,13.5181,28160
2023-08-16,FXIOT,13.5602,13.5634,13.4342,13.4757,96554
2023-08-17,FXIOT,13.4134,13.4567,13.3018,13.3801,86026
2023-08-18,FXIOT,13.4057,13.4254,13.3152,13.3807,89209
2023-08-21,FXIOT,13.3901,13.4006,13.1708,13.2015,52890
2023-08-22,FXIOT,13.2689,13.4377,13.2543,13.4159,37962
2023-08-23,FXIOT,13.3632,13.3793,13.0779,13.1014,87340
2023-08-24,FXIOT,13.1148,13.1991,12.8759,12.9449,79931
2023-08-25,FXIOT,12.9597,13.5758,12.9411,13.5044,67761
2023-08-28,FXIOT,13.5766,13.7337,13.5609,13.6999,72792
2023-08-29,FXIOT,13.6962,13.9780,13.6637,13.9293,52395
2023-08-30,FXIOT,13.8569,14.0231,13.7806,13.9837,48942
2023-08-31,FXIOT,13.9589,14.1349,13.9512,14.0016,94005
2023-09-01,FXIOT,13.9626,14.1778,13.8773,14.1208,99310
2023-09-04,FXIOT,14.0971,14.2189,14.0319,14.1926,77132
2023-09-05,FXIOT,14.2288,14.3231,14.0986,14.3061,24508
2023-09-06,FXIOT,14.3040,14.6997,14.2281,14.6730,46945
2023-09-07,FXIOT,14.6395,14.9691,14.6394,14.9048,60822
2023-09-08,FXIOT,14.9104,15.2916,14.8748,15.2499,34604
2023-09-11,FXIOT,15.2259,15.4151,15.1583,15.3671,64133
2023-09-12,FXIOT,15.3405,15.5015,15.3390,15.4867,21067
2023-09-13,FXIOT,15.4899,15.5188,15.1657,15.1892,98895
2023-09-14,FXIOT,15.2230,15.2631,15.0897,15.1131,51847
2023-09-15,FXIOT,15.1735,15.2068,14.6775,14.7193,47490
2023-09-18,FXIOT,14.6258,14.6588,14.3896,14.4388,48769
2023-09-19,FXIOT,14.4976,14.5800,14.2097,14.2315,53571
2023-09-20,FXIOT,14.2245,14.2665,14.1681,14.2349,98065
2023-09-21,FXIOT,14.2037,14.2499,13.9690,13.9760,34588
2023-09-22,FXIOT,14.0556,14.3468,14.0528,14.3310,95107
2023-09-25,FXIOT,14.4109,14.5245,14.4041,14.5034,25620
2023-09-26,FXIOT,14.5440,14.6579,14.5074,14.6305,48196
2023-09-27,FXIOT,14.6869,14.8143,14.6797,14.7413,95227
2023-09-28,FXIOT,14.7068,14.8877,14.6504,14.8798,33870
2023-09-29,FXIOT,14.9126,15.1588,14.8756,15.0696,92613
2023-10-02,FXIOT,15.0621,15.1143,15.0609,15.1037,24987
2023-10-03,FXIOT,15.0258,15.0585,14.9898,15.0402,22659
2023-10-04,FXIOT,15.0613,15.1461,14.7325,14.8030,89559
2023-10-05,FXIOT,14.8364,14.9061,14.7566,14.8891,55589
2023-10-06,FXIOT,14.8344,15.2727,14.8012,15.2147,88215
2023-10-09,FXIOT,15.2204,15.2282,15.1595,15.1710,25745
2023-10-10,FXIOT,15.1170,15.2134,15.1115,15.1691,20500
2023-10-11,FXIOT,15.1482,15.1820,14.9759,15.0036,76050
2023-10-12,FXIOT,15.0305,15.2431,14.9956,15.1432,91735
2023-10-13,FXIOT,15.2361,15.2731,14.6397,14.6658,82478
2023-10-16,FXIOT,14.6702,14.6819,14.2077,14.3158,65830
2023-10-17,FXIOT,14.3313,14.3333,14.2235,14.2436,49070
2023-10-18,FXIOT,14.2382,14.2888,14.1341,14.1689,81302
2023-10-19,FXIOT,14.2239,14.4993,14.2147,14.4040,23004
2023-10-20,FXIOT,14.4519,14.4889,14.3054,14.3165,89099
2023-10-23,FXIOT,14.3452,14.4179,14.2423,14.3001,72820
2023-10-24,FXIOT,14.2642,14.4942,14.2238,14.4473,58907
2023-10-25,FXIOT,14.5207,14.5406,13.9714,13.9830,65394
2023-10-26,FXIOT,13.9866,14.0239,13.5154,13.5950,22196
2023-10-27,FXIOT,13.6086,13.8192,13.5733,13.7270,50197
2023-10-30,FXIOT,13.7092,13.7302,13.6749,13.6988,83644
2023-10-31,FXIOT,13.6185,13.6356,13.5920,13.6335,53164
2023-11-01,FXIOT,13.6477,13.7117,13.5657,13.6032,89542
2023-11-02,FXIOT,13.6630,13.7025,13.4935,13.5616,87605
2023-11-03,FXIOT,13.6932,13.7105,13.4632,13.5422,80462
2023-11-06,FXIOT,13.5084,14.0978,13.4885,14.0411,74067
2023-11-07,FXIOT,14.0305,14.1091,13.8208,13.8241,72323
2023-11-08,FXIOT,13.7880,14.1026,13.6444,14.0875,40129
2023-11-09,FXIOT,14.1427,14.1596,13.8960,13.9278,71581
2023-11-10,FXIOT,13.8751,13.9057,13.7014,13.7440,74852
2023-11-13,FXIOT,13.7823,13.7991,13.6358,13.6484,43092
2023-11-14,FXIOT,13.6536,13.7416,13.6172,13.6811,31779
2023-11-15,FXIOT,13.7061,13.8330,13.6441,13.8273,24906
2023-11-16,FXIOT,13.9329,14.0421,13.8448,13.9929,28044
2023-11-17,FXIOT,14.0001,14.0579,13.8663,13.9611,25344
2023-11-20,FXIOT,13.9555,13.9738,13.8937,13.9637,23920
2023-11-21,FXIOT,14.0022,14.0180,13.9156,13.9215,31693
2023-11-22,FXIOT,13.8918,13.9201,13.8253,13.8811,97015
2023-11-23,FXIOT,13.8394,14.1460,13.7918,14.1127,56350
2023-11-24,FXIOT,14.0067,14.0377,13.4910,13.5568,22715
2023-11-27,FXIOT,13.6024,13.6168,13.3715,13.4304,97937
2023-11-28,FXIOT,13.4149,13.5653,13.4081,13.5035,47170
2023-11-29,FXIOT,13.4709,13.5040,13.3544,13.3798,66452
2023-11-30,FXIOT,13.2599,13.4986,13.2404,13.4833,51495
2023-12-01,FXIOT,13.4563,13.5346,13.2265,13.2802,40649
2023-12-04,FXIOT,13.2706,13.3177,12.7854,12.7953,29125
2023-12-05,FXIOT,12.8383,12.8641,12.7147,12.7371,98524
2023-12-06,FXIOT,12.7103,12.8438,12.6418,12.8273,54386
2023-12-07,FXIOT,12.9406,12.9420,12.5344,12.5835,56246
2023-12-08,FXIOT,12.6262,12.6469,12.6256,12.6339,87657
2023-12-11,FXIOT,12.5566,12.7328,12.5107,12.7255,24001
2023-12-12,FXIOT,12.6745,12.7897,12.6393,12.7621,88023
2023-12-13,FXIOT,12.7636,13.0064,12.7075,12.9097,71956
2023-12-14,FXIOT,12.8368,13.2928,12.8081,13.2329,72373
2023-12-15,FXIOT,13.2531,13.5278,13.2234,13.4444,61720
2023-12-18,FXIOT,13.4534,13.5300,13.4463,13.5202,57327
2023-12-19,FXIOT,13.5030,13.5300,13.1116,13.1736,53483
2023-12-20,FXIOT,13.1650,13.3001,13.1536,13.1861,85649
2023-12-21,FXIOT,13.2064,13.2798,12.9916,13.0394,43479
2023-12-22,FXIOT,12.9950,13.1263,12.9641,12.9995,54797
2023-12-25,FXIOT,13.0400,13.0696,12.8021,12.8237,36817
2023-12-26,FXIOT,12.7920,12.9228,12.7756,12.8787,90066
2023-12-27,FXIOT,12.9061,12.9724,12.5493,12.5596,42875
2023-12-28,FXIOT,12.5413,12.8127,12.5392,12.8055,69570
2023-12-29,FXIOT,12.8203,12.9161,12.3585,12.3702,65579
2024-01-01,FXIOT,12.3097,12.3810,12.1437,12.1899,92978
2024-01-02,FXIOT,12.2075,12.4408,12.1930,12.3775,56869
2024-01-03,FXIOT,12.4199,12.4278,12.0376,12.0932,41290
2024-01-04,FXIOT,12.1046,12.3586,12.0848,12.3199,36975
2024-01-05,FXIOT,12.4000,12.4501,12.2790,12.2946,25269
2024-01-08,FXIOT,12.2809,12.3292,12.2784,12.3202,85295
2024-01-09,FXIOT,12.3265,12.3670,12.1326,12.1599,87101
2024-01-10,FXIOT,12.1781,12.2786,12.1409,12.2602,94975
2024-01-11,FXIOT,12.3208,12.3834,12.0426,12.0435,28584
2024-01-12,FXIOT,11.9583,12.0790,11.7224,11.7353,22455
2024-01-15,FXIOT,11.6993,11.9073,11.6525,11.8948,68276
2024-01-16,FXIOT,11.8243,12.0665,11.7651,12.0328,36212
2024-01-17,FXIOT,12.0006,12.1623,11.9839,12.0719,82479
2024-01-18,FXIOT,12.0960,12.0963,12.0199,12.0734,76289
2024-01-19,FXIOT,11.9893,12.3823,11.9408,12.3244,85437
2024-01-22,FXIOT,12.2718,12.5694,12.2380,12.5080,56950
2024-01-23,FXIOT,12.4684,12.5419,12.2169,12.2218,50098
2024-01-24,FXIOT,12.2273,12.2661,12.1050,12.1492,74431
2024-01-25,FXIOT,12.1777,12.2559,12.0145,12.0425,73943
2024-01-26,FXIOT,12.0333,12.2785,12.0267,12.2659,51364
2024-01-29,FXIOT,12.2538,12.4842,12.1915,12.4838,61565
2024-01-30,FXIOT,12.4450,12.5766,12.3817,12.4408,21778
2024-01-31,FXIOT,12.4536,12.5205,12.1091,12.1475,22912
2024-02-01,FXIOT,12.2310,12.3065,12.2200,12.2846,61469
2024-02-02,FXIOT,12.2587,12.5707,12.2217,12.5138,65157
2024-02-05,FXIOT,12.5232,12.9756,12.4730,12.9695,48773
2024-02-06,FXIOT,13.0498,13.0917,13.0143,13.0335,37252
2024-02-07,FXIOT,13.0159,13.4931,12.9625,13.4704,29241
2024-02-08,FXIOT,13.5096,13.6528,13.5062,13.5833,93928
2024-02-09,FXIOT,13.5802,14.1881,13.5374,14.1301,48214
2024-02-12,FXIOT,14.1706,14.2210,14.0217,14.0399,28485
2024-02-13,FXIOT,14.0952,14.1494,14.0362,14.0476,96285
2024-02-14,FXIOT,14.1436,14.2034,14.0973,14.1369,73903
2024-02-15,FXIOT,14.0315,14.1108,13.7728,13.8433,31688
2024-02-16,FXIOT,13.7378,13.8894,13.5607,13.5711,83826
2024-02-19,FXIOT,13.5639,13.8715,13.5085,13.7820,69726
2024-02-20,FXIOT,13.8086,14.0083,13.7785,13.9720,96241
2024-02-21,FXIOT,13.9763,14.2473,13.9562,14.1368,26415
2024-02-22,FXIOT,14.0797,14.1648,14.0357,14.1343,49099
2024-02-23,FXIOT,14.1593,14.4200,14.1572,14.3736,20781
2024-02-26,FXIOT,14.2650,14.3003,14.1831,14.2299,70895
2024-02-27,FXIOT,14.2575,14.2620,13.8113,13.8391,40133
2024-02-28,FXIOT,13.8663,13.8900,13.6739,13.6910,24584
2024-02-29,FXIOT,13.7022,13.7149,13.4215,13.4274,78112
2024-03-01,FXIOT,13.4129,13.6145,13.3602,13.5802,28130
2024-03-04,FXIOT,13.5408,13.5818,13.3411,13.3705,86816
2024-03-05,FXIOT,13.3602,13.5118,13.3536,13.5116,85306
2024-03-06,FXIOT,13.5210,13.6855,13.4889,13.6628,43168
2024-03-07,FXIOT,13.6230,13.6265,13.5311,13.6024,80622
2024-03-08,FXIOT,13.6058,13.6123,13.3470,13.4146,42818
2024-03-11,FXIOT,13.3389,13.3583,13.0385,13.0699,75023
2024-03-12,FXIOT,13.1172,13.1773,13.0182,13.1202,73177
2024-03-13,FXIOT,13.0979,13.1447,12.8594,12.8782,71600
2024-03-14,FXIOT,12.8698,12.9159,12.6597,12.6667,67000
2024-03-15,FXIOT,12.6385,12.9092,12.6325,12.8832,38554
2024-03-18,FXIOT,12.8769,13.0946,12.8020,13.0226,91671
2024-03-19,FXIOT,13.0736,13.6599,13.0235,13.6374,90395
2024-03-20,FXIOT,13.7243,13.8424,13.4448,13.4661,81927
2024-03-21,FXIOT,13.3265,13.4899,13.3255,13.4721,83367
2024-03-22,FXIOT,13.4879,13.5071,13.3935,13.4160,39171
2024-03-25,FXIOT,13.4426,14.0128,13.4175,13.9841,24185
2024-03-26,FXIOT,13.9921,14.4884,13.9460,14.4288,82555
2024-03-27,FXIOT,14.4435,14.5464,14.4373,14.5193,23354
2024-03-28,FXIOT,14.4640,14.5969,14.3615,14.3856,47400
2024-03-29,FXIOT,14.3529,14.4844,14.3236,14.3993,45054
2024-04-01,FXIOT,14.3451,14.4165,14.2613,14.3396,91650
2024-04-02,FXIOT,14.4349,14.4908,14.3451,14.4782,76915
2024-04-03,FXIOT,14.4337,14.7117,14.3390,14.7004,70601
2024-04-04,FXIOT,14.7601,14.8076,14.4999,14.5043,92384
2024-04-05,FXIOT,14.4992,14.5670,14.4395,14.5574,91823
2024-04-08,FXIOT,14.6630,14.6830,14.6148,14.6165,52382
2024-04-09,FXIOT,14.6173,15.1287,14.5320,15.0656,84667
2024-04-10,FXIOT,15.0877,15.1238,15.0082,15.0509,31304
2024-04-11,FXIOT,15.0901,15.3910,15.0786,15.3581,42850
2024-04-12,FXIOT,15.4294,15.5097,15.1311,15.1681,59605
2024-04-15,FXIOT,15.1560,15.6957,15.0536,15.6500,86265
2024-04-16,FXIOT,15.6718,15.7365,15.4468,15.5020,61066
2024-04-17,FXIOT,15.5270,15.6407,15.5101,15.6321,67635
2024-04-18,FXIOT,15.6743,15.7718,15.6714,15.7320,77177
2024-04-19,FXIOT,15.7124,15.9093,15.6800,15.8970,60195
2024-04-22,FXIOT,15.9050,16.1339,15.8781,16.0593,44043
2024-04-23,FXIOT,15.9575,16.0673,15.9478,16.0442,22962
2024-04-24,FXIOT,16.1676,16.2350,16.1397,16.2016,87097
2024-04-25,FXIOT,16.1719,16.2190,15.7353,15.8366,73842
2024-04-26,FXIOT,15.8159,15.8802,15.3152,15.3325,45979
2024-04-29,FXIOT,15.3294,15.4608,15.0598,15.0920,20606
2024-04-30,FXIOT,15.1485,15.4985,15.1273,15.4413,60883
2024-05-01,FXIOT,15.4142,15.4898,15.1179,15.1335,85014
2024-05-02,FXIOT,15.1453,15.8096,15.1382,15.7576,39093
2024-05-03,FXIOT,15.8284,15.9086,15.5751,15.5832,74577
2024-05-06,FXIOT,15.5704,15.7259,15.4879,15.7199,53730
2024-05-07,FXIOT,15.7819,15.7970,15.2236,15.3234,36754
2024-05-08,FXIOT,15.4770,15.5230,15.3945,15.5148,40005
2024-05-09,FXIOT,15.3766,15.6601,15.2900,15.6097,55919
2024-05-10,FXIOT,15.6048,15.9809,15.5998,15.9630,87357
2024-05-13,FXIOT,16.0502,16.1357,15.9649,16.0333,97906
2024-05-14,FXIOT,16.0391,16.1192,15.9416,15.9462,23744
2024-05-15,FXIOT,15.9914,16.0303,15.8590,15.9302,92356
2024-05-16,FXIOT,15.9874,16.0147,15.8553,15.8825,31438
2024-05-17,FXIOT,15.8387,16.4936,15.8145,16.4277,73875
2024-05-20,FXIOT,16.4145,16.5265,16.3573,16.5213,32934
2024-05-21,FXIOT,16.4151,16.4793,16.3859,16.4670,26182
2024-05-22,FXIOT,16.5256,16.6598,16.3217,16.3484,50651
2024-05-23,FXIOT,16.4612,16.4889,16.2819,16.3383,25033
2024-05-24,FXIOT,16.2179,16.4782,16.1971,16.4455,54732
2024-05-27,FXIOT,16.4215,16.4958,16.2952,16.3262,60113
2024-05-28,FXIOT,16.3354,16.6446,16.2215,16.5914,55992
2024-05-29,FXIOT,16.5856,16.7900,16.5215,16.7872,30432
2024-05-30,FXIOT,16.8709,16.8865,16.7663,16.7795,84881
2024-05-31,FXIOT,16.7089,17.2492,16.6792,17.1413,22736
2024-06-03,FXIOT,17.1156,17.3423,17.1064,17.2721,99269
2024-06-04,FXIOT,17.3290,17.3991,16.9405,17.0182,62753
2024-06-05,FXIOT,17.0828,17.3591,17.0385,17.3139,47668
2024-06-06,FXIOT,17.2891,17.6406,17.2320,17.5863,57606
2024-06-07,FXIOT,17.6187,17.7920,17.4809,17.6956,53572
2024-06-10,FXIOT,17.7073,18.2298,17.6198,18.1277,56776
2024-06-11,FXIOT,18.2110,18.2157,18.1828,18.1971,77636
2024-06-12,FXIOT,18.2032,18.3140,18.0794,18.0950,25203
2024-06-13,FXIOT,18.1576,18.2229,17.7719,17.7994,75216
2024-06-14,FXIOT,17.8542,17.9631,17.2627,17.2848,61008
2024-06-17,FXIOT,17.2635,17.3170,16.8609,16.8860,37309
2024-06-18,FXIOT,16.9115,16.9921,16.7742,16.7748,92917
2024-06-19,FXIOT,16.8687,17.0983,16.8239,17.0091,46835
2024-06-20,FXIOT,16.9503,17.2208,16.8929,17.1641,74328
2024-06-21,FXIOT,17.2919,17.3243,17.1523,17.2502,86314
2024-06-24,FXIOT,17.3268,17.3521,17.0531,17.1027,56368
2024-06-25,FXIOT,17.1108,17.2360,17.1044,17.2236,31689
2024-06-26,FXIOT,17.1954,17.2885,17.1210,17.2339,74502
2024-06-27,FXIOT,17.2862,17.2936,16.6193,16.6766,28583
2024-06-28,FXIOT,16.6241,16.8183,16.5966,16.8082,22963
2024-07-01,FXIOT,16.6857,17.2246,16.6555,17.1205,71248
2024-07-02,FXIOT,17.0077,17.9541,16.9337,17.9351,42238
2024-07-03,FXIOT,17.8972,17.9136,17.7712,17.8316,73360
2024-07-04,FXIOT,17.8593,17.9763,17.8410,17.9157,98206
2024-07-05,FXIOT,17.8443,18.5144,17.7205,18.5126,83999
2024-07-08,FXIOT,18.5370,18.6763,18.4913,18.6244,86682
2024-07-09,FXIOT,18.6561,19.1881,18.5352,19.1412,48951
2024-07-10,FXIOT,19.1010,19.1601,18.9251,18.9732,74837
2024-07-11,FXIOT,18.8619,19.1137,18.8142,18.8260,22737
2024-07-12,FXIOT,18.7756,19.2001,18.6618,19.0694,90982
2024-07-15,FXIOT,19.0135,19.1465,18.9755,19.1071,99474
2024-07-16,FXIOT,19.0854,19.2353,19.0755,19.1468,92936
2024-07-17,FXIOT,19.2705,19.2834,18.6574,18.7058,80448
2024-07-18,FXIOT,18.7098,18.7125,18.5755,18.6062,93247
2024-07-19,FXIOT,18.5995,18.7903,18.5142,18.5601,64918
2024-07-22,FXIOT,18.5344,18.5904,18.5094,18.5146,35507
2024-07-23,FXIOT,18.4510,19.2218,18.3754,19.0457,28584
2024-07-24,FXIOT,19.0892,19.3208,19.0277,19.2782,42819
2024-07-25,FXIOT,19.3215,19.4379,18.8223,18.8727,70975
2024-07-26,FXIOT,18.9962,18.9974,18.6281,18.6649,28538
2024-07-29,FXIOT,18.6170,18.6771,18.2315,18.2447,83142
2024-07-30,FXIOT,18.1823,18.2421,17.9887,18.1196,49532
2024-07-31,FXIOT,18.0950,18.7768,18.0648,18.7206,41303
2024-08-01,FXIOT,18.7903,18.7919,18.5830,18.6987,25951
2024-08-02,FXIOT,18.7772,19.0189,18.7712,18.9739,81350
2024-08-05,FXIOT,18.8814,19.5427,18.8659,19.4974,98259
2024-08-06,FXIOT,19.3522,19.4691,19.1056,19.1186,34016
2024-08-07,FXIOT,19.3639,19.4138,18.8366,18.8849,58465
2024-08-08,FXIOT,18.8318,19.3467,18.7354,19.2357,30520
2024-08-09,FXIOT,19.2758,19.6210,19.1125,19.5996,92520
2024-08-12,FXIOT,19.5924,19.6011,19.3619,19.3678,82480
2024-08-13,FXIOT,19.3904,19.4376,19.1294,19.1637,71313
2024-08-14,FXIOT,19.1601,19.2474,18.8456,18.8867,39563
2024-08-15,FXIOT,18.9169,18.9353,18.7110,18.7498,72958
2024-08-16,FXIOT,18.8355,19.0265,18.8180,18.9507,70242
2024-08-19,FXIOT,18.7515,18.9401,18.7104,18.8686,22039
2024-08-20,FXIOT,18.8449,18.8713,18.1765,18.1817,63684
2024-08-21,FXIOT,18.1417,18.3448,18.0822,18.2940,85624
2024-08-22,FXIOT,18.3080,18.3782,17.5634,17.6756,22600
2024-08-23,FXIOT,17.6312,17.9696,17.5787,17.8012,36252
2024-08-26,FXIOT,17.8111,17.8907,17.4646,17.4972,97451
2024-08-27,FXIOT,17.5367,18.0371,17.3818,17.9541,53718
2024-08-28,FXIOT,17.9954,18.0886,17.6972,17.7154,85529
2024-08-29,FXIOT,17.7070,17.7517,17.5553,17.6674,37701
2024-08-30,FXIOT,17.6118,17.6489,17.4285,17.4815,59144
2024-09-02,FXIOT,17.6232,17.6317,17.1993,17.2202,22432
2024-09-03,FXIOT,17.2623,17.3990,17.2598,17.3032,57445
2024-09-04,FXIOT,17.3921,17.5041,17.2709,17.2933,59764
2024-09-05,FXIOT,17.2709,17.3876,17.0796,17.0807,87947
2024-09-06,FXIOT,17.0784,17.0820,16.8602,16.9540,34922
2024-09-09,FXIOT,16.8615,16.9694,16.5398,16.5783,22026
2024-09-10,FXIOT,16.5850,16.6180,16.3876,16.4197,74750
2024-09-11,FXIOT,16.3966,16.3972,16.2779,16.2912,48451
2024-09-12,FXIOT,16.2714,16.5147,16.2463,16.4982,43171
2024-09-13,FXIOT,16.5351,16.5502,16.5322,16.5474,22949
2024-09-16,FXIOT,16.4719,16.6144,16.3917,16.6068,75580
2024-09-17,FXIOT,16.4834,16.6627,16.3925,16.6510,72753
2024-09-18,FXIOT,16.7075,16.9110,16.6041,16.8426,96387
2024-09-19,FXIOT,16.7912,16.8334,16.6702,16.7305,98529
2024-09-20,FXIOT,16.7199,17.0903,16.6777,17.0702,28982
2024-09-23,FXIOT,17.1370,17.2311,17.0932,17.2037,54416
2024-09-24,FXIOT,17.3390,17.3665,16.6591,16.6846,80425
2024-09-25,FXIOT,16.7074,16.7112,16.5447,16.5855,32428
2024-09-26,FXIOT,16.6897,16.7522,16.4207,16.5257,42585
2024-09-27,FXIOT,16.4882,16.5098,16.0991,16.2502,68999
2024-09-30,FXIOT,16.2641,16.4238,16.1989,16.3932,35151
2024-10-01,FXIOT,16.3656,16.7105,16.3405,16.6512,56944
2024-10-02,FXIOT,16.7246,16.9089,16.7039,16.8287,48477
2024-10-03,FXIOT,16.8507,17.1371,16.8104,17.0596,33624
2024-10-04,FXIOT,16.9605,16.9777,16.9506,16.9686,77961
2024-10-07,FXIOT,17.0116,17.0338,16.7516,16.8504,32467
2024-10-08,FXIOT,16.8307,16.9109,16.3621,16.4597,20915
2024-10-09,FXIOT,16.5331,16.5419,16.3640,16.4668,88343
2024-10-10,FXIOT,16.6199,16.6415,16.5409,16.6164,93654
2024-10-11,FXIOT,16.5838,16.6244,16.4049,16.4092,84483
2024-10-14,FXIOT,16.4313,16.4556,16.1110,16.2128,97256
2024-10-15,FXIOT,16.1681,16.1868,16.0175,16.0243,95912
2024-10-16,FXIOT,16.0040,16.1784,15.9845,16.1052,69321
2024-10-17,FXIOT,16.1530,16.1734,15.8282,15.9118,67572
2024-10-18,FXIOT,15.9054,16.3039,15.8679,16.2308,36195
2024-10-21,FXIOT,16.2262,16.4543,16.1877,16.4082,84407
2024-10-22,FXIOT,16.4031,16.4277,16.3891,16.4040,39843
2024-10-23,FXIOT,16.4254,16.6101,16.3561,16.6029,53662
2024-10-24,FXIOT,16.5334,16.5841,16.4890,16.5668,73960
2024-10-25,FXIOT,16.5433,16.8524,16.5134,16.8013,35070
2024-10-28,FXIOT,16.8167,16.8439,16.6469,16.6686,72366
2024-10-29,FXIOT,16.7740,16.7780,16.4570,16.5479,20042
2024-10-30,FXIOT,16.4971,16.7132,16.4750,16.7025,78888
2024-10-31,FXIOT,16.7031,16.7481,16.6271,16.6654,27674
2024-11-01,FXIOT,16.6656,16.9539,16.6117,16.9163,57980
2024-11-04,FXIOT,16.9824,17.0312,16.8103,16.9913,76360
2024-11-05,FXIOT,17.0463,17.0810,17.0048,17.0258,49530
2024-11-06,FXIOT,16.9975,17.3036,16.8954,17.2171,58513
2024-11-07,FXIOT,17.2490,17.3322,17.0107,17.1308,44829
2024-11-08,FXIOT,17.1965,17.6408,17.1485,17.5559,67235
2024-11-11,FXIOT,17.4988,17.5779,17.0642,17.1088,52564
2024-11-12,FXIOT,17.2188,17.3794,17.1931,17.2423,38536
2024-11-13,FXIOT,17.1610,17.3266,17.0586,17.3057,36340
2024-11-14,FXIOT,17.3099,17.3959,17.1140,17.3654,48036
2024-11-15,FXIOT,17.5253,17.6998,17.4054,17.6246,61638
2024-11-18,FXIOT,17.6412,18.1071,17.6323,18.0491,88722
2024-11-19,FXIOT,17.9835,18.1126,17.4393,17.5030,57035
2024-11-20,FXIOT,17.4169,17.5228,17.1545,17.1556,28635
2024-11-21,FXIOT,17.2536,17.6265,17.2514,17.5904,98301
2024-11-22,FXIOT,17.4647,17.8291,17.3608,17.8149,64066
2024-11-25,FXIOT,17.8511,17.8854,17.5810,17.6084,91544
2024-11-26,FXIOT,17.6776,17.8361,17.5165,17.8350,82251
2024-11-27,FXIOT,17.8958,18.6580,17.7693,18.5742,30268
2024-11-28,FXIOT,18.5269,18.7615,18.4929,18.7275,52517
2024-11-29,FXIOT,18.7384,19.1109,18.7150,19.0587,22311
2024-12-02,FXIOT,19.0883,19.2960,19.0481,19.1416,25038
2024-12-03,FXIOT,19.2709,19.4900,19.2370,19.4147,44452
2024-12-04,FXIOT,19.4128,19.6285,19.2984,19.5762,43408
2024-12-05,FXIOT,19.7980,19.8410,18.9772,19.0873,65042
2024-12-06,FXIOT,18.9905,19.0154,18.9375,18.9906,34136
2024-12-09,FXIOT,19.0012,19.0107,18.8386,18.9011,98295
2024-12-10,FXIOT,18.8641,18.9674,18.8352,18.8906,52473
2024-12-11,FXIOT,18.8420,18.9343,18.8026,18.8600,94574
2024-12-12,FXIOT,18.8051,19.2481,18.6864,19.1602,77615
2024-12-13,FXIOT,19.1575,19.3219,19.0833,19.2558,40787
2024-12-16,FXIOT,19.3402,19.6817,19.2570,19.6602,45380
2024-12-17,FXIOT,19.6519,20.0911,19.5576,20.0478,75997
2024-12-18,FXIOT,20.1079,20.5994,19.9544,20.4853,54344
2024-12-19,FXIOT,20.3445,20.8295,20.3232,20.7271,61113
2024-12-20,FXIOT,20.8713,21.0197,20.8275,20.9514,87449
2024-12-23,FXIOT,21.0572,21.0680,20.8835,21.0366,64974
2024-12-24,FXIOT,21.1159,21.3400,21.0423,21.2508,79251
2024-12-25,FXIOT,21.3484,21.4164,20.9792,21.0578,40279
2024-12-26,FXIOT,20.9564,20.9791,20.7710,20.9270,20532
2024-12-27,FXIOT,20.8598,20.9827,20.5296,20.6068,86904
2024-12-30,FXIOT,20.5972,20.7325,20.5579,20.7020,56445
2024-12-31,FXIOT,20.5639,20.7180,20.4414,20.6818,79316
2025-01-01,FXIOT,20.7724,20.8691,20.6036,20.8342,32373
2025-01-02,FXIOT,20.8571,21.5277,20.8350,21.3999,67241
2025-01-03,FXIOT,21.4025,21.6226,21.2524,21.5694,99816
2025-01-06,FXIOT,21.5216,21.8811,21.3274,21.8756,65012
2025-01-07,FXIOT,21.8298,22.0587,21.7952,21.8887,77978
2025-01-08,FXIOT,21.9445,21.9618,21.3501,21.3882,90211
2025-01-09,FXIOT,21.3316,21.7774,21.2599,21.7650,35888
2025-01-10,FXIOT,21.8375,22.4384,21.8244,22.4072,86804
2025-01-13,FXIOT,22.4918,22.6952,22.4178,22.6760,53057
2025-01-14,FXIOT,22.6653,23.5208,22.4755,23.3725,91159
2025-01-15,FXIOT,23.3907,23.6349,23.3858,23.5831,46507
2025-01-16,FXIOT,23.8246,23.8779,23.2671,23.3405,71048
2025-01-17,FXIOT,23.1252,23.4770,23.0183,23.3366,98979
2025-01-20,FXIOT,23.3622,23.4493,22.5659,22.7168,59330
2025-01-21,FXIOT,22.6018,22.6834,22.5440,22.6260,88031
2025-01-22,FXIOT,22.7413,22.9446,22.2421,22.3215,44077
2025-01-23,FXIOT,22.2190,22.5548,22.1541,22.4530,88377
2025-01-24,FXIOT,22.5121,22.9453,22.4793,22.6890,73064
2025-01-27,FXIOT,22.6208,22.6466,22.2032,22.3562,44868
2025-01-28,FXIOT,22.3415,22.4638,22.0512,22.1784,30242
2025-01-29,FXIOT,22.1965,22.2528,21.9918,22.0037,91821
2025-01-30,FXIOT,21.8971,22.6358,21.7829,22.5255,53843
2025-01-31,FXIOT,22.5035,22.5045,22.0286,22.1362,24207
2025-02-03,FXIOT,22.2907,22.3465,21.4091,21.4528,33663
2025-02-04,FXIOT,21.3949,21.5192,21.3500,21.5087,88862
2025-02-05,FXIOT,21.4206,21.7252,21.3465,21.6339,26894
2025-02-06,FXIOT,21.8071,21.8343,21.1700,21.2142,93830
2025-02-07,FXIOT,21.2369,21.3262,20.9056,20.9634,97686
2025-02-10,FXIOT,21.1188,21.5957,21.1138,21.5606,51129
2025-02-11,FXIOT,21.3719,21.4595,21.0715,21.1604,73593
2025-02-12,FXIOT,21.1701,21.2663,21.1204,21.2567,87547
2025-02-13,FXIOT,21.2008,21.6900,20.9951,21.6002,43460
2025-02-14,FXIOT,21.6032,21.7362,21.2830,21.4519,75837
2025-02-17,FXIOT,21.5481,21.7851,21.4872,21.7668,54474
2025-02-18,FXIOT,21.8247,21.8804,21.6656,21.8556,80090
2025-02-19,FXIOT,21.8286,21.9368,21.5068,21.5749,94621
2025-02-20,FXIOT,21.5677,22.4741,21.5089,22.4059,96998
2025-02-21,FXIOT,22.3631,22.4202,21.6194,21.6659,30876
2025-02-24,FXIOT,21.6370,21.8299,21.1743,21.1989,87394
2025-02-25,FXIOT,21.0531,21.4488,21.0258,21.2949,27990
2025-02-26,FXIOT,21.3158,21.3534,20.9473,21.0279,70483
2025-02-27,FXIOT,20.9385,20.9890,20.8497,20.9513,66879
2025-02-28,FXIOT,21.0507,21.0802,20.6675,20.7810,74857
2025-03-03,FXIOT,20.9053,21.0294,20.7798,20.8156,29888
2025-03-04,FXIOT,20.8201,20.8457,20.7285,20.7508,51032
2025-03-05,FXIOT,20.8345,21.0973,20.7291,21.0920,28203
2025-03-06,FXIOT,21.0473,21.1569,20.9007,20.9920,41916
2025-03-07,FXIOT,20.9227,21.3334,20.8583,21.2990,98714
2025-03-10,FXIOT,21.4539,21.5126,20.6567,20.7963,65160
2025-03-11,FXIOT,20.7046,20.9402,20.6971,20.8481,47174
2025-03-12,FXIOT,20.8711,21.4231,20.8542,21.4157,98194
2025-03-13,FXIOT,21.5204,21.5594,21.4089,21.4565,50455
2025-03-14,FXIOT,21.3345,21.5757,21.1536,21.5008,70792
2025-03-17,FXIOT,21.5008,21.6137,21.4520,21.5694,57915
2025-03-18,FXIOT,21.6783,21.8219,21.4605,21.4846,44277
2025-03-19,FXIOT,21.3568,22.1647,21.2948,22.0296,83629
2025-03-20,FXIOT,22.0548,22.3681,21.9447,22.2776,39338
2025-03-21,FXIOT,22.2602,22.5179,22.2107,22.5125,86568
2025-03-24,FXIOT,22.5898,22.6673,21.8277,21.9416,70908
2025-03-25,FXIOT,21.9512,21.9903,21.2683,21.2712,73901
2025-03-26,FXIOT,21.3247,21.3401,20.6490,20.6714,48795
2025-03-27,FXIOT,20.6988,20.9366,20.6813,20.7438,78651
2025-03-28,FXIOT,20.7444,20.9805,20.6956,20.9568,92730
2025-03-31,FXIOT,20.9133,21.4328,20.8324,21.4247,65707
2025-04-01,FXIOT,21.4604,21.4703,20.0341,20.2089,64938
2025-04-02,FXIOT,20.2532,20.2612,19.6733,19.7272,61628
2025-04-03,FXIOT,19.6094,20.0943,19.5947,20.0621,21660
2025-04-04,FXIOT,20.1188,20.2171,19.5845,19.6668,82306
2025-04-07,FXIOT,19.5888,19.6374,19.5654,19.6185,40389
2025-04-08,FXIOT,19.5652,20.2403,19.5187,20.1630,80188
2025-04-09,FXIOT,20.2025,20.2580,19.8702,19.9372,21836
2025-04-10,FXIOT,19.9924,20.0984,19.6920,19.7029,21178
2025-04-11,FXIOT,19.6453,20.0257,19.5918,20.0197,46139
2025-04-14,FXIOT,19.9265,20.3442,19.8943,20.2889,33228
2025-04-15,FXIOT,20.2086,20.2323,19.5711,19.6949,27311
2025-04-16,FXIOT,19.7782,19.8246,19.7395,19.7404,90827
2025-04-17,FXIOT,19.7529,19.8800,19.4633,19.5623,83248
2025-04-18,FXIOT,19.5308,19.5660,18.8938,18.9501,50606
2025-04-21,FXIOT,18.9692,19.1083,18.8870,18.9208,84489
2025-04-22,FXIOT,18.9111,19.0108,18.8377,18.8471,57250
2025-04-23,FXIOT,18.8372,18.8465,18.5197,18.5840,75863
2025-04-24,FXIOT,18.5533,18.5758,18.4763,18.5613,70508
2025-04-25,FXIOT,18.5444,18.7788,18.5198,18.7695,81257
2025-04-28,FXIOT,18.7495,18.7825,18.1562,18.1640,30330
2025-04-29,FXIOT,18.1826,18.2064,17.8845,18.0013,47841
2025-04-30,FXIOT,18.0027,18.0466,17.6812,17.7808,56874
2025-05-01,FXIOT,17.7670,18.1070,17.6976,18.0820,54729
2025-05-02,FXIOT,18.1604,18.2156,17.8788,17.9846,39874
2025-05-05,FXIOT,18.0771,18.1818,17.9315,17.9587,69879
2025-05-06,FXIOT,17.8578,18.1296,17.8415,18.0518,50515
2025-05-07,FXIOT,17.9341,18.3386,17.9017,18.2436,85421
2025-05-08,FXIOT,18.1323,18.5714,18.0532,18.4342,97024
2025-05-09,FXIOT,18.2986,18.3926,18.2420,18.3850,41210
2025-05-12,FXIOT,18.4838,18.9617,18.4549,18.9348,43382
2025-05-13,FXIOT,18.8714,18.9404,18.7744,18.8898,60895
2025-05-14,FXIOT,18.8675,18.8972,18.6578,18.7791,90254
2025-05-15,FXIOT,18.8195,18.9813,18.7098,18.9271,35015
2025-05-16,FXIOT,18.9118,18.9789,18.4965,18.5505,86404
2025-05-19,FXIOT,18.5854,18.7967,18.5242,18.7735,41763
2025-05-20,FXIOT,18.7615,18.7931,18.6132,18.7108,93947
2025-05-21,FXIOT,18.7313,18.7364,18.4767,18.6001,71659
2025-05-22,FXIOT,18.6713,18.7879,18.6143,18.7713,86938
2025-05-23,FXIOT,18.8537,18.9442,18.8170,18.8415,42766
2025-05-26,FXIOT,18.8602,18.9110,18.4336,18.4370,43295
2025-05-27,FXIOT,18.4527,18.5822,18.1612,18.1656,70210
2025-05-28,FXIOT,18.1754,18.3134,17.9443,18.0014,66827
2025-05-29,FXIOT,18.0683,18.2462,18.0077,18.2100,53640
2025-05-30,FXIOT,18.1075,18.1646,17.9679,18.1412,30814
2025-06-02,FXIOT,18.1449,18.2450,17.8194,17.9878,57959
2025-06-03,FXIOT,18.0189,18.0540,17.6142,17.6837,75742
2025-06-04,FXIOT,17.6099,17.6698,17.1841,17.2398,31916
2025-06-05,FXIOT,17.2368,17.2709,16.7411,16.7705,24038
2025-06-06,FXIOT,16.6524,16.7370,16.5960,16.6472,58876
2025-06-09,FXIOT,16.6577,16.7140,16.3470,16.3471,22842
2025-06-10,FXIOT,16.3210,16.4093,15.8544,15.8998,66649
2025-06-11,FXIOT,15.9325,15.9555,15.8832,15.9234,52534
2025-06-12,FXIOT,15.9087,15.9838,15.2785,15.3351,65032
2025-06-13,FXIOT,15.2885,15.3261,15.2849,15.3013,86991
2025-06-16,FXIOT,15.3624,15.3691,14.8459,14.8888,89065
2025-06-17,FXIOT,14.8670,14.9758,14.8602,14.9009,73286
2025-06-18,FXIOT,14.8751,14.9258,14.8422,14.8870,70697
2025-06-19,FXIOT,14.8845,15.1318,14.8325,15.1309,68977
2025-06-20,FXIOT,15.1611,15.1631,14.9612,15.0145,56988
2025-06-23,FXIOT,15.0106,15.1582,14.9189,15.0693,62305
2025-06-24,FXIOT,14.9819,14.9848,14.9528,14.9599,31961
2025-06-25,FXIOT,14.9380,15.3523,14.9289,15.2606,32310
2025-06-26,FXIOT,15.2273,15.4877,15.1117,15.4159,57311
2025-06-27,FXIOT,15.3651,15.7484,15.3537,15.7152,42769
2025-06-30,FXIOT,15.7129,15.9862,15.6659,15.8646,21739
2025-07-01,FXIOT,15.7768,15.7999,15.7713,15.7727,53905
2025-07-02,FXIOT,15.7240,15.8176,15.1635,15.2288,30838
2025-07-03,FXIOT,15.2678,15.4319,14.8812,14.9134,43787
2025-07-04,FXIOT,14.8568,15.0827,14.8144,15.0479,71482
2025-07-07,FXIOT,14.9170,14.9474,14.8900,14.9102,98013
2025-07-08,FXIOT,14.9063,15.5416,14.8678,15.4080,66443
2025-07-09,FXIOT,15.4605,15.6018,15.4416,15.5631,21885
2025-07-10,FXIOT,15.5987,15.7304,15.5353,15.6956,49708
2025-07-11,FXIOT,15.7699,15.8116,15.7598,15.8012,26978
2025-07-14,FXIOT,15.8145,15.8895,15.3227,15.3287,90491
2025-07-15,FXIOT,15.2010,15.4019,15.1608,15.3964,56765
2025-07-16,FXIOT,15.3899,15.4296,15.0486,15.0957,62290
2025-07-17,FXIOT,15.2044,15.2067,14.7694,14.8266,80675
2025-07-18,FXIOT,14.7390,14.8293,14.6823,14.6882,88724
2025-07-21,FXIOT,14.6770,14.9105,14.6728,14.8945,96154
2025-07-22,FXIOT,14.8842,15.0236,14.8381,14.9817,62593
2025-07-23,FXIOT,14.9079,15.2191,14.8306,15.2095,79850
2025-07-24,FXIOT,15.2385,15.3139,14.6227,14.6404,41883
2025-07-25,FXIOT,14.6864,14.7331,14.5155,14.5779,75561
2025-07-28,FXIOT,14.5338,14.5393,14.3940,14.4550,34884
2025-07-29,FXIOT,14.4859,14.4881,14.2235,14.2380,33866
2025-07-30,FXIOT,14.2130,14.6836,14.1629,14.5541,77129
2025-07-31,FXIOT,14.6517,14.7019,14.4006,14.4231,73633
2025-08-01,FXIOT,14.3429,14.7371,14.3129,14.7354,71388
2025-08-04,FXIOT,14.7486,14.8687,14.6989,14.8643,57484
2025-08-05,FXIOT,14.9078,15.1220,14.8702,15.0882,30142
2025-08-06,FXIOT,15.0894,15.0964,14.9138,15.0275,21517
2025-08-07,FXIOT,15.1008,15.2420,15.0913,15.1624,77701
2025-08-08,FXIOT,15.1658,15.2201,15.1436,15.1577,48510
2025-08-11,FXIOT,15.1434,15.2766,15.0585,15.1697,34188
2025-08-12,FXIOT,15.2441,15.3936,15.1969,15.3933,69390
2025-08-13,FXIOT,15.3008,15.3852,15.2277,15.3437,92200
2025-08-14,FXIOT,15.3558,15.4385,15.1969,15.2064,60388
2025-08-15,FXIOT,15.1811,15.3713,15.1617,15.3132,76851
2025-08-18,FXIOT,15.3366,15.3620,15.0242,15.0378,87091
2025-08-19,FXIOT,15.0210,15.0631,15.0078,15.0139,79971
2025-08-20,FXIOT,14.9683,15.0229,14.8777,14.9237,89037
2025-08-21,FXIOT,14.9223,15.2321,14.8939,15.2220,50181
2025-08-22,FXIOT,15.1765,15.2547,15.0889,15.1752,76239
2025-08-25,FXIOT,15.2400,15.2428,14.9267,15.0205,44726
2025-08-26,FXIOT,15.0162,15.0416,14.5329,14.5573,69728
2025-08-27,FXIOT,14.6075,14.6494,14.5074,14.5167,36426
2025-08-28,FXIOT,14.5401,14.7780,14.4513,14.7351,41846
2025-08-29,FXIOT,14.7897,14.8448,14.6611,14.6854,84281
2025-09-01,FXIOT,14.6325,14.7973,14.5861,14.7682,56808
2025-09-02,FXIOT,14.7822,14.9240,14.7101,14.8442,73229
2025-09-03,FXIOT,14.8098,15.3146,14.7788,15.1910,61529
2025-09-04,FXIOT,15.2191,15.3304,14.7960,14.8622,63401
2025-09-05,FXIOT,14.8312,14.8629,14.8065,14.8450,43148
2025-09-08,FXIOT,14.8577,14.8817,14.5193,14.5230,91625
2025-09-09,FXIOT,14.4234,14.4573,14.1222,14.1521,60200
2025-09-10,FXIOT,14.1520,14.2464,14.0895,14.2210,47675
2025-09-11,FXIOT,14.2333,14.3245,14.1520,14.3151,83736
2025-09-12,FXIOT,14.3561,14.4311,14.1747,14.2537,80734
2025-09-15,FXIOT,14.2713,14.2900,14.1391,14.2065,90538
2025-09-16,FXIOT,14.1250,14.5162,14.0424,14.4729,50467
2025-09-17,FXIOT,14.4544,14.6113,14.4231,14.5658,99516
2025-09-18,FXIOT,14.6006,14.6007,14.4075,14.4824,71355
2025-09-19,FXIOT,14.3974,14.8121,14.3114,14.7494,45793
2025-09-22,FXIOT,14.7321,14.9637,14.7030,14.8698,90210
2025-09-23,FXIOT,14.8513,15.0968,14.8221,15.0304,47717
2025-09-24,FXIOT,15.0845,15.3258,14.9894,15.3009,64489
2025-09-25,FXIOT,15.1723,15.4681,15.0199,15.4075,76715
2025-09-26,FXIOT,15.4934,15.5156,15.4858,15.4990,25980
2025-09-29,FXIOT,15.5280,15.5661,15.1954,15.2064,60966
2025-09-30,FXIOT,15.2079,15.2894,15.0431,15.1081,39167
2025-10-01,FXIOT,15.0533,15.4184,15.0505,15.4061,47141
2025-10-02,FXIOT,15.3815,15.5574,15.2905,15.5333,84034
2025-10-03,FXIOT,15.4924,15.9928,15.4611,15.9622,71881
2025-10-06,FXIOT,15.8276,16.1499,15.7875,16.1309,75174
2025-10-07,FXIOT,16.1225,16.1537,15.4904,15.6004,31741
2025-10-08,FXIOT,15.5314,15.5328,15.3833,15.3929,49637
2025-10-09,FXIOT,15.4205,15.8708,15.3936,15.8300,41481
2025-10-10,FXIOT,15.8881,15.9010,15.5386,15.5898,56065
2025-10-13,FXIOT,15.5803,15.6040,15.5691,15.5779,32453
2025-10-14,FXIOT,15.4869,15.7845,15.4148,15.6769,24334
2025-10-15,FXIOT,15.6776,15.9735,15.6247,15.8652,21412
2025-10-16,FXIOT,15.9000,16.0325,15.8359,15.9445,58192
2025-10-17,FXIOT,15.8883,15.8951,15.6210,15.6662,43516
2025-10-20,FXIOT,15.7109,15.8432,15.3846,15.4205,24508
2025-10-21,FXIOT,15.4722,15.5685,15.4545,15.5044,78657
2025-10-22,FXIOT,15.5392,15.6094,14.9650,15.0019,74663
2025-10-23,FXIOT,15.0516,15.3230,14.9458,15.3116,97688
2025-10-24,FXIOT,15.2928,15.4210,15.2895,15.3376,65241
2025-10-27,FXIOT,15.2618,15.3234,14.8326,15.0038,34948
2025-10-28,FXIOT,14.9449,14.9978,14.7753,14.8218,85053
2025-10-29,FXIOT,14.7863,14.8220,14.7434,14.7839,93568
2025-10-30,FXIOT,14.7835,15.0099,14.7568,14.9185,46934
2025-10-31,FXIOT,14.9277,15.0575,14.8138,14.8543,75119
2025-11-03,FXIOT,14.8084,14.9712,14.7818,14.8851,48989
2025-11-04,FXIOT,14.8661,15.4460,14.8498,15.2728,93318
2025-11-05,FXIOT,15.1222,15.9877,15.1037,15.9248,61742
2025-11-06,FXIOT,15.8843,15.8958,15.6939,15.7603,80003
2025-11-07,FXIOT,15.7963,15.8338,15.5535,15.6322,74279
2025-11-10,FXIOT,15.7014,15.7732,15.4905,15.4972,79862
2025-11-11,FXIOT,15.5392,15.5688,15.4715,15.4850,60026
2025-11-12,FXIOT,15.5470,15.6580,15.3804,15.3993,91189
2025-11-13,FXIOT,15.4471,15.4612,15.3581,15.4107,72834
2025-11-14,FXIOT,15.4417,15.5787,15.3990,15.5063,62249
2025-11-17,FXIOT,15.4944,15.7809,15.4830,15.7142,53695
2025-11-18,FXIOT,15.7901,15.8918,15.6570,15.8633,27114
2025-11-19,FXIOT,15.9451,16.0748,15.7112,15.7222,80645
2025-11-20,FXIOT,15.7881,16.2618,15.7876,16.2484,23211
2025-11-21,FXIOT,16.1680,16.3390,16.1379,16.3178,90349
2025-11-24,FXIOT,16.2748,16.5900,16.1477,16.5526,91111
2025-11-25,FXIOT,16.5631,16.6180,16.0029,16.0573,67052
2025-11-26,FXIOT,16.0254,16.0718,15.8257,15.8393,59981
2025-11-27,FXIOT,15.8802,15.9794,15.6437,15.7275,74799
2025-11-28,FXIOT,15.7121,15.7511,15.6098,15.6215,72368
2025-12-01,FXIOT,15.6215,15.7234,15.3438,15.3732,97692
2025-12-02,FXIOT,15.3760,15.4357,15.1912,15.1937,50647
2025-12-03,FXIOT,15.1377,15.1531,14.9590,15.0201,27367
2025-12-04,FXIOT,14.9091,15.3524,14.9047,15.3409,57819
2025-12-05,FXIOT,15.3241,15.7869,15.2534,15.7616,21339
2025-12-08,FXIOT,15.7197,15.9650,15.6947,15.9522,61088
2025-12-09,FXIOT,16.0371,16.1671,15.9906,16.1515,58403
2025-12-10,FXIOT,16.0699,16.6320,16.0258,16.5276,84499
2025-12-11,FXIOT,16.5163,16.5282,16.2979,16.4276,79324
2025-12-12,FXIOT,16.4242,16.5136,16.1490,16.1751,86206
2025-12-15,FXIOT,16.2369,16.4386,16.1095,16.3578,63165
2025-12-16,FXIOT,16.3933,16.6665,16.3060,16.6542,60160
2025-12-17,FXIOT,16.7282,16.8418,16.3841,16.5291,29037
2025-12-18,FXIOT,16.5745,16.6334,16.2790,16.3313,81399
2025-12-19,FXIOT,16.3643,16.4150,16.0708,16.1008,60473
2025-12-22,FXIOT,16.0628,16.1157,15.9585,16.0412,23389
2025-12-23,FXIOT,15.9883,16.0963,15.8987,16.0315,28272
2025-12-24,FXIOT,16.1113,16.1184,15.9797,16.0150,48083
2025-12-25,FXIOT,15.9814,16.0462,15.9305,16.0031,90527
2025-12-26,FXIOT,16.0534,16.0584,15.7575,15.8281,59321
2025-12-29,FXIOT,15.8608,15.8744,15.6636,15.8062,97724
2025-12-30,FXIOT,15.7409,15.7600,15.6711,15.6845,75895
2025-12-31,FXIOT,15.6906,15.8196,15.5910,15.7635,76252
2021-01-04,FXLAM,64.1248,64.1896,62.3431,62.3986,60582
2021-01-05,FXLAM,62.3439,62.3752,61.7144,61.8446,50886
2021-01-06,FXLAM,61.8677,62.4681,60.5303,60.6201,51102
2021-01-07,FXLAM,60.2948,60.6959,59.6940,59.9674,63427
2021-01-08,FXLAM,59.7165,60.9055,59.6061,60.5871,26261
2021-01-11,FXLAM,60.9503,62.7012,60.7268,62.5146,94364
2021-01-12,FXLAM,62.4402,64.2764,62.4179,63.9392,26136
2021-01-13,FXLAM,64.4444,64.5065,60.7966,60.9353,85990
2021-01-14,FXLAM,60.7681,60.9272,60.4305,60.7977,73817
2021-01-15,FXLAM,60.6981,60.8106,60.2829,60.3288,66451
2021-01-18,FXLAM,60.1193,60.5895,59.9455,60.1120,98988
2021-01-19,FXLAM,60.1250,60.5664,59.5967,59.6825,41567
2021-01-20,FXLAM,59.9964,60.0237,59.7185,59.7749,61443
2021-01-21,FXLAM,59.8131,60.0864,59.5156,60.0702,99840
2021-01-22,FXLAM,60.1802,60.2146,59.7282,60.0269,30141
2021-01-25,FXLAM,59.6122,60.4541,59.5578,60.3527,87424
2021-01-26,FXLAM,60.1929,60.3897,58.6580,58.9006,21784
2021-01-27,FXLAM,59.0584,59.1546,57.2559,57.5723,62633
2021-01-28,FXLAM,57.2463,59.1691,56.9366,59.0016,53569
2021-01-29,FXLAM,58.8041,59.2353,57.3854,57.6359,71441
2021-02-01,FXLAM,57.5836,57.7557,57.1889,57.4333,88497
2021-02-02,FXLAM,57.5253,57.5303,56.4215,56.5000,37712
2021-02-03,FXLAM,56.7405,56.8025,56.3781,56.4478,47704
2021-02-04,FXLAM,56.4855,57.0367,55.6435,55.8024,78122
2021-02-05,FXLAM,55.5778,55.6873,53.4639,53.4758,85821
2021-02-08,FXLAM,53.8164,54.2272,53.6629,54.1003,27716
2021-02-09,FXLAM,53.9754,54.5604,53.7243,54.2869,33628
2021-02-10,FXLAM,54.3862,54.6336,53.3647,53.6838,32050
2021-02-11,FXLAM,53.4280,53.4442,52.6511,52.8533,90428
2021-02-12,FXLAM,52.9688,53.1176,51.5157,51.7847,62594
2021-02-15,FXLAM,52.0706,52.1510,51.5874,51.5895,71473
2021-02-16,FXLAM,51.2688,51.9458,51.0324,51.7327,44605
2021-02-17,FXLAM,51.9579,52.2807,51.8276,52.2741,71907
2021-02-18,FXLAM,52.7753,52.8898,52.4514,52.6505,26827
2021-02-19,FXLAM,52.5931,52.8677,52.1983,52.4450,27375
2021-02-22,FXLAM,52.3282,52.3868,51.3839,51.6579,62801
2021-02-23,FXLAM,51.3936,51.5706,50.5142,50.7388,45949
2021-02-24,FXLAM,50.7449,50.8239,50.0176,50.2681,57182
2021-02-25,FXLAM,50.2931,51.0344,50.0975,51.0293,74357
2021-02-26,FXLAM,51.0353,51.1041,50.7296,50.8789,52870
2021-03-01,FXLAM,50.7697,51.5653,50.6556,51.3640,69352
2021-03-02,FXLAM,51.4502,52.0205,51.1393,51.7607,80246
2021-03-03,FXLAM,51.9496,52.3057,50.6311,50.6625,89976
2021-03-04,FXLAM,50.4170,51.7512,50.2255,51.6518,40534
2021-03-05,FXLAM,51.7054,51.9308,50.3148,50.5083,82043
2021-03-08,FXLAM,50.4382,50.4709,49.7808,49.9929,97262
2021-03-09,FXLAM,50.0516,50.2589,49.9434,50.1688,75344
2021-03-10,FXLAM,50.4236,51.0972,49.9778,50.8724,41800
2021-03-11,FXLAM,50.9124,51.1007,49.9298,50.2430,99041
2021-03-12,FXLAM,49.8950,50.9148,49.8093,50.8358,49067
2021-03-15,FXLAM,50.9355,51.0605,50.5772,50.7200,65606
2021-03-16,FXLAM,50.8567,51.1901,50.2766,50.5460,98329
2021-03-17,FXLAM,50.4662,51.0523,50.1793,50.8023,42772
2021-03-18,FXLAM,50.8476,51.0126,49.8243,50.1064,61765
2021-03-19,FXLAM,50.1619,51.0240,49.5343,51.0089,96803
2021-03-22,FXLAM,50.9908,51.0626,50.1297,50.3365,72194
2021-03-23,FXLAM,50.1942,50.2473,49.4057,49.4794,48192
2021-03-24,FXLAM,49.4488,50.2552,49.4141,50.1722,20297
2021-03-25,FXLAM,50.2933,50.4022,49.7717,49.8256,66957
2021-03-26,FXLAM,49.7675,49.8669,49.0057,49.0640,49228
2021-03-29,FXLAM,49.0617,49.3365,49.0061,49.2916,25017
2021-03-30,FXLAM,49.3110,49.3114,48.7917,48.8751,37321
2021-03-31,FXLAM,49.1997,49.2508,48.1164,48.2716,56961
2021-04-01,FXLAM,48.1965,48.3223,47.9435,48.0934,93322
2021-04-02,FXLAM,48.1033,48.3881,46.1415,46.3368,52139
2021-04-05,FXLAM,46.5588,48.3422,46.4572,48.3315,88802
2021-04-06,FXLAM,48.0528,49.0627,47.8810,49.0097,50617
2021-04-07,FXLAM,48.9957,49.0243,48.8108,48.8887,75630
2021-04-08,FXLAM,48.7190,49.6208,48.5956,49.1242,69483
2021-04-09,FXLAM,49.0077,49.2672,48.8205,49.1218,22230
2021-04-12,FXLAM,48.9510,49.2366,48.8856,49.2344,87377
2021-04-13,FXLAM,49.1414,49.2241,48.3917,48.5695,33469
2021-04-14,FXLAM,48.5024,49.4502,48.4016,49.3862,23425
2021-04-15,FXLAM,49.4118,49.5136,49.2281,49.4458,25951
2021-04-16,FXLAM,49.4704,49.6842,48.2595,48.3591,88130
2021-04-19,FXLAM,48.5608,48.5713,48.1694,48.4334,51893
2021-04-20,FXLAM,48.4025,49.6774,48.0034,49.6538,89356
2021-04-21,FXLAM,49.6650,49.7775,48.5462,48.5693,41584
2021-04-22,FXLAM,48.5850,49.0008,48.4381,48.7089,43762
2021-04-23,FXLAM,48.5766,48.7132,48.2444,48.4269,52440
2021-04-26,FXLAM,48.2585,49.2958,48.1917,49.2892,44661
2021-04-27,FXLAM,49.4468,49.5216,48.2800,48.3743,49223
2021-04-28,FXLAM,48.6838,49.5704,48.3469,49.5542,45985
2021-04-29,FXLAM,49.6474,50.1479,49.5707,49.7196,41690
2021-04-30,FXLAM,49.3976,50.3064,49.2460,50.2735,53586
2021-05-03,FXLAM,50.2628,51.0218,50.0179,50.9117,99043
2021-05-04,FXLAM,50.8334,52.4947,50.5052,52.0244,52477
2021-05-05,FXLAM,51.9012,52.1044,51.5504,51.8596,55530
2021-05-06,FXLAM,51.8870,53.0899,51.5810,53.0778,58774
2021-05-07,FXLAM,53.4477,54.1800,53.2902,54.1415,87656
2021-05-10,FXLAM,54.2281,55.2598,54.1844,55.0930,39933
2021-05-11,FXLAM,55.2892,55.3073,55.1968,55.2026,53206
2021-05-12,FXLAM,55.1872,55.9816,54.7511,55.5317,81690
2021-05-13,FXLAM,55.6175,58.1855,55.4693,57.9266,58424
2021-05-14,FXLAM,57.6613,59.2085,57.4692,59.0895,46807
2021-05-17,FXLAM,59.4461,59.4584,58.0284,58.2873,51259
2021-05-18,FXLAM,58.3240,59.3408,58.1974,59.0259,61232
2021-05-19,FXLAM,58.9503,59.8567,58.8351,59.7778,55956
2021-05-20,FXLAM,59.7540,59.7972,58.7825,58.9780,87960
2021-05-21,FXLAM,58.8427,58.9776,58.5049,58.5077,36039
2021-05-24,FXLAM,58.5794,58.7668,56.4934,56.9915,97989
2021-05-25,FXLAM,57.1032,57.8227,56.5134,57.7912,39244
2021-05-26,FXLAM,57.9017,59.2137,57.6119,59.0793,23836
2021-05-27,FXLAM,59.0208,60.4267,58.5447,60.3508,79294
2021-05-28,FXLAM,60.4150,60.8516,59.0505,59.0629,94398
2021-05-31,FXLAM,58.9739,59.2729,58.9301,59.0572,85890
2021-06-01,FXLAM,59.1728,59.4598,58.8758,59.2463,71783
2021-06-02,FXLAM,59.2379,59.3163,58.4581,58.5975,31583
2021-06-03,FXLAM,58.3560,59.2581,58.3517,58.5059,52660
2021-06-04,FXLAM,58.2545,58.4403,57.5492,57.8034,36828
2021-06-07,FXLAM,57.7051,58.6770,57.4980,58.5237,33956
2021-06-08,FXLAM,58.4604,59.8912,58.3490,59.8263,36905
2021-06-09,FXLAM,59.6150,59.7639,59.3749,59.6231,62794
2021-06-10,FXLAM,59.7697,59.8063,58.4888,58.7101,52614
2021-06-11,FXLAM,58.6995,58.7531,57.2252,57.4434,35732
2021-06-14,FXLAM,57.7733,58.0280,57.4303,57.6746,68858
2021-06-15,FXLAM,57.5823,58.0013,57.2685,57.4752,47949
2021-06-16,FXLAM,57.6947,57.8081,57.2104,57.4164,92875
2021-06-17,FXLAM,57.3007,58.7255,57.1864,58.4831,23271
2021-06-18,FXLAM,58.6723,58.9254,56.5917,56.8146,30161
2021-06-21,FXLAM,57.1775,57.1872,56.5718,56.5822,56302
2021-06-22,FXLAM,56.6155,56.6881,55.8818,56.0357,92104
2021-06-23,FXLAM,56.0546,56.1399,55.9419,56.1133,42685
2021-06-24,FXLAM,56.2887,56.7196,54.5349,54.5742,80644
2021-06-25,FXLAM,54.6079,54.6319,54.1574,54.3100,68838
2021-06-28,FXLAM,54.3258,54.4600,53.9513,53.9914,28175
2021-06-29,FXLAM,53.9717,54.1674,53.4061,53.7253,36494
2021-06-30,FXLAM,53.9540,54.0346,52.6419,52.7837,70813
2021-07-01,FXLAM,52.8927,52.9141,52.2976,52.4801,62177
2021-07-02,FXLAM,52.6404,53.7755,52.4501,53.3883,95234
2021-07-05,FXLAM,53.5398,53.6772,52.9577,53.0592,34995
2021-07-06,FXLAM,53.3619,53.4907,53.0097,53.3341,45088
2021-07-07,FXLAM,53.2378,53.5126,52.0499,52.6381,89102
2021-07-08,FXLAM,52.5919,53.5158,52.4840,53.4642,47624
2021-07-09,FXLAM,53.6032,53.8655,53.4468,53.7258,88401
2021-07-12,FXLAM,53.5885,54.2577,53.1970,53.2731,27983
2021-07-13,FXLAM,53.0861,53.7932,53.0237,53.6972,67222
2021-07-14,FXLAM,53.7024,55.3822,53.4193,55.2470,35698
2021-07-15,FXLAM,55.1343,55.2065,54.5980,54.8713,97207
2021-07-16,FXLAM,54.2335,54.3043,53.8534,54.2245,38423
2021-07-19,FXLAM,54.4170,54.4524,53.6436,53.6483,32705
2021-07-20,FXLAM,53.5264,53.7344,53.4119,53.4119,29710
2021-07-21,FXLAM,53.2007,53.3187,53.0106,53.2116,57973
2021-07-22,FXLAM,53.4582,53.8261,51.6710,51.8864,77845
2021-07-23,FXLAM,51.9518,52.2051,50.9062,51.1091,32215
2021-07-26,FXLAM,51.2106,52.8161,51.0481,52.3257,31014
2021-07-27,FXLAM,52.4879,52.5578,51.9702,52.2210,23106
2021-07-28,FXLAM,52.4223,52.4412,50.4657,50.5311,45868
2021-07-29,FXLAM,50.3594,50.7615,50.2006,50.7493,39281
2021-07-30,FXLAM,50.7566,51.0951,50.1297,50.4322,91057
2021-08-02,FXLAM,50.3394,52.3287,49.9305,52.1981,83235
2021-08-03,FXLAM,51.9655,52.1100,50.6304,50.6744,94750
2021-08-04,FXLAM,50.5513,50.5668,50.0022,50.0127,65416
2021-08-05,FXLAM,50.0281,50.2547,49.6985,49.8625,47326
2021-08-06,FXLAM,49.8772,50.4697,49.6288,50.3889,47017
2021-08-09,FXLAM,50.3188,50.5205,49.8224,50.0220,52025
2021-08-10,FXLAM,49.9958,50.2558,49.9690,50.0975,76552
2021-08-11,FXLAM,50.0892,50.6488,50.0891,50.5967,74563
2021-08-12,FXLAM,50.5775,51.2966,50.5774,51.1567,56151
2021-08-13,FXLAM,51.3925,51.5180,50.3072,50.3457,70434
2021-08-16,FXLAM,50.3187,50.6193,49.3696,49.5062,88792
2021-08-17,FXLAM,49.6206,49.9463,48.6255,48.8786,71218
2021-08-18,FXLAM,49.1174,49.1611,47.8827,48.2121,64441
2021-08-19,FXLAM,48.0899,48.4307,47.1756,47.2332,38377
2021-08-20,FXLAM,46.9827,47.6635,46.8565,47.6238,96152
2021-08-23,FXLAM,47.5035,48.2280,47.2855,48.0565,68630
2021-08-24,FXLAM,48.1747,48.3742,47.6971,47.7144,85552
2021-08-25,FXLAM,47.7077,48.0438,47.5477,47.9566,81910
2021-08-26,FXLAM,48.0204,48.3987,46.6131,46.8452,70059
2021-08-27,FXLAM,46.9721,48.1807,46.8051,47.9641,70530
2021-08-30,FXLAM,48.4670,48.6620,48.2934,48.5855,99363
2021-08-31,FXLAM,49.0535,49.2861,47.7018,47.7957,62622
2021-09-01,FXLAM,47.9131,48.0754,47.8519,47.9785,59333
2021-09-02,FXLAM,47.8436,48.2693,47.8014,48.1501,58203
2021-09-03,FXLAM,48.1846,48.4938,48.0554,48.0800,78176
2021-09-06,FXLAM,48.1967,48.2957,47.6768,47.8843,50456
2021-09-07,FXLAM,47.9026,48.1240,46.8535,46.9064,44755
2021-09-08,FXLAM,47.0417,47.4298,46.8846,47.3218,39019
2021-09-09,FXLAM,47.2099,48.0367,46.7719,47.7348,60387
2021-09-10,FXLAM,47.9450,48.0719,47.0164,47.2968,69087
2021-09-13,FXLAM,47.3649,47.3775,46.7707,46.9781,79710
2021-09-14,FXLAM,47.0083,47.0151,46.1967,46.3928,93723
2021-09-15,FXLAM,46.4841,46.7872,46.3799,46.7740,47399
2021-09-16,FXLAM,46.7368,46.8642,46.1609,46.3276,77701
2021-09-17,FXLAM,46.1346,46.2523,46.0743,46.2217,40039
2021-09-20,FXLAM,46.1846,46.2827,45.5604,45.6811,74438
2021-09-21,FXLAM,45.9032,46.0954,45.9021,46.0950,79724
2021-09-22,FXLAM,46.2978,46.3896,46.1796,46.2230,63133
2021-09-23,FXLAM,46.0575,46.3028,44.8826,44.9897,50313
2021-09-24,FXLAM,44.9673,45.1127,43.4151,43.4852,83691
2021-09-27,FXLAM,43.4638,43.5383,42.7916,42.9292,86259
2021-09-28,FXLAM,42.7901,42.7990,41.7075,41.8097,98614
2021-09-29,FXLAM,41.9443,42.2587,41.7821,42.2349,95490
2021-09-30,FXLAM,42.0959,42.1956,41.7981,41.8904,68223
2021-10-01,FXLAM,41.8902,42.3553,41.6524,42.1968,23527
2021-10-04,FXLAM,42.3302,42.3609,41.4139,41.7069,22742
2021-10-05,FXLAM,41.6273,42.5703,41.4647,42.1368,60339
2021-10-06,FXLAM,42.2377,43.4131,42.0880,43.4130,76710
2021-10-07,FXLAM,43.5918,43.6243,43.1764,43.1943,61907
2021-10-08,FXLAM,43.2139,43.4947,43.0030,43.1317,30269
2021-10-11,FXLAM,42.9688,43.0014,42.8531,42.9052,60586
2021-10-12,FXLAM,42.6895,42.8638,42.0476,42.0994,65023
2021-10-13,FXLAM,41.8567,43.1277,41.5624,42.9724,60972
2021-10-14,FXLAM,43.2082,44.6956,43.1411,44.5651,69933
2021-10-15,FXLAM,44.7260,44.8187,44.0895,44.1627,74656
2021-10-18,FXLAM,44.1368,45.0403,43.9215,44.9629,95527
2021-10-19,FXLAM,44.8657,45.3598,44.5633,45.2738,43176
2021-10-20,FXLAM,45.1585,45.1612,44.9146,45.1262,34210
2021-10-21,FXLAM,44.9353,45.0117,44.2933,44.3568,26831
2021-10-22,FXLAM,44.0538,44.1387,42.8386,43.0959,38104
2021-10-25,FXLAM,43.0913,43.0918,42.1660,42.3960,42676
2021-10-26,FXLAM,42.2295,42.2530,41.8008,42.1006,24221
2021-10-27,FXLAM,41.9297,42.1827,41.8127,42.1499,65993
2021-10-28,FXLAM,42.1432,43.0934,42.0237,42.8003,69930
2021-10-29,FXLAM,42.7030,42.9027,42.6827,42.8207,66117
2021-11-01,FXLAM,42.6381,42.6772,41.7723,41.8196,84769
2021-11-02,FXLAM,41.8212,41.9510,41.4615,41.9234,84826
2021-11-03,FXLAM,41.9250,43.4232,41.7436,43.1761,31427
2021-11-04,FXLAM,42.8451,43.2683,42.7425,43.2128,95661
2021-11-05,FXLAM,43.2667,43.6475,42.9110,43.0867,75438
2021-11-08,FXLAM,42.9779,43.6171,42.7900,43.5856,38975
2021-11-09,FXLAM,43.6373,43.9023,43.5474,43.6887,82849
2021-11-10,FXLAM,43.8574,44.2625,43.6879,44.0585,97278
2021-11-11,FXLAM,44.0077,44.1117,43.9106,43.9107,92873
2021-11-12,FXLAM,43.6734,43.6860,43.1085,43.1424,85774
2021-11-15,FXLAM,43.3151,43.8187,43.1760,43.7665,23244
2021-11-16,FXLAM,43.6790,44.9705,43.5579,44.7555,74263
2021-11-17,FXLAM,44.3537,44.4614,44.0553,44.2298,37775
2021-11-18,FXLAM,44.3747,44.4842,44.2784,44.3012,44196
2021-11-19,FXLAM,44.0631,44.3348,43.4419,43.7969,28794
2021-11-22,FXLAM,43.6846,43.7998,43.3777,43.6953,51318
2021-11-23,FXLAM,43.7764,44.2664,43.3650,43.8667,24096
2021-11-24,FXLAM,43.7904,43.8874,43.1271,43.2328,57078
2021-11-25,FXLAM,43.0101,43.9539,42.9530,43.8891,86938
2021-11-26,FXLAM,43.9528,43.9642,42.6794,42.9017,78584
2021-11-29,FXLAM,42.8760,42.9903,42.5570,42.5831,88504
2021-11-30,FXLAM,42.5600,42.5885,42.2364,42.3019,57728
2021-12-01,FXLAM,42.2676,42.3619,40.7545,40.8136,92969
2021-12-02,FXLAM,40.7834,42.0348,40.6586,41.8841,70062
2021-12-03,FXLAM,41.9512,43.0411,41.9155,43.0020,63231
2021-12-06,FXLAM,42.7021,43.1031,42.5790,42.6014,95118
2021-12-07,FXLAM,42.4964,43.7606,42.2197,43.5864,46425
2021-12-08,FXLAM,43.5535,44.4518,43.4470,44.4290,42502
2021-12-09,FXLAM,44.6884,45.1342,44.6767,44.9190,88234
2021-12-10,FXLAM,45.1321,45.5070,45.0254,45.0969,30334
2021-12-13,FXLAM,45.1037,45.4184,44.5172,44.5599,56272
2021-12-14,FXLAM,44.7162,44.9209,44.5438,44.6586,48376
2021-12-15,FXLAM,45.1617,45.2933,44.7659,44.8858,74886
2021-12-16,FXLAM,45.0769,45.3355,44.2424,44.2506,75895
2021-12-17,FXLAM,43.9691,44.7276,43.7553,44.5161,37463
2021-12-20,FXLAM,44.4767,44.5319,43.8586,43.9751,22564
2021-12-21,FXLAM,43.8378,44.7425,43.7060,44.5873,66179
2021-12-22,FXLAM,44.7827,44.9892,43.4342,43.6117,71300
2021-12-23,FXLAM,43.3009,44.1831,43.0658,44.0850,35375
2021-12-24,FXLAM,44.0167,44.3576,43.8997,44.2974,20940
2021-12-27,FXLAM,44.3442,44.5008,44.0207,44.2096,85767
2021-12-28,FXLAM,43.9578,45.0476,43.9311,44.9323,75638
2021-12-29,FXLAM,45.0906,45.9663,44.9702,45.8114,26437
2021-12-30,FXLAM,45.6349,46.0503,45.4439,45.8662,35323
2021-12-31,FXLAM,46.0771,47.1346,45.9071,47.0209,82915
2022-01-03,FXLAM,46.9526,47.0783,46.7801,46.8270,92137
2022-01-04,FXLAM,47.0020,47.6299,46.8470,47.4292,99933
2022-01-05,FXLAM,47.2344,47.4142,45.6122,45.6584,58718
2022-01-06,FXLAM,46.0075,46.1038,44.9883,45.0502,47180
2022-01-07,FXLAM,44.9276,45.5723,44.8762,45.5553,37314
2022-01-10,FXLAM,45.6183,45.9350,44.3101,44.5231,21684
2022-01-11,FXLAM,44.4210,45.7532,44.2380,45.5652,47237
2022-01-12,FXLAM,45.7552,45.8060,45.2502,45.5466,54862
2022-01-13,FXLAM,45.6874,45.8073,45.3691,45.5030,29294
2022-01-14,FXLAM,45.3489,45.8068,45.1773,45.7243,34273
2022-01-17,FXLAM,45.6154,45.6271,44.6236,44.7126,65018
2022-01-18,FXLAM,44.8041,44.9882,44.4023,44.4957,53937
2022-01-19,FXLAM,44.5169,44.9499,44.4270,44.7034,79197
2022-01-20,FXLAM,44.7186,44.8295,44.0107,44.2384,34035
2022-01-21,FXLAM,44.1637,44.3049,43.1304,43.1701,85338
2022-01-24,FXLAM,43.1029,43.9556,42.9756,43.4663,23299
2022-01-25,FXLAM,43.0734,44.8084,43.0386,44.6197,20111
2022-01-26,FXLAM,44.6856,45.0592,44.3517,44.8712,29044
2022-01-27,FXLAM,44.8267,45.2232,44.7072,45.0067,74436
2022-01-28,FXLAM,44.8605,44.9332,44.1671,44.2673,22933
2022-01-31,FXLAM,44.3985,44.5685,43.3694,43.4330,84117
2022-02-01,FXLAM,43.4379,43.5896,43.0462,43.2342,48944
2022-02-02,FXLAM,43.1016,43.2965,42.7325,42.8989,92441
2022-02-03,FXLAM,42.7757,43.0110,42.5583,42.7295,40839
2022-02-04,FXLAM,42.6543,42.7117,41.5104,41.6358,24634
2022-02-07,FXLAM,41.6994,41.7634,41.4502,41.5375,73229
2022-02-08,FXLAM,41.6668,42.0523,41.2558,42.0186,91934
2022-02-09,FXLAM,41.8329,42.4158,41.8100,42.2014,48941
2022-02-10,FXLAM,41.9987,42.0080,41.8397,41.9546,77381
2022-02-11,FXLAM,41.6069,41.6789,40.9584,41.2601,54062
2022-02-14,FXLAM,41.3123,42.5298,41.2240,42.4948,90665
2022-02-15,FXLAM,42.6047,43.0455,41.6568,41.9499,57675
2022-02-16,FXLAM,42.0092,42.4537,41.8647,42.4508,94672
2022-02-17,FXLAM,42.3632,42.5196,41.5830,41.8342,82997
2022-02-18,FXLAM,41.9084,42.7950,41.8836,42.6549,59848
2022-02-21,FXLAM,42.6267,42.6708,42.1711,42.3140,27711
2022-02-22,FXLAM,42.0575,42.0860,41.2823,41.3120,21040
2022-02-23,FXLAM,41.1775,41.4267,39.7875,39.9094,29274
2022-02-24,FXLAM,39.9307,39.9408,38.8657,39.0516,60318
2022-02-25,FXLAM,38.9130,39.4107,38.8321,39.3697,84124
2022-02-28,FXLAM,39.5214,39.7016,39.0757,39.2597,39408
2022-03-01,FXLAM,39.3048,39.5556,39.1571,39.4492,63181
2022-03-02,FXLAM,39.6111,39.7481,39.3893,39.5095,64692
2022-03-03,FXLAM,39.6652,39.8991,39.0228,39.1077,48440
2022-03-04,FXLAM,38.9845,39.0877,38.4706,38.5939,95138
2022-03-07,FXLAM,38.5691,38.7609,38.4021,38.4752,69948
2022-03-08,FXLAM,38.2646,38.8154,38.0973,38.7591,89186
2022-03-09,FXLAM,38.4877,38.7536,38.4392,38.6771,80091
2022-03-10,FXLAM,38.8751,38.9899,37.6879,37.7527,57707
2022-03-11,FXLAM,37.6148,38.1617,37.5790,38.0568,35814
2022-03-14,FXLAM,38.1763,38.4851,37.6203,37.7721,63532
2022-03-15,FXLAM,37.5866,37.8691,37.1135,37.1879,25285
2022-03-16,FXLAM,37.3121,37.3205,36.8393,37.0356,44421
2022-03-17,FXLAM,37.1583,37.7155,37.0657,37.4765,25881
2022-03-18,FXLAM,37.5376,37.6778,37.0785,37.1955,49809
2022-03-21,FXLAM,36.9330,38.2960,36.8755,38.2258,45179
2022-03-22,FXLAM,38.3282,38.3873,37.8576,37.9877,62176
2022-03-23,FXLAM,38.0466,38.1356,37.5595,37.7917,71824
2022-03-24,FXLAM,37.5559,37.6052,36.5180,36.5946,34198
2022-03-25,FXLAM,36.4045,36.5295,35.5766,35.8874,66620
2022-03-28,FXLAM,35.9048,36.0207,35.7526,35.8842,41272
2022-03-29,FXLAM,35.7706,35.8670,35.3540,35.3573,89807
2022-03-30,FXLAM,35.2102,35.7463,35.0956,35.6539,92719
2022-03-31,FXLAM,35.8464,35.8802,35.5674,35.5677,74735
2022-04-01,FXLAM,35.6209,35.7265,34.9880,35.0880,96466
2022-04-04,FXLAM,34.9373,35.6688,34.9054,35.6079,99583
2022-04-05,FXLAM,35.8448,35.8482,35.4625,35.6186,70236
2022-04-06,FXLAM,35.7240,35.9244,35.7027,35.7341,38671
2022-04-07,FXLAM,35.8784,35.8894,35.6188,35.8197,20730
2022-04-08,FXLAM,35.9448,36.1055,35.5387,35.7317,66136
2022-04-11,FXLAM,35.7496,35.8673,34.7779,34.8141,39463
2022-04-12,FXLAM,34.7896,35.0713,34.7404,34.9843,75955
2022-04-13,FXLAM,34.9345,35.1320,34.7502,34.8837,29228
2022-04-14,FXLAM,35.0388,35.0643,33.9663,33.9785,69327
2022-04-15,FXLAM,34.0540,34.3095,33.6597,33.8656,61104
2022-04-18,FXLAM,34.0284,34.0946,32.9482,32.9732,63556
2022-04-19,FXLAM,33.0115,33.1108,32.9586,33.0177,25773
2022-04-20,FXLAM,32.6687,33.0209,32.6622,32.8233,98311
2022-04-21,FXLAM,32.8262,33.6374,32.6768,33.3510,73620
2022-04-22,FXLAM,33.2576,33.3159,33.0196,33.0409,36998
2022-04-25,FXLAM,33.2384,33.4844,32.4447,32.4754,51127
2022-04-26,FXLAM,32.5019,33.2716,32.4574,33.1962,28995
2022-04-27,FXLAM,32.8920,33.8457,32.8532,33.6919,47921
2022-04-28,FXLAM,33.6465,34.0435,33.5477,34.0433,75581
2022-04-29,FXLAM,34.1435,34.3706,34.0933,34.2043,77117
2022-05-02,FXLAM,34.3725,34.7022,34.2922,34.5779,34811
2022-05-03,FXLAM,34.7051,34.9639,34.6867,34.9303,52089
2022-05-04,FXLAM,35.0243,35.0966,34.9509,35.0293,82321
2022-05-05,FXLAM,34.8635,34.9681,34.5589,34.7631,80444
2022-05-06,FXLAM,34.5970,34.9078,34.4713,34.8275,82969
2022-05-09,FXLAM,34.7676,35.0220,34.2159,34.2586,43176
2022-05-10,FXLAM,34.2673,35.1678,34.2426,34.9123,31969
2022-05-11,FXLAM,34.8374,34.8867,34.4528,34.5758,60601
2022-05-12,FXLAM,34.4680,34.5852,33.9950,34.3115,93843
2022-05-13,FXLAM,34.2509,34.4752,33.7196,33.9569,97916
2022-05-16,FXLAM,34.0228,34.1767,33.2383,33.4058,56822
2022-05-17,FXLAM,33.4264,33.5495,33.3928,33.5452,51806
2022-05-18,FXLAM,33.5616,34.1068,33.3072,33.9110,38502
2022-05-19,FXLAM,33.9272,34.0784,33.7651,33.8068,34771
2022-05-20,FXLAM,33.5888,33.7274,33.3075,33.4485,82984
2022-05-23,FXLAM,33.5888,33.5944,33.0036,33.1166,45262
2022-05-24,FXLAM,33.0746,33.5912,32.9847,33.5121,51883
2022-05-25,FXLAM,33.3119,34.2441,33.2902,34.0758,67753
2022-05-26,FXLAM,34.1333,34.2366,33.7478,33.8751,62198
2022-05-27,FXLAM,33.9475,34.0124,33.6837,33.8269,22682
2022-05-30,FXLAM,34.0276,34.1322,33.6220,33.7123,90826
2022-05-31,FXLAM,33.7548,33.7939,32.7461,32.9956,74176
2022-06-01,FXLAM,33.1147,33.2665,32.8857,33.0324,87922
2022-06-02,FXLAM,33.1161,33.2932,32.5717,32.5723,59720
2022-06-03,FXLAM,32.7230,32.7605,31.4891,31.6649,44082
2022-06-06,FXLAM,31.6600,31.9659,31.5459,31.7110,48715
2022-06-07,FXLAM,31.4616,31.9830,31.4209,31.8185,44081
2022-06-08,FXLAM,31.8572,32.5157,31.7190,32.4840,94335
2022-06-09,FXLAM,32.6177,32.6855,31.9670,32.0873,28922
2022-06-10,FXLAM,32.2868,32.2938,31.3935,31.4448,73843
2022-06-13,FXLAM,31.5332,31.6684,31.2824,31.3495,83563
2022-06-14,FXLAM,31.5483,31.8902,31.5010,31.8034,59751
2022-06-15,FXLAM,31.6450,31.8213,30.9395,31.0063,25570
2022-06-16,FXLAM,31.1302,31.1881,30.9797,31.1495,94613
2022-06-17,FXLAM,31.0625,31.4755,30.9484,31.3590,87289
2022-06-20,FXLAM,31.3754,31.4682,30.8111,31.0040,67816
2022-06-21,FXLAM,31.0773,31.3389,30.9045,31.2182,94282
2022-06-22,FXLAM,31.2558,31.9059,31.2519,31.8169,25499
2022-06-23,FXLAM,31.6432,32.1203,31.4671,31.9449,66836
2022-06-24,FXLAM,31.9013,32.0934,31.6012,31.6477,69989
2022-06-27,FXLAM,31.9920,32.2045,31.0866,31.2121,92294
2022-06-28,FXLAM,31.2060,32.3634,31.1615,32.2047,83060
2022-06-29,FXLAM,32.0405,32.1207,31.7278,31.9106,96320
2022-06-30,FXLAM,31.9165,32.2137,31.7889,32.0863,76989
2022-07-01,FXLAM,32.0695,32.7287,32.0524,32.6790,59811
2022-07-04,FXLAM,32.7540,32.7825,32.2840,32.3315,67275
2022-07-05,FXLAM,32.2941,32.4080,31.1933,31.2857,62456
2022-07-06,FXLAM,31.2282,31.2987,31.0812,31.1985,57568
2022-07-07,FXLAM,31.3425,31.3666,30.9757,31.0771,73431
2022-07-08,FXLAM,30.9678,31.6366,30.7420,31.5716,88950
2022-07-11,FXLAM,31.3814,32.1604,31.3181,31.9622,57430
2022-07-12,FXLAM,31.6353,32.0087,31.4326,31.8945,78262
2022-07-13,FXLAM,31.9266,32.0307,31.8197,31.9544,39493
2022-07-14,FXLAM,31.8172,32.9647,31.8002,32.7521,47544
2022-07-15,FXLAM,32.8299,32.9350,32.3899,32.5449,60184
2022-07-18,FXLAM,32.7687,32.8174,32.6070,32.7184,29199
2022-07-19,FXLAM,32.5850,32.8599,31.8322,31.9533,43209
2022-07-20,FXLAM,32.0208,32.3327,31.9130,32.2175,63100
2022-07-21,FXLAM,32.4124,32.9987,32.3018,32.8576,32864
2022-07-22,FXLAM,32.8278,32.8405,32.5948,32.6837,82266
2022-07-25,FXLAM,32.6205,32.7651,32.3936,32.7400,67523
2022-07-26,FXLAM,32.9768,33.3820,32.9605,33.1545,80574
2022-07-27,FXLAM,33.2896,33.8661,33.2569,33.6834,73637
2022-07-28,FXLAM,33.6417,33.7802,33.1773,33.2665,55294
2022-07-29,FXLAM,33.4052,34.1413,33.3351,33.8312,27480
2022-08-01,FXLAM,33.7644,33.9574,33.4097,33.4418,78307
2022-08-02,FXLAM,33.5163,33.6969,33.3611,33.4211,81769
2022-08-03,FXLAM,33.4468,33.9228,33.2675,33.8640,97887
2022-08-04,FXLAM,33.9789,34.0947,33.8934,33.9169,62206
2022-08-05,FXLAM,33.9917,34.2879,32.8794,33.0471,48923
2022-08-08,FXLAM,33.0008,33.1659,32.9084,33.0897,76979
2022-08-09,FXLAM,33.1586,33.3942,32.1766,32.3032,71000
2022-08-10,FXLAM,32.1353,32.2819,31.9825,32.1630,76034
2022-08-11,FXLAM,31.9780,32.4222,31.9123,32.4138,84637
2022-08-12,FXLAM,32.2651,32.4144,32.2111,32.2554,79262
2022-08-15,FXLAM,32.2620,32.2942,31.6988,32.0875,52789
2022-08-16,FXLAM,32.2506,32.4963,31.9293,31.9667,57691
2022-08-17,FXLAM,31.9209,31.9670,31.9046,31.9439,45551
2022-08-18,FXLAM,31.8402,32.2432,31.8104,32.0321,89840
2022-08-19,FXLAM,31.8355,31.9511,31.4515,31.4849,24820
2022-08-22,FXLAM,31.2926,31.2951,31.0811,31.1674,33299
2022-08-23,FXLAM,31.1812,31.3116,31.0337,31.1396,75903
2022-08-24,FXLAM,31.2156,31.2290,30.7041,30.7385,97284
2022-08-25,FXLAM,30.8446,31.0614,30.4151,30.4280,72357
2022-08-26,FXLAM,30.4389,30.7897,30.2677,30.7661,65352
2022-08-29,FXLAM,30.8625,31.3200,30.6358,31.1527,74365
2022-08-30,FXLAM,31.0903,31.1903,31.0418,31.1483,26127
2022-08-31,FXLAM,31.0374,32.0211,31.0032,31.7594,69857
2022-09-01,FXLAM,31.6171,32.2598,31.4286,32.2357,53880
2022-09-02,FXLAM,32.1708,32.6777,32.0064,32.3995,67149
2022-09-05,FXLAM,32.4127,32.4984,32.3242,32.3935,45560
2022-09-06,FXLAM,32.3077,32.8128,32.1879,32.6971,62343
2022-09-07,FXLAM,32.4214,32.5847,32.2035,32.4835,46225
2022-09-08,FXLAM,32.6261,33.5178,32.5682,33.3773,24868
2022-09-09,FXLAM,33.3226,33.4987,33.2910,33.4319,21709
2022-09-12,FXLAM,33.3928,33.6146,32.9162,32.9410,40031
2022-09-13,FXLAM,32.8301,32.9983,32.6663,32.7565,41295
2022-09-14,FXLAM,32.2917,32.7151,32.2064,32.5574,40490
2022-09-15,FXLAM,32.5048,32.5840,31.7169,31.8374,45185
2022-09-16,FXLAM,31.5664,31.7047,31.2801,31.5404,43736
2022-09-19,FXLAM,31.6312,31.8299,30.2625,30.4013,27891
2022-09-20,FXLAM,30.4099,30.4676,29.6393,29.7924,71485
2022-09-21,FXLAM,30.0034,30.1119,29.9429,29.9538,98655
2022-09-22,FXLAM,29.8898,30.2068,29.8809,30.1630,45018
2022-09-23,FXLAM,30.2781,30.3250,30.0612,30.1334,29849
2022-09-26,FXLAM,30.1425,30.1446,29.2904,29.3087,29188
2022-09-27,FXLAM,29.2850,29.3249,29.1763,29.2645,72075
2022-09-28,FXLAM,29.4624,29.5894,29.1463,29.3497,91955
2022-09-29,FXLAM,29.2470,29.3484,29.0667,29.0689,53488
2022-09-30,FXLAM,28.9580,29.5081,28.8725,29.3900,41816
2022-10-03,FXLAM,29.3543,29.3874,29.0211,29.0711,58313
2022-10-04,FXLAM,29.0234,29.1031,28.3922,28.5879,89075
2022-10-05,FXLAM,28.7168,28.7741,28.4360,28.5156,80640
2022-10-06,FXLAM,28.5699,28.8189,28.2898,28.7530,65808
2022-10-07,FXLAM,28.7293,28.8184,28.2430,28.2459,78623
2022-10-10,FXLAM,28.1659,28.2709,27.6460,27.7262,32977
2022-10-11,FXLAM,27.8943,27.9008,27.3992,27.5795,32628
2022-10-12,FXLAM,27.4189,28.1676,27.3469,28.0978,61288
2022-10-13,FXLAM,27.9807,28.3257,27.9729,28.2934,21276
2022-10-14,FXLAM,28.3158,28.3902,27.9740,28.0489,77522
2022-10-17,FXLAM,28.0870,28.9800,27.8739,28.8901,95475
2022-10-18,FXLAM,28.7580,28.8304,28.1818,28.2049,74724
2022-10-19,FXLAM,28.1787,28.9728,28.1542,28.8524,94264
2022-10-20,FXLAM,28.9680,28.9899,28.3801,28.5131,74867
2022-10-21,FXLAM,28.2937,29.1557,28.0893,29.1099,36643
2022-10-24,FXLAM,29.0044,29.1326,28.9116,29.0843,98728
2022-10-25,FXLAM,29.2146,29.2365,29.0176,29.0921,97069
2022-10-26,FXLAM,29.0587,29.1980,29.0342,29.0899,68414
2022-10-27,FXLAM,29.0953,29.3780,29.0816,29.3105,53462
2022-10-28,FXLAM,29.2969,29.3403,29.1914,29.3356,84377
2022-10-31,FXLAM,29.3636,29.6404,28.6363,28.6676,56318
2022-11-01,FXLAM,28.5982,29.2752,28.4516,29.1763,61446
2022-11-02,FXLAM,29.1834,29.2126,29.0413,29.2046,73136
2022-11-03,FXLAM,29.1695,29.3008,29.1002,29.1200,87134
2022-11-04,FXLAM,29.1367,29.9420,29.0101,29.8045,75927
2022-11-07,FXLAM,29.7883,30.1329,29.7724,30.1164,43782
2022-11-08,FXLAM,30.1095,30.2014,30.0550,30.0654,62164
2022-11-09,FXLAM,29.8836,30.9764,29.8052,30.8478,69902
2022-11-10,FXLAM,30.6557,30.9532,30.5365,30.8259,85624
2022-11-11,FXLAM,31.0762,31.1476,30.6580,30.6605,71743
2022-11-14,FXLAM,30.7189,30.8676,30.6511,30.8291,94073
2022-11-15,FXLAM,30.7865,31.3267,30.7859,31.1320,75688
2022-11-16,FXLAM,31.0778,31.3082,31.0471,31.2883,87802
2022-11-17,FXLAM,30.8444,30.9123,30.1728,30.4808,84311
2022-11-18,FXLAM,30.3716,30.9682,30.2088,30.8021,70849
2022-11-21,FXLAM,30.8954,31.5908,30.8112,31.5666,21993
2022-11-22,FXLAM,31.5969,31.6377,31.0218,31.1012,82378
2022-11-23,FXLAM,30.9840,31.7864,30.9688,31.7166,87738
2022-11-24,FXLAM,31.8294,32.0369,31.7198,31.9821,80184
2022-11-25,FXLAM,31.9923,32.0939,31.2801,31.3824,88641
2022-11-28,FXLAM,31.4000,32.4497,31.2626,32.2458,35241
2022-11-29,FXLAM,32.2020,32.2185,31.5918,31.6274,48423
2022-11-30,FXLAM,31.6397,31.6657,31.4723,31.5641,33235
2022-12-01,FXLAM,31.5493,31.5775,30.8620,30.9576,97081
2022-12-02,FXLAM,30.8449,30.9515,30.7890,30.9041,68838
2022-12-05,FXLAM,30.8617,30.9067,30.3324,30.5262,91362
2022-12-06,FXLAM,30.5521,30.6935,29.9391,30.0897,58635
2022-12-07,FXLAM,30.3132,30.3352,29.3838,29.5799,74509
2022-12-08,FXLAM,29.4784,29.5546,29.2664,29.3001,51730
2022-12-09,FXLAM,29.1751,29.4046,28.9744,29.0798,39300
2022-12-12,FXLAM,28.9632,29.2281,28.9201,29.1362,97341
2022-12-13,FXLAM,29.0776,29.3599,28.8119,29.2213,61062
2022-12-14,FXLAM,29.2315,29.2868,28.7896,29.1232,85783
2022-12-15,FXLAM,29.1090,29.1888,28.9894,29.1057,27898
2022-12-16,FXLAM,29.0777,29.5720,28.9754,29.3298,97153
2022-12-19,FXLAM,29.4250,29.4813,28.3890,28.4850,51763
2022-12-20,FXLAM,28.6030,29.2169,28.5842,29.1500,47381
2022-12-21,FXLAM,29.2266,29.5831,29.1950,29.5584,82802
2022-12-22,FXLAM,29.5639,29.8550,28.7337,29.0724,86950
2022-12-23,FXLAM,29.0546,29.3733,28.9533,29.2248,83360
2022-12-26,FXLAM,29.0654,29.3805,28.9765,29.1284,38258
2022-12-27,FXLAM,29.0434,29.5501,29.0103,29.3813,26642
2022-12-28,FXLAM,29.5202,29.6666,29.1272,29.1690,95696
2022-12-29,FXLAM,29.2701,29.4044,29.0601,29.2066,29329
2022-12-30,FXLAM,29.3868,29.4747,28.6473,28.8489,36398
2023-01-02,FXLAM,29.0878,29.0905,28.9311,28.9437,39464
2023-01-03,FXLAM,29.0154,29.3471,28.7793,29.1423,66258
2023-01-04,FXLAM,29.3456,29.8526,29.0997,29.7162,86104
2023-01-05,FXLAM,29.4829,29.7137,28.9996,29.0040,47622
2023-01-06,FXLAM,28.9517,28.9839,28.4188,28.6563,84296
2023-01-09,FXLAM,28.6258,28.7656,28.5958,28.6982,62556
2023-01-10,FXLAM,28.7648,28.8456,28.4585,28.5001,53229
2023-01-11,FXLAM,28.5500,28.7180,28.1446,28.2581,77712
2023-01-12,FXLAM,28.2702,28.4549,28.2373,28.3750,44585
2023-01-13,FXLAM,28.5243,29.1795,28.4355,29.0674,36953
2023-01-16,FXLAM,28.9778,29.0238,28.8647,28.8918,80448
2023-01-17,FXLAM,28.9342,29.4690,28.8782,29.4124,80018
2023-01-18,FXLAM,29.5760,29.6222,29.0701,29.1694,61935
2023-01-19,FXLAM,28.8990,28.9359,28.7044,28.7948,29789
2023-01-20,FXLAM,28.7466,28.9581,28.4663,28.7057,90765
2023-01-23,FXLAM,28.6159,29.2332,28.3439,28.9950,99458
2023-01-24,FXLAM,29.1219,29.2930,28.5358,28.6096,83036
2023-01-25,FXLAM,28.8097,28.9689,27.9742,28.0711,29878
2023-01-26,FXLAM,27.9807,28.1765,27.8116,27.8153,61607
2023-01-27,FXLAM,27.9182,28.4107,27.9024,28.3916,67938
2023-01-30,FXLAM,28.4159,28.5505,28.2979,28.5353,81398
2023-01-31,FXLAM,28.6143,28.8529,28.5467,28.7098,82287
2023-02-01,FXLAM,28.6877,28.7933,28.3288,28.4134,32721
2023-02-02,FXLAM,28.4717,28.5236,28.0245,28.0630,80282
2023-02-03,FXLAM,27.8076,28.7185,27.6605,28.6102,90583
2023-02-06,FXLAM,28.6337,28.9636,28.5491,28.9048,48564
2023-02-07,FXLAM,28.7287,28.8280,28.5835,28.6602,38750
2023-02-08,FXLAM,28.6796,28.7198,28.0194,28.0945,59984
2023-02-09,FXLAM,28.0712,28.1449,27.7633,27.9390,44299
2023-02-10,FXLAM,28.0936,28.1376,27.6128,27.6962,85075
2023-02-13,FXLAM,27.5931,27.9318,27.5234,27.8083,90437
2023-02-14,FXLAM,27.8984,27.9424,26.9185,26.9577,59444
2023-02-15,FXLAM,27.1127,27.1197,26.9474,27.1131,42166
2023-02-16,FXLAM,27.0595,27.0596,26.7945,26.9375,50826
2023-02-17,FXLAM,27.0653,27.1393,26.2795,26.4180,83090
2023-02-20,FXLAM,26.4399,27.0125,26.3664,26.9567,90044
2023-02-21,FXLAM,27.0030,27.0054,26.7323,26.8176,42111
2023-02-22,FXLAM,26.8111,27.7716,26.7450,27.6842,32288
2023-02-23,FXLAM,27.7104,28.4575,27.5224,28.2091,84556
2023-02-24,FXLAM,28.1305,28.2537,27.0939,27.2024,47476
2023-02-27,FXLAM,27.1761,27.9674,27.0324,27.9257,95008
2023-02-28,FXLAM,27.9249,27.9833,27.6778,27.7421,28165
2023-03-01,FXLAM,27.7014,27.7908,27.4653,27.6130,97598
2023-03-02,FXLAM,27.5693,28.1544,27.4151,28.1179,32695
2023-03-03,FXLAM,28.0062,28.1717,27.8095,27.8352,80787
2023-03-06,FXLAM,27.7892,27.8306,27.3371,27.5114,81476
2023-03-07,FXLAM,27.4873,27.9482,27.4352,27.8804,84502
2023-03-08,FXLAM,28.0172,29.0557,27.8315,28.8224,49190
2023-03-09,FXLAM,28.8305,29.3837,28.6848,29.3158,41803
2023-03-10,FXLAM,29.2647,29.2699,29.0871,29.1698,54132
2023-03-13,FXLAM,29.4084,30.1177,29.3934,30.0264,79716
2023-03-14,FXLAM,29.8717,30.7377,29.8567,30.6337,62533
2023-03-15,FXLAM,30.6496,31.3773,30.6228,31.2405,87188
2023-03-16,FXLAM,31.0656,31.8976,30.7965,31.7352,39830
2023-03-17,FXLAM,31.6777,31.9305,31.2682,31.4121,85457
2023-03-20,FXLAM,31.3875,31.6512,31.3868,31.5225,33034
2023-03-21,FXLAM,31.4619,31.4701,31.3766,31.4054,82640
2023-03-22,FXLAM,31.2645,31.2724,30.3956,30.4804,69064
2023-03-23,FXLAM,30.5080,30.6083,30.2896,30.3587,27084
2023-03-24,FXLAM,30.3138,30.3317,30.1521,30.2033,66345
2023-03-27,FXLAM,30.3200,30.7824,30.2692,30.6486,62105
2023-03-28,FXLAM,30.4407,30.5506,30.2492,30.2839,71818
2023-03-29,FXLAM,30.4237,30.5256,29.9106,29.9263,69759
2023-03-30,FXLAM,29.8377,29.9026,29.5861,29.6100,58020
2023-03-31,FXLAM,29.6451,30.0832,29.6123,29.9640,27769
2023-04-03,FXLAM,29.9308,30.1533,29.9295,30.0030,53050
2023-04-04,FXLAM,30.0218,30.5100,29.8618,30.4563,42995
2023-04-05,FXLAM,30.4015,30.4270,29.8774,29.9249,85829
2023-04-06,FXLAM,29.8379,29.8657,28.9698,29.1393,88025
2023-04-07,FXLAM,28.9739,29.6510,28.6772,29.5118,98002
2023-04-10,FXLAM,29.4725,29.6193,29.3375,29.4975,75440
2023-04-11,FXLAM,29.4986,30.2441,29.2688,30.2060,33306
2023-04-12,FXLAM,30.2686,30.6869,30.2403,30.4505,48512
2023-04-13,FXLAM,30.7763,30.9136,30.1884,30.4336,41586
2023-04-14,FXLAM,30.3975,30.9167,30.3812,30.7850,34624
2023-04-17,FXLAM,30.8276,31.0986,30.3400,30.3432,59240
2023-04-18,FXLAM,30.3162,30.3589,30.2008,30.3219,69538
2023-04-19,FXLAM,30.2742,30.3002,30.1364,30.2128,46086
2023-04-20,FXLAM,30.1067,31.1393,30.0081,30.9841,51942
2023-04-21,FXLAM,30.9753,31.1987,30.5346,30.7109,69828
2023-04-24,FXLAM,30.7223,31.2980,30.6974,31.2836,48575
2023-04-25,FXLAM,31.2206,31.8024,31.1455,31.6985,69600
2023-04-26,FXLAM,31.6471,31.6885,31.1944,31.1982,20222
2023-04-27,FXLAM,31.2807,31.3954,30.9471,31.0576,95748
2023-04-28,FXLAM,30.8797,32.4140,30.8776,32.2873,37850
2023-05-01,FXLAM,32.4418,32.5879,32.1893,32.4847,73414
2023-05-02,FXLAM,32.4333,32.6289,32.1199,32.1819,77389
2023-05-03,FXLAM,32.1120,32.4399,31.9029,32.1268,52887
2023-05-04,FXLAM,32.1804,32.2158,31.2997,31.4585,40650
2023-05-05,FXLAM,31.3456,32.4568,31.2565,32.3717,86704
2023-05-08,FXLAM,32.6512,32.8059,31.7736,31.9458,49827
2023-05-09,FXLAM,31.8316,31.8378,30.9443,30.9476,35147
2023-05-10,FXLAM,31.1424,31.2011,30.8533,30.9209,37029
2023-05-11,FXLAM,30.9526,31.4350,30.9145,31.4121,42674
2023-05-12,FXLAM,31.4238,31.7114,31.2817,31.5619,99924
2023-05-15,FXLAM,31.6831,31.8216,31.2946,31.4772,43378
2023-05-16,FXLAM,31.5292,31.8145,31.5193,31.6819,86642
2023-05-17,FXLAM,31.8529,32.4569,31.6887,32.1094,65776
2023-05-18,FXLAM,32.1997,32.9473,32.1271,32.9414,49412
2023-05-19,FXLAM,33.0249,33.1724,32.5351,32.5921,35687
2023-05-22,FXLAM,32.6261,32.6975,32.3153,32.3154,76712
2023-05-23,FXLAM,32.1311,32.1657,31.5954,31.7009,34285
2023-05-24,FXLAM,31.6094,31.9477,31.4815,31.5892,50839
2023-05-25,FXLAM,31.5199,32.4281,31.2844,32.3665,58240
2023-05-26,FXLAM,32.3744,32.7316,32.3582,32.5213,44067
2023-05-29,FXLAM,32.3710,32.3936,31.3359,31.6877,84629
2023-05-30,FXLAM,31.7120,31.7460,31.3057,31.3734,92663
2023-05-31,FXLAM,31.4519,31.5738,31.2266,31.2736,28270
2023-06-01,FXLAM,31.1959,31.4071,31.0473,31.1487,82438
2023-06-02,FXLAM,31.1440,31.7284,31.1070,31.4916,46292
2023-06-05,FXLAM,31.4461,31.4917,31.3488,31.4851,60671
2023-06-06,FXLAM,31.5145,31.5268,30.1291,30.2730,70060
2023-06-07,FXLAM,30.4369,30.5658,29.8446,29.8710,68472
2023-06-08,FXLAM,29.8798,30.3931,29.8108,30.2425,75556
2023-06-09,FXLAM,30.2653,30.2919,29.9837,29.9918,23917
2023-06-12,FXLAM,30.0077,30.1487,29.2875,29.4140,70674
2023-06-13,FXLAM,29.4432,29.5241,29.2861,29.3630,34972
2023-06-14,FXLAM,29.2658,29.4001,28.9124,29.0371,68417
2023-06-15,FXLAM,29.1704,29.3069,28.8435,28.8503,99549
2023-06-16,FXLAM,28.9222,29.0268,28.4086,28.5276,71626
2023-06-19,FXLAM,28.5636,28.5722,28.1626,28.2697,28194
2023-06-20,FXLAM,28.0695,28.6360,27.9889,28.5958,85407
2023-06-21,FXLAM,28.6579,28.9655,28.5033,28.9228,95510
2023-06-22,FXLAM,29.0469,29.2231,28.9322,29.1923,42871
2023-06-23,FXLAM,29.2732,29.3459,28.3106,28.4952,59866
2023-06-26,FXLAM,28.5170,28.6491,28.3859,28.5526,42038
2023-06-27,FXLAM,28.4037,28.5657,27.8211,28.0393,73454
2023-06-28,FXLAM,27.9847,28.7428,27.7654,28.7317,35019
2023-06-29,FXLAM,28.5553,29.4879,28.5055,29.4784,70525
2023-06-30,FXLAM,29.3650,29.4382,29.3324,29.3357,52656
2023-07-03,FXLAM,29.1623,29.9840,29.1180,29.9721,49715
2023-07-04,FXLAM,30.0819,30.6813,30.0677,30.6245,64127
2023-07-05,FXLAM,30.7640,30.9707,30.3616,30.4513,74109
2023-07-06,FXLAM,30.4827,30.5628,29.5881,29.7520,82230
2023-07-07,FXLAM,29.7247,30.1257,29.7187,29.9352,35357
2023-07-10,FXLAM,29.8022,30.1356,29.7879,30.0441,45181
2023-07-11,FXLAM,29.7833,30.0958,29.7301,30.0810,78581
2023-07-12,FXLAM,30.1717,30.7877,30.1633,30.6196,93561
2023-07-13,FXLAM,30.5559,30.7632,30.3403,30.6508,51349
2023-07-14,FXLAM,30.6794,30.7772,30.5227,30.6438,48714
2023-07-17,FXLAM,30.5132,30.5409,29.9845,29.9873,54110
2023-07-18,FXLAM,29.9331,30.0300,29.6039,29.6448,30210
2023-07-19,FXLAM,29.6273,30.2637,29.2391,30.0294,31553
2023-07-20,FXLAM,30.0740,30.6535,29.9458,30.5489,22166
2023-07-21,FXLAM,30.5344,30.5784,29.8967,30.1513,23117
2023-07-24,FXLAM,29.9913,30.5930,29.9368,30.5760,69311
2023-07-25,FXLAM,30.6207,31.4246,30.5533,31.3103,79744
2023-07-26,FXLAM,31.5340,31.5774,30.6526,30.8393,61299
2023-07-27,FXLAM,31.0389,31.4532,30.8102,30.9934,44649
2023-07-28,FXLAM,30.7959,30.9365,30.5449,30.6071,82817
2023-07-31,FXLAM,30.4562,31.4522,30.3353,31.3437,49387
2023-08-01,FXLAM,31.2130,32.4795,31.1629,32.3659,95815
2023-08-02,FXLAM,32.4298,32.5168,32.2556,32.2906,67861
2023-08-03,FXLAM,32.1208,33.0405,32.0990,32.9883,77017
2023-08-04,FXLAM,33.1718,33.2599,33.1700,33.1767,24391
2023-08-07,FXLAM,33.0200,33.0867,31.9861,32.1071,62017
2023-08-08,FXLAM,32.0631,32.1195,31.9067,32.0368,32641
2023-08-09,FXLAM,31.9635,32.0046,31.8575,31.9481,71151
2023-08-10,FXLAM,31.9799,32.3965,31.6545,32.1520,95078
2023-08-11,FXLAM,32.1789,32.3630,32.1308,32.2370,65330
2023-08-14,FXLAM,32.4177,32.5780,32.0308,32.1338,42187
2023-08-15,FXLAM,32.2299,32.3318,31.9987,32.1096,62359
2023-08-16,FXLAM,31.9673,31.9847,31.7241,31.9703,83026
2023-08-17,FXLAM,32.1102,32.2865,31.5774,31.6835,70979
2023-08-18,FXLAM,31.6375,32.9536,31.5481,32.7996,93678
2023-08-21,FXLAM,32.6661,32.7766,32.0647,32.1047,87509
2023-08-22,FXLAM,32.1365,32.1535,31.3464,31.4242,75335
2023-08-23,FXLAM,31.5079,31.5448,31.2563,31.5256,81266
2023-08-24,FXLAM,31.5802,31.7344,31.3740,31.4530,42330
2023-08-25,FXLAM,31.5532,32.1286,31.5285,32.0512,93529
2023-08-28,FXLAM,31.9303,32.4277,31.8771,32.3489,89793
2023-08-29,FXLAM,32.4480,33.0386,32.4302,32.8941,29364
2023-08-30,FXLAM,32.9614,33.2090,32.9268,33.1115,81559
2023-08-31,FXLAM,33.0023,33.3828,32.6232,32.8291,83010
2023-09-01,FXLAM,32.8184,32.8598,32.3860,32.5126,75353
2023-09-04,FXLAM,32.4925,32.8280,32.4480,32.7262,87366
2023-09-05,FXLAM,32.6492,32.7651,32.5031,32.6072,60359
2023-09-06,FXLAM,32.5519,33.0160,32.5270,32.9811,82334
2023-09-07,FXLAM,33.0111,33.2678,32.8696,33.0663,62166
2023-09-08,FXLAM,32.9681,34.0872,32.9392,33.9413,20043
2023-09-11,FXLAM,33.9900,34.1420,33.4721,33.5568,37463
2023-09-12,FXLAM,33.4464,34.1265,33.2280,33.7920,26759
2023-09-13,FXLAM,33.7013,34.1055,33.5175,33.9674,39223
2023-09-14,FXLAM,34.0657,34.0813,33.4023,33.7041,73628
2023-09-15,FXLAM,33.7951,34.1153,33.6944,34.0749,90179
2023-09-18,FXLAM,34.0505,34.1814,33.8051,34.0424,66037
2023-09-19,FXLAM,33.8608,34.3214,33.8327,34.0998,35389
2023-09-20,FXLAM,34.0719,34.3447,33.9665,33.9796,55665
2023-09-21,FXLAM,33.9953,34.0084,33.2234,33.5306,99204
2023-09-22,FXLAM,33.3281,33.7662,33.2718,33.7195,79162
2023-09-25,FXLAM,33.4189,33.5517,33.2578,33.4968,80301
2023-09-26,FXLAM,33.6672,33.8014,33.0870,33.1234,58720
2023-09-27,FXLAM,32.9125,33.6828,32.8279,33.3710,88212
2023-09-28,FXLAM,33.1662,33.2026,33.0278,33.0353,58466
2023-09-29,FXLAM,33.1006,34.2093,33.0653,33.9007,29208
2023-10-02,FXLAM,34.1120,34.1161,33.7475,33.8772,25741
2023-10-03,FXLAM,33.8304,33.8458,33.5863,33.8410,88848
2023-10-04,FXLAM,33.7629,33.8831,33.7249,33.7257,99502
2023-10-05,FXLAM,33.7961,33.8153,33.6669,33.7018,41013
2023-10-06,FXLAM,33.7145,34.0053,33.3334,33.3603,67219
2023-10-09,FXLAM,33.3732,33.4177,32.9761,33.1151,58186
2023-10-10,FXLAM,33.0906,33.1871,32.9160,32.9493,92945
2023-10-11,FXLAM,32.8738,33.3062,32.7936,33.2452,89312
2023-10-12,FXLAM,33.2201,33.2787,33.1740,33.2066,59578
2023-10-13,FXLAM,33.3458,33.3811,33.0923,33.1048,54071
2023-10-16,FXLAM,33.1706,33.2077,32.4848,32.5609,22799
2023-10-17,FXLAM,32.7510,32.9028,32.3314,32.5233,24921
2023-10-18,FXLAM,32.4553,32.5507,32.4532,32.4699,34021
2023-10-19,FXLAM,32.4592,32.6289,32.0618,32.3317,70804
2023-10-20,FXLAM,32.4035,32.7916,32.1584,32.5734,98127
2023-10-23,FXLAM,32.6149,32.7173,32.5219,32.5538,86906
2023-10-24,FXLAM,32.4881,32.9345,32.3751,32.8233,34685
2023-10-25,FXLAM,32.7000,32.7514,31.9917,32.0266,77179
2023-10-26,FXLAM,32.0927,32.3784,32.0231,32.2125,52033
2023-10-27,FXLAM,32.4905,32.5668,31.3713,31.6728,96306
2023-10-30,FXLAM,31.9071,32.0105,31.2670,31.3499,56131
2023-10-31,FXLAM,31.4939,31.7339,31.0373,31.0745,97489
2023-11-01,FXLAM,31.1568,31.3171,30.9072,30.9468,85102
2023-11-02,FXLAM,30.9031,30.9608,30.5184,30.5772,72307
2023-11-03,FXLAM,30.7173,30.7245,30.1542,30.3445,40120
2023-11-06,FXLAM,30.1817,30.7312,30.0349,30.5533,22700
2023-11-07,FXLAM,30.5617,30.7239,29.6840,30.0695,94630
2023-11-08,FXLAM,29.9898,30.1356,29.9489,30.0673,75572
2023-11-09,FXLAM,29.9334,30.0738,29.8255,29.8466,24895
2023-11-10,FXLAM,29.9246,30.1572,29.7545,29.7662,77036
2023-11-13,FXLAM,29.6504,30.4014,29.6397,30.3873,87469
2023-11-14,FXLAM,30.3745,30.4434,29.7461,29.8830,40155
2023-11-15,FXLAM,29.6987,30.0781,29.6538,30.0195,91634
2023-11-16,FXLAM,30.0822,30.3772,29.7454,30.1799,58524
2023-11-17,FXLAM,30.1960,30.8920,30.1624,30.6530,77896
2023-11-20,FXLAM,30.7957,31.3017,30.7593,31.1415,28634
2023-11-21,FXLAM,31.0778,31.1383,30.9355,31.0083,51765
2023-11-22,FXLAM,30.8741,30.9500,30.6172,30.6393,93763
2023-11-23,FXLAM,30.4842,30.6450,30.3138,30.3448,52328
2023-11-24,FXLAM,30.3665,30.4454,29.4896,29.6695,93307
2023-11-27,FXLAM,29.8541,29.9298,29.4458,29.4826,72914
2023-11-28,FXLAM,29.4198,29.6153,29.4121,29.5999,28402
2023-11-29,FXLAM,29.6656,29.6706,29.2802,29.3907,69203
2023-11-30,FXLAM,29.3914,29.4741,29.3879,29.4038,35075
2023-12-01,FXLAM,29.6094,29.6684,28.7709,28.8901,53146
2023-12-04,FXLAM,28.9896,29.0482,28.9297,28.9435,45411
2023-12-05,FXLAM,28.9838,29.0189,28.5433,28.5987,81802
2023-12-06,FXLAM,28.6089,28.6861,28.5749,28.6785,75332
2023-12-07,FXLAM,28.6099,28.8441,28.1277,28.1677,53397
2023-12-08,FXLAM,28.3028,28.4003,27.9236,27.9404,28561
2023-12-11,FXLAM,27.9084,28.0198,27.6899,27.7879,46675
2023-12-12,FXLAM,27.9196,28.0481,27.8263,28.0059,23533
2023-12-13,FXLAM,27.7650,28.2564,27.6299,28.1322,76058
2023-12-14,FXLAM,28.0607,28.8573,27.9874,28.7605,39421
2023-12-15,FXLAM,28.8645,28.9809,28.7665,28.9621,49790
2023-12-18,FXLAM,29.0639,29.3090,28.8986,28.9339,92417
2023-12-19,FXLAM,28.7202,28.8642,28.2263,28.2525,42475
2023-12-20,FXLAM,28.3765,28.6371,28.2731,28.5837,64307
2023-12-21,FXLAM,28.4895,28.5528,27.8998,27.9100,83202
2023-12-22,FXLAM,27.7336,27.8835,27.6994,27.8696,88496
2023-12-25,FXLAM,27.8895,27.9698,26.8106,26.8625,70877
2023-12-26,FXLAM,26.8932,27.1337,26.0165,26.1252,43436
2023-12-27,FXLAM,26.1324,26.2705,25.6554,25.7507,68141
2023-12-28,FXLAM,25.4788,25.8389,25.2639,25.8357,41460
2023-12-29,FXLAM,25.9141,25.9641,25.1080,25.3477,37320
2024-01-01,FXLAM,25.3898,25.4455,24.9063,24.9908,67874
2024-01-02,FXLAM,24.9738,25.2705,24.9398,25.1574,25332
2024-01-03,FXLAM,25.1159,25.1604,24.8239,24.8445,38659
2024-01-04,FXLAM,24.8574,25.2895,24.7670,25.1501,39014
2024-01-05,FXLAM,25.3519,25.3659,24.7882,24.8294,91415
2024-01-08,FXLAM,24.8219,25.1484,24.6605,25.1331,30182
2024-01-09,FXLAM,25.1707,25.2833,24.1756,24.2019,97780
2024-01-10,FXLAM,24.1531,24.6224,24.0064,24.5456,56163
2024-01-11,FXLAM,24.4599,24.7395,24.3136,24.7024,34879
2024-01-12,FXLAM,24.7065,24.7174,24.3553,24.4201,68420
2024-01-15,FXLAM,24.4326,24.7010,24.3104,24.6822,99852
2024-01-16,FXLAM,24.5996,24.7390,24.5878,24.6978,48400
2024-01-17,FXLAM,24.6520,24.6608,24.0195,24.0297,77797
2024-01-18,FXLAM,24.0277,24.4806,23.9625,24.3837,76982
2024-01-19,FXLAM,24.5472,24.5979,24.1104,24.2807,70629
2024-01-22,FXLAM,24.4582,24.4697,24.0974,24.2288,61646
2024-01-23,FXLAM,24.1638,24.2125,23.9843,24.0178,80637
2024-01-24,FXLAM,24.0463,24.1404,23.9185,23.9541,60707
2024-01-25,FXLAM,23.8023,23.9133,23.5168,23.6361,37290
2024-01-26,FXLAM,23.4065,23.4810,23.0543,23.0798,24380
2024-01-29,FXLAM,23.0677,23.5609,23.0146,23.4396,36871
2024-01-30,FXLAM,23.5591,23.5930,23.1547,23.2137,36229
2024-01-31,FXLAM,23.2575,23.3257,23.0306,23.1343,91975
2024-02-01,FXLAM,23.1635,23.1687,23.0356,23.0794,37091
2024-02-02,FXLAM,22.9935,23.3295,22.9865,23.1737,95205
2024-02-05,FXLAM,23.0850,23.3709,23.0720,23.2281,67960
2024-02-06,FXLAM,23.2861,23.3267,23.1793,23.1946,34650
2024-02-07,FXLAM,23.3424,23.6177,23.2362,23.4685,53719
2024-02-08,FXLAM,23.4390,23.6918,23.0411,23.1211,41756
2024-02-09,FXLAM,23.2320,23.3495,23.1731,23.2636,43175
2024-02-12,FXLAM,23.2909,23.3177,23.0267,23.0403,98456
2024-02-13,FXLAM,23.0182,23.4470,22.9617,23.3710,93692
2024-02-14,FXLAM,23.5921,23.8293,23.4988,23.7740,78710
2024-02-15,FXLAM,23.8359,23.9007,23.1776,23.2288,61334
2024-02-16,FXLAM,23.3519,23.4712,22.9385,23.0753,96761
2024-02-19,FXLAM,23.2089,23.6547,23.0995,23.5006,58124
2024-02-20,FXLAM,23.4139,23.9667,23.4038,23.7641,43965
2024-02-21,FXLAM,23.8191,24.2241,23.7784,24.1344,76703
2024-02-22,FXLAM,24.0556,24.0855,23.8293,23.8700,34986
2024-02-23,FXLAM,23.9774,24.0770,23.5162,23.6867,64205
2024-02-26,FXLAM,23.7687,23.7735,23.2685,23.3993,94160
2024-02-27,FXLAM,23.4376,23.5274,22.7916,22.8853,66840
2024-02-28,FXLAM,22.9167,22.9766,22.5527,22.7445,37106
2024-02-29,FXLAM,22.8463,22.9240,22.2088,22.2631,21754
2024-03-01,FXLAM,22.4338,23.0188,22.4217,22.8673,95285
2024-03-04,FXLAM,22.9727,22.9782,22.5900,22.6619,44491
2024-03-05,FXLAM,22.7014,23.0495,22.6713,22.9797,56440
2024-03-06,FXLAM,23.0390,23.0495,22.5103,22.5555,67709
2024-03-07,FXLAM,22.6056,22.6530,22.3966,22.5335,87822
2024-03-08,FXLAM,22.5350,22.8953,22.5215,22.8797,36371
2024-03-11,FXLAM,22.9059,22.9679,22.4002,22.4605,70583
2024-03-12,FXLAM,22.5215,22.6890,22.4962,22.6679,69593
2024-03-13,FXLAM,22.6237,22.8168,22.1322,22.1926,96900
2024-03-14,FXLAM,22.2868,22.4323,22.0265,22.0268,79400
2024-03-15,FXLAM,21.9845,22.2513,21.9298,22.2090,56991
2024-03-18,FXLAM,22.2799,22.3830,21.8650,21.9438,66424
2024-03-19,FXLAM,21.8222,21.8777,21.7985,21.8131,77142
2024-03-20,FXLAM,21.7785,22.0182,21.7509,21.9139,25689
2024-03-21,FXLAM,21.9270,21.9591,21.5703,21.5888,65859
2024-03-22,FXLAM,21.4695,21.7506,21.4053,21.6183,39896
2024-03-25,FXLAM,21.7127,22.0114,21.6773,21.8946,22147
2024-03-26,FXLAM,21.8954,22.3733,21.8090,22.3418,66341
2024-03-27,FXLAM,22.2557,22.3747,22.0313,22.2576,68764
2024-03-28,FXLAM,22.1977,22.7560,22.0742,22.5195,25835
2024-03-29,FXLAM,22.5621,22.8648,22.5211,22.6715,95966
2024-04-01,FXLAM,22.6538,22.6962,22.0289,22.2040,26179
2024-04-02,FXLAM,22.2873,22.5042,22.0143,22.3414,72801
2024-04-03,FXLAM,22.3404,22.4551,22.2812,22.4161,74234
2024-04-04,FXLAM,22.3423,22.6800,22.3008,22.6151,52584
2024-04-05,FXLAM,22.7486,22.8438,22.5705,22.5741,71116
2024-04-08,FXLAM,22.4442,22.9370,22.3904,22.9125,97612
2024-04-09,FXLAM,22.9081,23.7219,22.7930,23.7144,40328
2024-04-10,FXLAM,23.8856,23.9144,23.6154,23.7067,61559
2024-04-11,FXLAM,23.8099,23.8702,23.7615,23.7630,53992
2024-04-12,FXLAM,23.8045,23.8155,23.5094,23.5286,22418
2024-04-15,FXLAM,23.4754,23.6139,23.4222,23.6048,42886
2024-04-16,FXLAM,23.6419,23.7954,23.5334,23.7246,75788
2024-04-17,FXLAM,23.6189,23.6344,23.4178,23.4788,22470
2024-04-18,FXLAM,23.4029,23.8229,23.4005,23.7845,43965
2024-04-19,FXLAM,23.8513,24.7279,23.7966,24.6073,27093
2024-04-22,FXLAM,24.5563,24.6001,24.4013,24.5277,47073
2024-04-23,FXLAM,24.5961,24.6189,24.5101,24.5389,78453
2024-04-24,FXLAM,24.4513,24.5394,24.1884,24.2147,90385
2024-04-25,FXLAM,24.2428,24.2916,23.7490,23.8396,59088
2024-04-26,FXLAM,23.9001,23.9363,23.6874,23.7212,40790
2024-04-29,FXLAM,23.6531,23.7482,23.5036,23.5949,31886
2024-04-30,FXLAM,23.5528,23.6610,23.4744,23.6057,70079
2024-05-01,FXLAM,23.7054,23.8263,23.0906,23.1291,36814
2024-05-02,FXLAM,23.1358,24.2179,23.0653,24.1190,82346
2024-05-03,FXLAM,24.1155,24.3084,23.7905,23.7977,41033
2024-05-06,FXLAM,23.6230,23.9269,23.5852,23.8605,49002
2024-05-07,FXLAM,23.7648,23.8616,23.6659,23.8179,69662
2024-05-08,FXLAM,23.8247,23.9631,23.5308,23.5648,21517
2024-05-09,FXLAM,23.5729,23.9576,23.4942,23.9057,36411
2024-05-10,FXLAM,24.1412,24.1757,23.9637,23.9848,42753
2024-05-13,FXLAM,23.9243,24.4697,23.8733,24.3693,58527
2024-05-14,FXLAM,24.4570,24.4768,24.2448,24.3598,45092
2024-05-15,FXLAM,24.4368,24.4638,23.9164,23.9380,74647
2024-05-16,FXLAM,23.8599,23.9266,23.7924,23.7956,72358
2024-05-17,FXLAM,23.8902,24.6781,23.8745,24.6242,33725
2024-05-20,FXLAM,24.5676,24.7169,24.5585,24.6821,89422
2024-05-21,FXLAM,24.7291,24.7724,24.7126,24.7616,63640
2024-05-22,FXLAM,24.7296,24.7453,24.2844,24.2968,58847
2024-05-23,FXLAM,24.2960,24.4286,24.2172,24.4007,90587
2024-05-24,FXLAM,24.4116,24.4781,24.2008,24.2270,90568
2024-05-27,FXLAM,24.3164,24.6867,24.2795,24.5805,64962
2024-05-28,FXLAM,24.5697,24.8716,24.5668,24.8626,20871
2024-05-29,FXLAM,24.9362,25.2579,24.8629,25.1385,90483
2024-05-30,FXLAM,25.2002,25.6692,25.1210,25.6307,99841
2024-05-31,FXLAM,25.5745,25.7352,25.2250,25.3047,30257
2024-06-03,FXLAM,25.2353,25.4576,25.0222,25.1222,48621
2024-06-04,FXLAM,25.1492,25.2664,24.7697,24.7969,75345
2024-06-05,FXLAM,24.7541,24.9765,24.2260,24.3112,39736
2024-06-06,FXLAM,24.2171,24.3524,24.1715,24.2782,74111
2024-06-07,FXLAM,24.2269,24.2555,24.0743,24.1612,60093
2024-06-10,FXLAM,24.2920,24.3533,24.1805,24.2760,51881
2024-06-11,FXLAM,24.3091,24.5537,24.3064,24.4546,27174
2024-06-12,FXLAM,24.4681,24.5728,23.8066,23.8109,73632
2024-06-13,FXLAM,23.7775,23.9353,23.7397,23.8800,56362
2024-06-14,FXLAM,24.0473,24.3784,23.9865,24.2551,78951
2024-06-17,FXLAM,24.3649,24.4508,23.7560,23.7751,43425
2024-06-18,FXLAM,23.7653,23.8797,23.7369,23.8642,76087
2024-06-19,FXLAM,23.8933,23.9413,23.6879,23.6930,67615
2024-06-20,FXLAM,23.6564,23.8718,23.4417,23.7351,28573
2024-06-21,FXLAM,23.8545,24.1099,23.7150,24.1021,61424
2024-06-24,FXLAM,24.1449,24.9042,24.1372,24.8827,21237
2024-06-25,FXLAM,24.9643,24.9921,24.4720,24.6687,47357
2024-06-26,FXLAM,24.4514,24.7405,24.3917,24.6782,47464
2024-06-27,FXLAM,24.8830,24.9489,24.3695,24.3805,20985
2024-06-28,FXLAM,24.2490,24.8809,24.0737,24.8724,82113
2024-07-01,FXLAM,24.9117,24.9243,24.5186,24.5776,43064
2024-07-02,FXLAM,24.5017,24.8290,24.3251,24.7502,78402
2024-07-03,FXLAM,24.7652,25.0493,24.4217,24.4780,93314
2024-07-04,FXLAM,24.4853,24.4863,24.3062,24.4264,75772
2024-07-05,FXLAM,24.3420,25.2837,24.3172,25.1494,89344
2024-07-08,FXLAM,25.1262,25.1960,24.7921,24.8426,58873
2024-07-09,FXLAM,24.7051,24.9324,24.6851,24.8628,48219
2024-07-10,FXLAM,24.7405,24.8093,24.5829,24.6396,86488
2024-07-11,FXLAM,24.5967,25.2211,24.5121,25.1895,92043
2024-07-12,FXLAM,25.0899,25.2597,24.9502,25.2452,80552
2024-07-15,FXLAM,25.2393,25.3301,24.7917,24.8020,63121
2024-07-16,FXLAM,24.8853,24.8930,24.6441,24.7882,95704
2024-07-17,FXLAM,24.6596,24.7497,23.8189,23.8572,56219
2024-07-18,FXLAM,23.6901,23.7954,23.4918,23.5859,63947
2024-07-19,FXLAM,23.5389,23.7328,23.3923,23.5901,49418
2024-07-22,FXLAM,23.4265,23.8740,23.2556,23.6272,77052
2024-07-23,FXLAM,23.6344,24.0659,23.6066,23.9237,39817
2024-07-24,FXLAM,23.9000,24.3433,23.8993,24.3277,34254
2024-07-25,FXLAM,24.2682,24.3572,23.7707,23.8586,90989
2024-07-26,FXLAM,23.8201,23.8608,23.3854,23.4576,82703
2024-07-29,FXLAM,23.4047,23.5466,22.8131,22.9354,47378
2024-07-30,FXLAM,22.8644,23.1449,22.7230,23.1000,51475
2024-07-31,FXLAM,22.9605,23.4632,22.6958,23.3901,91521
2024-08-01,FXLAM,23.2857,23.5700,23.2328,23.5359,85053
2024-08-02,FXLAM,23.4367,23.5086,23.3471,23.4308,93438
2024-08-05,FXLAM,23.5518,23.6558,22.7892,22.9377,91729
2024-08-06,FXLAM,22.9595,23.0244,22.6665,22.7225,81762
2024-08-07,FXLAM,22.8157,22.9122,22.1488,22.4546,54886
2024-08-08,FXLAM,22.3528,22.8880,22.2753,22.7790,67235
2024-08-09,FXLAM,22.8019,23.7595,22.7645,23.6072,57571
2024-08-12,FXLAM,23.6676,23.6689,23.1748,23.2179,56122
2024-08-13,FXLAM,23.2653,23.2856,22.5897,22.6721,98103
2024-08-14,FXLAM,22.5312,23.0421,22.5106,23.0386,85209
2024-08-15,FXLAM,23.1426,23.2589,22.9326,23.1422,41342
2024-08-16,FXLAM,23.0828,23.1002,22.8776,22.9778,49981
2024-08-19,FXLAM,22.9831,23.2416,22.8502,23.2302,69518
2024-08-20,FXLAM,23.3372,23.3474,22.8614,22.9555,47467
2024-08-21,FXLAM,22.9320,23.0518,22.5683,22.5935,86933
2024-08-22,FXLAM,22.5403,22.6065,22.0455,22.1069,82480
2024-08-23,FXLAM,22.0974,22.2003,22.0332,22.1998,21538
2024-08-26,FXLAM,22.1175,22.5995,22.1107,22.5115,72240
2024-08-27,FXLAM,22.4793,22.5590,22.3733,22.5064,52099
2024-08-28,FXLAM,22.3840,22.4321,22.1969,22.2719,73180
2024-08-29,FXLAM,22.3127,22.3647,21.3404,21.3933,49064
2024-08-30,FXLAM,21.4840,21.5707,21.4040,21.4611,40578
2024-09-02,FXLAM,21.4611,21.5181,21.0610,21.1437,52379
2024-09-03,FXLAM,21.2465,21.3712,20.9968,21.1620,79613
2024-09-04,FXLAM,21.3420,21.3643,21.2594,21.3144,89403
2024-09-05,FXLAM,21.3798,21.4202,20.9340,20.9885,27418
2024-09-06,FXLAM,21.0926,21.1634,20.7187,20.8289,80008
2024-09-09,FXLAM,20.8111,20.9230,20.7817,20.9050,85703
2024-09-10,FXLAM,20.9379,21.1504,20.8393,21.0694,90066
2024-09-11,FXLAM,20.9411,21.1941,20.9120,21.1394,80893
2024-09-12,FXLAM,21.1782,21.9835,21.1510,21.7870,38088
2024-09-13,FXLAM,21.6798,22.1709,21.6555,22.1456,96320
2024-09-16,FXLAM,22.1756,22.2374,21.7653,21.8538,57392
2024-09-17,FXLAM,21.7421,21.9517,21.7359,21.9483,57467
2024-09-18,FXLAM,21.9775,22.2708,21.9721,22.1271,82417
2024-09-19,FXLAM,22.1256,22.2498,22.0747,22.1738,34766
2024-09-20,FXLAM,22.2917,22.3512,22.1371,22.2075,71891
2024-09-23,FXLAM,22.3392,22.3575,21.8832,21.9388,98420
2024-09-24,FXLAM,21.9057,22.0365,21.8049,21.9183,81924
2024-09-25,FXLAM,21.8055,22.0093,21.3694,21.4921,64349
2024-09-26,FXLAM,21.3756,21.4157,20.9325,21.0665,76893
2024-09-27,FXLAM,20.9701,21.0751,20.8688,20.8912,82820
2024-09-30,FXLAM,20.7524,21.1648,20.7107,21.0696,66082
2024-10-01,FXLAM,21.0104,21.5108,20.8901,21.5020,96689
2024-10-02,FXLAM,21.5803,22.2908,21.5488,22.1072,39375
2024-10-03,FXLAM,22.0812,22.3170,21.9276,22.2304,42923
2024-10-04,FXLAM,22.1730,22.2847,21.9133,21.9799,61873
2024-10-07,FXLAM,21.9952,22.0662,21.6502,21.7656,75608
2024-10-08,FXLAM,21.7094,21.7562,21.5849,21.6406,51536
2024-10-09,FXLAM,21.7071,21.7320,21.5981,21.6518,49094
2024-10-10,FXLAM,21.7100,21.9588,21.6485,21.8907,57146
2024-10-11,FXLAM,21.8349,22.5882,21.8060,22.4335,95197
2024-10-14,FXLAM,22.3831,22.4714,22.3440,22.4596,62047
2024-10-15,FXLAM,22.6214,22.6461,22.1410,22.2382,37649
2024-10-16,FXLAM,22.2694,22.6821,22.1887,22.6203,88282
2024-10-17,FXLAM,22.6564,22.7481,22.0934,22.3098,78574
2024-10-18,FXLAM,22.2166,22.4585,22.1723,22.4365,97596
2024-10-21,FXLAM,22.4407,22.6484,22.3425,22.6022,33168
2024-10-22,FXLAM,22.3868,22.8427,22.2542,22.7574,48069
2024-10-23,FXLAM,22.8409,22.9222,22.3629,22.5753,28607
2024-10-24,FXLAM,22.5171,23.2808,22.4898,23.1799,79387
2024-10-25,FXLAM,23.0806,23.5447,23.0564,23.4977,97728
2024-10-28,FXLAM,23.5255,23.6794,22.9385,23.0152,36844
2024-10-29,FXLAM,22.9673,23.3334,22.8175,23.3270,82227
2024-10-30,FXLAM,23.3099,23.7903,23.2786,23.7151,79741
2024-10-31,FXLAM,23.6835,23.9462,23.6049,23.9432,68041
2024-11-01,FXLAM,24.1713,24.3703,24.1385,24.3480,62720
2024-11-04,FXLAM,24.3628,24.6871,24.2976,24.6240,66489
2024-11-05,FXLAM,24.5765,24.9369,24.5540,24.9208,67659
2024-11-06,FXLAM,25.0318,25.1611,24.8386,24.8618,60438
2024-11-07,FXLAM,25.0322,25.0561,24.6851,24.7719,58854
2024-11-08,FXLAM,24.6218,25.1809,24.5713,25.1689,55186
2024-11-11,FXLAM,25.0831,25.1355,24.2017,24.2364,70174
2024-11-12,FXLAM,24.3587,24.4743,24.2096,24.4223,61517
2024-11-13,FXLAM,24.2493,24.6125,24.0220,24.5548,34553
2024-11-14,FXLAM,24.4938,24.5116,24.1541,24.2354,99873
2024-11-15,FXLAM,24.2313,24.8167,24.1930,24.6891,26162
2024-11-18,FXLAM,24.7243,25.3292,24.5954,25.3000,65201
2024-11-19,FXLAM,25.4045,25.5128,24.8818,24.9949,81693
2024-11-20,FXLAM,25.0579,25.0982,25.0299,25.0611,78532
2024-11-21,FXLAM,25.1771,25.6047,24.9780,25.5972,86890
2024-11-22,FXLAM,25.5976,26.3502,25.4757,26.2411,79401
2024-11-25,FXLAM,26.0708,26.2607,25.5717,25.6953,63055
2024-11-26,FXLAM,25.7312,25.8799,25.2784,25.3171,70106
2024-11-27,FXLAM,25.1562,25.7721,25.1328,25.7021,80623
2024-11-28,FXLAM,25.6590,25.7724,25.4472,25.5003,87507
2024-11-29,FXLAM,25.5391,26.2696,25.5326,26.2089,44288
2024-12-02,FXLAM,26.0971,26.1146,25.6149,25.6853,89001
2024-12-03,FXLAM,25.6195,25.7488,25.2494,25.2759,78629
2024-12-04,FXLAM,25.2435,25.2523,25.1391,25.1591,61434
2024-12-05,FXLAM,25.2617,25.3998,24.8741,24.9938,26807
2024-12-06,FXLAM,24.9203,25.2676,24.8647,25.2103,84531
2024-12-09,FXLAM,25.2091,25.3492,25.2034,25.2683,43645
2024-12-10,FXLAM,25.1655,25.2071,25.1139,25.1215,21224
2024-12-11,FXLAM,25.1669,25.3120,25.0320,25.2320,86824
2024-12-12,FXLAM,25.2924,25.7140,25.0888,25.7037,41298
2024-12-13,FXLAM,25.6350,25.6990,25.4734,25.5017,85134
2024-12-16,FXLAM,25.5122,25.5266,25.4137,25.5028,89305
2024-12-17,FXLAM,25.5551,26.1705,25.5412,26.1702,73239
2024-12-18,FXLAM,25.9953,26.1827,25.9066,26.1591,61633
2024-12-19,FXLAM,26.1994,26.7994,26.1496,26.5896,77912
2024-12-20,FXLAM,26.6397,26.8739,26.6230,26.7872,78468
2024-12-23,FXLAM,26.7610,26.8623,26.7458,26.8548,85880
2024-12-24,FXLAM,26.7130,27.0191,26.6667,26.9488,22123
2024-12-25,FXLAM,26.9644,27.8710,26.8238,27.7457,46325
2024-12-26,FXLAM,27.8480,28.7354,27.6832,28.6926,83940
2024-12-27,FXLAM,28.4937,28.6564,28.4869,28.6132,49930
2024-12-30,FXLAM,28.5485,29.0398,28.4811,29.0275,59099
2024-12-31,FXLAM,29.0314,29.1990,28.9711,29.1407,66913
2025-01-01,FXLAM,29.1191,30.2437,28.9012,30.0875,69428
2025-01-02,FXLAM,30.1101,30.8248,30.0769,30.7471,75913
2025-01-03,FXLAM,30.7241,31.1591,30.5833,31.1298,66632
2025-01-06,FXLAM,31.1632,31.2861,30.4622,30.6282,28688
2025-01-07,FXLAM,30.6051,30.7417,29.9961,30.1331,99244
2025-01-08,FXLAM,30.0586,30.0659,29.3171,29.4646,57755
2025-01-09,FXLAM,29.5160,30.0710,29.3722,29.9909,73930
2025-01-10,FXLAM,30.1887,30.7449,30.1082,30.7003,29574
2025-01-13,FXLAM,30.9597,31.1460,29.7681,29.8521,81461
2025-01-14,FXLAM,30.0191,30.0544,29.6669,29.8990,41683
2025-01-15,FXLAM,29.8039,29.8856,29.7212,29.7871,26437
2025-01-16,FXLAM,29.7925,29.9325,29.4096,29.4202,30543
2025-01-17,FXLAM,29.4699,29.5586,28.9537,28.9623,86398
2025-01-20,FXLAM,28.8993,28.9038,28.5580,28.5816,21311
2025-01-21,FXLAM,28.6778,29.2561,28.6746,29.1125,88805
2025-01-22,FXLAM,29.1458,29.2292,28.6614,28.8565,70796
2025-01-23,FXLAM,28.8591,28.9010,28.6272,28.6446,54176
2025-01-24,FXLAM,28.4279,28.5363,28.4135,28.5282,56076
2025-01-27,FXLAM,28.5820,28.7716,28.1638,28.2202,54046
2025-01-28,FXLAM,28.0573,28.5154,27.9519,28.3866,71459
2025-01-29,FXLAM,28.2491,28.3975,28.2280,28.3064,64527
2025-01-30,FXLAM,28.3617,28.5505,28.2722,28.4796,32257
2025-01-31,FXLAM,28.5039,28.5980,28.3686,28.4493,99978
2025-02-03,FXLAM,28.3652,28.4691,28.2731,28.4450,46194
2025-02-04,FXLAM,28.1803,28.2350,27.9766,28.0144,77259
2025-02-05,FXLAM,27.7629,29.1782,27.7251,29.0259,88859
2025-02-06,FXLAM,28.9428,28.9628,28.0425,28.0484,30391
2025-02-07,FXLAM,27.9349,28.0231,27.3556,27.4147,97477
2025-02-10,FXLAM,27.3933,27.7554,27.2826,27.6854,23430
2025-02-11,FXLAM,27.5569,27.6469,27.3124,27.3657,37398
2025-02-12,FXLAM,27.3083,27.4209,27.0350,27.1577,84881
2025-02-13,FXLAM,27.2367,27.6639,27.1466,27.6434,66898
2025-02-14,FXLAM,27.6980,27.8600,27.6876,27.7723,95640
2025-02-17,FXLAM,27.9451,27.9689,27.4278,27.4640,91381
2025-02-18,FXLAM,27.4654,27.4704,27.3741,27.4664,54854
2025-02-19,FXLAM,27.3893,27.4088,26.7793,26.8130,80300
2025-02-20,FXLAM,26.5837,27.2948,26.5493,27.2064,71146
2025-02-21,FXLAM,27.3246,27.3301,25.7894,25.8112,23209
2025-02-24,FXLAM,25.7526,25.7590,25.1682,25.2260,56391
2025-02-25,FXLAM,25.2164,25.3255,25.0089,25.0151,96722
2025-02-26,FXLAM,25.0428,25.4149,25.0409,25.2999,64467
2025-02-27,FXLAM,25.3252,25.7661,25.2356,25.7575,48091
2025-02-28,FXLAM,25.8301,25.8874,25.1931,25.3010,71058
2025-03-03,FXLAM,25.2890,25.6259,25.2340,25.6231,90092
2025-03-04,FXLAM,25.7234,25.8685,25.2436,25.2885,51269
2025-03-05,FXLAM,25.2435,25.4457,25.0840,25.4426,27364
2025-03-06,FXLAM,25.6038,25.7600,24.7137,24.8642,54329
2025-03-07,FXLAM,24.8898,25.0191,24.4124,24.4816,84878
2025-03-10,FXLAM,24.4895,24.7040,23.9927,24.0437,64273
2025-03-11,FXLAM,24.1185,24.7411,23.9467,24.6183,28738
2025-03-12,FXLAM,24.6521,24.7531,24.2668,24.2866,28925
2025-03-13,FXLAM,24.4195,24.4836,23.6729,23.7973,40959
2025-03-14,FXLAM,23.6348,24.1110,23.5750,23.9764,66693
2025-03-17,FXLAM,23.9474,24.5700,23.9268,24.5206,82582
2025-03-18,FXLAM,24.6859,25.0761,24.6068,24.9190,98938
2025-03-19,FXLAM,25.0534,25.1361,24.9805,25.0313,89731
2025-03-20,FXLAM,25.0450,25.0732,24.5733,24.7192,85584
2025-03-21,FXLAM,24.7234,24.8936,24.5949,24.8906,34223
2025-03-24,FXLAM,24.8085,25.1171,24.7689,25.0207,60265
2025-03-25,FXLAM,25.0452,25.2005,24.0708,24.1243,43700
2025-03-26,FXLAM,24.0235,24.0859,23.8035,23.8391,49660
2025-03-27,FXLAM,23.7854,23.8507,23.6636,23.6694,54401
2025-03-28,FXLAM,23.6640,24.2248,23.5555,24.2217,31946
2025-03-31,FXLAM,24.0886,24.6307,23.9509,24.6112,26479
2025-04-01,FXLAM,24.6220,24.6550,24.0647,24.2101,72147
2025-04-02,FXLAM,24.1665,24.1982,23.7076,23.7236,32022
2025-04-03,FXLAM,23.7869,24.3710,23.7478,24.3340,84504
2025-04-04,FXLAM,24.3111,24.3286,24.1660,24.1899,74387
2025-04-07,FXLAM,24.1465,24.2874,24.0830,24.1713,54874
2025-04-08,FXLAM,24.1265,24.9877,24.0457,24.9846,87109
2025-04-09,FXLAM,25.0870,25.1136,24.4673,24.4740,23494
2025-04-10,FXLAM,24.3450,24.4051,24.2606,24.3773,63664
2025-04-11,FXLAM,24.2703,24.8654,24.2439,24.8581,98029
2025-04-14,FXLAM,24.9730,25.6297,24.8310,25.5341,93494
2025-04-15,FXLAM,25.4775,25.8616,25.4255,25.5380,28730
2025-04-16,FXLAM,25.5258,25.8652,25.5217,25.8523,27578
2025-04-17,FXLAM,25.8650,26.3249,25.7623,26.2492,59139
2025-04-18,FXLAM,26.3488,26.5681,26.2581,26.4885,51357
2025-04-21,FXLAM,26.5722,26.6070,26.5669,26.5852,30248
2025-04-22,FXLAM,26.3714,27.4477,26.1472,27.3208,52082
2025-04-23,FXLAM,27.4022,27.5761,26.9440,27.0183,87115
2025-04-24,FXLAM,26.8867,27.6784,26.8407,27.4616,97465
2025-04-25,FXLAM,27.3594,28.1352,27.3118,28.0962,31963
2025-04-28,FXLAM,28.0450,28.0938,27.6079,27.7535,38220
2025-04-29,FXLAM,27.8763,27.9629,26.7175,26.8787,32026
2025-04-30,FXLAM,26.8780,27.2015,26.7385,27.0861,40686
2025-05-01,FXLAM,27.0625,27.8830,26.9645,27.8687,57090
2025-05-02,FXLAM,27.7841,28.1042,27.6244,28.0854,45809
2025-05-05,FXLAM,28.1356,28.2227,27.8046,27.8734,69682
2025-05-06,FXLAM,27.9357,28.1430,27.1194,27.1615,56932
2025-05-07,FXLAM,27.0945,27.0998,26.9715,27.0720,85495
2025-05-08,FXLAM,26.9794,27.3140,26.9592,27.2572,55578
2025-05-09,FXLAM,27.1767,27.1941,26.7092,26.7830,94231
2025-05-12,FXLAM,27.1982,27.2699,27.0407,27.2541,69164
2025-05-13,FXLAM,27.3925,27.4542,27.0081,27.1589,50104
2025-05-14,FXLAM,27.2189,27.2434,26.6969,26.8244,33271
2025-05-15,FXLAM,27.0058,27.0903,26.9065,26.9199,43388
2025-05-16,FXLAM,26.8888,27.1992,26.5912,26.6206,24437
2025-05-19,FXLAM,26.5845,26.7483,26.4904,26.7421,54424
2025-05-20,FXLAM,26.6266,27.3505,26.5938,27.0151,47572
2025-05-21,FXLAM,26.9307,27.0481,26.9215,27.0381,79759
2025-05-22,FXLAM,26.9490,27.9489,26.8764,27.8436,78371
2025-05-23,FXLAM,27.7490,27.8101,27.4649,27.6599,93796
2025-05-26,FXLAM,27.7005,27.7475,27.3215,27.4332,76215
2025-05-27,FXLAM,27.6178,27.7516,27.0630,27.0908,51876
2025-05-28,FXLAM,27.0969,27.1222,26.9376,26.9565,32852
2025-05-29,FXLAM,27.1352,27.1541,26.9931,27.0436,64165
2025-05-30,FXLAM,27.0544,27.1331,26.5496,26.6285,27077
2025-06-02,FXLAM,26.7248,26.8564,25.9282,25.9802,39817
2025-06-03,FXLAM,26.0149,26.0812,25.4696,25.5685,25455
2025-06-04,FXLAM,25.8432,25.8673,24.8293,24.8354,75704
2025-06-05,FXLAM,24.8734,25.1188,24.8145,24.8907,76822
2025-06-06,FXLAM,24.9270,25.2543,24.8934,25.1703,61579
2025-06-09,FXLAM,25.1932,25.2137,24.7676,24.8619,44889
2025-06-10,FXLAM,24.8982,24.9310,24.8507,24.9100,71406
2025-06-11,FXLAM,24.8427,24.9687,24.2742,24.3760,89469
2025-06-12,FXLAM,24.2135,24.4600,24.1954,24.2990,24283
2025-06-13,FXLAM,24.2050,24.3457,24.1324,24.1388,23725
2025-06-16,FXLAM,24.3106,24.3696,23.7727,23.8601,72236
2025-06-17,FXLAM,23.6642,24.5535,23.4959,24.5504,92785
2025-06-18,FXLAM,24.5959,24.6785,24.5079,24.5474,79261
2025-06-19,FXLAM,24.4651,24.5415,23.9539,24.1660,75485
2025-06-20,FXLAM,24.2794,24.2857,23.7156,23.7332,41580
2025-06-23,FXLAM,23.6644,24.8823,23.6411,24.7877,95039
2025-06-24,FXLAM,24.9722,25.0155,24.5125,24.6169,29990
2025-06-25,FXLAM,24.5351,25.5428,24.4316,25.4780,35158
2025-06-26,FXLAM,25.5171,26.0447,25.4809,25.8343,48668
2025-06-27,FXLAM,25.8166,25.8730,25.7455,25.8593,53061
2025-06-30,FXLAM,25.9224,26.0441,25.8002,25.8420,45985
2025-07-01,FXLAM,26.0859,26.1487,25.8119,25.9406,81374
2025-07-02,FXLAM,25.8172,26.1458,25.7386,26.0607,94280
2025-07-03,FXLAM,25.9999,26.1528,25.7576,25.8552,30710
2025-07-04,FXLAM,25.8939,26.6621,25.8193,26.5342,37803
2025-07-07,FXLAM,26.4772,26.6066,26.0531,26.1070,52082
2025-07-08,FXLAM,26.1739,26.3894,25.5033,25.5290,77648
2025-07-09,FXLAM,25.5174,25.5437,24.8892,24.9682,85842
2025-07-10,FXLAM,25.0745,25.5969,24.8377,25.5225,21267
2025-07-11,FXLAM,25.4892,25.5438,25.4583,25.4993,47598
2025-07-14,FXLAM,25.3117,25.4427,24.9060,24.9919,90270
2025-07-15,FXLAM,25.1728,25.2982,24.8382,24.8862,25837
2025-07-16,FXLAM,24.9624,25.1368,24.5201,24.6614,70551
2025-07-17,FXLAM,24.7265,24.8005,24.0801,24.1005,74014
2025-07-18,FXLAM,24.0944,24.2821,23.8518,23.8960,38258
2025-07-21,FXLAM,23.9375,24.2244,23.9011,24.0955,23855
2025-07-22,FXLAM,24.0394,24.1465,23.9012,24.1297,70288
2025-07-23,FXLAM,24.0889,24.1533,24.0412,24.0962,33695
2025-07-24,FXLAM,24.0634,24.2260,23.3049,23.5218,86733
2025-07-25,FXLAM,23.4241,24.5350,23.3387,24.3731,45694
2025-07-28,FXLAM,24.4202,25.0110,24.2926,24.9257,95838
2025-07-29,FXLAM,24.9413,25.0046,24.3818,24.6312,33646
2025-07-30,FXLAM,24.7452,24.7704,24.3399,24.3822,41430
2025-07-31,FXLAM,24.5788,24.6273,24.4276,24.5163,40661
2025-08-01,FXLAM,24.4325,24.5291,24.1436,24.1692,68810
2025-08-04,FXLAM,24.1803,24.9358,24.0204,24.8214,41802
2025-08-05,FXLAM,24.7314,25.1921,24.6562,25.1711,22369
2025-08-06,FXLAM,25.1639,25.2007,24.8932,24.8986,42557
2025-08-07,FXLAM,24.8158,24.9429,24.7290,24.8544,58340
2025-08-08,FXLAM,24.8449,24.9259,23.9761,24.0114,97061
2025-08-11,FXLAM,23.9865,24.0124,23.0874,23.1187,44529
2025-08-12,FXLAM,23.1728,23.4525,23.1501,23.4326,91697
2025-08-13,FXLAM,23.4236,23.4375,22.8865,22.9642,90635
2025-08-14,FXLAM,23.1005,23.1442,22.4136,22.5677,94307
2025-08-15,FXLAM,22.5239,22.7440,22.3583,22.6841,98594
2025-08-18,FXLAM,22.7903,22.8349,22.2460,22.3110,89129
2025-08-19,FXLAM,22.3518,22.5092,22.1932,22.2329,51948
2025-08-20,FXLAM,22.1507,22.2085,21.7288,21.8505,49735
2025-08-21,FXLAM,21.9379,22.1686,21.8673,22.1364,61410
2025-08-22,FXLAM,22.2052,22.4716,21.8304,21.9148,53501
2025-08-25,FXLAM,21.9403,21.9635,21.7982,21.8364,35957
2025-08-26,FXLAM,21.8336,22.4150,21.7623,22.3653,31880
2025-08-27,FXLAM,22.2703,22.6711,22.1985,22.5208,65876
2025-08-28,FXLAM,22.5356,22.7238,22.4744,22.6262,69206
2025-08-29,FXLAM,22.5062,22.6175,22.4790,22.5618,52843
2025-09-01,FXLAM,22.5569,22.9543,22.5490,22.9060,62809
2025-09-02,FXLAM,22.8196,23.1292,22.7439,23.0390,62238
2025-09-03,FXLAM,22.9712,23.6540,22.8785,23.6422,70426
2025-09-04,FXLAM,23.7604,23.8463,23.2849,23.3624,70433
2025-09-05,FXLAM,23.2644,23.8886,23.2129,23.8479,27805
2025-09-08,FXLAM,23.8677,23.8911,23.6631,23.6962,71745
2025-09-09,FXLAM,23.6141,23.7670,22.8535,22.8773,28120
2025-09-10,FXLAM,22.8609,22.9412,22.6846,22.7563,57598
2025-09-11,FXLAM,22.6904,22.8141,21.9096,22.0606,24499
2025-09-12,FXLAM,22.1158,22.8383,22.0035,22.6500,73921
2025-09-15,FXLAM,22.7178,22.8936,22.6835,22.7859,59818
2025-09-16,FXLAM,22.8918,23.0124,22.7542,22.9651,99407
2025-09-17,FXLAM,23.0365,23.2804,22.9468,23.1938,59749
2025-09-18,FXLAM,23.1804,23.2237,22.7859,22.8498,76025
2025-09-19,FXLAM,22.8674,23.2641,22.8516,23.1777,25870
2025-09-22,FXLAM,23.2112,23.2236,22.6261,22.7234,50926
2025-09-23,FXLAM,22.8237,22.9398,22.5294,22.6907,74927
2025-09-24,FXLAM,22.8795,22.8976,22.4639,22.5261,23898
2025-09-25,FXLAM,22.5022,22.9287,22.3949,22.8135,95581
2025-09-26,FXLAM,22.8115,23.1817,22.7349,22.9622,84532
2025-09-29,FXLAM,22.9189,22.9627,22.5053,22.5448,54063
2025-09-30,FXLAM,22.5785,22.6151,22.5152,22.5291,51619
2025-10-01,FXLAM,22.6669,22.6885,22.3194,22.4139,44843
2025-10-02,FXLAM,22.4248,22.7074,22.4123,22.6154,33585
2025-10-03,FXLAM,22.6702,23.3024,22.6548,23.1613,71558
2025-10-06,FXLAM,23.0222,23.4447,23.0195,23.2926,37071
2025-10-07,FXLAM,23.2450,23.3241,22.5360,22.6038,86909
2025-10-08,FXLAM,22.6078,22.8756,22.4843,22.8597,26590
2025-10-09,FXLAM,23.0760,23.8887,22.9866,23.8187,79233
2025-10-10,FXLAM,23.6584,23.7558,23.6566,23.6636,95037
2025-10-13,FXLAM,23.5874,23.8858,23.4659,23.8688,26459
2025-10-14,FXLAM,23.8556,24.1733,23.8540,24.1715,56602
2025-10-15,FXLAM,24.1570,24.2462,23.8558,23.9425,40134
2025-10-16,FXLAM,23.8763,24.0695,23.6651,24.0319,95346
2025-10-17,FXLAM,23.9951,24.0463,23.8949,23.9240,48705
2025-10-20,FXLAM,23.7729,23.8970,23.7641,23.8361,40677
2025-10-21,FXLAM,23.9578,24.0827,23.6528,23.6756,40076
2025-10-22,FXLAM,23.6194,23.6475,23.2422,23.3901,30877
2025-10-23,FXLAM,23.4474,23.5246,23.4447,23.4902,31950
2025-10-24,FXLAM,23.4221,23.5492,23.2365,23.4913,27465
2025-10-27,FXLAM,23.3838,24.0286,23.2491,23.8664,93665
2025-10-28,FXLAM,23.7621,23.8943,23.5100,23.5447,49360
2025-10-29,FXLAM,23.4778,23.5357,23.3017,23.4807,54036
2025-10-30,FXLAM,23.4995,24.2373,23.3967,24.0606,28211
2025-10-31,FXLAM,24.2424,24.3232,24.2096,24.3167,50894
2025-11-03,FXLAM,24.1713,24.2770,23.9804,24.0104,24245
2025-11-04,FXLAM,24.0421,24.1875,23.5481,23.7039,20859
2025-11-05,FXLAM,23.6810,23.8262,23.5707,23.8172,49284
2025-11-06,FXLAM,23.8426,24.0160,23.4544,23.5201,23539
2025-11-07,FXLAM,23.4959,23.6028,23.3010,23.3802,34232
2025-11-10,FXLAM,23.4413,23.4609,23.0229,23.0593,88716
2025-11-11,FXLAM,22.9769,23.2093,22.9398,23.1576,24163
2025-11-12,FXLAM,23.1842,23.2329,22.4799,22.6475,34759
2025-11-13,FXLAM,22.5807,22.6417,22.4909,22.6061,38270
2025-11-14,FXLAM,22.7094,23.0144,22.6441,22.9333,83908
2025-11-17,FXLAM,23.1755,23.1860,23.0417,23.1327,43510
2025-11-18,FXLAM,23.1632,23.3621,22.7178,22.7232,33138
2025-11-19,FXLAM,22.7145,22.7407,22.2963,22.3130,27668
2025-11-20,FXLAM,22.2593,22.7974,22.2220,22.5961,55536
2025-11-21,FXLAM,22.5343,22.8260,22.3806,22.7191,65776
2025-11-24,FXLAM,22.5888,23.2802,22.5736,23.2178,82155
2025-11-25,FXLAM,23.2882,23.4264,23.2476,23.3638,20231
2025-11-26,FXLAM,23.4164,23.6269,23.2745,23.5219,37513
2025-11-27,FXLAM,23.5603,23.6791,23.4230,23.4589,28343
2025-11-28,FXLAM,23.5781,23.6563,23.2207,23.3180,49573
2025-12-01,FXLAM,23.4160,23.5993,23.2271,23.2450,37649
2025-12-02,FXLAM,23.2403,23.2531,22.8362,22.8953,57290
2025-12-03,FXLAM,22.8469,22.8751,22.6600,22.6603,59156
2025-12-04,FXLAM,22.5735,22.9392,22.4656,22.9349,66828
2025-12-05,FXLAM,22.9000,23.2030,22.8334,23.0858,26037
2025-12-08,FXLAM,23.0908,23.8250,23.0384,23.8113,64215
2025-12-09,FXLAM,23.8274,23.8946,23.5970,23.6999,35238
2025-12-10,FXLAM,23.8049,23.9546,23.7995,23.9413,93382
2025-12-11,FXLAM,23.8517,24.6652,23.7093,24.5903,24857
2025-12-12,FXLAM,24.5382,24.6705,24.4140,24.6495,53345
2025-12-15,FXLAM,24.7053,24.8159,24.0473,24.1774,60480
2025-12-16,FXLAM,24.1392,24.4827,24.1093,24.3044,36346
2025-12-17,FXLAM,24.3686,24.4776,23.7720,23.7789,82768
2025-12-18,FXLAM,23.7138,24.1511,23.7078,24.1072,66512
2025-12-19,FXLAM,24.2263,24.2303,23.9036,23.9131,47633
2025-12-22,FXLAM,24.0104,24.1836,23.9210,23.9292,46137
2025-12-23,FXLAM,24.0829,24.0932,23.8927,23.9916,72476
2025-12-24,FXLAM,23.9072,23.9295,23.7384,23.8147,90368
2025-12-25,FXLAM,23.9440,24.5203,23.8874,24.4297,48386
2025-12-26,FXLAM,24.3810,24.5456,23.6463,23.8255,72206
2025-12-29,FXLAM,23.6982,23.9451,23.5590,23.8099,26697
2025-12-30,FXLAM,24.0120,24.2335,23.5081,23.5541,90589
2025-12-31,FXLAM,23.5223,24.0803,23.4212,24.0246,63041
2021-01-04,FXKAP,15.7793,15.8004,15.7358,15.7385,52740
2021-01-05,FXKAP,15.7031,15.7062,15.3394,15.3549,46952
2021-01-06,FXKAP,15.2993,15.3540,15.0174,15.1149,41800
2021-01-07,FXKAP,15.0337,15.0412,14.4560,14.5309,79330
2021-01-08,FXKAP,14.5535,14.7580,14.4673,14.7475,56358
2021-01-11,FXKAP,14.8345,14.8478,14.8033,14.8439,51596
2021-01-12,FXKAP,14.8148,14.8631,14.7948,14.8146,62894
2021-01-13,FXKAP,14.8405,14.9472,14.7887,14.9164,23210
2021-01-14,FXKAP,15.0213,15.2047,14.9435,15.1663,37502
2021-01-15,FXKAP,15.1626,15.2467,15.0797,15.1281,26598
2021-01-18,FXKAP,15.2209,15.2278,15.0140,15.0338,63908
2021-01-19,FXKAP,14.9676,15.0599,14.6274,14.7032,61631
2021-01-20,FXKAP,14.6713,14.8808,14.5715,14.8712,61977
2021-01-21,FXKAP,14.9700,14.9950,14.7345,14.8388,80146
2021-01-22,FXKAP,14.8319,15.0155,14.8149,14.9885,42891
2021-01-25,FXKAP,14.8759,14.9171,14.8547,14.9060,77182
2021-01-26,FXKAP,14.9463,15.0446,14.3431,14.4117,50464
2021-01-27,FXKAP,14.4893,14.5384,14.4551,14.4623,29017
2021-01-28,FXKAP,14.5224,14.8357,14.4421,14.7749,82837
2021-01-29,FXKAP,14.7017,14.7030,14.5828,14.5880,82148
2021-02-01,FXKAP,14.7064,14.7565,14.5973,14.7495,34733
2021-02-02,FXKAP,14.8152,15.1176,14.7134,14.9656,38661
2021-02-03,FXKAP,14.8636,15.3338,14.8271,15.3246,97406
2021-02-04,FXKAP,15.2807,15.3903,15.1284,15.2652,75661
2021-02-05,FXKAP,15.2820,15.3808,15.2657,15.2905,35438
2021-02-08,FXKAP,15.3209,15.3908,15.2601,15.3562,29698
2021-02-09,FXKAP,15.4011,15.4441,14.9215,15.0952,22937
2021-02-10,FXKAP,15.1523,15.2666,15.0438,15.2321,26042
2021-02-11,FXKAP,15.3374,15.3395,15.1155,15.1689,30128
2021-02-12,FXKAP,15.2112,15.2356,15.0503,15.1431,82791
2021-02-15,FXKAP,15.1425,15.5389,15.0440,15.4768,43624
2021-02-16,FXKAP,15.4029,15.6294,15.2788,15.6051,66167
2021-02-17,FXKAP,15.6575,16.2129,15.5480,16.1464,45391
2021-02-18,FXKAP,16.2037,16.3796,16.1296,16.3320,36325
2021-02-19,FXKAP,16.3553,16.4025,16.1790,16.2871,80894
2021-02-22,FXKAP,16.2650,16.8506,16.2638,16.6196,30793
2021-02-23,FXKAP,16.6613,16.8494,16.6444,16.6862,33448
2021-02-24,FXKAP,16.7309,16.7722,16.4600,16.4959,20437
2021-02-25,FXKAP,16.4452,16.5070,16.2727,16.4948,57361
2021-02-26,FXKAP,16.4448,16.5556,16.3617,16.4407,98661
2021-03-01,FXKAP,16.3864,16.7967,16.3035,16.7654,24171
2021-03-02,FXKAP,16.6924,16.7226,16.6214,16.6784,37963
2021-03-03,FXKAP,16.5896,16.6734,16.3006,16.3251,74433
2021-03-04,FXKAP,16.3086,16.6938,16.2217,16.5793,40084
2021-03-05,FXKAP,16.5014,16.5632,16.1798,16.3091,95687
2021-03-08,FXKAP,16.3156,16.4357,16.2656,16.2712,28142
2021-03-09,FXKAP,16.3078,16.4772,16.2859,16.4270,53726
2021-03-10,FXKAP,16.4752,16.7012,16.4216,16.6898,75320
2021-03-11,FXKAP,16.5883,16.9596,16.4542,16.9059,71723
2021-03-12,FXKAP,16.9094,16.9749,16.7344,16.8705,30018
2021-03-15,FXKAP,16.9488,16.9941,16.5164,16.5957,40186
2021-03-16,FXKAP,16.5426,16.6109,16.4589,16.5128,54008
2021-03-17,FXKAP,16.4304,16.4931,16.3303,16.4040,81026
2021-03-18,FXKAP,16.4398,16.4895,16.2376,16.2885,84117
2021-03-19,FXKAP,16.2266,16.5037,16.2028,16.4951,66433
2021-03-22,FXKAP,16.4500,16.5970,16.4198,16.5746,55714
2021-03-23,FXKAP,16.5733,17.0009,16.5449,16.9505,36145
2021-03-24,FXKAP,17.1031,17.2106,17.0485,17.0522,40847
2021-03-25,FXKAP,17.1807,17.3090,17.1316,17.1651,43484
2021-03-26,FXKAP,17.2670,17.3438,17.1113,17.1914,69243
2021-03-29,FXKAP,17.2404,17.3360,17.0236,17.0360,36737
2021-03-30,FXKAP,16.9246,17.0022,16.6629,16.6993,41777
2021-03-31,FXKAP,16.8694,16.9356,16.5027,16.6144,61961
2021-04-01,FXKAP,16.5624,16.6280,16.4096,16.4489,35048
2021-04-02,FXKAP,16.4522,16.5074,16.3070,16.3988,66484
2021-04-05,FXKAP,16.4310,16.6644,16.3986,16.6348,68831
2021-04-06,FXKAP,16.6024,16.6236,16.5128,16.5633,50756
2021-04-07,FXKAP,16.5793,16.9369,16.5086,16.9262,67191
2021-04-08,FXKAP,16.8746,17.2108,16.7931,17.1724,86689
2021-04-09,FXKAP,17.0847,17.1004,16.8982,16.9666,85105
2021-04-12,FXKAP,16.9778,17.2389,16.8922,17.2243,90904
2021-04-13,FXKAP,17.2145,17.2333,17.0425,17.0818,65014
2021-04-14,FXKAP,17.1000,17.2295,17.0483,17.2270,33465
2021-04-15,FXKAP,17.1837,17.2187,17.0018,17.0604,65953
2021-04-16,FXKAP,17.0874,17.1483,17.0161,17.0802,75171
2021-04-19,FXKAP,17.0191,17.0637,16.8670,16.9230,58727
2021-04-20,FXKAP,16.7948,16.9331,16.7826,16.8986,89844
2021-04-21,FXKAP,16.9436,16.9438,16.7408,16.8303,24891
2021-04-22,FXKAP,16.8966,17.0042,16.8548,16.9756,47116
2021-04-23,FXKAP,16.9690,17.0394,16.4337,16.4754,47025
2021-04-26,FXKAP,16.4551,16.4607,15.9858,16.0097,54415
2021-04-27,FXKAP,15.9655,16.2457,15.9209,16.2210,73846
2021-04-28,FXKAP,16.1533,16.4872,16.0617,16.4855,93065
2021-04-29,FXKAP,16.5165,16.5243,16.4675,16.5055,75271
2021-04-30,FXKAP,16.4789,17.0788,16.4005,16.9863,85951
2021-05-03,FXKAP,16.9277,16.9708,16.9031,16.9467,51456
2021-05-04,FXKAP,16.8636,16.8835,16.6086,16.7712,92713
2021-05-05,FXKAP,16.8829,16.8961,16.3166,16.3224,64204
2021-05-06,FXKAP,16.4348,16.5046,16.2857,16.3433,82546
2021-05-07,FXKAP,16.1619,16.4673,16.1547,16.4550,32199
2021-05-10,FXKAP,16.3676,16.3978,16.2273,16.2654,77963
2021-05-11,FXKAP,16.1494,16.7290,16.1130,16.6566,94486
2021-05-12,FXKAP,16.6035,16.7588,16.4281,16.7042,42313
2021-05-13,FXKAP,16.7588,17.0622,16.7506,17.0542,95333
2021-05-14,FXKAP,16.9778,17.4782,16.8914,17.4725,82469
2021-05-17,FXKAP,17.4396,17.6218,17.0445,17.1709,65833
2021-05-18,FXKAP,17.1600,17.2880,17.1255,17.2333,43900
2021-05-19,FXKAP,17.3046,17.4629,17.1803,17.2324,83060
2021-05-20,FXKAP,17.2661,17.5162,17.2614,17.4137,69772
2021-05-21,FXKAP,17.4130,17.4205,16.7360,16.7541,71317
2021-05-24,FXKAP,16.6851,16.9979,16.5997,16.8844,94603
2021-05-25,FXKAP,16.8558,17.0959,16.8530,16.9770,91692
2021-05-26,FXKAP,16.9730,17.1120,16.9130,17.0490,27929
2021-05-27,FXKAP,17.1192,17.5289,17.0554,17.4203,77074
2021-05-28,FXKAP,17.2705,17.4729,17.1459,17.4110,22470
2021-05-31,FXKAP,17.4158,17.5339,17.3295,17.5306,83684
2021-06-01,FXKAP,17.4038,17.6251,17.3852,17.5986,34473
2021-06-02,FXKAP,17.7361,17.7383,17.5024,17.5500,97495
2021-06-03,FXKAP,17.4445,17.7829,17.4153,17.7326,78569
2021-06-04,FXKAP,17.6582,17.7856,17.3297,17.3707,36661
2021-06-07,FXKAP,17.3805,17.7085,17.3767,17.5924,62429
2021-06-08,FXKAP,17.5491,17.6629,17.5473,17.6483,76832
2021-06-09,FXKAP,17.5868,17.6070,17.3467,17.3865,38469
2021-06-10,FXKAP,17.4117,17.4459,17.2631,17.3220,63114
2021-06-11,FXKAP,17.3626,17.4168,16.9980,17.0239,54517
2021-06-14,FXKAP,16.9883,17.0302,16.9635,16.9768,66846
2021-06-15,FXKAP,16.9075,17.1808,16.8463,17.0572,63503
2021-06-16,FXKAP,17.1070,17.1794,16.9150,16.9636,82349
2021-06-17,FXKAP,16.9583,17.4085,16.9465,17.3902,96837
2021-06-18,FXKAP,17.2853,17.3551,17.2195,17.2565,35453
2021-06-21,FXKAP,17.2595,17.2915,17.1442,17.1674,60718
2021-06-22,FXKAP,17.1033,17.3383,17.0632,17.2320,63427
2021-06-23,FXKAP,17.2352,17.3174,16.9081,16.9696,92961
2021-06-24,FXKAP,17.0446,17.0911,16.7895,16.8218,33071
2021-06-25,FXKAP,16.7707,17.2901,16.6910,17.2516,31048
2021-06-28,FXKAP,17.2955,17.3791,17.1134,17.2161,93042
2021-06-29,FXKAP,17.1491,17.2158,17.0913,17.1869,43947
2021-06-30,FXKAP,17.2132,17.2258,17.1553,17.2103,39100
2021-07-01,FXKAP,17.1439,17.1700,16.6749,16.8038,76072
2021-07-02,FXKAP,16.9572,17.0737,16.9406,17.0380,23712
2021-07-05,FXKAP,17.1126,17.1182,16.4191,16.4343,32455
2021-07-06,FXKAP,16.3724,16.6732,16.2997,16.6351,49518
2021-07-07,FXKAP,16.6191,16.7016,16.2693,16.3015,95238
2021-07-08,FXKAP,16.1307,16.5556,16.0495,16.4990,24803
2021-07-09,FXKAP,16.5343,16.5739,16.1621,16.1626,21372
2021-07-12,FXKAP,16.1399,16.1926,16.0351,16.1483,69396
2021-07-13,FXKAP,16.1276,16.2349,15.7119,15.7265,51908
2021-07-14,FXKAP,15.7066,15.8865,15.6287,15.8847,82690
2021-07-15,FXKAP,15.9193,15.9950,15.6760,15.6917,62349
2021-07-16,FXKAP,15.6909,15.7497,15.4109,15.4215,20305
2021-07-19,FXKAP,15.4355,15.4488,15.2779,15.3364,54992
2021-07-20,FXKAP,15.2843,15.3758,15.2627,15.3658,32766
2021-07-21,FXKAP,15.4829,15.5799,15.4127,15.4250,98666
2021-07-22,FXKAP,15.4534,15.5434,14.9274,14.9867,64500
2021-07-23,FXKAP,15.0877,15.3227,15.0508,15.2665,26938
2021-07-26,FXKAP,15.2207,15.4059,15.2062,15.3064,53248
2021-07-27,FXKAP,15.3354,15.3424,15.1320,15.1547,97108
2021-07-28,FXKAP,15.1285,15.2053,14.7231,14.7348,63043
2021-07-29,FXKAP,14.6069,14.7561,14.5342,14.7457,45724
2021-07-30,FXKAP,14.7301,14.7447,14.6077,14.6545,96118
2021-08-02,FXKAP,14.7032,15.0278,14.6676,14.9321,41578
2021-08-03,FXKAP,14.9928,15.0137,14.8448,14.8747,38208
2021-08-04,FXKAP,14.8246,14.8257,14.5962,14.6125,79317
2021-08-05,FXKAP,14.5428,14.6865,14.4715,14.6859,43874
2021-08-06,FXKAP,14.6982,14.7578,14.4395,14.4626,53373
2021-08-09,FXKAP,14.3723,14.4481,14.3349,14.3861,99529
2021-08-10,FXKAP,14.4623,14.4954,14.3332,14.4292,33472
2021-08-11,FXKAP,14.4682,14.7456,14.3783,14.7243,78200
2021-08-12,FXKAP,14.7420,14.8809,14.6419,14.8625,66264
2021-08-13,FXKAP,14.9445,14.9795,14.3782,14.4912,69822
2021-08-16,FXKAP,14.5483,14.8800,14.5207,14.8536,25361
2021-08-17,FXKAP,14.8164,15.0326,14.8151,14.9357,54256
2021-08-18,FXKAP,14.8822,15.2830,14.8539,15.2418,39427
2021-08-19,FXKAP,15.2635,15.3739,15.1820,15.1871,66933
2021-08-20,FXKAP,15.1888,15.4420,15.1581,15.4191,37826
2021-08-23,FXKAP,15.4188,15.5698,15.2079,15.2480,32876
2021-08-24,FXKAP,15.2646,15.4358,15.1307,15.1791,34605
2021-08-25,FXKAP,15.2618,15.2634,14.9892,15.1792,50286
2021-08-26,FXKAP,15.2361,15.3485,15.1166,15.3033,79579
2021-08-27,FXKAP,15.3229,15.5490,15.1807,15.5200,99470
2021-08-30,FXKAP,15.6358,16.2117,15.6072,16.1522,86123
2021-08-31,FXKAP,16.1901,16.2588,16.1386,16.2082,33514
2021-09-01,FXKAP,16.2845,16.3309,16.0058,16.0660,30078
2021-09-02,FXKAP,16.1149,16.1570,15.7714,15.8154,38393
2021-09-03,FXKAP,15.8337,15.8467,15.6556,15.7177,85176
2021-09-06,FXKAP,15.8012,15.8905,15.6485,15.7042,94180
2021-09-07,FXKAP,15.6956,15.7767,15.4042,15.4403,22908
2021-09-08,FXKAP,15.4694,15.4734,15.3752,15.4689,95594
2021-09-09,FXKAP,15.4468,15.7434,15.4125,15.7090,62084
2021-09-10,FXKAP,15.8984,15.9564,15.1258,15.1597,87058
2021-09-13,FXKAP,15.1507,15.1877,14.8511,14.9281,51857
2021-09-14,FXKAP,14.8550,14.8845,14.7914,14.8618,49788
2021-09-15,FXKAP,14.7778,15.4698,14.7090,15.2885,95560
2021-09-16,FXKAP,15.1943,15.4814,15.1922,15.4546,41816
2021-09-17,FXKAP,15.4991,15.6700,15.4844,15.6315,38342
2021-09-20,FXKAP,15.7385,15.7898,15.0795,15.1555,22593
2021-09-21,FXKAP,15.1086,15.1135,14.9863,15.0760,31977
2021-09-22,FXKAP,15.0113,15.3506,14.9035,15.3445,97723
2021-09-23,FXKAP,15.3088,15.3328,15.0976,15.1587,62207
2021-09-24,FXKAP,15.1290,15.1415,14.9650,15.0721,44108
2021-09-27,FXKAP,14.9857,15.4347,14.9520,15.2988,90050
2021-09-28,FXKAP,15.1857,15.3353,15.1393,15.2896,44781
2021-09-29,FXKAP,15.2790,15.2875,15.1497,15.1743,50587
2021-09-30,FXKAP,15.2029,15.2220,15.1087,15.1369,66992
2021-10-01,FXKAP,15.1063,15.2614,15.0805,15.2520,88028
2021-10-04,FXKAP,15.2339,15.2864,15.0956,15.1095,84088
2021-10-05,FXKAP,15.0799,15.1288,15.0655,15.1129,85666
2021-10-06,FXKAP,15.1751,15.2112,15.1611,15.1849,25010
2021-10-07,FXKAP,15.2343,15.2854,15.0712,15.1022,52274
2021-10-08,FXKAP,15.0391,15.0419,14.9496,14.9857,52151
2021-10-11,FXKAP,15.0435,15.0743,14.8510,14.9186,76035
2021-10-12,FXKAP,14.8635,14.9585,14.4933,14.5195,98585
2021-10-13,FXKAP,14.5691,14.7501,14.5606,14.7469,94976
2021-10-14,FXKAP,14.7798,14.8887,14.7653,14.8470,37731
2021-10-15,FXKAP,14.8824,14.9690,14.7054,14.7825,94055
2021-10-18,FXKAP,14.7424,14.8867,14.7092,14.8364,43265
2021-10-19,FXKAP,14.7351,15.0140,14.7139,14.9072,32621
2021-10-20,FXKAP,14.8879,15.5135,14.8703,15.4661,42835
2021-10-21,FXKAP,15.4687,15.5384,15.0521,15.1166,95929
2021-10-22,FXKAP,15.0403,15.1547,14.9655,15.0966,65204
2021-10-25,FXKAP,15.1730,15.2134,15.1679,15.1969,40040
2021-10-26,FXKAP,15.1637,15.3888,15.1563,15.3245,75784
2021-10-27,FXKAP,15.3466,15.3805,15.1819,15.3032,30976
2021-10-28,FXKAP,15.2896,15.6197,15.1942,15.5361,41463
2021-10-29,FXKAP,15.6757,15.7243,15.5377,15.5677,55336
2021-11-01,FXKAP,15.5514,15.6429,15.2598,15.3314,31174
2021-11-02,FXKAP,15.2739,15.6239,15.2370,15.5888,64727
2021-11-03,FXKAP,15.5937,15.6888,15.5853,15.6799,87988
2021-11-04,FXKAP,15.7032,16.0546,15.6623,15.9528,84988
2021-11-05,FXKAP,16.0282,16.0316,15.9139,16.0108,98667
2021-11-08,FXKAP,15.9198,16.3989,15.8043,16.3630,73660
2021-11-09,FXKAP,16.4185,16.4477,15.8315,15.8376,22140
2021-11-10,FXKAP,15.8481,15.9060,15.5541,15.5693,69570
2021-11-11,FXKAP,15.4927,15.8837,15.4873,15.8645,69601
2021-11-12,FXKAP,15.7687,15.7959,15.5833,15.6506,54562
2021-11-15,FXKAP,15.6977,15.9287,15.6489,15.9027,50440
2021-11-16,FXKAP,15.8331,16.1385,15.8260,16.1130,25611
2021-11-17,FXKAP,16.0021,16.1642,15.9959,16.1151,80108
2021-11-18,FXKAP,16.0625,16.2116,16.0620,16.1593,78942
2021-11-19,FXKAP,16.0834,16.1281,15.9583,15.9619,21145
2021-11-22,FXKAP,16.0130,16.1006,15.9505,15.9708,29204
2021-11-23,FXKAP,15.8914,16.0082,15.8839,15.9987,67723
2021-11-24,FXKAP,16.0253,16.0584,15.6648,15.7456,75970
2021-11-25,FXKAP,15.7450,15.7749,15.3385,15.3780,35824
2021-11-26,FXKAP,15.4661,15.5250,15.2487,15.2591,95680
2021-11-29,FXKAP,15.3114,15.4215,15.2055,15.2356,69463
2021-11-30,FXKAP,15.2045,15.6405,15.1122,15.5818,91694
2021-12-01,FXKAP,15.6944,15.7557,15.2012,15.2556,69173
2021-12-02,FXKAP,15.2195,15.4965,15.2125,15.3878,37337
2021-12-03,FXKAP,15.2907,15.3261,15.2529,15.2975,60280
2021-12-06,FXKAP,15.2459,15.3161,14.7800,14.8215,72788
2021-12-07,FXKAP,14.8069,14.8344,14.7821,14.7954,87940
2021-12-08,FXKAP,14.7885,14.9561,14.7787,14.9371,41919
2021-12-09,FXKAP,14.9187,15.0231,14.6257,14.7195,44469
2021-12-10,FXKAP,14.7122,14.7469,14.5740,14.5767,42065
2021-12-13,FXKAP,14.5343,14.6594,14.3382,14.4021,54014
2021-12-14,FXKAP,14.4259,14.5947,14.4006,14.5720,97220
2021-12-15,FXKAP,14.6471,14.7475,14.6121,14.7193,97300
2021-12-16,FXKAP,14.5916,14.5953,14.4193,14.4998,85630
2021-12-17,FXKAP,14.5642,14.7642,14.4444,14.7509,32535
2021-12-20,FXKAP,14.6181,14.6809,14.5531,14.6016,91992
2021-12-21,FXKAP,14.5316,14.7236,14.5014,14.6808,79204
2021-12-22,FXKAP,14.6388,14.6658,14.2722,14.3197,43331
2021-12-23,FXKAP,14.3400,14.3721,14.1566,14.1877,87401
2021-12-24,FXKAP,14.1978,14.2564,14.1490,14.2133,98667
2021-12-27,FXKAP,14.2104,14.3863,14.1737,14.3444,48205
2021-12-28,FXKAP,14.3284,14.3316,14.2246,14.3055,52224
2021-12-29,FXKAP,14.3830,14.7319,14.3749,14.7052,44080
2021-12-30,FXKAP,14.7135,14.7437,14.5352,14.5388,29218
2021-12-31,FXKAP,14.5694,14.8447,14.5532,14.8321,53055
2022-01-03,FXKAP,14.9130,14.9715,14.6823,14.6889,26364
2022-01-04,FXKAP,14.6700,14.9163,14.6300,14.8643,84863
2022-01-05,FXKAP,14.8480,14.9385,14.4185,14.4746,20471
2022-01-06,FXKAP,14.4036,14.5850,14.3851,14.5333,72218
2022-01-07,FXKAP,14.5934,14.6226,14.4726,14.4998,52155
2022-01-10,FXKAP,14.4914,14.5015,14.3242,14.3707,96434
2022-01-11,FXKAP,14.5330,14.7801,14.5110,14.7380,72041
2022-01-12,FXKAP,14.7837,14.8055,14.6068,14.6889,28423
2022-01-13,FXKAP,14.6233,14.6385,14.4605,14.4721,67611
2022-01-14,FXKAP,14.5283,14.6081,14.5195,14.5860,84643
2022-01-17,FXKAP,14.5585,14.5907,14.1305,14.2058,87099
2022-01-18,FXKAP,14.2201,14.2424,14.0630,14.1135,88639
2022-01-19,FXKAP,14.0926,14.3976,14.0805,14.3820,39648
2022-01-20,FXKAP,14.2586,14.3771,14.2460,14.3750,48853
2022-01-21,FXKAP,14.4114,14.4482,14.0775,14.1033,90095
2022-01-24,FXKAP,14.0893,14.2199,14.0428,14.2010,87014
2022-01-25,FXKAP,14.1353,14.3423,14.0781,14.3172,51894
2022-01-26,FXKAP,14.3203,14.6413,14.3101,14.6126,30608
2022-01-27,FXKAP,14.6443,14.7293,14.4669,14.5275,87274
2022-01-28,FXKAP,14.5960,14.7738,14.5129,14.6648,94796
2022-01-31,FXKAP,14.6230,14.6835,14.4957,14.5148,55814
2022-02-01,FXKAP,14.6058,14.6990,14.0817,14.1948,36164
2022-02-02,FXKAP,14.1267,14.1625,14.0922,14.1470,42819
2022-02-03,FXKAP,14.1475,14.2166,13.9015,13.9872,20130
2022-02-04,FXKAP,13.9264,14.1184,13.8461,14.0905,61543
2022-02-07,FXKAP,14.0947,14.1161,13.7747,13.8126,31852
2022-02-08,FXKAP,13.8218,14.0216,13.8067,14.0166,87870
2022-02-09,FXKAP,13.9952,14.0936,13.9390,14.0870,26001
2022-02-10,FXKAP,14.0705,14.1470,13.5518,13.5931,88166
2022-02-11,FXKAP,13.6178,13.6407,13.4989,13.5303,61255
2022-02-14,FXKAP,13.5204,13.8513,13.4799,13.7923,62792
2022-02-15,FXKAP,13.7386,13.9755,13.6286,13.9417,31377
2022-02-16,FXKAP,13.9058,14.1031,13.8178,14.0917,99177
2022-02-17,FXKAP,14.0501,14.1361,13.9447,14.1276,36528
2022-02-18,FXKAP,14.2160,14.2948,13.7347,13.7767,54472
2022-02-21,FXKAP,13.8256,13.8323,13.6863,13.7364,44112
2022-02-22,FXKAP,13.6871,13.6975,13.5051,13.5239,52868
2022-02-23,FXKAP,13.6087,13.7933,13.0650,13.1418,46580
2022-02-24,FXKAP,13.1958,13.2456,12.9526,12.9768,27780
2022-02-25,FXKAP,13.0094,13.2366,13.0029,13.1748,33485
2022-02-28,FXKAP,13.1808,13.4428,13.0925,13.3848,35657
2022-03-01,FXKAP,13.3653,13.4725,13.3571,13.4545,77850
2022-03-02,FXKAP,13.4050,13.4058,13.0170,13.1009,80390
2022-03-03,FXKAP,13.1814,13.2485,13.0327,13.0358,97026
2022-03-04,FXKAP,13.0293,13.0360,12.7392,12.8158,64544
2022-03-07,FXKAP,12.7775,12.8108,12.7035,12.7624,89486
2022-03-08,FXKAP,12.7788,13.1082,12.7016,13.0803,27189
2022-03-09,FXKAP,13.0321,13.1872,12.9979,13.1045,41665
2022-03-10,FXKAP,13.1472,13.1691,12.9869,13.0352,52174
2022-03-11,FXKAP,13.1026,13.1974,13.0238,13.1479,24892
2022-03-14,FXKAP,13.1333,13.2868,13.0351,13.2219,56827
2022-03-15,FXKAP,13.2510,13.3382,13.0629,13.0955,57993
2022-03-16,FXKAP,13.1818,13.2881,12.7802,12.8496,76650
2022-03-17,FXKAP,12.7630,13.0304,12.7146,12.9968,33770
2022-03-18,FXKAP,12.9379,12.9561,12.6916,12.7536,76447
2022-03-21,FXKAP,12.7844,13.1337,12.7063,13.1122,66269
2022-03-22,FXKAP,13.0284,13.0541,13.0028,13.0104,66687
2022-03-23,FXKAP,13.0882,13.1684,13.0051,13.0954,96639
2022-03-24,FXKAP,13.0986,13.1295,12.5880,12.6708,89054
2022-03-25,FXKAP,12.6305,12.6785,12.4394,12.4655,59758
2022-03-28,FXKAP,12.4862,12.5364,12.4005,12.4284,82308
2022-03-29,FXKAP,12.4083,12.6230,12.4061,12.5759,47163
2022-03-30,FXKAP,12.5902,12.6127,12.4358,12.5088,88258
2022-03-31,FXKAP,12.3613,12.3635,12.3128,12.3605,39580
2022-04-01,FXKAP,12.2247,12.2954,12.2094,12.2185,21703
2022-04-04,FXKAP,12.1650,12.2400,12.1462,12.2066,48396
2022-04-05,FXKAP,12.2506,12.3107,12.1721,12.2109,66951
2022-04-06,FXKAP,12.1920,12.4281,12.1642,12.3586,49240
2022-04-07,FXKAP,12.3716,12.4074,12.2898,12.2902,48311
2022-04-08,FXKAP,12.3478,12.4309,12.1200,12.1419,35119
2022-04-11,FXKAP,12.2276,12.2812,11.9244,11.9540,98618
2022-04-12,FXKAP,11.9163,11.9248,11.8570,11.8977,64339
2022-04-13,FXKAP,11.9162,11.9214,11.6984,11.8025,55154
2022-04-14,FXKAP,11.8962,11.9445,11.8451,11.8526,44356
2022-04-15,FXKAP,11.8117,11.8359,11.6369,11.6960,66514
2022-04-18,FXKAP,11.7194,12.0120,11.6594,11.9569,54910
2022-04-19,FXKAP,11.9306,12.0010,11.4931,11.5779,81214
2022-04-20,FXKAP,11.5441,11.5623,11.4673,11.4814,39869
2022-04-21,FXKAP,11.4114,11.8097,11.3573,11.7350,96385
2022-04-22,FXKAP,11.6681,11.6954,11.5009,11.5130,56776
2022-04-25,FXKAP,11.4770,11.4972,11.4158,11.4426,66039
2022-04-26,FXKAP,11.3241,11.5704,11.2905,11.5343,69634
2022-04-27,FXKAP,11.5545,11.8246,11.5090,11.8100,83861
2022-04-28,FXKAP,11.8224,11.9396,11.7912,11.9060,75879
2022-04-29,FXKAP,11.9159,11.9709,11.7934,11.7953,30589
2022-05-02,FXKAP,11.8233,11.8498,11.7843,11.8113,35048
2022-05-03,FXKAP,11.8857,11.8860,11.7272,11.7581,26434
2022-05-04,FXKAP,11.7339,11.8226,11.5262,11.5856,93215
2022-05-05,FXKAP,11.6086,11.7773,11.5877,11.7553,85291
2022-05-06,FXKAP,11.7765,11.8456,11.7454,11.8326,64083
2022-05-09,FXKAP,11.8967,11.8987,11.7421,11.7480,67468
2022-05-10,FXKAP,11.7116,12.0051,11.6591,11.9695,72779
2022-05-11,FXKAP,11.9952,12.0309,11.9377,12.0277,36623
2022-05-12,FXKAP,12.1124,12.1363,11.7619,11.7831,72414
2022-05-13,FXKAP,11.7930,11.7991,11.6819,11.7586,51263
2022-05-16,FXKAP,11.7145,11.7408,11.6068,11.6864,36202
2022-05-17,FXKAP,11.6841,11.7427,11.6682,11.6805,54657
2022-05-18,FXKAP,11.6731,11.7752,11.6293,11.7227,94451
2022-05-19,FXKAP,11.6234,11.8314,11.5669,11.8148,50500
2022-05-20,FXKAP,11.7541,11.7572,11.7428,11.7483,29136
2022-05-23,FXKAP,11.7091,11.8219,11.5183,11.5409,64091
2022-05-24,FXKAP,11.5572,11.6918,11.4604,11.6817,20178
2022-05-25,FXKAP,11.6430,12.1005,11.5639,12.0792,26135
2022-05-26,FXKAP,11.9992,12.0285,11.9976,12.0082,72777
2022-05-27,FXKAP,12.0355,12.2778,11.9648,12.2739,79966
2022-05-30,FXKAP,12.3678,12.5547,12.3602,12.5202,42593
2022-05-31,FXKAP,12.4747,12.5227,12.4468,12.4750,37788
2022-06-01,FXKAP,12.5309,12.5823,12.4534,12.4566,61180
2022-06-02,FXKAP,12.4777,12.5378,12.3143,12.3704,38081
2022-06-03,FXKAP,12.3071,12.5220,12.2611,12.4727,27416
2022-06-06,FXKAP,12.5161,12.6066,12.4421,12.5296,32190
2022-06-07,FXKAP,12.4924,12.8205,12.4486,12.7033,69431
2022-06-08,FXKAP,12.6557,12.6686,12.1343,12.2565,55314
2022-06-09,FXKAP,12.2406,12.2833,12.1128,12.1850,49451
2022-06-10,FXKAP,12.2722,12.2917,11.9007,11.9235,79932
2022-06-13,FXKAP,11.9581,11.9741,11.8524,11.8687,65077
2022-06-14,FXKAP,11.8186,12.1822,11.7798,12.0836,51210
2022-06-15,FXKAP,12.0067,12.0302,11.8525,11.8674,59651
2022-06-16,FXKAP,11.9258,12.0999,11.8942,12.0398,64747
2022-06-17,FXKAP,11.9831,12.4873,11.9807,12.4003,93822
2022-06-20,FXKAP,12.4169,12.5688,12.3857,12.4443,40833
2022-06-21,FXKAP,12.3750,12.4758,12.1971,12.2898,90115
2022-06-22,FXKAP,12.2742,12.3596,12.2397,12.3253,21650
2022-06-23,FXKAP,12.3935,12.4000,12.2019,12.2282,53405
2022-06-24,FXKAP,12.2547,12.2638,11.8846,11.9101,46796
2022-06-27,FXKAP,11.9140,12.0841,11.8634,12.0146,82239
2022-06-28,FXKAP,12.0346,12.7596,12.0059,12.5891,27014
2022-06-29,FXKAP,12.6057,12.8984,12.5480,12.8644,72395
2022-06-30,FXKAP,12.8381,12.8399,12.7233,12.7805,42039
2022-07-01,FXKAP,12.7756,12.9351,12.7360,12.8558,31942
2022-07-04,FXKAP,12.8538,13.0181,12.8450,12.9546,46102
2022-07-05,FXKAP,12.8869,13.0747,12.8854,12.9479,47017
2022-07-06,FXKAP,13.0117,13.0481,12.9986,13.0396,79532
2022-07-07,FXKAP,12.9233,12.9339,12.8318,12.8475,79266
2022-07-08,FXKAP,12.8630,13.3020,12.8612,13.2733,83808
2022-07-11,FXKAP,13.2223,13.3542,13.2040,13.3265,97763
2022-07-12,FXKAP,13.3998,13.4306,12.8547,12.9150,91382
2022-07-13,FXKAP,12.9242,13.0789,12.7013,12.7074,89649
2022-07-14,FXKAP,12.7174,12.9981,12.7070,12.9675,88293
2022-07-15,FXKAP,12.9041,12.9626,12.8440,12.9249,32036
2022-07-18,FXKAP,12.8497,13.2432,12.8249,13.2134,54159
2022-07-19,FXKAP,13.1571,13.1966,13.0300,13.0369,94342
2022-07-20,FXKAP,13.0481,13.2550,12.9923,13.1846,34906
2022-07-21,FXKAP,13.1524,13.2750,13.1202,13.2235,73258
2022-07-22,FXKAP,13.2804,13.3755,12.9807,13.0710,50062
2022-07-25,FXKAP,13.1471,13.1807,13.0357,13.1473,86513
2022-07-26,FXKAP,13.2253,13.2475,13.1973,13.2296,60400
2022-07-27,FXKAP,13.2714,13.2783,12.8901,12.9809,78346
2022-07-28,FXKAP,13.0349,13.0416,12.9505,13.0398,66523
2022-07-29,FXKAP,13.0944,13.1705,12.9415,12.9481,41393
2022-08-01,FXKAP,12.9249,12.9622,12.7021,12.7177,62041
2022-08-02,FXKAP,12.6915,12.8106,12.4450,12.4889,87872
2022-08-03,FXKAP,12.4460,12.8719,12.4278,12.8012,49883
2022-08-04,FXKAP,12.7355,12.7412,12.6661,12.7054,35007
2022-08-05,FXKAP,12.7294,12.7412,12.3077,12.3134,53254
2022-08-08,FXKAP,12.3695,12.3863,12.3038,12.3390,95393
2022-08-09,FXKAP,12.3748,12.4434,12.1838,12.1970,27359
2022-08-10,FXKAP,12.2037,12.3746,12.1070,12.2368,48085
2022-08-11,FXKAP,12.2659,12.3957,12.2249,12.3828,62444
2022-08-12,FXKAP,12.3919,12.5291,12.3322,12.4822,85652
2022-08-15,FXKAP,12.5015,12.5332,12.4366,12.5315,48578
2022-08-16,FXKAP,12.5494,12.5712,12.4265,12.4302,21045
2022-08-17,FXKAP,12.3987,12.6886,12.3354,12.6560,50992
2022-08-18,FXKAP,12.6566,12.7101,12.3233,12.4320,72635
2022-08-19,FXKAP,12.4326,12.4825,12.3140,12.3217,52481
2022-08-22,FXKAP,12.3193,12.3762,12.2372,12.3415,78725
2022-08-23,FXKAP,12.3268,12.3806,12.2765,12.3338,41319
2022-08-24,FXKAP,12.3574,12.5053,12.2854,12.4299,59871
2022-08-25,FXKAP,12.5207,12.5570,12.3775,12.3956,46364
2022-08-26,FXKAP,12.3816,12.5428,12.3191,12.4801,60092
2022-08-29,FXKAP,12.4670,12.5120,12.2678,12.3084,86564
2022-08-30,FXKAP,12.3787,12.4235,12.2433,12.2870,41560
2022-08-31,FXKAP,12.3673,12.3716,12.2752,12.2787,53995
2022-09-01,FXKAP,12.3604,12.3630,12.2583,12.3252,59522
2022-09-02,FXKAP,12.2521,12.3348,12.1175,12.2213,95498
2022-09-05,FXKAP,12.2484,12.2936,12.1722,12.2427,58869
2022-09-06,FXKAP,12.2905,12.3713,12.2898,12.3323,57240
2022-09-07,FXKAP,12.2500,12.3364,12.1159,12.2987,70435
2022-09-08,FXKAP,12.2526,12.2632,12.1871,12.1988,29740
2022-09-09,FXKAP,12.2181,12.2764,12.1716,12.1878,87034
2022-09-12,FXKAP,12.2229,12.3056,12.2022,12.2831,80291
2022-09-13,FXKAP,12.2439,12.5865,12.2229,12.5108,29054
2022-09-14,FXKAP,12.4812,12.5446,12.4254,12.5335,85184
2022-09-15,FXKAP,12.5887,12.6112,12.5130,12.5249,33193
2022-09-16,FXKAP,12.6037,12.6110,12.1887,12.1965,73771
2022-09-19,FXKAP,12.0683,12.4247,12.0253,12.4164,65355
2022-09-20,FXKAP,12.3808,12.4677,12.3159,12.4274,34051
2022-09-21,FXKAP,12.4412,12.4898,12.2994,12.3262,81578
2022-09-22,FXKAP,12.3668,12.5048,12.2990,12.4956,35148
2022-09-23,FXKAP,12.5128,12.5908,12.4376,12.5445,85748
2022-09-26,FXKAP,12.4997,12.5483,12.2462,12.2653,23035
2022-09-27,FXKAP,12.3249,12.3594,12.1005,12.1613,56897
2022-09-28,FXKAP,12.1730,12.1746,11.8975,11.9012,59181
2022-09-29,FXKAP,11.9090,11.9582,11.5287,11.6050,82395
2022-09-30,FXKAP,11.5900,11.7688,11.5889,11.6776,65956
2022-10-03,FXKAP,11.6377,11.7716,11.5564,11.7569,67361
2022-10-04,FXKAP,11.7269,11.8222,11.4715,11.4721,55855
2022-10-05,FXKAP,11.4904,11.5871,11.4355,11.5865,57870
2022-10-06,FXKAP,11.4654,11.7605,11.4549,11.7277,71228
2022-10-07,FXKAP,11.7392,11.7404,11.5676,11.6037,98585
2022-10-10,FXKAP,11.5734,11.6254,11.5550,11.5568,91935
2022-10-11,FXKAP,11.5308,11.7519,11.5071,11.6841,47592
2022-10-12,FXKAP,11.6432,11.6984,11.6118,11.6913,48315
2022-10-13,FXKAP,11.7212,11.8043,11.6899,11.7375,91302
2022-10-14,FXKAP,11.8408,11.8537,11.4225,11.4965,66316
2022-10-17,FXKAP,11.5200,11.5311,11.3511,11.4045,40971
2022-10-18,FXKAP,11.4016,11.4286,11.3689,11.4148,24963
2022-10-19,FXKAP,11.4410,11.6050,11.3807,11.5810,40024
2022-10-20,FXKAP,11.6373,11.6471,11.5087,11.5404,20242
2022-10-21,FXKAP,11.4929,11.5991,11.4416,11.5370,41381
2022-10-24,FXKAP,11.5295,11.6661,11.5258,11.6264,40325
2022-10-25,FXKAP,11.5737,11.8059,11.5404,11.7979,46745
2022-10-26,FXKAP,11.7703,11.8560,11.7007,11.7246,84358
2022-10-27,FXKAP,11.7639,11.7695,11.4179,11.4707,94115
2022-10-28,FXKAP,11.4123,11.6775,11.3378,11.6057,69424
2022-10-31,FXKAP,11.6621,11.8810,11.6541,11.8677,73984
2022-11-01,FXKAP,11.8870,12.2434,11.8450,12.1746,81604
2022-11-02,FXKAP,12.1375,12.2220,12.1098,12.1284,53967
2022-11-03,FXKAP,12.0826,12.0836,11.7258,11.7363,58830
2022-11-04,FXKAP,11.7832,11.9443,11.7727,11.9414,57412
2022-11-07,FXKAP,11.9977,12.0652,11.9489,11.9905,71705
2022-11-08,FXKAP,12.0016,12.0822,11.7734,11.7777,80706
2022-11-09,FXKAP,11.8346,12.1737,11.7999,12.0936,50847
2022-11-10,FXKAP,12.1289,12.1715,11.9174,11.9258,40595
2022-11-11,FXKAP,11.8763,11.9736,11.7708,11.7745,74114
2022-11-14,FXKAP,11.8622,11.8750,11.5579,11.5757,78306
2022-11-15,FXKAP,11.5086,11.5416,11.3140,11.3542,41916
2022-11-16,FXKAP,11.3777,11.5645,11.2841,11.5086,37036
2022-11-17,FXKAP,11.5281,11.5862,11.3420,11.4053,40526
2022-11-18,FXKAP,11.3508,11.4307,11.2718,11.4245,53982
2022-11-21,FXKAP,11.4675,11.5287,11.1441,11.2135,57097
2022-11-22,FXKAP,11.1525,11.2341,11.1447,11.1805,27334
2022-11-23,FXKAP,11.1471,11.2193,11.0691,11.1873,48445
2022-11-24,FXKAP,11.1449,11.3334,11.1112,11.2563,69307
2022-11-25,FXKAP,11.2259,11.2575,11.0542,11.0822,28215
2022-11-28,FXKAP,11.0928,11.1159,11.0453,11.0630,78931
2022-11-29,FXKAP,10.9951,11.0228,10.8035,10.9116,80327
2022-11-30,FXKAP,10.9428,10.9555,10.8305,10.8574,68924
2022-12-01,FXKAP,10.9020,10.9536,10.7954,10.8006,81520
2022-12-02,FXKAP,10.8011,10.9045,10.7373,10.8395,82238
2022-12-05,FXKAP,10.8227,10.8686,10.7529,10.7945,21887
2022-12-06,FXKAP,10.8398,10.9942,10.8179,10.9826,92605
2022-12-07,FXKAP,10.9692,11.2193,10.9093,11.2072,73028
2022-12-08,FXKAP,11.2581,11.3024,11.0368,11.0599,87853
2022-12-09,FXKAP,11.1323,11.1583,10.8926,10.9845,80927
2022-12-12,FXKAP,11.0049,11.1250,10.9989,11.0240,78256
2022-12-13,FXKAP,10.9912,11.1603,10.9165,11.1391,73831
2022-12-14,FXKAP,11.1492,11.2188,10.9097,11.0014,56490
2022-12-15,FXKAP,10.9902,11.3179,10.8703,11.3151,78697
2022-12-16,FXKAP,11.2448,11.2995,11.1775,11.1835,88883
2022-12-19,FXKAP,11.2663,11.2708,10.9676,11.0142,67070
2022-12-20,FXKAP,11.0277,11.4729,10.9347,11.4180,68610
2022-12-21,FXKAP,11.3339,11.7395,11.2610,11.6624,75162
2022-12-22,FXKAP,11.6161,11.6831,11.6024,11.6717,47096
2022-12-23,FXKAP,11.6400,11.8296,11.6369,11.7525,67845
2022-12-26,FXKAP,11.7885,11.8166,11.5918,11.6874,64774
2022-12-27,FXKAP,11.6211,11.6518,11.5842,11.6033,61091
2022-12-28,FXKAP,11.5861,11.6143,11.2878,11.2977,99794
2022-12-29,FXKAP,11.2296,11.3320,11.1910,11.3102,47355
2022-12-30,FXKAP,11.2826,11.6976,11.2755,11.6852,30806
2023-01-02,FXKAP,11.6968,11.7944,11.5404,11.5507,91518
2023-01-03,FXKAP,11.5901,11.6395,11.4515,11.4557,78272
2023-01-04,FXKAP,11.4488,11.4951,11.2973,11.3631,56852
2023-01-05,FXKAP,11.4314,11.4549,11.2599,11.2603,58119
2023-01-06,FXKAP,11.2871,11.3920,11.2809,11.3528,32657
2023-01-09,FXKAP,11.3464,11.4032,11.2093,11.2502,99373
2023-01-10,FXKAP,11.1892,11.2333,11.0454,11.0587,76446
2023-01-11,FXKAP,11.1076,11.2226,11.0423,11.1164,65493
2023-01-12,FXKAP,11.0935,11.2763,11.0819,11.2557,50761
2023-01-13,FXKAP,11.2150,11.3707,11.1783,11.3692,91602
2023-01-16,FXKAP,11.3141,11.3869,11.2450,11.3031,92396
2023-01-17,FXKAP,11.3069,11.4443,11.2975,11.4012,97466
2023-01-18,FXKAP,11.3208,11.3459,11.2988,11.3458,95368
2023-01-19,FXKAP,11.2789,11.3118,11.2749,11.2833,36644
2023-01-20,FXKAP,11.3149,11.4895,11.2945,11.4672,66416
2023-01-23,FXKAP,11.4271,11.4618,11.1577,11.2717,50092
2023-01-24,FXKAP,11.2190,11.2199,11.1784,11.1893,32696
2023-01-25,FXKAP,11.2200,11.2809,11.1934,11.2091,79863
2023-01-26,FXKAP,11.2057,11.3521,11.1988,11.3388,55092
2023-01-27,FXKAP,11.3627,11.4214,11.3086,11.3748,69725
2023-01-30,FXKAP,11.4752,11.5767,11.2358,11.2492,20354
2023-01-31,FXKAP,11.2462,11.2488,10.8795,10.9098,32200
2023-02-01,FXKAP,10.8923,11.0065,10.8171,10.9572,84889
2023-02-02,FXKAP,10.9484,11.1248,10.8717,11.1230,34947
2023-02-03,FXKAP,11.1604,11.2915,11.1005,11.2690,40545
2023-02-06,FXKAP,11.2982,11.3035,11.0190,11.0383,56179
2023-02-07,FXKAP,11.0771,11.1651,10.6756,10.7540,69174
2023-02-08,FXKAP,10.8483,10.8495,10.4043,10.4713,40184
2023-02-09,FXKAP,10.3579,10.6845,10.3523,10.6229,83882
2023-02-10,FXKAP,10.5864,10.6600,10.4162,10.4185,86577
2023-02-13,FXKAP,10.3683,10.4065,10.2544,10.2774,48591
2023-02-14,FXKAP,10.3331,10.3487,10.1318,10.1359,39011
2023-02-15,FXKAP,10.0889,10.4154,10.0224,10.3471,63736
2023-02-16,FXKAP,10.3423,10.4981,10.3201,10.4146,69783
2023-02-17,FXKAP,10.3822,10.5113,10.3259,10.4954,91886
2023-02-20,FXKAP,10.4911,10.5599,10.4202,10.4983,35817
2023-02-21,FXKAP,10.4890,10.5499,10.3308,10.3457,97771
2023-02-22,FXKAP,10.3397,10.5661,10.2868,10.5038,43197
2023-02-23,FXKAP,10.5371,10.7221,10.5050,10.7099,53997
2023-02-24,FXKAP,10.7694,10.7836,10.3816,10.3988,21746
2023-02-27,FXKAP,10.3552,10.4051,10.3230,10.3444,95970
2023-02-28,FXKAP,10.3400,10.5379,10.3325,10.5207,71629
2023-03-01,FXKAP,10.6334,10.6388,10.5300,10.5595,56228
2023-03-02,FXKAP,10.5761,10.8899,10.5711,10.8394,42848
2023-03-03,FXKAP,10.8126,10.8132,10.4822,10.5474,88298
2023-03-06,FXKAP,10.5517,10.5688,10.3221,10.3601,70491
2023-03-07,FXKAP,10.3640,10.8919,10.3494,10.8751,24692
2023-03-08,FXKAP,10.9056,11.0733,10.8780,11.0708,55893
2023-03-09,FXKAP,11.0657,11.1023,11.0110,11.0536,71171
2023-03-10,FXKAP,10.9880,11.0785,10.9863,11.0770,62674
2023-03-13,FXKAP,11.1497,11.1615,11.1099,11.1452,38010
2023-03-14,FXKAP,11.1910,11.3191,11.0973,11.1058,43490
2023-03-15,FXKAP,11.0604,11.1927,10.9642,11.1920,99526
2023-03-16,FXKAP,11.2074,11.4289,11.1807,11.3453,90897
2023-03-17,FXKAP,11.4014,11.4324,11.2189,11.2398,20219
2023-03-20,FXKAP,11.2480,11.2626,11.1527,11.2169,91102
2023-03-21,FXKAP,11.2103,11.3795,11.1256,11.3780,96630
2023-03-22,FXKAP,11.3574,11.3615,11.2180,11.2509,61074
2023-03-23,FXKAP,11.2714,11.3018,10.9652,11.0399,57596
2023-03-24,FXKAP,11.0784,11.1298,10.9074,10.9165,32377
2023-03-27,FXKAP,10.8864,11.0665,10.8719,10.9980,48334
2023-03-28,FXKAP,10.9967,11.2047,10.9644,11.1719,72928
2023-03-29,FXKAP,11.1083,11.1476,11.0224,11.0484,51485
2023-03-30,FXKAP,11.0384,11.1423,10.9388,11.1034,56524
2023-03-31,FXKAP,11.0909,11.3105,11.0716,11.2911,80389
2023-04-03,FXKAP,11.3059,11.3118,11.1651,11.1767,89075
2023-04-04,FXKAP,11.1027,11.3564,11.0709,11.3275,68578
2023-04-05,FXKAP,11.3191,11.4465,11.2758,11.4411,54819
2023-04-06,FXKAP,11.3919,11.4761,10.8592,10.8954,80632
2023-04-07,FXKAP,10.8662,10.9897,10.8579,10.9577,81126
2023-04-10,FXKAP,10.9322,11.0945,10.9170,11.0272,56041
2023-04-11,FXKAP,11.0323,11.1252,11.0283,11.1155,46859
2023-04-12,FXKAP,11.0641,11.3029,11.0261,11.2555,64828
2023-04-13,FXKAP,11.2525,11.3153,11.1862,11.2254,52507
2023-04-14,FXKAP,11.2189,11.3921,11.1598,11.3403,75338
2023-04-17,FXKAP,11.3862,11.4369,11.2198,11.2347,29105
2023-04-18,FXKAP,11.2019,11.3409,11.2018,11.3046,64784
2023-04-19,FXKAP,11.2502,11.2615,11.1488,11.2359,63006
2023-04-20,FXKAP,11.2188,11.3030,11.2033,11.2950,57125
2023-04-21,FXKAP,11.2821,11.3330,11.1699,11.1752,37030
2023-04-24,FXKAP,11.2678,11.4172,11.2587,11.3916,81650
2023-04-25,FXKAP,11.3956,11.4285,11.3246,11.3551,29117
2023-04-26,FXKAP,11.2766,11.4870,11.2741,11.4588,75270
2023-04-27,FXKAP,11.4491,11.7068,11.3976,11.6937,57068
2023-04-28,FXKAP,11.6459,11.9681,11.6262,11.9225,81244
2023-05-01,FXKAP,11.9222,12.1763,11.9136,12.1261,60438
2023-05-02,FXKAP,12.1907,12.2074,12.1095,12.1122,37107
2023-05-03,FXKAP,12.1213,12.1367,12.0733,12.0985,50795
2023-05-04,FXKAP,12.1303,12.2204,12.1238,12.1826,73194
2023-05-05,FXKAP,12.1818,12.4159,12.1793,12.3827,94584
2023-05-08,FXKAP,12.3621,12.4265,12.2909,12.2995,28117
2023-05-09,FXKAP,12.3344,12.3468,11.8765,11.9001,95072
2023-05-10,FXKAP,11.8937,11.9812,11.8699,11.9017,81461
2023-05-11,FXKAP,11.9243,12.2859,11.9094,12.2712,65660
2023-05-12,FXKAP,12.2742,12.4509,12.1954,12.4304,59636
2023-05-15,FXKAP,12.5040,12.5149,12.4593,12.4990,63913
2023-05-16,FXKAP,12.4469,12.5620,12.2056,12.2059,69077
2023-05-17,FXKAP,12.2221,12.5106,12.2052,12.5088,43024
2023-05-18,FXKAP,12.5128,12.5988,12.4725,12.5089,23816
2023-05-19,FXKAP,12.5540,12.5991,12.2984,12.3356,74387
2023-05-22,FXKAP,12.2852,12.3420,11.9184,12.0104,95454
2023-05-23,FXKAP,11.9528,11.9554,11.8226,11.8674,98041
2023-05-24,FXKAP,11.8445,11.9546,11.8428,11.9106,22497
2023-05-25,FXKAP,11.9359,12.1521,11.9287,12.1195,31382
2023-05-26,FXKAP,12.0682,12.3168,12.0380,12.2804,50672
2023-05-29,FXKAP,12.3038,12.3110,12.1371,12.1970,90615
2023-05-30,FXKAP,12.2365,12.3996,12.1767,12.3185,95638
2023-05-31,FXKAP,12.2882,12.7621,12.1994,12.6813,25635
2023-06-01,FXKAP,12.6985,12.7175,12.4839,12.5213,82916
2023-06-02,FXKAP,12.5383,12.5723,12.4834,12.5718,39392
2023-06-05,FXKAP,12.5866,12.6060,12.4700,12.4781,77101
2023-06-06,FXKAP,12.4605,12.5193,12.4114,12.4339,32133
2023-06-07,FXKAP,12.3977,12.5528,12.3470,12.5163,75236
2023-06-08,FXKAP,12.5216,12.6784,12.5050,12.6675,44305
2023-06-09,FXKAP,12.5791,12.7888,12.5158,12.7558,87199
2023-06-12,FXKAP,12.7582,12.7827,12.4871,12.5030,39477
2023-06-13,FXKAP,12.5283,12.5345,12.0886,12.1027,92020
2023-06-14,FXKAP,12.1132,12.2348,12.0639,12.1730,77420
2023-06-15,FXKAP,12.1189,12.1278,12.0339,12.0378,84750
2023-06-16,FXKAP,12.0320,12.0779,11.9702,11.9906,29692
2023-06-19,FXKAP,12.0071,12.1822,11.9331,12.1741,69101
2023-06-20,FXKAP,12.2361,12.3189,12.0697,12.1227,83071
2023-06-21,FXKAP,12.1223,12.4859,12.0912,12.3989,97803
2023-06-22,FXKAP,12.4046,12.4587,12.3530,12.4550,36725
2023-06-23,FXKAP,12.4467,12.5996,12.3706,12.5757,77399
2023-06-26,FXKAP,12.5789,12.6495,12.5666,12.5792,72794
2023-06-27,FXKAP,12.5573,12.6397,12.5391,12.5651,54402
2023-06-28,FXKAP,12.5104,12.7534,12.4450,12.6815,97652
2023-06-29,FXKAP,12.7244,13.0907,12.7153,13.0781,58546
2023-06-30,FXKAP,13.0089,13.0780,12.9783,13.0245,50007
2023-07-03,FXKAP,13.0353,13.1650,13.0129,13.1629,47785
2023-07-04,FXKAP,13.2139,13.4911,13.1210,13.4891,20544
2023-07-05,FXKAP,13.5337,13.6947,13.4178,13.5601,34076
2023-07-06,FXKAP,13.6143,13.6265,13.4587,13.5029,42797
2023-07-07,FXKAP,13.4310,13.5549,13.4234,13.4833,74016
2023-07-10,FXKAP,13.5036,13.5865,13.5008,13.5646,92690
2023-07-11,FXKAP,13.5777,13.7320,13.5294,13.7022,56022
2023-07-12,FXKAP,13.7049,13.8287,13.6815,13.7743,48582
2023-07-13,FXKAP,13.8808,13.9532,13.8174,13.9480,83758
2023-07-14,FXKAP,13.9839,14.0182,13.7415,13.8200,78007
2023-07-17,FXKAP,13.7356,14.1258,13.7242,14.1163,83808
2023-07-18,FXKAP,14.1217,14.1367,13.7519,13.7641,65560
2023-07-19,FXKAP,13.7926,13.8216,13.7589,13.7704,46709
2023-07-20,FXKAP,13.8317,13.9081,13.7124,13.7708,39886
2023-07-21,FXKAP,13.7754,13.7939,13.6117,13.7653,65695
2023-07-24,FXKAP,13.7614,13.7833,13.5115,13.6911,83564
2023-07-25,FXKAP,13.7472,13.7700,13.7279,13.7617,94015
2023-07-26,FXKAP,13.7069,14.0030,13.6748,13.9849,48885
2023-07-27,FXKAP,14.0589,14.0608,13.8608,13.8948,48081
2023-07-28,FXKAP,13.9763,14.0262,13.4188,13.4339,32736
2023-07-31,FXKAP,13.4753,13.6493,13.3950,13.6266,48529
2023-08-01,FXKAP,13.5738,13.7898,13.4750,13.7328,79570
2023-08-02,FXKAP,13.7203,13.8862,13.6817,13.8478,74541
2023-08-03,FXKAP,13.8412,14.0375,13.7709,13.9249,74938
2023-08-04,FXKAP,13.9025,13.9619,13.6992,13.7168,72499
2023-08-07,FXKAP,13.6423,13.6624,13.1999,13.2730,57808
2023-08-08,FXKAP,13.2648,13.3209,12.7849,12.8651,53325
2023-08-09,FXKAP,12.9069,13.2400,12.8843,13.1063,34084
2023-08-10,FXKAP,13.0686,13.2597,13.0603,13.2467,23411
2023-08-11,FXKAP,13.1317,13.3958,13.0718,13.3579,33358
2023-08-14,FXKAP,13.3662,13.3926,13.1866,13.2742,71029
2023-08-15,FXKAP,13.2300,13.3723,13.2124,13.3451,87844
2023-08-16,FXKAP,13.2917,13.3642,13.0760,13.1622,40694
2023-08-17,FXKAP,13.0587,13.4183,13.0005,13.3609,94181
2023-08-18,FXKAP,13.3452,13.3787,13.3314,13.3436,73752
2023-08-21,FXKAP,13.3087,13.3165,13.1157,13.1486,45454
2023-08-22,FXKAP,13.2516,13.3297,13.2208,13.2653,56417
2023-08-23,FXKAP,13.1451,13.2945,13.0737,13.2771,87119
2023-08-24,FXKAP,13.3135,13.3743,13.0776,13.1460,74716
2023-08-25,FXKAP,13.1128,13.1782,13.1046,13.1425,92491
2023-08-28,FXKAP,13.1260,13.2395,13.0462,13.1984,50219
2023-08-29,FXKAP,13.1665,13.6798,13.1347,13.6428,32769
2023-08-30,FXKAP,13.5530,13.7687,13.4481,13.7639,86578
2023-08-31,FXKAP,13.6842,13.8007,13.6189,13.6392,39913
2023-09-01,FXKAP,13.5759,13.6615,13.4280,13.5016,24927
2023-09-04,FXKAP,13.5179,13.5206,13.1160,13.1522,65191
2023-09-05,FXKAP,13.1647,13.1670,13.0420,13.0827,90686
2023-09-06,FXKAP,13.1060,13.3365,13.0823,13.2713,97059
2023-09-07,FXKAP,13.3167,13.3971,13.0196,13.0441,65959
2023-09-08,FXKAP,13.0191,13.0689,12.9654,12.9656,85544
2023-09-11,FXKAP,12.9971,13.0357,12.9481,13.0352,64146
2023-09-12,FXKAP,12.8907,13.0734,12.8455,12.9911,93097
2023-09-13,FXKAP,12.9532,13.0038,12.7302,12.7414,48597
2023-09-14,FXKAP,12.7591,12.7844,12.7208,12.7413,21117
2023-09-15,FXKAP,12.7847,12.8256,12.6000,12.6474,28684
2023-09-18,FXKAP,12.6241,12.6555,12.3701,12.3943,57275
2023-09-19,FXKAP,12.3887,12.4682,12.1543,12.1911,63534
2023-09-20,FXKAP,12.1183,12.7120,12.1158,12.6969,60543
2023-09-21,FXKAP,12.7056,12.7139,12.5478,12.5664,57870
2023-09-22,FXKAP,12.5597,12.5873,12.5502,12.5727,30873
2023-09-25,FXKAP,12.5700,12.7954,12.5642,12.7929,90270
2023-09-26,FXKAP,12.7309,12.7774,12.6444,12.6601,76214
2023-09-27,FXKAP,12.5897,12.8613,12.5693,12.8066,22237
2023-09-28,FXKAP,12.8204,13.0087,12.7877,12.9783,20083
2023-09-29,FXKAP,12.9086,13.2441,12.7938,13.1974,40090
2023-10-02,FXKAP,13.2018,13.3170,13.1618,13.2937,80268
2023-10-03,FXKAP,13.2998,13.5854,13.2437,13.5537,44277
2023-10-04,FXKAP,13.5665,13.7461,13.5183,13.6947,29072
2023-10-05,FXKAP,13.6650,13.6710,13.3385,13.3598,37767
2023-10-06,FXKAP,13.3180,13.3340,13.3140,13.3272,20793
2023-10-09,FXKAP,13.2369,13.2776,13.1489,13.1817,68921
2023-10-10,FXKAP,13.1999,13.2820,12.9560,13.0167,57830
2023-10-11,FXKAP,13.0259,13.0924,13.0214,13.0643,58928
2023-10-12,FXKAP,13.0029,13.0323,12.9613,12.9944,66828
2023-10-13,FXKAP,13.0117,13.0845,12.9240,12.9959,59687
2023-10-16,FXKAP,12.9891,13.1709,12.8852,13.1023,61679
2023-10-17,FXKAP,13.1113,13.3495,13.0745,13.3014,99166
2023-10-18,FXKAP,13.2988,13.7383,13.2505,13.6172,26800
2023-10-19,FXKAP,13.7098,13.7541,13.4837,13.5154,71447
2023-10-20,FXKAP,13.5667,13.5751,13.4058,13.4486,67318
2023-10-23,FXKAP,13.3376,13.3480,13.2537,13.2780,73882
2023-10-24,FXKAP,13.2188,13.4274,13.1826,13.4233,59813
2023-10-25,FXKAP,13.3881,13.4162,13.0415,13.1032,27434
2023-10-26,FXKAP,13.1274,13.1282,13.0500,13.0764,76622
2023-10-27,FXKAP,13.0532,13.1324,12.9955,13.0112,47792
2023-10-30,FXKAP,12.9989,13.0867,12.9187,12.9386,80857
2023-10-31,FXKAP,12.8571,12.9500,12.8366,12.9366,79392
2023-11-01,FXKAP,12.8773,12.9800,12.5784,12.6815,54327
2023-11-02,FXKAP,12.6705,12.7800,12.5831,12.5967,34620
2023-11-03,FXKAP,12.5724,12.6545,12.5290,12.6150,95687
2023-11-06,FXKAP,12.6377,12.7398,12.6031,12.6867,72763
2023-11-07,FXKAP,12.6971,12.6984,12.4652,12.4992,87312
2023-11-08,FXKAP,12.5366,12.8956,12.5308,12.8733,62426
2023-11-09,FXKAP,12.9369,13.0517,12.8469,13.0467,69751
2023-11-10,FXKAP,13.0243,13.0902,12.8116,12.8168,56183
2023-11-13,FXKAP,12.7760,13.2939,12.7647,13.2559,85375
2023-11-14,FXKAP,13.2609,13.3348,12.9083,12.9625,63629
2023-11-15,FXKAP,12.9228,12.9487,12.8383,12.9125,49669
2023-11-16,FXKAP,12.8930,13.1003,12.8804,13.0594,74448
2023-11-17,FXKAP,12.9629,13.3249,12.8863,13.2557,88047
2023-11-20,FXKAP,13.2846,13.4001,13.1449,13.1840,97815
2023-11-21,FXKAP,13.1487,13.1589,13.0022,13.0408,84050
2023-11-22,FXKAP,13.0182,13.3501,12.9854,13.3127,20915
2023-11-23,FXKAP,13.3943,13.4257,13.2689,13.2977,26902
2023-11-24,FXKAP,13.2930,13.3153,13.2320,13.2415,29441
2023-11-27,FXKAP,13.2910,13.3111,13.2204,13.3078,39545
2023-11-28,FXKAP,13.3460,13.4485,13.2520,13.4243,65285
2023-11-29,FXKAP,13.4058,13.4547,13.2279,13.2324,24488
2023-11-30,FXKAP,13.1964,13.3272,13.1076,13.1147,62797
2023-12-01,FXKAP,13.0836,13.1143,13.0291,13.0362,48175
2023-12-04,FXKAP,12.9829,13.0407,12.7974,12.8502,48951
2023-12-05,FXKAP,12.8362,12.8823,12.7924,12.8265,70016
2023-12-06,FXKAP,12.8716,13.0150,12.7607,13.0116,69257
2023-12-07,FXKAP,12.9950,13.0113,12.9403,12.9812,48846
2023-12-08,FXKAP,12.9463,12.9693,12.8577,12.9082,50836
2023-12-11,FXKAP,12.8920,12.9032,12.7706,12.8127,44048
2023-12-12,FXKAP,12.8778,12.9228,12.4945,12.5741,71887
2023-12-13,FXKAP,12.6047,12.6352,12.5454,12.5563,91092
2023-12-14,FXKAP,12.5772,13.0808,12.5637,13.0515,68199
2023-12-15,FXKAP,13.0474,13.1282,13.0057,13.0985,24447
2023-12-18,FXKAP,13.0883,13.2239,12.9766,13.1460,76648
2023-12-19,FXKAP,13.1314,13.1562,13.0618,13.0797,21832
2023-12-20,FXKAP,13.0675,13.0914,12.9070,12.9383,49614
2023-12-21,FXKAP,12.9561,13.0281,12.5214,12.5547,23787
2023-12-22,FXKAP,12.5507,12.6840,12.4182,12.5889,62250
2023-12-25,FXKAP,12.6662,12.7163,12.4778,12.5025,80963
2023-12-26,FXKAP,12.4529,12.6243,12.4123,12.6000,70675
2023-12-27,FXKAP,12.5739,12.6620,12.3109,12.3394,72407
2023-12-28,FXKAP,12.3107,12.4555,12.2854,12.4317,22695
2023-12-29,FXKAP,12.4509,12.5030,12.0153,12.0540,96631
2024-01-01,FXKAP,12.1643,12.1717,11.9790,12.0801,56745
2024-01-02,FXKAP,12.0436,12.5438,11.9828,12.5156,84482
2024-01-03,FXKAP,12.5751,12.5896,12.1338,12.2221,49871
2024-01-04,FXKAP,12.1732,12.2931,12.0319,12.0535,66476
2024-01-05,FXKAP,12.0392,12.2096,12.0246,12.1243,42185
2024-01-08,FXKAP,12.1009,12.5448,12.0293,12.5116,51310
2024-01-09,FXKAP,12.5580,12.6326,12.2890,12.3413,96096
2024-01-10,FXKAP,12.3054,12.4672,12.2920,12.4527,25653
2024-01-11,FXKAP,12.4739,12.4760,12.2277,12.2344,85340
2024-01-12,FXKAP,12.1071,12.2992,12.0990,12.2876,69587
2024-01-15,FXKAP,12.2836,12.7416,12.2684,12.7101,23341
2024-01-16,FXKAP,12.7997,12.8391,12.4939,12.6272,61294
2024-01-17,FXKAP,12.5743,12.7565,12.5503,12.6502,75147
2024-01-18,FXKAP,12.6499,12.6861,12.5365,12.5900,27854
2024-01-19,FXKAP,12.5181,12.5272,12.4353,12.4940,67048
2024-01-22,FXKAP,12.4955,12.9008,12.4682,12.7861,51393
2024-01-23,FXKAP,12.8600,12.8657,12.5416,12.5903,86727
2024-01-24,FXKAP,12.5525,12.6790,12.5412,12.6480,51663
2024-01-25,FXKAP,12.6675,12.6941,12.4018,12.5125,70127
2024-01-26,FXKAP,12.4337,12.4668,12.4045,12.4535,45838
2024-01-29,FXKAP,12.4347,12.7309,12.3708,12.6081,51283
2024-01-30,FXKAP,12.5411,12.7598,12.4573,12.6115,49064
2024-01-31,FXKAP,12.6012,12.6149,12.4398,12.4820,24238
2024-02-01,FXKAP,12.4305,12.4850,12.3631,12.4444,54512
2024-02-02,FXKAP,12.4433,12.6334,12.3992,12.6147,48525
2024-02-05,FXKAP,12.5610,12.9080,12.5417,12.8306,40537
2024-02-06,FXKAP,12.8248,12.8286,12.7218,12.7427,31696
2024-02-07,FXKAP,12.5995,12.8775,12.5144,12.8643,50770
2024-02-08,FXKAP,12.9029,12.9266,12.8078,12.8553,22874
2024-02-09,FXKAP,12.8845,13.1030,12.8497,13.0710,44320
2024-02-12,FXKAP,13.0378,13.1156,12.6538,12.7862,81776
2024-02-13,FXKAP,12.7398,13.0225,12.7012,12.9365,54400
2024-02-14,FXKAP,12.8442,12.8642,12.8020,12.8447,74324
2024-02-15,FXKAP,12.8671,12.9132,12.8142,12.8409,36257
2024-02-16,FXKAP,12.8775,13.0816,12.8667,13.0247,44045
2024-02-19,FXKAP,13.0983,13.4616,13.0371,13.4324,49303
2024-02-20,FXKAP,13.3922,13.7092,13.3854,13.6284,32278
2024-02-21,FXKAP,13.5282,13.7760,13.4772,13.7150,89371
2024-02-22,FXKAP,13.8440,13.8998,13.6193,13.6757,70297
2024-02-23,FXKAP,13.7079,13.8059,13.6724,13.7455,26582
2024-02-26,FXKAP,13.7410,13.7867,13.2483,13.3145,87018
2024-02-27,FXKAP,13.3210,13.3750,13.1143,13.1161,64814
2024-02-28,FXKAP,13.0781,13.1812,13.0398,13.1279,41592
2024-02-29,FXKAP,13.1254,13.1453,12.9315,13.0084,52342
2024-03-01,FXKAP,13.0474,13.0623,12.9349,12.9720,38502
2024-03-04,FXKAP,13.0467,13.0988,12.8888,12.9176,88384
2024-03-05,FXKAP,12.9109,13.2220,12.9102,13.2160,52693
2024-03-06,FXKAP,13.2648,13.2694,13.2281,13.2462,37059
2024-03-07,FXKAP,13.2001,13.2246,13.0972,13.1171,85325
2024-03-08,FXKAP,13.1949,13.2177,12.7347,12.7891,52987
2024-03-11,FXKAP,12.8236,12.8417,12.6775,12.7148,97067
2024-03-12,FXKAP,12.7639,12.9512,12.6901,12.9456,83348
2024-03-13,FXKAP,12.9898,13.0523,12.7527,12.8135,41409
2024-03-14,FXKAP,12.8990,12.9214,12.7539,12.7659,70854
2024-03-15,FXKAP,12.7810,12.8402,12.6665,12.7418,41971
2024-03-18,FXKAP,12.7656,12.9546,12.6865,12.9469,35499
2024-03-19,FXKAP,12.8877,13.0829,12.8321,13.0248,85174
2024-03-20,FXKAP,12.9757,13.0118,12.9746,13.0054,57122
2024-03-21,FXKAP,13.1025,13.1681,13.0587,13.1120,71143
2024-03-22,FXKAP,13.0191,13.5434,12.9844,13.5198,77860
2024-03-25,FXKAP,13.5009,13.6151,13.4527,13.5584,60441
2024-03-26,FXKAP,13.6834,13.7585,13.6490,13.7409,50538
2024-03-27,FXKAP,13.6777,14.1132,13.6726,14.0906,58719
2024-03-28,FXKAP,14.0053,14.2401,13.9403,14.2349,34715
2024-03-29,FXKAP,14.1892,14.2062,14.1787,14.1898,99784
2024-04-01,FXKAP,14.1940,14.2034,13.6965,13.8608,72916
2024-04-02,FXKAP,13.7749,14.0569,13.7555,14.0477,80406
2024-04-03,FXKAP,14.0847,14.4337,14.0318,14.4000,53023
2024-04-04,FXKAP,14.4428,14.4836,14.3104,14.3125,64654
2024-04-05,FXKAP,14.2926,14.3361,14.2923,14.3183,52658
2024-04-08,FXKAP,14.3752,14.3833,13.9114,14.0671,41517
2024-04-09,FXKAP,13.9567,14.4820,13.9290,14.4090,82812
2024-04-10,FXKAP,14.3556,14.4285,14.1312,14.1481,57028
2024-04-11,FXKAP,14.1919,14.4871,14.1825,14.4589,88119
2024-04-12,FXKAP,14.5009,14.5359,14.4906,14.5200,75594
2024-04-15,FXKAP,14.5817,14.6810,14.3774,14.4520,44749
2024-04-16,FXKAP,14.3853,14.4745,14.3300,14.4706,31711
2024-04-17,FXKAP,14.5896,14.6365,14.3749,14.4268,76484
2024-04-18,FXKAP,14.4354,14.5192,14.2851,14.3502,72022
2024-04-19,FXKAP,14.3396,14.4830,14.1957,14.4357,74444
2024-04-22,FXKAP,14.4069,14.7445,14.3526,14.5633,74233
2024-04-23,FXKAP,14.5683,14.6870,14.4647,14.6861,90157
2024-04-24,FXKAP,14.7284,15.3050,14.7037,15.1959,39702
2024-04-25,FXKAP,15.2545,15.2928,15.1508,15.1849,73916
2024-04-26,FXKAP,15.0997,15.1791,14.6627,14.7017,35564
2024-04-29,FXKAP,14.6032,14.7462,14.3988,14.7296,71337
2024-04-30,FXKAP,14.7319,14.7935,14.5120,14.5205,64940
2024-05-01,FXKAP,14.4472,14.4656,14.1612,14.2337,33611
2024-05-02,FXKAP,14.1167,14.3387,14.0727,14.2474,92155
2024-05-03,FXKAP,14.2375,14.4795,14.2167,14.4603,44344
2024-05-06,FXKAP,14.4626,14.5537,14.4211,14.5267,25230
2024-05-07,FXKAP,14.5087,14.6584,14.5026,14.5661,48279
2024-05-08,FXKAP,14.5868,14.6472,14.2947,14.3615,81994
2024-05-09,FXKAP,14.4184,14.4852,14.3497,14.4076,23285
2024-05-10,FXKAP,14.3875,14.6447,14.3874,14.5623,60118
2024-05-13,FXKAP,14.5370,14.6069,14.2841,14.3223,65914
2024-05-14,FXKAP,14.4214,14.4561,14.2803,14.4095,80451
2024-05-15,FXKAP,14.3562,14.4270,14.3054,14.3664,63990
2024-05-16,FXKAP,14.4119,14.4582,14.2947,14.3340,50301
2024-05-17,FXKAP,14.2519,14.3342,14.2291,14.3106,60668
2024-05-20,FXKAP,14.3236,14.3265,14.2325,14.2657,76797
2024-05-21,FXKAP,14.2279,14.4286,14.1654,14.4229,98833
2024-05-22,FXKAP,14.2803,14.3362,14.2080,14.2967,80002
2024-05-23,FXKAP,14.2286,14.2301,14.1877,14.2071,36402
2024-05-24,FXKAP,14.2267,14.2515,14.0211,14.0221,89269
2024-05-27,FXKAP,14.0719,14.1010,13.9078,13.9299,91524
2024-05-28,FXKAP,13.8491,14.2753,13.7884,14.1603,73394
2024-05-29,FXKAP,14.1769,14.3477,14.1455,14.2609,99765
2024-05-30,FXKAP,14.1893,14.3811,14.1741,14.3731,29182
2024-05-31,FXKAP,14.3202,14.3834,14.2575,14.3584,28880
2024-06-03,FXKAP,14.4084,15.1258,14.3508,15.0963,96756
2024-06-04,FXKAP,15.2374,15.3223,15.1045,15.2543,37084
2024-06-05,FXKAP,15.2622,15.2841,15.2134,15.2540,41579
2024-06-06,FXKAP,15.2452,15.5990,15.2313,15.4849,92984
2024-06-07,FXKAP,15.3235,15.3319,15.2589,15.2889,56197
2024-06-10,FXKAP,15.1664,15.6290,15.1209,15.5871,73423
2024-06-11,FXKAP,15.5953,15.6106,15.3656,15.3989,67162
2024-06-12,FXKAP,15.3787,15.4758,14.7172,14.7633,34673
2024-06-13,FXKAP,14.7245,14.9663,14.6948,14.9526,92182
2024-06-14,FXKAP,15.0428,15.0768,14.9862,15.0396,23997
2024-06-17,FXKAP,15.0380,15.0531,14.9926,15.0208,96254
2024-06-18,FXKAP,15.0359,15.0615,14.9309,15.0582,45258
2024-06-19,FXKAP,15.1050,15.2408,15.0159,15.2258,55329
2024-06-20,FXKAP,15.2449,15.6255,15.2035,15.5362,92363
2024-06-21,FXKAP,15.6718,15.7480,15.4502,15.4542,24470
2024-06-24,FXKAP,15.4344,15.4691,15.2799,15.3145,73468
2024-06-25,FXKAP,15.3006,15.3713,15.2941,15.3110,29942
2024-06-26,FXKAP,15.3225,15.3378,15.0973,15.1161,94500
2024-06-27,FXKAP,15.1189,15.5721,15.0172,15.5683,92393
2024-06-28,FXKAP,15.6350,15.8766,15.5412,15.8673,45064
2024-07-01,FXKAP,15.8968,15.9179,15.7518,15.7569,80185
2024-07-02,FXKAP,15.7817,16.0785,15.7647,16.0606,55311
2024-07-03,FXKAP,15.9328,16.0290,15.9217,15.9787,91828
2024-07-04,FXKAP,15.9312,16.0778,15.8291,16.0372,38043
2024-07-05,FXKAP,15.9499,16.4850,15.8699,16.4345,82161
2024-07-08,FXKAP,16.5848,16.8614,16.5767,16.7207,26389
2024-07-09,FXKAP,16.8268,17.4288,16.8196,17.3640,53455
2024-07-10,FXKAP,17.4524,17.6294,17.3295,17.3310,50569
2024-07-11,FXKAP,17.3053,17.4572,17.2548,17.3901,60933
2024-07-12,FXKAP,17.3046,17.3624,17.1291,17.1537,35881
2024-07-15,FXKAP,17.0696,17.4234,16.9899,17.3062,66240
2024-07-16,FXKAP,17.3264,17.4200,17.0671,17.1316,66152
2024-07-17,FXKAP,17.1727,17.2266,16.8672,16.8811,58482
2024-07-18,FXKAP,16.9229,16.9495,16.8975,16.9169,54253
2024-07-19,FXKAP,16.8849,16.9464,16.8117,16.9303,39529
2024-07-22,FXKAP,16.8515,16.9505,16.8174,16.9391,22611
2024-07-23,FXKAP,17.0003,17.0430,16.7983,16.9576,35749
2024-07-24,FXKAP,16.8752,17.2225,16.8712,17.2030,45846
2024-07-25,FXKAP,17.1781,17.3525,17.0022,17.3477,59022
2024-07-26,FXKAP,17.3061,17.4187,17.3017,17.3671,66910
2024-07-29,FXKAP,17.3601,17.4084,17.0204,17.0605,22824
2024-07-30,FXKAP,16.9989,17.0023,16.8798,16.9744,61098
2024-07-31,FXKAP,16.9927,17.0597,16.8988,16.9012,73036
2024-08-01,FXKAP,16.9230,17.1297,16.8768,17.0334,89789
2024-08-02,FXKAP,16.9706,17.0430,16.9231,16.9467,82263
2024-08-05,FXKAP,16.9480,17.0174,16.9299,16.9783,54814
2024-08-06,FXKAP,16.9623,17.0424,16.8875,16.9478,72488
2024-08-07,FXKAP,16.9780,16.9824,16.6108,16.6314,93512
2024-08-08,FXKAP,16.6169,16.6525,16.5053,16.5389,34639
2024-08-09,FXKAP,16.5222,16.7928,16.5097,16.7676,62514
2024-08-12,FXKAP,16.6387,16.6809,16.2628,16.3203,83716
2024-08-13,FXKAP,16.3545,16.4322,16.0058,16.0073,56204
2024-08-14,FXKAP,15.9109,16.4188,15.8651,16.4173,82852
2024-08-15,FXKAP,16.3875,16.7961,16.3556,16.5883,85283
2024-08-16,FXKAP,16.6373,16.9584,16.6271,16.7964,73208
2024-08-19,FXKAP,16.8969,16.9795,16.7319,16.7824,81953
2024-08-20,FXKAP,16.7169,16.8874,16.3702,16.4069,26217
2024-08-21,FXKAP,16.3223,16.3577,16.1473,16.1951,43568
2024-08-22,FXKAP,16.2522,16.2751,15.7138,15.7288,35942
2024-08-23,FXKAP,15.6654,15.9199,15.6110,15.7823,27233
2024-08-26,FXKAP,15.8472,16.2085,15.6894,16.1644,62476
2024-08-27,FXKAP,16.2359,16.5934,16.2117,16.5909,41674
2024-08-28,FXKAP,16.6646,16.7957,16.4596,16.5280,83191
2024-08-29,FXKAP,16.5515,16.5690,16.4764,16.4860,92617
2024-08-30,FXKAP,16.4656,16.4875,16.2477,16.3167,38467
2024-09-02,FXKAP,16.3626,16.3826,16.1461,16.1820,76234
2024-09-03,FXKAP,16.1722,16.4310,16.1370,16.4238,33230
2024-09-04,FXKAP,16.4535,16.6779,16.4192,16.6336,49339
2024-09-05,FXKAP,16.6564,16.6926,16.4991,16.5548,28321
2024-09-06,FXKAP,16.5413,16.7987,16.5152,16.6378,39221
2024-09-09,FXKAP,16.5744,16.7706,16.5263,16.7520,44431
2024-09-10,FXKAP,16.7145,16.7278,16.4653,16.5684,26536
2024-09-11,FXKAP,16.6007,16.6937,16.4971,16.6015,92300
2024-09-12,FXKAP,16.6223,17.0712,16.5995,16.9378,85476
2024-09-13,FXKAP,16.8669,17.4639,16.8607,17.2853,20257
2024-09-16,FXKAP,17.3602,17.4157,17.0936,17.1735,88688
2024-09-17,FXKAP,17.2236,17.4001,17.1424,17.3498,45106
2024-09-18,FXKAP,17.3064,17.3426,17.2889,17.3385,23983
2024-09-19,FXKAP,17.3469,17.4030,17.2276,17.2425,55486
2024-09-20,FXKAP,17.1613,17.4058,17.0468,17.3719,90415
2024-09-23,FXKAP,17.3767,17.8293,17.2902,17.7415,30381
2024-09-24,FXKAP,17.8556,17.8770,17.6043,17.6631,68658
2024-09-25,FXKAP,17.7140,17.7475,17.2900,17.3359,85905
2024-09-26,FXKAP,17.2701,17.3081,16.8376,16.9273,87096
2024-09-27,FXKAP,16.9426,17.1975,16.8652,17.1255,58580
2024-09-30,FXKAP,17.1303,17.1812,17.0212,17.0517,74843
2024-10-01,FXKAP,17.0568,17.4587,17.0405,17.4135,83359
2024-10-02,FXKAP,17.3828,17.4335,17.3519,17.3971,86048
2024-10-03,FXKAP,17.4176,17.4736,17.1420,17.1587,54881
2024-10-04,FXKAP,17.1815,17.2160,17.0255,17.0861,36392
2024-10-07,FXKAP,17.1860,17.1940,17.0113,17.0804,82834
2024-10-08,FXKAP,17.0957,17.2759,16.7292,16.7325,33572
2024-10-09,FXKAP,16.8650,16.8889,16.4038,16.4455,35405
2024-10-10,FXKAP,16.3813,16.4874,16.1697,16.2158,25889
2024-10-11,FXKAP,16.1733,16.3500,16.0329,16.3264,80925
2024-10-14,FXKAP,16.2449,16.2475,16.0561,16.0813,51449
2024-10-15,FXKAP,16.1990,16.2740,16.1059,16.1497,42721
2024-10-16,FXKAP,16.1363,16.1585,16.1121,16.1583,94104
2024-10-17,FXKAP,16.1163,16.1251,15.6810,15.6958,30966
2024-10-18,FXKAP,15.7703,16.0677,15.7325,16.0182,65456
2024-10-21,FXKAP,15.9877,16.1372,15.8746,16.0261,36643
2024-10-22,FXKAP,15.9870,16.4745,15.9411,16.3814,67045
2024-10-23,FXKAP,16.4034,16.4680,16.2362,16.3389,62525
2024-10-24,FXKAP,16.3910,16.4473,16.2637,16.4106,26641
2024-10-25,FXKAP,16.3179,16.9068,16.1499,16.8799,64508
2024-10-28,FXKAP,16.8999,17.1419,16.8836,17.0349,97151
2024-10-29,FXKAP,17.0617,17.1703,16.7218,16.8100,67645
2024-10-30,FXKAP,16.7821,16.8405,16.5819,16.6705,86063
2024-10-31,FXKAP,16.6493,16.7183,16.6423,16.6960,22852
2024-11-01,FXKAP,16.6591,17.0151,16.6507,16.9925,65410
2024-11-04,FXKAP,17.0259,17.1758,16.8779,17.1218,56492
2024-11-05,FXKAP,17.1851,17.2118,16.9553,17.0481,29590
2024-11-06,FXKAP,17.1508,17.2685,17.0855,17.1145,65135
2024-11-07,FXKAP,17.0245,17.3939,16.9035,17.2921,82438
2024-11-08,FXKAP,17.2781,17.5906,17.2536,17.5770,68977
2024-11-11,FXKAP,17.5759,17.6407,17.1821,17.2545,84308
2024-11-12,FXKAP,17.2653,17.4480,17.1027,17.3074,88005
2024-11-13,FXKAP,17.3398,17.9419,17.3178,17.9044,27171
2024-11-14,FXKAP,17.9212,17.9319,17.6183,17.6783,99719
2024-11-15,FXKAP,17.6130,17.8304,17.5948,17.7622,85735
2024-11-18,FXKAP,17.6850,18.1964,17.6839,18.1522,55271
2024-11-19,FXKAP,17.9603,18.0634,17.9060,17.9111,77067
2024-11-20,FXKAP,17.9533,18.0463,17.9065,18.0317,50099
2024-11-21,FXKAP,17.9822,18.2277,17.8583,18.1712,39803
2024-11-22,FXKAP,18.1889,19.1765,18.1675,19.0502,98550
2024-11-25,FXKAP,19.0519,19.2223,18.7765,18.8005,54541
2024-11-26,FXKAP,18.8715,19.1502,18.8496,19.0338,92671
2024-11-27,FXKAP,19.2147,19.3888,19.1098,19.2675,60809
2024-11-28,FXKAP,19.2747,19.6087,19.1811,19.5890,90354
2024-11-29,FXKAP,19.4725,20.3110,19.4032,20.2815,84870
2024-12-02,FXKAP,20.3368,20.6195,20.2086,20.4788,79863
2024-12-03,FXKAP,20.4926,20.9633,20.4299,20.9051,30988
2024-12-04,FXKAP,20.9323,21.2734,20.9043,21.1781,42371
2024-12-05,FXKAP,21.1818,21.3046,21.0376,21.1575,97566
2024-12-06,FXKAP,21.2742,21.4557,21.1360,21.1488,28649
2024-12-09,FXKAP,21.2472,21.2850,20.9723,21.0245,85085
2024-12-10,FXKAP,20.9384,21.1841,20.8050,21.1598,75396
2024-12-11,FXKAP,21.2399,21.4561,21.1998,21.3901,83410
2024-12-12,FXKAP,21.2819,21.3016,21.1101,21.2848,28554
2024-12-13,FXKAP,21.4007,21.5319,20.8500,21.0226,65421
2024-12-16,FXKAP,21.0949,21.1096,21.0440,21.0972,96979
2024-12-17,FXKAP,21.0953,21.0998,20.6562,20.7331,90939
2024-12-18,FXKAP,20.7272,20.9775,20.7127,20.9391,76304
2024-12-19,FXKAP,20.8604,21.3260,20.8206,21.3028,27506
2024-12-20,FXKAP,21.3902,21.4460,21.2615,21.4280,31848
2024-12-23,FXKAP,21.3872,21.4778,21.3599,21.4374,56248
2024-12-24,FXKAP,21.4514,21.5169,21.3487,21.3579,84133
2024-12-25,FXKAP,21.3695,21.4506,21.2591,21.2950,71099
2024-12-26,FXKAP,21.2115,21.3929,21.1613,21.3773,98637
2024-12-27,FXKAP,21.3306,21.7425,21.3077,21.5977,59932
2024-12-30,FXKAP,21.5450,21.7584,21.5400,21.6186,76221
2024-12-31,FXKAP,21.5446,21.6756,21.2044,21.3625,32564
2025-01-01,FXKAP,21.4045,21.6830,21.3543,21.6474,79658
2025-01-02,FXKAP,21.6212,21.6602,21.3864,21.4379,92779
2025-01-03,FXKAP,21.3369,21.7753,21.2983,21.7370,67808
2025-01-06,FXKAP,21.7292,21.8570,21.5437,21.5853,81178
2025-01-07,FXKAP,21.6113,21.6868,21.1842,21.2321,69251
2025-01-08,FXKAP,21.1863,21.2702,20.8923,20.9341,81011
2025-01-09,FXKAP,21.0151,21.0762,20.9128,20.9459,99205
2025-01-10,FXKAP,20.8686,20.9512,20.5947,20.6046,63551
2025-01-13,FXKAP,20.7048,20.7420,20.1649,20.2500,53884
2025-01-14,FXKAP,20.1781,20.4923,20.0646,20.4672,72085
2025-01-15,FXKAP,20.4816,20.6494,20.4455,20.5484,50980
2025-01-16,FXKAP,20.5794,20.6429,20.4977,20.5555,92945
2025-01-17,FXKAP,20.4225,20.9813,20.3994,20.8319,70700
2025-01-20,FXKAP,20.9199,21.0894,19.8076,19.8339,60291
2025-01-21,FXKAP,19.9498,20.1470,19.8917,20.0834,67714
2025-01-22,FXKAP,20.1852,20.2336,20.0495,20.1518,50654
2025-01-23,FXKAP,20.0501,20.3438,19.9767,20.3376,20673
2025-01-24,FXKAP,20.3708,21.1007,20.3409,21.0908,93260
2025-01-27,FXKAP,21.1323,21.1577,20.8032,20.8330,74192
2025-01-28,FXKAP,20.9320,21.0005,20.8792,20.9421,62327
2025-01-29,FXKAP,20.8906,21.3505,20.8124,21.3240,21321
2025-01-30,FXKAP,21.2751,21.7524,21.2021,21.6024,74514
2025-01-31,FXKAP,21.5926,21.5935,21.2286,21.3318,26642
2025-02-03,FXKAP,21.1382,21.4071,21.1349,21.4049,89813
2025-02-04,FXKAP,21.1907,21.1937,20.9375,20.9488,34215
2025-02-05,FXKAP,21.0308,21.1429,20.9735,21.0650,86235
2025-02-06,FXKAP,21.0930,21.1162,20.4183,20.5360,96609
2025-02-07,FXKAP,20.5649,20.7148,20.4421,20.5512,79667
2025-02-10,FXKAP,20.4801,21.0267,20.4735,20.9427,51191
2025-02-11,FXKAP,20.9794,21.0631,20.8114,21.0192,75399
2025-02-12,FXKAP,21.0006,21.1708,20.9017,21.1003,36932
2025-02-13,FXKAP,21.1571,21.2384,21.1557,21.2093,89973
2025-02-14,FXKAP,21.1987,21.5440,21.1023,21.4863,49356
2025-02-17,FXKAP,21.5075,21.7171,21.4719,21.6611,50756
2025-02-18,FXKAP,21.5511,21.8609,21.3270,21.8445,58990
2025-02-19,FXKAP,21.6199,21.8229,21.5352,21.7320,71927
2025-02-20,FXKAP,21.7195,22.1573,21.7097,22.0884,35562
2025-02-21,FXKAP,22.1748,22.3424,21.5158,21.5867,63987
2025-02-24,FXKAP,21.4895,21.5042,21.1757,21.2456,94466
2025-02-25,FXKAP,21.2202,21.5784,21.1820,21.5331,25538
2025-02-26,FXKAP,21.5127,21.5939,21.2665,21.3205,97003
2025-02-27,FXKAP,21.2988,21.4450,21.2396,21.3517,44983
2025-02-28,FXKAP,21.1822,21.4257,21.1636,21.3558,80014
2025-03-03,FXKAP,21.3197,21.4993,21.2447,21.4746,40093
2025-03-04,FXKAP,21.5147,21.7943,21.3954,21.7764,97467
2025-03-05,FXKAP,21.7435,21.9482,21.7324,21.9170,33173
2025-03-06,FXKAP,22.0080,22.2318,21.9557,22.2168,95525
2025-03-07,FXKAP,22.1592,22.2050,21.7627,21.8037,25634
2025-03-10,FXKAP,21.8062,21.8068,20.9583,21.0097,80277
2025-03-11,FXKAP,21.0263,21.0374,20.7035,20.7206,91119
2025-03-12,FXKAP,20.6293,20.6871,20.5461,20.5686,91693
2025-03-13,FXKAP,20.7555,20.8236,20.7407,20.7646,37771
2025-03-14,FXKAP,20.7547,20.8960,20.6931,20.8304,80323
2025-03-17,FXKAP,20.9226,21.1029,20.7789,21.0842,39802
2025-03-18,FXKAP,21.0961,21.1450,20.9191,21.0702,33933
2025-03-19,FXKAP,20.9577,21.3612,20.9239,21.3371,21793
2025-03-20,FXKAP,21.2598,21.6490,21.2592,21.5706,56208
2025-03-21,FXKAP,21.5555,21.6880,21.3891,21.4529,90675
2025-03-24,FXKAP,21.5074,21.5139,21.2343,21.2875,65167
2025-03-25,FXKAP,21.1507,21.7933,20.9966,21.6826,74765
2025-03-26,FXKAP,21.4816,21.9271,21.3918,21.9040,66243
2025-03-27,FXKAP,21.8227,21.8680,21.2021,21.2793,21613
2025-03-28,FXKAP,21.3035,21.4027,21.2049,21.3692,30762
2025-03-31,FXKAP,21.4313,21.4547,21.3499,21.4090,94831
2025-04-01,FXKAP,21.5318,21.5363,21.2396,21.2974,77449
2025-04-02,FXKAP,21.2599,21.3122,20.9855,21.0718,73730
2025-04-03,FXKAP,21.1035,21.2374,20.7683,20.8204,53779
2025-04-04,FXKAP,20.7244,21.1419,20.6992,20.9892,41073
2025-04-07,FXKAP,20.9153,20.9755,20.7516,20.9672,21356
2025-04-08,FXKAP,20.9121,21.1687,20.8637,21.1402,84871
2025-04-09,FXKAP,21.2493,21.2855,20.7537,20.7864,20854
2025-04-10,FXKAP,20.8379,20.8855,20.5550,20.6273,37653
2025-04-11,FXKAP,20.6664,20.6819,20.4221,20.4632,29680
2025-04-14,FXKAP,20.3724,20.4300,20.3282,20.3491,53702
2025-04-15,FXKAP,20.3074,20.7260,20.2305,20.7004,65351
2025-04-16,FXKAP,20.6161,21.2101,20.6012,21.1310,68552
2025-04-17,FXKAP,21.2226,21.2762,21.0569,21.1514,40642
2025-04-18,FXKAP,21.2600,21.3033,21.1979,21.1985,43826
2025-04-21,FXKAP,21.1656,21.2766,21.0396,21.2196,60260
2025-04-22,FXKAP,21.3063,21.3686,21.0877,21.1935,52185
2025-04-23,FXKAP,21.1576,21.2637,20.8911,20.9159,41408
2025-04-24,FXKAP,20.7699,21.1010,20.6589,20.8909,41264
2025-04-25,FXKAP,20.7750,21.2191,20.6599,21.1711,92941
2025-04-28,FXKAP,21.2688,21.6172,21.2334,21.5942,56740
2025-04-29,FXKAP,21.5977,21.6757,21.5554,21.6483,36148
2025-04-30,FXKAP,21.6586,21.6738,21.4043,21.5563,59287
2025-05-01,FXKAP,21.4834,22.3751,21.4793,22.3136,36325
2025-05-02,FXKAP,22.2511,22.3777,22.1424,22.3370,71074
2025-05-05,FXKAP,22.5640,22.7624,22.3851,22.6300,60992
2025-05-06,FXKAP,22.6278,23.1138,22.5960,23.0030,42446
2025-05-07,FXKAP,23.0293,23.3770,22.9336,23.2979,80673
2025-05-08,FXKAP,23.2597,23.3551,23.2522,23.2923,92185
2025-05-09,FXKAP,23.1390,23.2859,22.7864,22.8453,88545
2025-05-12,FXKAP,22.7858,23.1995,22.7193,23.1057,31562
2025-05-13,FXKAP,23.0668,23.5254,23.0237,23.2757,80323
2025-05-14,FXKAP,23.3207,23.3487,23.1057,23.2657,44294
2025-05-15,FXKAP,23.2519,23.3376,22.9215,22.9990,53692
2025-05-16,FXKAP,23.1014,23.1134,22.6748,22.6757,36533
2025-05-19,FXKAP,22.6747,22.9635,22.5452,22.7217,95653
2025-05-20,FXKAP,22.8065,22.9518,22.7984,22.8577,83808
2025-05-21,FXKAP,22.7921,22.8339,22.0274,22.1196,66494
2025-05-22,FXKAP,22.1621,22.1961,22.1316,22.1415,49153
2025-05-23,FXKAP,22.1367,22.1467,21.9841,22.0801,88136
2025-05-26,FXKAP,22.0122,22.0546,21.7569,21.8842,98045
2025-05-27,FXKAP,21.8531,22.0161,21.4944,21.5869,68635
2025-05-28,FXKAP,21.5973,21.6505,21.2526,21.3887,60734
2025-05-29,FXKAP,21.3787,21.4443,21.3401,21.3792,75372
2025-05-30,FXKAP,21.4285,21.4603,21.1417,21.1581,58559
2025-06-02,FXKAP,21.0626,21.4309,21.0329,21.3439,90893
2025-06-03,FXKAP,21.4264,21.4264,20.7767,20.8666,43489
2025-06-04,FXKAP,20.9261,20.9825,20.2590,20.4042,82751
2025-06-05,FXKAP,20.4721,20.6033,20.4289,20.5613,71998
2025-06-06,FXKAP,20.4988,20.9440,20.3885,20.8953,46338
2025-06-09,FXKAP,20.8128,20.8270,20.3711,20.3914,39714
2025-06-10,FXKAP,20.4102,20.4546,19.9863,20.0206,81273
2025-06-11,FXKAP,19.9044,20.0264,19.7246,19.8113,81799
2025-06-12,FXKAP,19.8490,20.3233,19.7445,20.2694,98049
2025-06-13,FXKAP,20.3223,20.4673,20.3097,20.3825,95768
2025-06-16,FXKAP,20.2607,20.2856,19.7450,19.9531,86758
2025-06-17,FXKAP,20.0216,20.5330,20.0150,20.4846,49325
2025-06-18,FXKAP,20.4845,20.5721,20.4297,20.4449,33316
2025-06-19,FXKAP,20.4144,20.4195,20.3823,20.4140,87738
2025-06-20,FXKAP,20.3150,20.8153,20.3108,20.8025,59736
2025-06-23,FXKAP,20.8555,21.1172,20.7867,20.9940,69871
2025-06-24,FXKAP,20.8846,21.0102,20.7839,20.8070,58040
2025-06-25,FXKAP,20.7112,21.7558,20.5712,21.6208,90291
2025-06-26,FXKAP,21.6367,21.8914,21.5898,21.7892,41418
2025-06-27,FXKAP,21.8652,22.2059,21.7339,22.1890,48841
2025-06-30,FXKAP,22.0897,22.3395,21.9400,22.2492,70813
2025-07-01,FXKAP,22.2795,22.3498,22.1213,22.2869,55438
2025-07-02,FXKAP,22.3181,22.3956,22.1265,22.2569,58174
2025-07-03,FXKAP,22.1672,22.4292,22.1611,22.4103,30058
2025-07-04,FXKAP,22.3971,22.7243,22.3934,22.6883,36997
2025-07-07,FXKAP,22.7863,22.8348,22.6478,22.6977,83583
2025-07-08,FXKAP,22.7994,23.0789,22.7902,23.0005,70345
2025-07-09,FXKAP,22.9601,23.3445,22.8198,23.1544,45211
2025-07-10,FXKAP,23.1339,23.6184,22.9150,23.4605,46506
2025-07-11,FXKAP,23.6092,23.6583,23.2336,23.3601,93781
2025-07-14,FXKAP,23.3010,23.3898,22.7567,22.7715,31209
2025-07-15,FXKAP,22.8878,22.9978,22.6964,22.7776,51555
2025-07-16,FXKAP,22.7866,22.8002,22.4660,22.6087,88756
2025-07-17,FXKAP,22.8130,23.0637,22.5196,22.5818,33622
2025-07-18,FXKAP,22.4199,22.5575,22.1396,22.2807,48955
2025-07-21,FXKAP,22.1627,22.4795,22.1517,22.4328,41446
2025-07-22,FXKAP,22.3489,22.5000,22.1288,22.2469,92154
2025-07-23,FXKAP,22.2819,22.4383,22.1471,22.1640,46016
2025-07-24,FXKAP,22.1747,22.3316,22.1372,22.2750,29706
2025-07-25,FXKAP,22.2849,22.3741,22.2343,22.3318,52108
2025-07-28,FXKAP,22.3098,22.4585,22.2452,22.3591,24876
2025-07-29,FXKAP,22.2969,22.4631,21.7732,21.9022,29490
2025-07-30,FXKAP,22.0515,22.0635,21.6215,21.7322,40257
2025-07-31,FXKAP,21.7527,21.8163,21.1133,21.3032,34056
2025-08-01,FXKAP,21.4406,21.4698,21.0562,21.0736,99737
2025-08-04,FXKAP,21.0957,21.5235,21.0729,21.4235,89445
2025-08-05,FXKAP,21.5871,21.7175,21.5626,21.6136,77832
2025-08-06,FXKAP,21.5830,21.5985,21.0087,21.0269,64546
2025-08-07,FXKAP,21.0969,21.1114,20.7764,20.8555,31755
2025-08-08,FXKAP,20.8470,21.0780,20.8151,21.0425,74300
2025-08-11,FXKAP,21.0376,21.0509,20.7020,20.7092,43715
2025-08-12,FXKAP,20.6871,20.8307,20.6169,20.7768,76135
2025-08-13,FXKAP,20.8165,20.8757,20.1163,20.2070,48823
2025-08-14,FXKAP,20.2041,20.5370,20.1777,20.4214,50451
2025-08-15,FXKAP,20.4753,20.8970,20.4705,20.8411,62456
2025-08-18,FXKAP,20.7476,20.7728,20.4824,20.7167,74069
2025-08-19,FXKAP,20.6833,20.7471,20.4334,20.5067,50750
2025-08-20,FXKAP,20.5501,20.6666,19.9345,19.9453,53671
2025-08-21,FXKAP,19.9861,20.4085,19.9114,20.3774,29481
2025-08-22,FXKAP,20.3827,20.3887,19.9459,20.0512,36564
2025-08-25,FXKAP,20.0066,20.2108,19.8868,20.1391,66664
2025-08-26,FXKAP,20.0788,20.4791,19.9991,20.3981,59432
2025-08-27,FXKAP,20.4060,21.0070,20.3203,20.9620,90263
2025-08-28,FXKAP,21.0251,21.1715,20.8661,20.9394,47917
2025-08-29,FXKAP,20.9582,21.1071,20.9401,21.1006,42247
2025-09-01,FXKAP,21.2646,21.5143,21.0308,21.1242,46594
2025-09-02,FXKAP,21.1275,21.2263,20.9806,21.1914,38518
2025-09-03,FXKAP,21.1065,21.3701,20.9927,21.3113,26536
2025-09-04,FXKAP,21.3070,21.4274,21.1240,21.1665,55852
2025-09-05,FXKAP,21.1341,21.4362,21.0866,21.3800,96335
2025-09-08,FXKAP,21.4908,21.5325,21.1380,21.2101,95573
2025-09-09,FXKAP,21.0476,21.0942,20.8689,20.8769,94842
2025-09-10,FXKAP,21.1166,21.1535,21.0720,21.0906,51435
2025-09-11,FXKAP,21.1221,21.1554,20.7990,20.8952,64288
2025-09-12,FXKAP,20.8953,20.9393,20.6396,20.6746,92730
2025-09-15,FXKAP,20.7304,20.7375,20.6725,20.6972,41278
2025-09-16,FXKAP,20.5522,20.6665,20.4208,20.6012,60315
2025-09-17,FXKAP,20.6303,21.0401,20.5978,21.0335,63308
2025-09-18,FXKAP,20.9113,21.3781,20.8698,21.2033,91795
2025-09-19,FXKAP,21.3504,21.4502,21.1877,21.3101,83117
2025-09-22,FXKAP,21.3139,21.4473,21.2228,21.3335,40551
2025-09-23,FXKAP,21.3267,21.3403,21.2244,21.2694,21003
2025-09-24,FXKAP,21.3547,21.5049,21.2158,21.4655,34931
2025-09-25,FXKAP,21.5304,21.8229,21.4255,21.6275,27301
2025-09-26,FXKAP,21.5991,21.7877,21.4971,21.5388,52810
2025-09-29,FXKAP,21.5411,21.6039,20.7957,20.9131,59883
2025-09-30,FXKAP,20.9184,20.9780,20.6416,20.7056,40465
2025-10-01,FXKAP,20.6760,20.8436,20.6312,20.7469,98157
2025-10-02,FXKAP,20.7557,21.0098,20.6848,20.9557,60167
2025-10-03,FXKAP,21.0136,21.2935,20.9210,21.1562,95291
2025-10-06,FXKAP,21.1237,21.7043,21.0857,21.6599,66256
2025-10-07,FXKAP,21.6660,21.6873,21.5299,21.5848,33516
2025-10-08,FXKAP,21.6326,21.7435,21.5172,21.6771,66284
2025-10-09,FXKAP,21.7091,21.7495,21.6665,21.6886,93518
2025-10-10,FXKAP,21.7107,21.8274,21.1302,21.1934,42144
2025-10-13,FXKAP,21.1979,21.2296,21.0226,21.1922,22794
2025-10-14,FXKAP,21.1478,21.3014,21.1141,21.2438,75822
2025-10-15,FXKAP,21.2011,21.2122,20.6904,20.7542,44609
2025-10-16,FXKAP,20.8088,21.1243,20.6198,21.1109,41824
2025-10-17,FXKAP,21.1980,21.2775,20.7491,20.9301,26579
2025-10-20,FXKAP,20.9080,21.0424,20.7292,20.7822,33245
2025-10-21,FXKAP,20.7152,20.7417,20.4426,20.5560,63319
2025-10-22,FXKAP,20.5050,20.6321,20.0138,20.0519,91424
2025-10-23,FXKAP,20.1660,20.1863,19.7067,19.7552,90440
2025-10-24,FXKAP,19.7991,19.8900,19.4701,19.5262,73245
2025-10-27,FXKAP,19.5206,19.6457,19.5155,19.5732,29865
2025-10-28,FXKAP,19.5230,20.0258,19.4941,19.9281,85055
2025-10-29,FXKAP,19.8990,20.0295,19.8454,19.9373,29895
2025-10-30,FXKAP,19.9086,20.1871,19.8265,20.1181,58876
2025-10-31,FXKAP,20.1636,20.1950,19.8689,19.9125,94888
2025-11-03,FXKAP,19.9100,20.0528,19.7305,19.8200,40898
2025-11-04,FXKAP,19.8467,19.9615,19.5421,19.5826,77434
2025-11-05,FXKAP,19.5360,19.9828,19.4494,19.8120,58828
2025-11-06,FXKAP,19.9086,19.9706,19.6609,19.8565,74682
2025-11-07,FXKAP,19.8520,19.9003,19.5506,19.5839,40205
2025-11-10,FXKAP,19.6458,19.7362,19.2450,19.2742,56630
2025-11-11,FXKAP,19.3363,19.5201,19.3329,19.4795,85985
2025-11-12,FXKAP,19.5208,19.5271,18.8243,18.8810,25148
2025-11-13,FXKAP,18.8065,19.3205,18.7903,19.2389,45400
2025-11-14,FXKAP,19.3437,19.4400,19.2116,19.2548,80663
2025-11-17,FXKAP,19.2723,19.6620,19.2606,19.5712,44092
2025-11-18,FXKAP,19.6741,19.8619,19.1983,19.4407,77614
2025-11-19,FXKAP,19.3848,19.7534,19.3254,19.7474,59957
2025-11-20,FXKAP,19.6912,20.0886,19.6797,20.0121,70697
2025-11-21,FXKAP,19.9205,20.3904,19.8343,20.3214,78411
2025-11-24,FXKAP,20.2655,20.6351,20.2509,20.5922,60940
2025-11-25,FXKAP,20.4393,20.7095,20.4131,20.6153,91090
2025-11-26,FXKAP,20.6040,21.2078,20.4129,21.1377,84327
2025-11-27,FXKAP,20.9085,21.1629,20.8834,21.0601,36246
2025-11-28,FXKAP,21.1536,21.2035,21.1410,21.1656,55976
2025-12-01,FXKAP,21.0903,21.1459,20.7986,20.8231,53626
2025-12-02,FXKAP,21.0783,21.0880,20.4428,20.4802,66870
2025-12-03,FXKAP,20.4277,20.4653,20.4094,20.4406,45290
2025-12-04,FXKAP,20.4622,20.6717,20.4231,20.6175,21020
2025-12-05,FXKAP,20.5977,21.1755,20.5527,21.0974,60468
2025-12-08,FXKAP,21.1061,21.1583,20.6082,20.6535,68479
2025-12-09,FXKAP,20.6092,20.9587,20.5516,20.8965,55471
2025-12-10,FXKAP,20.8992,20.9404,20.7918,20.8974,34935
2025-12-11,FXKAP,20.7671,20.7836,20.5978,20.6318,25655
2025-12-12,FXKAP,20.5497,20.6264,20.5283,20.6201,47185
2025-12-15,FXKAP,20.6773,20.8388,20.5316,20.6193,73462
2025-12-16,FXKAP,20.4699,20.5346,20.3418,20.4084,75686
2025-12-17,FXKAP,20.3990,20.5057,19.7973,19.9089,61722
2025-12-18,FXKAP,20.0383,20.0862,19.3471,19.4638,22842
2025-12-19,FXKAP,19.4212,19.5467,19.4168,19.4847,91049
2025-12-22,FXKAP,19.4453,19.4535,19.3447,19.3810,34234
2025-12-23,FXKAP,19.5618,19.6147,19.5073,19.5093,29771
2025-12-24,FXKAP,19.6949,19.7976,19.5447,19.5752,77413
2025-12-25,FXKAP,19.5730,19.6084,19.3777,19.4700,76302
2025-12-26,FXKAP,19.4523,19.5110,18.9747,19.0038,98638
2025-12-29,FXKAP,18.9614,19.1367,18.7684,19.1113,47421
2025-12-30,FXKAP,19.1378,19.1612,19.0658,19.1258,20311
2025-12-31,FXKAP,19.1466,19.3666,19.0756,19.2913,51574
2021-01-04,FXOME,88.0476,88.7124,86.8146,87.7127,71117
2021-01-05,FXOME,87.6732,88.0337,86.1583,86.1759,54511
2021-01-06,FXOME,86.6998,86.7030,85.2687,85.4976,66459
2021-01-07,FXOME,85.3249,85.3832,84.8740,85.0211,24070
2021-01-08,FXOME,84.7280,85.8276,84.5849,85.4948,74703
2021-01-11,FXOME,85.3133,85.3514,84.5347,85.0901,43872
2021-01-12,FXOME,84.7449,85.9216,84.5804,85.7693,87288
2021-01-13,FXOME,85.9480,85.9584,84.3000,84.4286,92622
2021-01-14,FXOME,84.7354,84.8242,83.9413,84.0187,73571
2021-01-15,FXOME,83.5378,84.6699,83.4203,84.2621,79132
2021-01-18,FXOME,84.3185,84.4219,83.8161,83.8798,82838
2021-01-19,FXOME,84.0300,84.0845,81.8483,81.8730,24238
2021-01-20,FXOME,81.9786,83.4156,81.8050,83.2414,41680
2021-01-21,FXOME,83.7342,84.0268,83.5350,83.9260,22841
2021-01-22,FXOME,84.2419,84.5751,82.1956,82.3929,75701
2021-01-25,FXOME,82.6489,82.8105,81.2841,81.2982,82646
2021-01-26,FXOME,81.5242,81.8298,80.8608,80.8737,90879
2021-01-27,FXOME,81.2302,81.4860,79.5659,80.1650,88065
2021-01-28,FXOME,80.2134,81.0989,80.0892,81.0067,30250
2021-01-29,FXOME,80.8897,80.9542,78.7262,78.9259,61843
2021-02-01,FXOME,79.1647,80.4923,78.6501,80.4096,30165
2021-02-02,FXOME,80.3524,80.7976,79.1611,79.5127,62441
2021-02-03,FXOME,79.5695,80.0233,78.9352,79.2632,97888
2021-02-04,FXOME,79.4595,79.5419,77.3689,77.5723,27537
2021-02-05,FXOME,77.7078,77.9421,75.1113,75.3014,67528
2021-02-08,FXOME,74.6250,76.0937,74.5305,75.7801,86034
2021-02-09,FXOME,75.7016,75.8362,75.0248,75.3820,62219
2021-02-10,FXOME,75.1986,76.5401,74.9705,76.4034,41763
2021-02-11,FXOME,76.4598,76.6174,76.3262,76.6148,87056
2021-02-12,FXOME,76.7905,77.3770,76.5196,76.5905,69136
2021-02-15,FXOME,77.1494,78.1822,77.1109,78.1372,59677
2021-02-16,FXOME,77.6655,78.1286,76.3968,76.6966,68629
2021-02-17,FXOME,77.2789,77.2849,76.9268,76.9413,99958
2021-02-18,FXOME,76.8036,77.4629,76.5956,77.1170,65475
2021-02-19,FXOME,77.1506,78.3725,76.7230,78.1154,97609
2021-02-22,FXOME,77.4913,78.2699,77.3745,78.2648,64115
2021-02-23,FXOME,77.9824,78.0889,74.6170,75.4201,52140
2021-02-24,FXOME,75.1788,76.9517,75.1437,76.6785,81981
2021-02-25,FXOME,77.0974,78.8368,77.0624,78.8043,27018
2021-02-26,FXOME,78.7823,80.0701,78.7278,80.0256,76327
2021-03-01,FXOME,79.9558,80.6838,79.7506,80.6005,81784
2021-03-02,FXOME,80.7438,81.1124,78.9805,79.0054,47107
2021-03-03,FXOME,78.8484,79.6225,78.8132,79.2193,31365
2021-03-04,FXOME,79.0745,79.2977,78.8828,79.2442,86602
2021-03-05,FXOME,79.0471,79.3930,77.6018,77.6742,60621
2021-03-08,FXOME,77.5516,77.6577,76.9434,77.2101,39514
2021-03-09,FXOME,77.0310,78.5555,76.8595,78.4362,42761
2021-03-10,FXOME,78.4124,79.1087,77.8796,78.8693,39329
2021-03-11,FXOME,78.8928,79.0913,78.2466,78.3476,56491
2021-03-12,FXOME,78.2403,78.3503,76.4457,77.2002,83065
2021-03-15,FXOME,77.2775,78.0792,76.8438,76.8560,66826
2021-03-16,FXOME,76.1117,76.2678,76.0399,76.2357,97961
2021-03-17,FXOME,76.4846,76.5652,74.9182,74.9781,22623
2021-03-18,FXOME,74.3530,75.1192,74.0477,74.9170,84750
2021-03-19,FXOME,75.1331,76.5349,74.7219,76.1981,71398
2021-03-22,FXOME,76.1404,76.3025,76.0282,76.1073,57204
2021-03-23,FXOME,75.9868,77.5982,75.9726,77.4085,48511
2021-03-24,FXOME,77.6955,78.1419,76.7844,76.9403,47334
2021-03-25,FXOME,76.9886,77.6441,75.4382,75.6184,81740
2021-03-26,FXOME,75.3680,75.9145,75.2135,75.5450,45656
2021-03-29,FXOME,75.2052,76.3774,75.1820,75.7750,36767
2021-03-30,FXOME,75.8775,76.2376,72.7238,73.1287,91773
2021-03-31,FXOME,73.0934,73.2331,70.9250,71.0663,82567
2021-04-01,FXOME,70.8859,71.1781,70.4825,70.5761,51126
2021-04-02,FXOME,70.5417,70.6472,68.4481,68.5405,26089
2021-04-05,FXOME,68.5878,69.5853,68.5462,69.3908,22378
2021-04-06,FXOME,69.5840,70.7796,69.5107,70.3098,30873
2021-04-07,FXOME,70.4920,72.2316,69.8743,72.1218,98712
2021-04-08,FXOME,71.9420,71.9505,71.4805,71.5180,70045
2021-04-09,FXOME,72.1137,72.3879,71.7422,72.0872,90457
2021-04-12,FXOME,72.1814,72.2632,71.6593,72.0995,50686
2021-04-13,FXOME,72.1304,72.3096,71.6168,71.7021,38594
2021-04-14,FXOME,71.4482,73.7089,71.2866,73.0483,26596
2021-04-15,FXOME,73.1818,74.1604,73.1373,73.7945,55229
2021-04-16,FXOME,73.7825,74.3920,73.3777,74.2420,24486
2021-04-19,FXOME,74.5773,74.6468,73.5695,73.8125,69670
2021-04-20,FXOME,73.5288,74.1025,73.2611,73.8380,39256
2021-04-21,FXOME,74.0568,74.2071,71.7925,72.1074,20379
2021-04-22,FXOME,72.3834,74.5689,72.0852,74.2308,63539
2021-04-23,FXOME,74.3428,74.3733,73.1598,73.4893,97290
2021-04-26,FXOME,73.5974,73.6305,72.8177,73.0687,22188
2021-04-27,FXOME,72.8247,74.0062,72.6923,73.6986,51258
2021-04-28,FXOME,73.7866,74.2825,73.4470,74.1445,31261
2021-04-29,FXOME,74.0678,75.5540,73.9671,75.4112,30349
2021-04-30,FXOME,75.5874,76.7466,75.4860,76.7410,96272
2021-05-03,FXOME,76.9468,77.1580,76.0690,76.2081,73766
2021-05-04,FXOME,76.1047,76.3216,75.1015,75.5777,51625
2021-05-05,FXOME,75.7686,76.2001,74.3280,74.5819,62890
2021-05-06,FXOME,75.0953,75.2958,73.8191,74.0235,74570
2021-05-07,FXOME,73.7876,74.4893,73.7533,74.0445,56553
2021-05-10,FXOME,73.9371,74.7856,73.5388,73.7430,48041
2021-05-11,FXOME,73.9358,74.4473,73.9108,74.0821,49168
2021-05-12,FXOME,74.0566,74.9660,73.9971,74.8439,57324
2021-05-13,FXOME,74.7756,76.3403,74.6069,75.7915,41647
2021-05-14,FXOME,75.8273,76.3705,75.1960,75.2531,93696
2021-05-17,FXOME,74.8294,75.0801,74.5875,74.7732,96395
2021-05-18,FXOME,74.9341,75.3765,74.7768,75.1955,95082
2021-05-19,FXOME,75.4409,77.0007,75.1890,76.8185,52967
2021-05-20,FXOME,76.7401,77.1964,76.3485,76.8608,59369
2021-05-21,FXOME,76.8292,76.9979,75.4144,75.7090,47486
2021-05-24,FXOME,75.6310,76.1818,75.4502,76.0490,86430
2021-05-25,FXOME,76.7347,77.5606,76.3413,77.4696,23591
2021-05-26,FXOME,77.3315,78.2869,76.7613,78.1905,57635
2021-05-27,FXOME,78.1630,78.4471,77.7279,77.7780,97111
2021-05-28,FXOME,77.4835,78.1437,77.3403,77.8524,22071
2021-05-31,FXOME,77.9665,78.1151,77.1946,77.8351,61216
2021-06-01,FXOME,77.9850,78.0480,77.0790,77.2115,28108
2021-06-02,FXOME,77.5632,77.8044,76.0876,76.1710,97289
2021-06-03,FXOME,76.3454,77.6319,75.9021,77.5527,72205
2021-06-04,FXOME,77.5939,77.6665,76.8306,76.9046,54110
2021-06-07,FXOME,77.0489,77.9182,76.8854,77.8385,51263
2021-06-08,FXOME,78.3398,79.1170,78.2607,79.0521,88933
2021-06-09,FXOME,79.4244,80.0188,79.0291,79.8606,90106
2021-06-10,FXOME,80.0089,80.2438,79.0659,79.5373,26904
2021-06-11,FXOME,79.9417,79.9979,77.7825,78.0135,76763
2021-06-14,FXOME,78.0294,80.0494,77.2470,79.4669,33278
2021-06-15,FXOME,79.6607,79.8639,77.6410,78.0875,94419
2021-06-16,FXOME,78.1066,78.3903,76.5642,76.6597,41061
2021-06-17,FXOME,76.3376,76.7982,75.6436,75.7877,61860
2021-06-18,FXOME,76.2006,76.9786,75.1067,75.6655,32655
2021-06-21,FXOME,75.6175,75.9487,73.9896,74.2143,91251
2021-06-22,FXOME,74.2303,74.5537,74.0449,74.2897,79886
2021-06-23,FXOME,74.2568,74.4680,73.5994,73.6154,84647
2021-06-24,FXOME,73.9372,74.3054,72.7874,72.9769,32587
2021-06-25,FXOME,72.4843,74.3289,72.2189,74.1001,39978
2021-06-28,FXOME,74.3918,75.4714,74.1744,75.0908,72186
2021-06-29,FXOME,75.0599,75.4230,73.3676,73.6536,20587
2021-06-30,FXOME,73.4934,74.4273,73.2890,74.3539,34028
2021-07-01,FXOME,74.0564,75.7692,73.8683,75.6206,59242
2021-07-02,FXOME,75.1782,77.3623,75.0621,76.8959,90380
2021-07-05,FXOME,77.6655,77.6984,77.0344,77.4331,39935
2021-07-06,FXOME,77.2048,79.0244,76.5235,78.7155,93873
2021-07-07,FXOME,78.1554,78.3062,77.6412,78.0433,68500
2021-07-08,FXOME,77.6400,80.5222,77.3220,80.1823,72594
2021-07-09,FXOME,80.1564,80.3961,79.7348,80.0258,31432
2021-07-12,FXOME,79.7993,80.7774,79.5389,80.4041,55082
2021-07-13,FXOME,80.5345,80.6184,79.5475,79.7283,96134
2021-07-14,FXOME,80.1056,82.1053,80.0044,81.7113,62661
2021-07-15,FXOME,81.4187,81.5168,80.7957,81.1361,71275
2021-07-16,FXOME,81.3928,81.6662,81.3769,81.4977,80608
2021-07-19,FXOME,81.5014,81.8920,79.7905,80.1366,30708
2021-07-20,FXOME,80.4832,80.7504,79.2195,79.3476,55962
2021-07-21,FXOME,79.3429,79.5216,77.6389,77.8145,93194
2021-07-22,FXOME,77.2507,77.2723,76.7647,76.9011,87868
2021-07-23,FXOME,76.8401,77.5634,76.6134,77.4792,36307
2021-07-26,FXOME,77.6913,78.0938,76.7043,76.8836,57535
2021-07-27,FXOME,76.9066,77.9286,76.7685,77.7003,62627
2021-07-28,FXOME,77.7661,77.9335,77.7092,77.7939,38165
2021-07-29,FXOME,78.1286,79.4299,78.0547,79.2202,24503
2021-07-30,FXOME,79.0252,79.5177,78.7168,79.4659,92988
2021-08-02,FXOME,79.5294,81.9836,78.9958,81.8876,84316
2021-08-03,FXOME,82.1169,83.4237,81.6717,82.6539,90730
2021-08-04,FXOME,83.0860,83.3991,81.7538,82.2014,22268
2021-08-05,FXOME,81.7383,81.9665,81.3986,81.9304,72403
2021-08-06,FXOME,81.7509,82.0466,80.3767,81.3258,80644
2021-08-09,FXOME,81.8492,82.0772,80.4915,80.6784,95031
2021-08-10,FXOME,80.2681,81.2428,79.8129,81.1861,51979
2021-08-11,FXOME,81.2292,81.5234,80.1799,80.4353,93131
2021-08-12,FXOME,80.8280,81.0843,79.5262,79.7247,85607
2021-08-13,FXOME,80.0703,80.2407,77.1051,77.3499,77538
2021-08-16,FXOME,77.3108,77.4465,76.5943,76.8510,73818
2021-08-17,FXOME,76.6269,77.2440,76.4100,76.7303,60084
2021-08-18,FXOME,76.4263,77.7547,75.8844,77.5702,88104
2021-08-19,FXOME,76.8012,76.8051,75.7421,76.2387,21636
2021-08-20,FXOME,76.1984,76.8192,75.6360,75.8383,33330
2021-08-23,FXOME,75.7919,76.2220,75.4156,76.0396,57313
2021-08-24,FXOME,75.8989,76.0848,75.2270,75.2788,38357
2021-08-25,FXOME,74.5791,76.2287,74.2308,76.0750,21267
2021-08-26,FXOME,76.4233,77.4929,75.9131,77.1170,24488
2021-08-27,FXOME,77.0570,77.1362,76.3211,76.6445,80166
2021-08-30,FXOME,76.2800,77.9263,75.9041,77.5613,80994
2021-08-31,FXOME,77.1785,77.2718,76.3221,76.6709,37762
2021-09-01,FXOME,76.3347,77.2553,76.0754,77.1320,31653
2021-09-02,FXOME,76.8238,77.2823,76.4741,76.7327,24573
2021-09-03,FXOME,76.9508,77.4725,76.7804,77.2658,61579
2021-09-06,FXOME,77.4904,77.5435,74.8518,75.2061,80686
2021-09-07,FXOME,75.4963,75.5990,74.5600,74.7303,95888
2021-09-08,FXOME,74.9334,75.5631,74.5666,74.6038,70607
2021-09-09,FXOME,74.4164,75.6633,74.0284,75.3999,35159
2021-09-10,FXOME,75.8065,75.8271,71.6408,72.1510,59795
2021-09-13,FXOME,72.3426,72.6541,71.0614,71.1036,48754
2021-09-14,FXOME,71.1261,71.6629,70.8111,71.4741,91195
2021-09-15,FXOME,71.1932,72.9272,71.1790,72.8379,33177
2021-09-16,FXOME,73.4194,74.6682,73.1243,74.5177,57433
2021-09-17,FXOME,74.4150,74.7504,74.2089,74.6536,61892
2021-09-20,FXOME,74.1784,74.2187,73.3101,73.5787,64034
2021-09-21,FXOME,73.5029,73.7740,73.3701,73.5923,33651
2021-09-22,FXOME,73.3155,74.5300,73.1337,74.0160,28605
2021-09-23,FXOME,73.9919,74.3060,72.9716,73.4457,62627
2021-09-24,FXOME,73.5493,73.9775,72.3016,72.5429,21044
2021-09-27,FXOME,72.7469,72.8182,71.6958,71.9382,45564
2021-09-28,FXOME,71.9726,72.1071,71.1113,71.4029,63095
2021-09-29,FXOME,71.6949,72.8794,71.2613,72.3715,50265
2021-09-30,FXOME,72.8555,72.9368,70.9433,71.1297,56437
2021-10-01,FXOME,71.1410,71.2248,71.1081,71.1223,86928
2021-10-04,FXOME,71.1304,71.1891,70.2549,70.5519,45151
2021-10-05,FXOME,71.1858,71.3289,69.7005,70.1579,22843
2021-10-06,FXOME,70.0939,70.5678,69.7985,69.8276,46456
2021-10-07,FXOME,70.1969,70.8178,69.8126,70.3393,72175
2021-10-08,FXOME,70.5815,70.7835,69.5358,69.6948,77181
2021-10-11,FXOME,69.3656,69.4406,69.1054,69.2091,71928
2021-10-12,FXOME,68.8156,68.8859,68.2377,68.5085,58655
2021-10-13,FXOME,68.8943,69.1813,68.2848,68.8005,83778
2021-10-14,FXOME,69.0122,69.5661,68.6794,69.2917,94533
2021-10-15,FXOME,69.4869,69.5228,69.1522,69.2872,50952
2021-10-18,FXOME,69.1248,70.4813,68.7736,70.4210,23461
2021-10-19,FXOME,70.5233,70.6601,69.5259,69.7772,24856
2021-10-20,FXOME,69.7232,70.1559,69.6046,69.9064,38041
2021-10-21,FXOME,70.0840,70.1914,68.8178,69.0907,55419
2021-10-22,FXOME,69.3400,69.5301,67.9385,67.9791,60723
2021-10-25,FXOME,68.3974,68.8623,67.9196,68.5428,57830
2021-10-26,FXOME,68.5803,70.5046,68.3517,70.3662,52832
2021-10-27,FXOME,70.2151,71.9134,69.9773,71.5662,22815
2021-10-28,FXOME,71.6672,71.8248,70.8909,71.0259,48260
2021-10-29,FXOME,70.6923,71.8165,70.2077,71.6602,91125
2021-11-01,FXOME,71.5873,71.8133,70.2490,70.3137,83374
2021-11-02,FXOME,70.0263,71.2365,69.7711,71.0998,63494
2021-11-03,FXOME,71.1494,73.1282,70.9644,73.0730,62647
2021-11-04,FXOME,73.0393,74.8361,72.9528,74.6869,87197
2021-11-05,FXOME,74.7541,75.0457,72.4975,72.6499,22743
2021-11-08,FXOME,72.8290,73.2843,71.3560,71.6270,44962
2021-11-09,FXOME,71.5160,71.9331,71.3936,71.8849,44353
2021-11-10,FXOME,72.2511,72.7641,72.2309,72.7308,34456
2021-11-11,FXOME,72.7213,73.1866,72.5555,72.7833,87923
2021-11-12,FXOME,72.7045,73.1932,72.2957,72.9952,22752
2021-11-15,FXOME,72.6122,74.8395,72.3052,74.6772,58646
2021-11-16,FXOME,74.7294,77.3571,74.6973,77.2766,75495
2021-11-17,FXOME,77.1986,77.8476,75.4611,76.0009,82003
2021-11-18,FXOME,75.7104,76.2899,75.2042,76.0455,41146
2021-11-19,FXOME,75.9575,76.7583,75.9160,76.1293,40273
2021-11-22,FXOME,76.2082,76.2112,76.0640,76.1044,53576
2021-11-23,FXOME,76.0984,76.6148,74.7180,75.1851,59507
2021-11-24,FXOME,75.4378,75.5117,73.9375,74.3696,77956
2021-11-25,FXOME,74.5567,74.5800,74.0513,74.0766,62276
2021-11-26,FXOME,74.3313,74.6793,73.4954,74.0405,94542
2021-11-29,FXOME,74.0669,74.1481,72.2381,72.6051,69071
2021-11-30,FXOME,72.9522,73.5884,71.7692,71.9737,33387
2021-12-01,FXOME,71.6753,71.7947,71.3805,71.7728,45875
2021-12-02,FXOME,71.1549,73.9254,70.9977,73.8200,71934
2021-12-03,FXOME,73.3001,74.9171,72.7150,74.2342,67798
2021-12-06,FXOME,74.1751,74.6766,73.3939,73.4255,47794
2021-12-07,FXOME,73.7307,73.9684,72.0677,72.2874,98619
2021-12-08,FXOME,71.9646,72.8418,71.6799,72.8076,93226
2021-12-09,FXOME,73.0045,73.1091,72.0654,72.4148,76961
2021-12-10,FXOME,72.2018,73.2036,72.0998,73.0779,39452
2021-12-13,FXOME,72.8071,72.8447,72.1895,72.7716,73911
2021-12-14,FXOME,73.0627,74.7703,73.0033,74.7401,37680
2021-12-15,FXOME,74.7846,77.0373,74.2994,76.9676,44784
2021-12-16,FXOME,76.8079,77.1734,76.2290,76.3555,70552
2021-12-17,FXOME,76.1895,77.5662,75.5783,77.5132,70087
2021-12-20,FXOME,77.4615,79.7105,77.3141,79.7032,93234
2021-12-21,FXOME,79.9372,80.0748,78.8731,79.0235,96571
2021-12-22,FXOME,79.0327,79.3584,79.0233,79.2115,40500
2021-12-23,FXOME,79.0928,80.9859,78.9218,80.7624,22409
2021-12-24,FXOME,80.4631,82.4378,79.9087,82.3321,27122
2021-12-27,FXOME,82.2230,82.9325,81.8916,82.7204,65521
2021-12-28,FXOME,83.0286,84.8769,82.9179,84.7947,96928
2021-12-29,FXOME,85.0354,85.8312,84.6142,85.6992,39931
2021-12-30,FXOME,85.9071,87.9697,85.8543,87.3113,68327
2021-12-31,FXOME,87.3209,89.1185,87.2809,89.0908,85322
2022-01-03,FXOME,88.9309,89.3317,88.2251,88.4900,26418
2022-01-04,FXOME,88.2011,88.5198,87.8377,88.4181,65696
2022-01-05,FXOME,88.5363,88.7160,85.4036,85.7288,99426
2022-01-06,FXOME,85.4842,85.5990,82.0292,82.4574,58706
2022-01-07,FXOME,82.5719,82.6176,80.4522,80.5692,86524
2022-01-10,FXOME,80.6059,80.9526,78.5212,78.7666,21704
2022-01-11,FXOME,78.7956,79.1516,78.0446,78.1338,87282
2022-01-12,FXOME,78.0121,78.2419,77.3369,77.5590,63564
2022-01-13,FXOME,77.5085,77.8263,75.7978,75.8228,81453
2022-01-14,FXOME,75.7940,77.8669,75.5059,77.5557,29727
2022-01-17,FXOME,77.9245,77.9487,76.6056,76.6647,72244
2022-01-18,FXOME,76.9282,77.2912,74.1023,74.1946,70762
2022-01-19,FXOME,73.9763,74.1233,73.5272,74.0717,52951
2022-01-20,FXOME,73.8037,74.4723,72.3791,72.4050,98843
2022-01-21,FXOME,72.6037,72.9699,70.3095,70.8835,37237
2022-01-24,FXOME,70.9945,71.3173,70.5713,71.2003,35050
2022-01-25,FXOME,71.1401,71.6816,70.9998,71.4579,25635
2022-01-26,FXOME,72.0389,72.0529,71.0309,71.1309,49410
2022-01-27,FXOME,71.3646,71.5275,70.3611,70.6237,70844
2022-01-28,FXOME,70.0322,70.5767,69.6558,70.1761,92917
2022-01-31,FXOME,70.0573,70.7597,69.8786,70.2502,94490
2022-02-01,FXOME,70.7160,70.7475,70.5202,70.6682,46956
2022-02-02,FXOME,70.7893,70.8136,67.9675,68.2575,22504
2022-02-03,FXOME,68.3390,68.3485,67.6414,67.7083,88464
2022-02-04,FXOME,68.0361,68.2114,66.2918,66.3801,49945
2022-02-07,FXOME,66.5783,66.6368,66.2424,66.3361,73743
2022-02-08,FXOME,66.5265,67.4292,66.4588,67.1946,22695
2022-02-09,FXOME,66.7604,66.8027,66.4042,66.4272,49956
2022-02-10,FXOME,66.6208,66.9252,64.3542,64.7625,45840
2022-02-11,FXOME,64.6657,65.0984,64.1337,64.8348,70224
2022-02-14,FXOME,65.0768,66.8734,64.8437,66.7937,30041
2022-02-15,FXOME,67.5084,68.9604,67.3961,68.5551,77129
2022-02-16,FXOME,68.4632,70.5388,67.7019,70.2623,84525
2022-02-17,FXOME,70.0322,70.3180,69.3885,69.4188,62728
2022-02-18,FXOME,69.1463,69.6438,68.7397,69.6012,22329
2022-02-21,FXOME,69.2170,73.1560,68.5528,72.9836,31051
2022-02-22,FXOME,73.1024,73.8361,72.9454,73.6985,51971
2022-02-23,FXOME,73.6467,73.9473,71.6932,72.1775,45371
2022-02-24,FXOME,72.2445,72.5748,70.1993,70.3939,61030
2022-02-25,FXOME,69.7680,71.9729,69.6464,71.1683,89936
2022-02-28,FXOME,70.3870,71.7660,69.7823,71.7137,67678
2022-03-01,FXOME,71.8233,71.8687,70.4809,70.7888,70148
2022-03-02,FXOME,70.8005,71.2075,69.8923,70.5093,69004
2022-03-03,FXOME,70.2677,70.2727,68.1569,68.8528,61371
2022-03-04,FXOME,69.0564,69.4879,67.6918,67.9992,91859
2022-03-07,FXOME,67.6469,67.7609,66.3868,66.5960,32602
2022-03-08,FXOME,66.1257,67.9753,66.0015,67.3805,71057
2022-03-09,FXOME,67.7624,68.1017,66.5645,66.9525,99951
2022-03-10,FXOME,67.4114,67.8328,67.0277,67.1876,24448
2022-03-11,FXOME,66.8793,67.7127,66.8024,67.6885,81086
2022-03-14,FXOME,68.0453,68.6058,67.4355,67.6075,98330
2022-03-15,FXOME,67.3592,67.5039,66.0851,66.1715,64229
2022-03-16,FXOME,66.4853,67.3936,66.1255,67.0901,39677
2022-03-17,FXOME,67.5221,67.7451,67.0841,67.5896,49408
2022-03-18,FXOME,67.4253,67.7627,65.7931,66.3205,48748
2022-03-21,FXOME,66.6340,68.3128,66.1157,67.6844,90894
2022-03-22,FXOME,67.5853,68.8428,67.5785,68.5417,34944
2022-03-23,FXOME,68.0946,68.6353,67.8908,68.1241,45370
2022-03-24,FXOME,68.3547,68.4910,67.7554,68.1325,49980
2022-03-25,FXOME,68.1484,68.6279,67.7664,67.7760,24152
2022-03-28,FXOME,67.8511,67.9539,67.5859,67.8478,52981
2022-03-29,FXOME,67.8142,68.8841,67.3329,68.7007,98462
2022-03-30,FXOME,68.8693,69.8392,68.6166,69.7343,36200
2022-03-31,FXOME,69.6902,69.9774,69.0983,69.3564,96490
2022-04-01,FXOME,69.4064,69.4644,68.5452,68.8031,64650
2022-04-04,FXOME,68.5065,68.9940,66.7457,67.0757,89984
2022-04-05,FXOME,66.9461,69.5810,66.6430,69.0852,25465
2022-04-06,FXOME,69.4439,69.6306,68.9316,69.2991,56074
2022-04-07,FXOME,69.3934,69.9001,68.6167,68.9213,99497
2022-04-08,FXOME,69.1991,69.5653,68.6999,68.8655,29747
2022-04-11,FXOME,68.9222,69.3666,68.8115,69.0165,71491
2022-04-12,FXOME,68.7789,68.8934,67.3183,67.4049,24041
2022-04-13,FXOME,67.2711,67.4039,66.9525,67.0322,93762
2022-04-14,FXOME,67.4878,67.5734,67.0793,67.2431,96279
2022-04-15,FXOME,66.8475,67.9293,66.6254,67.7503,27375
2022-04-18,FXOME,67.9336,68.1571,67.4461,67.5544,42451
2022-04-19,FXOME,67.6296,68.8760,67.4267,68.7979,59241
2022-04-20,FXOME,68.6664,68.6994,68.4085,68.5120,41188
2022-04-21,FXOME,68.2278,68.7969,67.9864,68.5991,94683
2022-04-22,FXOME,68.6001,68.6729,67.4109,67.8292,73143
2022-04-25,FXOME,67.9019,68.1674,67.3246,67.6190,77007
2022-04-26,FXOME,67.7670,68.0405,66.9892,67.0707,82912
2022-04-27,FXOME,67.1511,67.5053,65.8154,66.1181,25976
2022-04-28,FXOME,65.9583,65.9775,65.2283,65.5520,58268
2022-04-29,FXOME,65.2701,67.9756,65.0993,67.5572,81773
2022-05-02,FXOME,67.4707,67.4836,66.1665,66.4700,96675
2022-05-03,FXOME,66.5948,67.0741,66.5047,66.9792,21380
2022-05-04,FXOME,67.0446,67.2788,66.3598,66.7043,42710
2022-05-05,FXOME,66.6988,66.7704,65.9742,66.3125,26469
2022-05-06,FXOME,66.1807,67.2418,65.8922,67.0536,51042
2022-05-09,FXOME,67.0002,67.3082,66.1912,66.7130,26684
2022-05-10,FXOME,66.4534,67.5824,66.3000,67.2694,64581
2022-05-11,FXOME,67.5612,67.7093,67.2743,67.6348,72275
2022-05-12,FXOME,67.7463,67.7472,67.2865,67.6456,75125
2022-05-13,FXOME,67.3282,67.5293,67.0848,67.0935,97889
2022-05-16,FXOME,67.2786,67.3704,66.3340,66.5802,82915
2022-05-17,FXOME,66.8989,67.1657,64.7861,64.8351,44829
2022-05-18,FXOME,64.8199,65.2941,64.6084,64.7060,40823
2022-05-19,FXOME,64.5786,64.6283,63.3636,63.8602,49735
2022-05-20,FXOME,63.8584,64.1895,63.5321,63.8358,67853
2022-05-23,FXOME,63.7367,63.9201,62.7094,62.8886,64193
2022-05-24,FXOME,62.6082,62.8023,62.3994,62.4869,29386
2022-05-25,FXOME,62.5747,63.5396,62.3992,63.4547,34564
2022-05-26,FXOME,63.2746,63.3938,62.5758,62.5779,96520
2022-05-27,FXOME,62.3034,65.4151,62.1832,64.8244,62477
2022-05-30,FXOME,64.6294,66.7548,64.2215,66.4507,46263
2022-05-31,FXOME,66.2174,66.5433,64.1426,64.2960,45406
2022-06-01,FXOME,64.2342,65.2209,64.0882,65.1641,43726
2022-06-02,FXOME,65.3768,66.4799,65.3082,66.2273,87723
2022-06-03,FXOME,66.1085,67.3092,66.0948,67.0149,96922
2022-06-06,FXOME,66.7145,66.8919,65.7289,66.2591,36098
2022-06-07,FXOME,66.5991,66.8023,64.5487,64.7642,72360
2022-06-08,FXOME,64.4697,64.8005,64.3821,64.7586,37543
2022-06-09,FXOME,64.7923,64.8236,63.7507,64.0507,33356
2022-06-10,FXOME,64.0439,64.3967,62.4691,62.7029,52874
2022-06-13,FXOME,62.6977,63.5426,62.5373,63.4350,89029
2022-06-14,FXOME,63.3050,64.0425,63.1942,64.0404,63481
2022-06-15,FXOME,64.0662,64.0700,63.3286,63.3430,75446
2022-06-16,FXOME,63.4348,63.7951,63.3086,63.4787,81938
2022-06-17,FXOME,63.6892,63.7590,63.2681,63.2934,21896
2022-06-20,FXOME,63.3350,63.6204,62.3772,62.4571,85308
2022-06-21,FXOME,62.8745,62.9405,60.9296,61.1140,48836
2022-06-22,FXOME,61.1922,62.8176,60.9505,62.7486,99415
2022-06-23,FXOME,62.9052,63.2285,62.1033,62.2834,43664
2022-06-24,FXOME,62.2767,62.4443,60.8100,60.8196,65223
2022-06-27,FXOME,60.6651,62.9025,60.6254,62.7073,33262
2022-06-28,FXOME,62.6164,65.1308,62.1607,65.1109,86305
2022-06-29,FXOME,65.0565,65.4134,64.9703,65.3801,78211
2022-06-30,FXOME,65.7486,66.4008,65.5618,66.3884,73100
2022-07-01,FXOME,66.4276,68.8434,66.3649,68.7579,97868
2022-07-04,FXOME,68.4318,69.9105,68.0081,69.6873,65795
2022-07-05,FXOME,69.8054,70.5267,69.4624,70.3953,94017
2022-07-06,FXOME,70.4979,70.8709,69.7458,69.9193,87769
2022-07-07,FXOME,70.1010,70.3927,69.3980,69.5782,27322
2022-07-08,FXOME,69.2435,71.2229,69.1366,70.7902,67101
2022-07-11,FXOME,70.5473,73.3616,70.0390,72.3163,43253
2022-07-12,FXOME,72.5607,72.6143,71.4017,71.4270,62498
2022-07-13,FXOME,70.6740,70.8609,69.0705,69.4271,91488
2022-07-14,FXOME,69.3921,70.8502,69.3645,70.4003,60660
2022-07-15,FXOME,70.1139,70.1571,68.9931,69.3902,91676
2022-07-18,FXOME,69.7719,69.9730,68.4357,68.5640,43453
2022-07-19,FXOME,68.5196,68.6042,67.8303,68.0576,40847
2022-07-20,FXOME,68.2988,69.0351,68.2436,68.7167,71454
2022-07-21,FXOME,68.3277,68.3513,67.8667,67.9857,54289
2022-07-22,FXOME,67.7489,69.3148,67.6000,68.9523,43041
2022-07-25,FXOME,68.2492,68.6644,68.1627,68.6540,39741
2022-07-26,FXOME,68.3895,69.0944,68.1944,68.8205,51640
2022-07-27,FXOME,68.5483,70.7604,68.5258,70.2586,24942
2022-07-28,FXOME,70.3429,71.4163,69.6504,70.8724,25054
2022-07-29,FXOME,71.2694,71.4533,70.5658,70.6422,65663
2022-08-01,FXOME,70.9267,71.0563,69.5696,69.9562,64221
2022-08-02,FXOME,70.1992,70.7887,70.1958,70.7312,52494
2022-08-03,FXOME,70.9278,72.3498,70.4827,72.0089,29030
2022-08-04,FXOME,71.0992,71.3377,70.3738,70.5493,48572
2022-08-05,FXOME,70.2219,70.4090,68.9106,69.4119,25480
2022-08-08,FXOME,69.2969,69.4362,68.8899,69.0311,97673
2022-08-09,FXOME,68.9677,69.3056,68.6626,68.7851,57121
2022-08-10,FXOME,68.6224,69.4487,68.3195,69.2728,91956
2022-08-11,FXOME,69.6756,69.9478,69.2722,69.5343,94169
2022-08-12,FXOME,69.1756,69.2928,68.2539,68.4509,81070
2022-08-15,FXOME,68.9057,69.7472,68.5692,68.5924,87148
2022-08-16,FXOME,68.5484,68.8012,67.2141,67.2250,41001
2022-08-17,FXOME,68.0403,68.3406,68.0078,68.0217,59848
2022-08-18,FXOME,67.8239,68.4630,67.5101,68.3509,61777
2022-08-19,FXOME,68.4420,68.9341,68.3291,68.6185,51789
2022-08-22,FXOME,69.0259,69.0989,68.3427,68.7185,38526
2022-08-23,FXOME,68.7438,69.2127,68.3659,68.3863,60166
2022-08-24,FXOME,68.4955,68.9796,67.1444,67.2088,31891
2022-08-25,FXOME,67.4408,67.5430,66.5237,67.0940,66993
2022-08-26,FXOME,66.6440,68.3104,66.4423,67.9922,60479
2022-08-29,FXOME,67.8575,68.7956,67.4948,68.2902,86142
2022-08-30,FXOME,68.5108,68.9023,68.4835,68.8755,86470
2022-08-31,FXOME,69.0039,69.9081,68.9866,69.8752,67314
2022-09-01,FXOME,69.2657,71.7193,69.2293,71.5837,69115
2022-09-02,FXOME,71.8854,71.9032,71.1952,71.3789,73349
2022-09-05,FXOME,70.7330,71.3044,70.7142,71.3015,52550
2022-09-06,FXOME,71.2182,72.2541,71.0879,72.1634,55566
2022-09-07,FXOME,72.4566,72.6215,70.8168,71.2664,69560
2022-09-08,FXOME,71.1770,72.2722,71.0339,72.2438,20040
2022-09-09,FXOME,71.9996,73.1964,71.6720,73.0285,99813
2022-09-12,FXOME,73.0445,73.1132,72.6376,73.0486,68289
2022-09-13,FXOME,72.7661,72.9564,72.1789,72.6661,44388
2022-09-14,FXOME,72.1389,73.3592,71.7743,73.1270,98132
2022-09-15,FXOME,73.2604,73.8738,72.2384,72.3654,21229
2022-09-16,FXOME,72.9325,73.1459,71.2844,71.3641,30583
2022-09-19,FXOME,71.3542,72.2031,70.9590,71.9522,79810
2022-09-20,FXOME,71.8884,71.9971,70.9976,71.0278,78516
2022-09-21,FXOME,71.0936,72.4224,71.0095,72.3178,87331
2022-09-22,FXOME,72.5427,73.8096,72.5300,73.4302,95118
2022-09-23,FXOME,73.1233,73.2259,71.6244,71.8745,53377
2022-09-26,FXOME,71.4140,71.8900,71.0980,71.6999,23720
2022-09-27,FXOME,71.5015,73.1984,71.3124,73.1068,59509
2022-09-28,FXOME,73.3234,73.7185,72.6635,73.0726,94219
2022-09-29,FXOME,72.8735,74.2212,72.6514,73.8420,54211
2022-09-30,FXOME,73.4858,74.4429,73.1859,74.1999,73439
2022-10-03,FXOME,74.2237,74.3232,73.0071,73.2771,24491
2022-10-04,FXOME,73.4008,73.6059,73.2635,73.4251,22320
2022-10-05,FXOME,73.2051,73.3334,72.0609,72.1538,76567
2022-10-06,FXOME,72.4273,72.4791,71.5015,71.5751,39387
2022-10-07,FXOME,71.3091,71.3529,70.3732,70.5430,77053
2022-10-10,FXOME,70.8546,72.0423,70.8180,71.6556,39932
2022-10-11,FXOME,72.0215,73.8386,71.8437,73.7629,30961
2022-10-12,FXOME,73.7283,75.5247,73.5960,74.9788,44543
2022-10-13,FXOME,74.5062,74.8463,74.4264,74.4568,47367
2022-10-14,FXOME,74.5352,74.5635,74.2336,74.3036,44495
2022-10-17,FXOME,73.9802,74.5085,73.7808,74.4425,71480
2022-10-18,FXOME,74.2127,74.6329,73.6852,74.2048,27897
2022-10-19,FXOME,74.5571,75.2600,74.1052,75.1855,78464
2022-10-20,FXOME,75.1164,75.7897,74.7250,75.2384,20416
2022-10-21,FXOME,75.4848,76.6949,74.7862,76.5869,90851
2022-10-24,FXOME,76.3761,76.8857,76.1460,76.6752,56826
2022-10-25,FXOME,76.6507,77.6552,76.5562,77.6336,50391
2022-10-26,FXOME,77.9197,78.1171,77.3165,77.3775,43679
2022-10-27,FXOME,77.4170,77.8814,76.0335,76.0590,33151
2022-10-28,FXOME,76.3748,76.7811,75.4954,75.6677,93587
2022-10-31,FXOME,76.0020,76.1378,74.2265,74.3181,20925
2022-11-01,FXOME,74.4880,74.5335,74.1214,74.2946,49670
2022-11-02,FXOME,74.3918,74.4684,72.1419,72.2650,59899
2022-11-03,FXOME,72.6715,72.9371,71.9279,72.2808,70060
2022-11-04,FXOME,72.5650,74.1778,72.4814,73.9410,98871
2022-11-07,FXOME,74.4383,75.8317,73.8244,75.3182,76315
2022-11-08,FXOME,75.4194,75.7504,75.1767,75.1940,64432
2022-11-09,FXOME,75.2625,75.6597,75.1658,75.6128,45049
2022-11-10,FXOME,75.8504,76.0596,74.1110,74.1399,83838
2022-11-11,FXOME,74.5620,74.7457,72.6725,72.9100,59366
2022-11-14,FXOME,72.7078,72.8647,72.5297,72.5481,56139
2022-11-15,FXOME,72.4380,73.5457,71.9245,73.3126,59829
2022-11-16,FXOME,73.6412,74.0271,72.2986,72.5709,50394
2022-11-17,FXOME,72.3928,72.4260,70.1076,70.7305,61617
2022-11-18,FXOME,71.0360,71.9104,70.7943,71.6195,64861
2022-11-21,FXOME,71.1155,72.4820,70.9516,72.1738,32620
2022-11-22,FXOME,72.3684,72.7373,70.5263,70.7930,44156
2022-11-23,FXOME,70.8437,71.1174,70.8412,70.9359,44655
2022-11-24,FXOME,71.4265,71.6735,70.3431,70.5263,55787
2022-11-25,FXOME,70.3635,70.6521,70.1444,70.5861,68059
2022-11-28,FXOME,70.1982,73.2098,69.8577,72.8143,34567
2022-11-29,FXOME,72.8648,73.0404,72.0398,72.1589,40871
2022-11-30,FXOME,72.3237,72.5385,71.8395,72.2068,60809
2022-12-01,FXOME,71.7969,72.1978,71.7869,71.9260,72002
2022-12-02,FXOME,71.2396,71.9065,71.0659,71.5345,52757
2022-12-05,FXOME,71.5773,71.7113,70.4859,70.9109,96092
2022-12-06,FXOME,70.9086,71.9494,70.6996,71.9390,84610
2022-12-07,FXOME,72.1236,72.7458,71.4092,71.6965,67838
2022-12-08,FXOME,71.6050,72.1724,71.5216,72.0842,87576
2022-12-09,FXOME,72.4955,72.5754,71.6413,71.8076,48549
2022-12-12,FXOME,72.1701,73.7422,72.0674,73.6069,83702
2022-12-13,FXOME,73.3793,74.5827,73.0423,74.2349,67052
2022-12-14,FXOME,74.2545,75.6776,74.1462,75.2911,60293
2022-12-15,FXOME,75.8009,76.9810,75.7832,76.8364,84571
2022-12-16,FXOME,76.9446,77.1340,75.9038,76.3455,61476
2022-12-19,FXOME,75.9124,77.4378,75.8960,77.3091,24595
2022-12-20,FXOME,77.0906,79.8137,76.8815,79.6728,77324
2022-12-21,FXOME,79.4323,80.5808,79.1069,80.3457,34357
2022-12-22,FXOME,80.1359,80.8790,79.3997,79.6406,72028
2022-12-23,FXOME,80.0537,80.8718,79.6360,80.5256,36975
2022-12-26,FXOME,80.2922,81.5035,80.2054,81.4476,32858
2022-12-27,FXOME,81.3947,81.8408,80.6463,80.8546,59347
2022-12-28,FXOME,80.7604,80.8565,78.9295,79.2119,57107
2022-12-29,FXOME,79.3935,79.5549,78.2384,78.2887,27068
2022-12-30,FXOME,78.1725,79.5077,77.6582,79.3375,96905
2023-01-02,FXOME,79.0958,79.4109,77.9337,77.9529,33886
2023-01-03,FXOME,78.2744,78.4688,78.0902,78.4341,62704
2023-01-04,FXOME,78.8642,80.1048,78.1863,79.6935,51017
2023-01-05,FXOME,79.4248,80.5213,78.7797,80.4697,62940
2023-01-06,FXOME,80.1613,80.8224,79.9906,80.5635,86954
2023-01-09,FXOME,80.1868,80.2278,78.2118,78.4879,51341
2023-01-10,FXOME,78.3662,78.8468,78.0562,78.2436,61612
2023-01-11,FXOME,77.8144,78.2743,77.2703,77.2729,49018
2023-01-12,FXOME,76.9374,77.4872,76.4670,76.5787,35897
2023-01-13,FXOME,76.9547,77.9589,76.7357,77.8659,65952
2023-01-16,FXOME,78.1095,78.4146,77.2251,77.3652,84196
2023-01-17,FXOME,76.7194,79.0718,76.4179,79.0213,88227
2023-01-18,FXOME,79.3695,79.4616,77.9011,78.1231,28998
2023-01-19,FXOME,78.2517,78.7255,77.9028,78.6558,77036
2023-01-20,FXOME,78.6257,78.7341,78.0637,78.1150,91511
2023-01-23,FXOME,78.3803,79.0258,78.0446,78.6518,78126
2023-01-24,FXOME,78.5173,79.4392,77.9080,79.1408,85489
2023-01-25,FXOME,79.1008,79.2424,78.0387,78.3855,59098
2023-01-26,FXOME,78.6066,79.0728,78.2310,78.2672,29396
2023-01-27,FXOME,78.3633,78.5831,78.2614,78.5709,91934
2023-01-30,FXOME,79.1401,79.4566,77.2652,77.4819,89535
2023-01-31,FXOME,77.5250,77.9008,76.4405,76.5883,96248
2023-02-01,FXOME,76.4818,77.7737,76.4703,77.4560,72615
2023-02-02,FXOME,78.1113,78.2772,76.9062,76.9472,69538
2023-02-03,FXOME,76.9567,80.0537,76.7947,79.2809,39617
2023-02-06,FXOME,78.7704,79.4088,78.1385,78.4544,39465
2023-02-07,FXOME,78.2529,78.3467,76.1632,76.8016,99895
2023-02-08,FXOME,76.6638,76.9153,74.2314,74.5547,79232
2023-02-09,FXOME,74.4595,74.6935,73.9667,74.0544,30536
2023-02-10,FXOME,74.3339,74.5241,72.2579,72.5567,22180
2023-02-13,FXOME,72.9801,73.3490,72.8547,73.1681,67752
2023-02-14,FXOME,73.1899,73.4201,72.8820,73.3781,81733
2023-02-15,FXOME,73.6075,73.6151,72.5883,73.1898,31018
2023-02-16,FXOME,73.6678,73.7361,72.5071,72.5320,77250
2023-02-17,FXOME,72.2039,72.2405,70.9572,71.3004,30018
2023-02-20,FXOME,70.7870,73.1974,70.4567,72.8993,24214
2023-02-21,FXOME,72.4878,72.7677,72.3269,72.4111,34659
2023-02-22,FXOME,72.3144,72.4519,71.8977,72.1631,52402
2023-02-23,FXOME,71.6368,72.8130,71.5636,72.5996,68648
2023-02-24,FXOME,72.8401,72.8555,69.8253,70.0031,53173
2023-02-27,FXOME,69.4250,70.9486,69.3440,70.7281,86866
2023-02-28,FXOME,70.8768,71.8833,70.6450,71.5095,87630
2023-03-01,FXOME,71.0966,72.1945,70.7549,72.1428,37764
2023-03-02,FXOME,72.5145,72.6498,72.1488,72.3237,42677
2023-03-03,FXOME,72.2620,72.7621,70.5857,70.8202,64750
2023-03-06,FXOME,70.7569,71.2583,70.6342,71.0490,39516
2023-03-07,FXOME,71.1714,71.6028,70.9247,71.2743,60567
2023-03-08,FXOME,71.4583,71.8234,71.3377,71.7229,35364
2023-03-09,FXOME,71.7210,72.9707,71.4865,72.9049,92019
2023-03-10,FXOME,72.9063,73.0613,71.7852,72.0866,34203
2023-03-13,FXOME,72.0821,72.3071,71.8850,72.0190,82250
2023-03-14,FXOME,71.7299,72.5995,71.6331,72.0802,53116
2023-03-15,FXOME,72.1904,73.9701,71.8555,73.6439,47839
2023-03-16,FXOME,72.9601,74.5100,72.9571,74.3507,97671
2023-03-17,FXOME,74.3410,74.4845,73.1528,73.4435,48429
2023-03-20,FXOME,73.4139,73.6787,72.5360,72.9247,81840
2023-03-21,FXOME,73.0202,73.1735,72.3512,72.3852,59912
2023-03-22,FXOME,72.5448,72.7375,71.0958,71.2109,79437
2023-03-23,FXOME,71.3051,71.4094,70.6453,70.7368,91051
2023-03-24,FXOME,70.7556,70.9138,70.5136,70.6344,73594
2023-03-27,FXOME,70.6055,71.6120,70.5468,71.5366,47663
2023-03-28,FXOME,71.5213,71.8974,70.6113,70.9490,48407
2023-03-29,FXOME,70.8163,70.8388,70.6626,70.8206,76486
2023-03-30,FXOME,70.6711,71.4650,70.5545,71.3564,88219
2023-03-31,FXOME,71.5977,71.9902,71.4186,71.8533,65685
2023-04-03,FXOME,72.1593,72.8325,72.0640,72.1557,20695
2023-04-04,FXOME,72.3732,72.4073,71.8976,72.0523,31377
2023-04-05,FXOME,72.3551,73.7197,72.0352,73.5681,85471
2023-04-06,FXOME,73.5938,73.7079,70.5859,71.1638,89967
2023-04-07,FXOME,71.1174,71.6722,70.7365,71.5521,55525
2023-04-10,FXOME,71.8756,72.2637,71.8454,72.1501,38171
2023-04-11,FXOME,72.3528,72.4149,71.8719,71.9280,78268
2023-04-12,FXOME,71.9666,73.8325,71.9656,73.7248,89915
2023-04-13,FXOME,73.6215,74.0140,73.1095,73.1397,85463
2023-04-14,FXOME,73.1559,74.7381,72.7746,74.3128,39172
2023-04-17,FXOME,73.4171,73.5760,72.5704,73.0039,67357
2023-04-18,FXOME,72.8274,73.0053,71.6044,71.7889,67290
2023-04-19,FXOME,71.8136,72.5489,71.3303,72.0475,29979
2023-04-20,FXOME,72.1781,72.6678,70.3758,70.6258,59058
2023-04-21,FXOME,70.8092,71.8563,70.4714,71.2403,96023
2023-04-24,FXOME,70.9675,72.0783,70.9120,71.7467,83290
2023-04-25,FXOME,71.9611,72.0064,71.3515,71.6760,80638
2023-04-26,FXOME,71.3789,72.0075,70.6277,70.7235,45560
2023-04-27,FXOME,70.6823,71.6942,68.3588,68.6651,53823
2023-04-28,FXOME,68.5916,68.9566,68.5301,68.7491,48469
2023-05-01,FXOME,68.9277,72.2576,68.9219,72.1282,51342
2023-05-02,FXOME,71.9259,72.2709,71.1131,71.6637,70141
2023-05-03,FXOME,71.4517,71.5626,69.5373,69.5811,96626
2023-05-04,FXOME,69.2373,70.2457,68.9594,69.8006,55571
2023-05-05,FXOME,69.6269,69.8251,68.4101,68.5556,96578
2023-05-08,FXOME,68.7725,69.0084,67.0678,67.2709,98127
2023-05-09,FXOME,67.2191,67.3450,66.1417,66.2316,95496
2023-05-10,FXOME,66.1974,66.2660,64.8481,65.3329,55351
2023-05-11,FXOME,64.9744,66.5396,64.9474,66.2913,37456
2023-05-12,FXOME,66.2831,67.3158,66.1030,66.7289,97451
2023-05-15,FXOME,66.3325,66.6577,66.2100,66.5431,63587
2023-05-16,FXOME,67.4177,67.4818,64.3936,64.6431,56801
2023-05-17,FXOME,64.8714,65.3801,64.5673,65.3068,73008
2023-05-18,FXOME,65.2714,66.3217,65.2663,66.1887,41764
2023-05-19,FXOME,66.9932,67.0326,65.4770,66.0210,82866
2023-05-22,FXOME,66.1234,66.1879,64.3819,64.6980,61713
2023-05-23,FXOME,64.8918,65.5129,63.2101,63.2261,48618
2023-05-24,FXOME,63.1695,63.4327,62.7254,63.0201,96377
2023-05-25,FXOME,63.1565,64.8359,62.9059,64.4304,30092
2023-05-26,FXOME,64.7635,65.1436,64.1605,65.1324,68577
2023-05-29,FXOME,64.6275,64.6875,63.8913,64.0146,68820
2023-05-30,FXOME,64.0428,64.0606,63.0438,63.4591,22723
2023-05-31,FXOME,63.4692,63.6340,63.2077,63.3512,22705
2023-06-01,FXOME,63.2322,63.4505,63.0119,63.0753,48384
2023-06-02,FXOME,63.5462,63.9282,63.2297,63.3966,21675
2023-06-05,FXOME,63.3605,64.8579,63.2637,64.7387,29886
2023-06-06,FXOME,64.9111,64.9737,63.4273,63.6979,47135
2023-06-07,FXOME,64.0409,64.3454,63.6909,63.8321,43502
2023-06-08,FXOME,64.0042,64.4785,63.0238,63.3849,42857
2023-06-09,FXOME,63.5683,63.7019,62.7133,62.8155,85762
2023-06-12,FXOME,62.6824,63.3678,62.3137,62.5832,86527
2023-06-13,FXOME,62.0909,62.4501,59.7949,60.0097,34428
2023-06-14,FXOME,59.8325,60.0596,59.8000,59.8974,92769
2023-06-15,FXOME,59.9581,60.1680,59.6093,60.0385,40123
2023-06-16,FXOME,59.9042,60.0124,59.2997,59.5406,65222
2023-06-19,FXOME,59.4413,60.2791,58.9979,60.1849,84062
2023-06-20,FXOME,60.5387,62.3650,60.4056,62.2911,34867
2023-06-21,FXOME,61.8788,62.7150,61.7684,62.4677,70766
2023-06-22,FXOME,62.6178,63.0035,62.1416,62.1733,21332
2023-06-23,FXOME,62.0214,62.1220,61.6302,61.8965,69852
2023-06-26,FXOME,61.8945,62.1436,61.7696,61.9553,66217
2023-06-27,FXOME,61.9719,62.1262,60.9229,60.9547,24426
2023-06-28,FXOME,61.0736,61.3331,60.8591,60.9135,65192
2023-06-29,FXOME,60.9634,61.5022,60.7137,61.3274,29371
2023-06-30,FXOME,61.3491,62.4363,61.3463,62.2515,88710
2023-07-03,FXOME,62.5946,62.6704,61.6317,61.6454,93520
2023-07-04,FXOME,61.8950,62.8738,61.8289,62.5749,74128
2023-07-05,FXOME,62.7819,62.8472,60.9082,61.2528,45847
2023-07-06,FXOME,61.4238,61.4467,60.2820,60.4512,91728
2023-07-07,FXOME,60.5610,61.8565,60.2369,61.5980,83662
2023-07-10,FXOME,61.3576,61.5827,60.2756,60.3838,36705
2023-07-11,FXOME,60.5837,60.6588,60.0167,60.2510,22437
2023-07-12,FXOME,60.1598,60.8999,59.8729,60.7141,45335
2023-07-13,FXOME,60.4486,62.9002,60.4481,62.7042,63910
2023-07-14,FXOME,62.6140,62.6867,62.5491,62.6755,53762
2023-07-17,FXOME,62.9582,63.4160,62.7787,62.7987,86072
2023-07-18,FXOME,63.0043,63.4177,61.9051,62.5441,62671
2023-07-19,FXOME,62.9061,63.4530,62.6334,63.1181,54442
2023-07-20,FXOME,63.4042,63.9336,63.3218,63.8037,97774
2023-07-21,FXOME,64.0456,64.0473,62.1537,63.0221,35770
2023-07-24,FXOME,62.7733,64.0725,62.7527,64.0127,78299
2023-07-25,FXOME,64.1896,64.2330,62.7969,62.8800,88581
2023-07-26,FXOME,62.4463,62.8041,62.1729,62.7170,54806
2023-07-27,FXOME,62.4804,62.4974,62.2548,62.3618,70743
2023-07-28,FXOME,62.6104,62.9017,62.2728,62.7595,45684
2023-07-31,FXOME,62.7404,63.1120,62.5011,62.7697,21071
2023-08-01,FXOME,63.1600,63.3123,61.7114,62.1297,76493
2023-08-02,FXOME,62.2230,63.0819,62.1912,62.7464,57585
2023-08-03,FXOME,62.6903,63.1622,61.5679,61.8325,74618
2023-08-04,FXOME,61.5729,62.0371,61.3528,62.0085,41792
2023-08-07,FXOME,62.1543,62.6233,61.0187,61.2314,51659
2023-08-08,FXOME,61.2572,61.4278,60.8884,60.9931,24385
2023-08-09,FXOME,60.3490,62.5090,60.1356,62.2426,24569
2023-08-10,FXOME,62.5980,62.7078,61.5153,61.7256,97997
2023-08-11,FXOME,62.2198,62.6360,60.9542,61.1292,68453
2023-08-14,FXOME,61.0500,61.3924,60.0067,60.3378,25845
2023-08-15,FXOME,60.9035,61.0055,59.8095,60.2067,84016
2023-08-16,FXOME,60.6931,60.9748,58.8814,59.1375,90069
2023-08-17,FXOME,59.3657,59.4998,58.4278,58.4798,82585
2023-08-18,FXOME,58.4234,60.0801,58.3043,59.8386,88261
2023-08-21,FXOME,59.5556,59.6204,58.7749,59.2791,65387
2023-08-22,FXOME,59.4979,59.9297,59.4911,59.9164,86868
2023-08-23,FXOME,59.8198,60.2950,58.6278,58.8220,73290
2023-08-24,FXOME,59.3255,59.3797,58.6154,58.7692,55610
2023-08-25,FXOME,58.4268,60.1517,58.2119,60.0619,25849
2023-08-28,FXOME,60.0285,60.3382,59.0563,59.3445,86825
2023-08-29,FXOME,59.5220,59.7740,59.1766,59.4836,84193
2023-08-30,FXOME,59.3193,61.1550,59.2718,61.0637,42237
2023-08-31,FXOME,61.5776,61.6215,59.8344,60.0614,60185
2023-09-01,FXOME,59.9600,60.3503,59.4772,59.6432,54822
2023-09-04,FXOME,59.4821,59.5195,59.0755,59.4892,70178
2023-09-05,FXOME,59.1988,60.6667,59.0527,60.5734,82798
2023-09-06,FXOME,60.6187,61.2950,60.2731,61.2665,63360
2023-09-07,FXOME,61.2946,61.7004,61.0524,61.6229,32959
2023-09-08,FXOME,61.6401,61.9498,61.5341,61.8071,56427
2023-09-11,FXOME,62.4097,62.5220,62.0543,62.1217,67380
2023-09-12,FXOME,61.6478,61.7970,61.2796,61.6120,66352
2023-09-13,FXOME,61.7364,61.8320,61.4634,61.6160,82659
2023-09-14,FXOME,61.1682,61.2643,60.3531,60.5598,29642
2023-09-15,FXOME,60.5578,60.8618,59.9858,60.2144,93312
2023-09-18,FXOME,60.0135,60.0711,59.2842,59.5955,35497
2023-09-19,FXOME,59.3692,59.6885,59.2103,59.5586,49024
2023-09-20,FXOME,59.7712,60.0359,59.3941,59.7352,86230
2023-09-21,FXOME,59.5834,59.8143,57.9278,58.0794,52151
2023-09-22,FXOME,57.9032,58.2914,57.6252,58.0110,38413
2023-09-25,FXOME,58.0085,59.3215,57.9224,59.1896,91962
2023-09-26,FXOME,58.7544,59.3282,58.7149,59.2392,80196
2023-09-27,FXOME,58.8311,58.8497,58.3141,58.6649,54606
2023-09-28,FXOME,58.8862,59.3490,58.6462,59.2718,42283
2023-09-29,FXOME,59.4788,60.2785,59.3027,60.0376,40432
2023-10-02,FXOME,60.1627,60.3074,59.8773,59.9150,28009
2023-10-03,FXOME,59.7174,60.0137,59.0770,59.1677,85184
2023-10-04,FXOME,59.5152,59.6502,58.1485,58.6141,44412
2023-10-05,FXOME,58.5262,58.7078,58.3655,58.5238,69384
2023-10-06,FXOME,58.9684,59.0463,58.3368,58.9653,99349
2023-10-09,FXOME,59.0872,59.5025,58.0396,58.0459,31769
2023-10-10,FXOME,57.6196,57.8219,57.4961,57.8011,68322
2023-10-11,FXOME,58.2098,58.4548,56.3193,56.4423,40760
2023-10-12,FXOME,56.4657,56.5183,55.5654,55.7564,26681
2023-10-13,FXOME,55.7153,56.1205,55.5174,56.0858,70402
2023-10-16,FXOME,56.2473,56.3542,55.5425,55.7846,59906
2023-10-17,FXOME,55.8523,56.2228,54.3155,54.4822,82374
2023-10-18,FXOME,54.4117,54.7840,53.2554,53.6170,67037
2023-10-19,FXOME,53.7720,53.9876,53.5925,53.7162,54474
2023-10-20,FXOME,53.6088,53.8515,52.9808,53.2161,96875
2023-10-23,FXOME,53.1358,53.2713,52.6683,53.0003,36966
2023-10-24,FXOME,53.1153,53.1661,52.8098,52.8178,25373
2023-10-25,FXOME,53.0169,53.0867,52.4515,52.5485,81740
2023-10-26,FXOME,52.3253,52.6489,51.8513,51.9032,82713
2023-10-27,FXOME,52.3397,52.4337,51.5988,51.7488,24720
2023-10-30,FXOME,51.8106,51.8589,51.0561,51.3858,81371
2023-10-31,FXOME,51.6428,52.3798,51.4288,52.2433,20465
2023-11-01,FXOME,51.8898,52.0892,51.8365,52.0870,47605
2023-11-02,FXOME,51.9636,52.2897,51.4504,52.1682,67791
2023-11-03,FXOME,51.9301,52.0817,51.6969,52.0272,72594
2023-11-06,FXOME,52.3913,54.0192,52.0485,53.5521,81673
2023-11-07,FXOME,53.6511,53.7264,51.5969,51.6435,80853
2023-11-08,FXOME,52.2637,52.9170,51.9602,52.8538,86491
2023-11-09,FXOME,52.9920,54.2324,52.7907,54.1690,97235
2023-11-10,FXOME,54.1330,54.5470,53.6666,54.3175,30863
2023-11-13,FXOME,54.1578,54.3079,54.1172,54.1376,83753
2023-11-14,FXOME,54.3009,54.7009,54.1013,54.6010,37398
2023-11-15,FXOME,54.7632,55.1729,54.6699,54.9763,64041
2023-11-16,FXOME,54.9362,55.2456,54.7823,55.1450,76466
2023-11-17,FXOME,54.7265,56.0626,54.5274,56.0277,35569
2023-11-20,FXOME,56.1142,56.2334,55.3594,55.4024,79928
2023-11-21,FXOME,55.1568,55.4271,54.5627,55.2524,95796
2023-11-22,FXOME,55.3070,57.3687,55.1859,57.2055,96126
2023-11-23,FXOME,57.1677,57.2299,56.9428,57.0762,55948
2023-11-24,FXOME,57.1098,57.3832,56.2757,56.3107,86017
2023-11-27,FXOME,56.4360,57.8763,56.0261,57.5011,23324
2023-11-28,FXOME,57.5156,58.0748,57.4524,57.8703,48111
2023-11-29,FXOME,57.4667,57.4970,57.1586,57.4597,73267
2023-11-30,FXOME,57.3601,57.4428,56.5142,56.9962,55978
2023-12-01,FXOME,56.5242,57.1976,56.4907,57.0897,42557
2023-12-04,FXOME,57.1489,57.3666,56.4554,56.4767,98940
2023-12-05,FXOME,56.7042,57.4068,56.1361,56.2788,95678
2023-12-06,FXOME,56.3461,56.8692,56.2235,56.5713,70053
2023-12-07,FXOME,56.5754,56.7176,55.1283,55.1482,32317
2023-12-08,FXOME,55.0560,55.2307,55.0413,55.2218,85179
2023-12-11,FXOME,55.6419,56.1606,55.2187,55.8702,54983
2023-12-12,FXOME,55.7680,57.0603,55.3144,57.0011,33678
2023-12-13,FXOME,57.2210,58.1159,57.0794,57.8007,37296
2023-12-14,FXOME,58.0718,59.2587,58.0669,59.1065,62256
2023-12-15,FXOME,59.2297,59.3214,58.3782,58.4530,80135
2023-12-18,FXOME,58.2258,59.2383,57.9005,58.7783,47317
2023-12-19,FXOME,58.7538,58.9069,57.7545,57.9612,24785
2023-12-20,FXOME,58.1367,58.3655,56.9919,57.2898,99960
2023-12-21,FXOME,57.1824,57.4904,55.9828,56.0751,82582
2023-12-22,FXOME,56.0825,57.1949,55.8709,57.0647,25348
2023-12-25,FXOME,56.9375,57.0813,56.2436,56.3025,58605
2023-12-26,FXOME,56.2615,56.4993,56.2494,56.4775,93307
2023-12-27,FXOME,56.5235,56.5782,55.3797,55.5332,84312
2023-12-28,FXOME,55.2419,56.4186,55.0186,56.4058,21517
2023-12-29,FXOME,56.8032,57.0268,55.5435,55.6143,69936
2024-01-01,FXOME,55.7695,56.0336,53.8007,54.0325,80505
2024-01-02,FXOME,53.8403,54.5235,53.8074,54.3405,26969
2024-01-03,FXOME,54.2107,54.3983,53.2138,53.3065,43972
2024-01-04,FXOME,53.1619,53.4805,53.0218,53.4310,51613
2024-01-05,FXOME,53.3915,53.4885,53.1557,53.3475,42723
2024-01-08,FXOME,53.4930,54.7117,53.4396,54.5421,20111
2024-01-09,FXOME,54.7742,54.9525,54.0611,54.3803,88391
2024-01-10,FXOME,54.4667,54.7613,53.2576,53.4513,30038
2024-01-11,FXOME,53.2500,54.2539,53.0369,54.0400,28617
2024-01-12,FXOME,54.1690,54.1697,53.4642,53.5560,28210
2024-01-15,FXOME,54.0801,55.2201,53.7362,54.9084,36135
2024-01-16,FXOME,54.6736,57.3258,54.6145,56.9078,49639
2024-01-17,FXOME,57.0552,57.5063,55.6237,56.0620,59817
2024-01-18,FXOME,56.1502,56.8023,55.9526,56.7567,69459
2024-01-19,FXOME,57.1268,57.3632,56.6032,56.6868,22469
2024-01-22,FXOME,56.7522,57.6372,56.7399,57.4724,88161
2024-01-23,FXOME,57.7827,58.0643,57.7080,57.7721,64186
2024-01-24,FXOME,57.7928,58.6066,57.5555,58.5627,31384
2024-01-25,FXOME,58.0233,58.1712,57.9945,58.0355,96397
2024-01-26,FXOME,57.9464,58.9956,57.7302,58.6734,35194
2024-01-29,FXOME,58.7884,59.1742,58.7440,59.1121,78215
2024-01-30,FXOME,59.1135,59.9486,59.0502,59.5367,99319
2024-01-31,FXOME,59.5638,59.6047,59.5026,59.5399,97965
2024-02-01,FXOME,59.5753,61.0789,59.5516,60.7229,80270
2024-02-02,FXOME,60.8763,61.3365,60.6017,61.3273,28146
2024-02-05,FXOME,61.8077,62.7131,61.7507,62.5493,29120
2024-02-06,FXOME,62.7021,63.2951,62.4793,63.1024,80797
2024-02-07,FXOME,63.1192,63.5003,62.2631,62.3519,64952
2024-02-08,FXOME,61.7355,61.7659,60.8679,60.9860,44590
2024-02-09,FXOME,61.3574,63.2647,61.1485,63.2563,98266
2024-02-12,FXOME,63.5234,64.0292,63.3435,63.5859,75656
2024-02-13,FXOME,63.0112,64.2627,62.6804,63.9279,73859
2024-02-14,FXOME,63.6716,64.5051,63.6474,64.3460,37051
2024-02-15,FXOME,64.4521,65.3682,63.9684,65.3045,36752
2024-02-16,FXOME,65.3704,65.4365,63.7280,64.0837,52040
2024-02-19,FXOME,63.6186,64.1304,63.2581,63.9954,41413
2024-02-20,FXOME,64.3915,64.4200,64.2640,64.3649,33178
2024-02-21,FXOME,64.7646,65.0970,64.4497,65.0047,22804
2024-02-22,FXOME,64.7393,64.9098,64.0618,64.3161,42262
2024-02-23,FXOME,64.3109,64.4313,63.4564,63.5511,45479
2024-02-26,FXOME,63.4772,63.8959,63.1697,63.2084,60113
2024-02-27,FXOME,63.4573,63.8228,63.2312,63.6949,61635
2024-02-28,FXOME,64.0509,64.2680,62.9163,62.9709,51806
2024-02-29,FXOME,62.9951,63.1037,61.8766,62.1233,22861
2024-03-01,FXOME,61.9941,62.7127,61.8537,62.6686,80934
2024-03-04,FXOME,62.6421,63.3595,61.9306,62.2831,82879
2024-03-05,FXOME,62.5507,62.5911,61.4485,61.6288,24268
2024-03-06,FXOME,61.7236,61.8527,59.8127,60.0197,83982
2024-03-07,FXOME,59.9720,60.4404,59.9133,60.3974,74964
2024-03-08,FXOME,60.4891,60.6174,60.0041,60.3169,31965
2024-03-11,FXOME,60.3696,60.9338,60.1777,60.4421,31622
2024-03-12,FXOME,60.2334,62.2514,60.2271,61.9879,47588
2024-03-13,FXOME,62.1625,62.3627,60.8935,61.6829,59739
2024-03-14,FXOME,61.5526,61.7297,60.9770,60.9832,38352
2024-03-15,FXOME,60.8130,61.0503,60.1350,60.2110,78524
2024-03-18,FXOME,60.1687,60.5638,60.1207,60.2120,96178
2024-03-19,FXOME,60.1062,61.0138,59.7010,60.5415,84938
2024-03-20,FXOME,61.0998,61.2389,58.8851,59.0037,97679
2024-03-21,FXOME,59.2833,59.3601,58.8142,58.8679,56376
2024-03-22,FXOME,59.2496,59.3984,58.8113,59.1496,65304
2024-03-25,FXOME,59.1463,60.3156,59.0686,60.0846,38478
2024-03-26,FXOME,60.2994,60.4731,60.0498,60.4454,23115
2024-03-27,FXOME,60.5408,61.0937,60.1970,60.9481,72514
2024-03-28,FXOME,61.1515,61.2088,60.8817,61.0695,41104
2024-03-29,FXOME,61.1188,62.9792,60.8424,62.8543,49426
2024-04-01,FXOME,62.8301,63.1585,62.4335,62.6029,24049
2024-04-02,FXOME,62.5312,63.2901,62.4815,63.0485,79195
2024-04-03,FXOME,62.2939,63.8015,62.0605,62.7843,67976
2024-04-04,FXOME,62.8394,63.0390,62.6822,62.7463,48734
2024-04-05,FXOME,62.6767,62.8858,62.0301,62.1421,65791
2024-04-08,FXOME,62.0577,62.1246,61.8086,61.9531,21141
2024-04-09,FXOME,62.2954,63.4831,61.9442,63.2816,51311
2024-04-10,FXOME,63.3795,64.3686,63.3143,64.2711,35537
2024-04-11,FXOME,64.5244,65.1237,64.5199,65.1204,48604
2024-04-12,FXOME,65.3250,65.6126,65.1729,65.2920,71197
2024-04-15,FXOME,64.9436,67.0432,64.8995,66.5392,91132
2024-04-16,FXOME,66.6203,66.6693,65.1471,65.6378,68093
2024-04-17,FXOME,65.6947,66.3664,65.2295,65.4828,24594
2024-04-18,FXOME,65.5190,65.9454,63.8727,63.9945,84868
2024-04-19,FXOME,64.1083,65.0477,64.1002,64.6532,57546
2024-04-22,FXOME,64.3776,66.0762,64.1538,65.9449,82189
2024-04-23,FXOME,65.7199,66.3651,65.5759,66.1158,44276
2024-04-24,FXOME,65.8335,66.0806,64.4688,64.8706,28500
2024-04-25,FXOME,65.0791,65.2431,64.0027,64.2571,24277
2024-04-26,FXOME,64.4294,64.4791,63.8789,64.0620,27493
2024-04-29,FXOME,64.2836,64.8525,62.9584,63.1000,46488
2024-04-30,FXOME,62.8095,63.4154,62.3089,62.6614,83031
2024-05-01,FXOME,62.6993,62.8556,61.6755,61.8899,39352
2024-05-02,FXOME,61.9529,63.0533,61.9129,62.9191,73982
2024-05-03,FXOME,62.9981,63.0900,61.9980,62.1032,62748
2024-05-06,FXOME,62.5419,62.7219,62.2863,62.3533,28979
2024-05-07,FXOME,62.1995,62.7545,61.9406,62.5450,32052
2024-05-08,FXOME,62.3230,62.5090,61.5768,62.1528,64120
2024-05-09,FXOME,62.2641,63.0354,61.9158,62.8510,92381
2024-05-10,FXOME,62.9573,63.0339,62.7488,63.0026,38477
2024-05-13,FXOME,63.1271,63.7414,63.0916,63.5269,67134
2024-05-14,FXOME,63.5156,63.8196,62.3704,62.5384,30279
2024-05-15,FXOME,62.4288,63.0065,61.3068,61.3940,21155
2024-05-16,FXOME,61.4353,62.7894,61.1984,62.5362,53968
2024-05-17,FXOME,62.8118,64.0514,62.7181,63.7959,35626
2024-05-20,FXOME,63.4546,64.0380,63.1413,63.9150,96248
2024-05-21,FXOME,64.0437,65.7555,63.7809,65.5490,68505
2024-05-22,FXOME,65.7771,66.1617,63.6196,63.7905,66904
2024-05-23,FXOME,63.6603,64.2632,63.5859,64.0304,32606
2024-05-24,FXOME,64.0460,64.3052,63.2157,63.4603,24356
2024-05-27,FXOME,63.3841,63.3978,62.5624,62.6698,60854
2024-05-28,FXOME,62.8745,63.6114,62.6948,63.3483,86805
2024-05-29,FXOME,63.2183,63.2956,62.2612,62.7538,65699
2024-05-30,FXOME,62.4724,62.8668,62.4616,62.7457,96227
2024-05-31,FXOME,62.6356,62.7780,61.4052,61.5005,33471
2024-06-03,FXOME,61.4861,62.4112,61.4404,62.1740,32906
2024-06-04,FXOME,62.5244,63.0724,62.1074,62.9140,28695
2024-06-05,FXOME,62.9047,64.9102,62.7177,64.7377,96285
2024-06-06,FXOME,64.7310,64.7485,63.7776,63.8352,55094
2024-06-07,FXOME,63.8027,64.9035,63.5522,64.8025,47883
2024-06-10,FXOME,65.0454,65.1827,63.4978,63.5858,85951
2024-06-11,FXOME,63.5473,63.7632,63.4084,63.5325,24680
2024-06-12,FXOME,63.6780,63.6990,62.2574,62.3389,62451
2024-06-13,FXOME,61.9271,62.1669,60.2637,60.6550,49746
2024-06-14,FXOME,61.0090,61.3318,60.0007,60.3007,48131
2024-06-17,FXOME,59.9880,60.1179,58.7731,59.0531,87098
2024-06-18,FXOME,59.0961,59.1087,58.8392,58.9995,77827
2024-06-19,FXOME,59.2183,60.6278,59.1939,60.5218,87666
2024-06-20,FXOME,60.0890,61.4110,60.0832,61.1807,69215
2024-06-21,FXOME,61.5753,62.9414,61.3600,62.5406,86676
2024-06-24,FXOME,62.7210,62.9686,62.6562,62.7420,96695
2024-06-25,FXOME,62.3968,63.8850,62.2951,63.7772,66989
2024-06-26,FXOME,63.9351,64.6935,63.5103,64.3992,56935
2024-06-27,FXOME,64.4834,65.2941,64.3374,64.9309,58888
2024-06-28,FXOME,64.6972,66.7092,64.5684,66.5927,73202
2024-07-01,FXOME,66.5129,66.6831,66.2920,66.4710,91908
2024-07-02,FXOME,66.8826,67.5844,66.5477,67.2109,22067
2024-07-03,FXOME,67.3901,67.5334,66.8078,67.0317,22348
2024-07-04,FXOME,67.0853,67.2200,66.7222,66.8112,61032
2024-07-05,FXOME,66.5584,67.3382,66.4161,67.1217,37789
2024-07-08,FXOME,67.2872,67.3233,66.3360,66.6158,36822
2024-07-09,FXOME,65.7150,69.1840,65.5850,68.5472,40503
2024-07-10,FXOME,68.3289,70.3231,68.2141,69.9549,40793
2024-07-11,FXOME,70.3841,70.7451,69.2672,69.2856,60495
2024-07-12,FXOME,69.9408,70.1590,69.6506,69.6881,66070
2024-07-15,FXOME,69.6940,70.2992,69.4100,70.2564,39404
2024-07-16,FXOME,70.3548,70.7580,70.2644,70.5888,37814
2024-07-17,FXOME,70.4838,70.8896,68.7937,68.8982,54485
2024-07-18,FXOME,69.0769,69.7586,68.8838,69.4868,49131
2024-07-19,FXOME,69.2979,69.5639,67.6359,67.8008,67374
2024-07-22,FXOME,67.5631,68.6389,67.3364,68.4865,65826
2024-07-23,FXOME,68.2183,68.3879,68.1896,68.3810,64261
2024-07-24,FXOME,67.8479,68.9976,67.5638,68.7273,90806
2024-07-25,FXOME,68.5221,68.8318,66.6922,66.7964,90969
2024-07-26,FXOME,66.9787,67.1896,66.8746,66.9990,84509
2024-07-29,FXOME,67.1738,67.2710,65.1838,65.2773,94688
2024-07-30,FXOME,65.7184,66.3207,65.7057,66.2794,22633
2024-07-31,FXOME,66.3375,67.1318,66.1768,66.9374,34399
2024-08-01,FXOME,66.9562,67.5651,66.8858,67.4530,29662
2024-08-02,FXOME,67.3905,68.9492,66.9590,68.8714,20430
2024-08-05,FXOME,69.0949,70.4753,69.0266,70.1970,45332
2024-08-06,FXOME,70.1543,70.5907,69.0451,69.1010,32486
2024-08-07,FXOME,68.8571,69.4804,68.7210,69.1605,84333
2024-08-08,FXOME,69.1731,69.3919,68.7920,68.8392,58280
2024-08-09,FXOME,69.0574,70.2635,68.8860,69.9934,88039
2024-08-12,FXOME,69.8214,69.8757,67.5201,67.8140,86786
2024-08-13,FXOME,68.2074,68.2508,66.4035,66.5676,42238
2024-08-14,FXOME,66.6247,67.2816,66.6172,66.8617,31949
2024-08-15,FXOME,67.0925,67.3855,67.0366,67.3300,77318
2024-08-16,FXOME,67.0072,68.2790,66.9391,68.0599,50274
2024-08-19,FXOME,68.4864,68.9084,66.9138,67.1907,38593
2024-08-20,FXOME,67.2497,67.4556,66.2079,66.4318,90859
2024-08-21,FXOME,66.0096,67.7889,65.6135,67.7484,87706
2024-08-22,FXOME,68.0326,68.0686,66.1785,66.2144,86332
2024-08-23,FXOME,66.0923,66.7612,65.8918,66.4035,90088
2024-08-26,FXOME,66.2407,67.3435,65.9751,66.9160,96894
2024-08-27,FXOME,67.0359,67.3298,66.4679,66.8169,40448
2024-08-28,FXOME,66.5516,66.5897,64.8898,65.1944,58617
2024-08-29,FXOME,65.6448,66.1595,63.4845,63.6398,95224
2024-08-30,FXOME,64.0874,64.3055,62.8698,62.9753,48315
2024-09-02,FXOME,62.7566,62.8445,61.4582,61.7927,95428
2024-09-03,FXOME,61.7084,61.8097,61.1928,61.7661,46159
2024-09-04,FXOME,61.3020,61.3230,60.0184,60.1099,67585
2024-09-05,FXOME,59.8585,60.1192,59.5861,59.6979,58934
2024-09-06,FXOME,59.6675,59.8301,59.4289,59.4515,71144
2024-09-09,FXOME,59.4849,59.7313,57.7240,57.8543,82051
2024-09-10,FXOME,57.7238,58.1186,57.6165,57.9746,60125
2024-09-11,FXOME,58.0492,58.1170,57.1198,57.1205,76781
2024-09-12,FXOME,56.7862,57.8064,56.5422,57.6719,51785
2024-09-13,FXOME,57.9718,58.0008,57.8023,57.9819,28560
2024-09-16,FXOME,58.2057,59.0722,58.1085,58.9999,49461
2024-09-17,FXOME,59.1233,59.5843,58.5524,58.6594,27853
2024-09-18,FXOME,58.2805,59.1680,58.0798,59.0754,56903
2024-09-19,FXOME,59.0835,60.4660,58.9311,60.0616,42296
2024-09-20,FXOME,60.0840,60.1192,59.5224,59.8740,68212
2024-09-23,FXOME,59.9685,60.1782,59.5855,59.6876,46779
2024-09-24,FXOME,59.9272,60.1083,58.0910,58.6420,46927
2024-09-25,FXOME,58.2504,59.5257,58.2127,59.2621,55833
2024-09-26,FXOME,59.4546,59.8434,58.3905,58.4949,52251
2024-09-27,FXOME,58.6935,58.7300,57.6559,57.6970,22583
2024-09-30,FXOME,57.7235,58.8926,57.5987,58.6771,26996
2024-10-01,FXOME,59.1904,59.5872,58.8206,59.5661,26170
2024-10-02,FXOME,59.2841,61.2668,58.9133,61.0742,60799
2024-10-03,FXOME,61.1220,61.1391,60.5939,60.9481,43043
2024-10-04,FXOME,60.9539,61.5660,60.7355,61.3114,26201
2024-10-07,FXOME,61.6806,61.6818,60.0800,60.2683,59567
2024-10-08,FXOME,60.1019,60.2376,59.0420,59.3291,85513
2024-10-09,FXOME,58.9732,59.2051,58.1523,58.3578,68984
2024-10-10,FXOME,58.4724,60.3271,58.2199,60.2218,86583
2024-10-11,FXOME,60.3639,60.5214,60.2941,60.4943,89814
2024-10-14,FXOME,60.7082,60.7543,58.7207,58.8625,32190
2024-10-15,FXOME,58.8100,60.3570,58.5385,60.3409,59891
2024-10-16,FXOME,60.4679,62.6063,60.4182,62.5714,74723
2024-10-17,FXOME,62.5860,62.8245,61.1390,61.2524,37225
2024-10-18,FXOME,61.6203,62.8839,61.2463,62.5055,63953
2024-10-21,FXOME,62.1560,62.2939,61.3528,61.8112,79710
2024-10-22,FXOME,61.7075,61.9026,61.5500,61.7343,68528
2024-10-23,FXOME,61.7178,62.0449,61.3463,61.5239,70086
2024-10-24,FXOME,61.6956,62.3250,61.3790,62.2155,76266
2024-10-25,FXOME,62.5217,62.8444,62.2783,62.8327,84718
2024-10-28,FXOME,63.0673,63.7989,62.7838,63.6222,38695
2024-10-29,FXOME,63.4525,64.1325,63.2619,63.6831,95528
2024-10-30,FXOME,63.6665,63.9387,63.2817,63.4929,55970
2024-10-31,FXOME,63.1135,63.5348,62.9471,63.4742,79610
2024-11-01,FXOME,63.6837,63.8310,62.9968,63.4825,40475
2024-11-04,FXOME,63.7699,64.0678,62.2700,62.4606,60631
2024-11-05,FXOME,62.8779,64.3313,62.5784,64.1541,68255
2024-11-06,FXOME,63.7189,65.3706,63.3613,65.1557,85276
2024-11-07,FXOME,65.2569,66.0565,64.7110,66.0218,87168
2024-11-08,FXOME,65.7872,67.4548,65.7653,67.2183,52346
2024-11-11,FXOME,66.6220,66.6575,64.7621,64.8526,42322
2024-11-12,FXOME,64.9030,65.1792,64.7685,64.9630,76519
2024-11-13,FXOME,64.7909,64.9932,64.6015,64.9073,42513
2024-11-14,FXOME,64.9332,65.2823,64.0596,64.1683,87502
2024-11-15,FXOME,64.4476,64.7272,62.9731,63.0494,39107
2024-11-18,FXOME,62.7952,63.1229,61.8705,62.0031,49704
2024-11-19,FXOME,61.7617,61.7979,61.1257,61.2259,98136
2024-11-20,FXOME,61.5772,62.4805,61.5214,62.3644,36226
2024-11-21,FXOME,62.3645,62.4296,61.9578,61.9649,42687
2024-11-22,FXOME,62.4086,62.4901,62.1706,62.3113,67380
2024-11-25,FXOME,62.0803,62.0966,61.1588,61.5339,57790
2024-11-26,FXOME,61.3121,61.6435,61.1951,61.2275,61450
2024-11-27,FXOME,60.8656,63.0302,60.5462,62.7865,58325
2024-11-28,FXOME,62.5072,62.6567,62.0127,62.6125,76037
2024-11-29,FXOME,62.6506,65.1589,62.6302,65.1091,40611
2024-12-02,FXOME,65.3648,65.6071,64.7029,64.7910,89123
2024-12-03,FXOME,65.1597,65.7301,63.5540,63.9085,39445
2024-12-04,FXOME,63.9278,64.0224,63.8398,63.8919,86144
2024-12-05,FXOME,64.0411,64.0861,62.7359,63.1390,85297
2024-12-06,FXOME,63.0675,64.5170,62.9002,64.2593,53693
2024-12-09,FXOME,64.2243,64.3495,63.3772,63.6009,68007
2024-12-10,FXOME,63.9103,64.3793,63.6257,64.3017,86853
2024-12-11,FXOME,64.2662,64.3350,62.4963,62.7325,21961
2024-12-12,FXOME,62.5863,62.7352,62.4849,62.6017,34634
2024-12-13,FXOME,62.8269,63.1521,62.2262,62.6630,89639
2024-12-16,FXOME,62.9261,63.2056,61.9810,62.3827,95812
2024-12-17,FXOME,62.5252,64.0653,61.9679,63.9513,89975
2024-12-18,FXOME,63.5885,64.2989,63.3666,64.0399,87664
2024-12-19,FXOME,64.2773,65.0103,64.2469,64.4752,62467
2024-12-20,FXOME,64.3372,64.4250,64.2484,64.2517,44245
2024-12-23,FXOME,64.1866,64.7613,64.1606,64.7422,37671
2024-12-24,FXOME,64.8690,65.4051,64.8328,65.3221,90101
2024-12-25,FXOME,65.3706,66.1543,65.3203,65.9311,67738
2024-12-26,FXOME,66.3976,66.4239,65.5445,65.9524,77797
2024-12-27,FXOME,65.6886,65.8008,65.3613,65.5216,57482
2024-12-30,FXOME,65.9694,67.4632,65.8351,67.2757,57212
2024-12-31,FXOME,67.1991,68.7649,67.0864,68.7131,95152
2025-01-01,FXOME,68.6288,69.5917,68.4621,69.2390,89418
2025-01-02,FXOME,69.0746,69.7004,68.9191,69.6663,81687
2025-01-03,FXOME,69.4743,71.4937,69.4322,71.4550,99198
2025-01-06,FXOME,70.9699,71.0968,70.5768,70.6148,36042
2025-01-07,FXOME,70.9495,71.3498,69.0605,69.0677,69808
2025-01-08,FXOME,68.9993,69.3340,66.8901,67.2371,74021
2025-01-09,FXOME,67.0326,68.4859,67.0002,68.0673,23859
2025-01-10,FXOME,67.8205,70.1598,67.6056,69.9240,42435
2025-01-13,FXOME,70.0618,70.2519,69.4185,69.5236,22749
2025-01-14,FXOME,69.2814,70.5738,68.9921,70.1920,37421
2025-01-15,FXOME,70.0667,70.2903,68.6225,68.6731,62933
2025-01-16,FXOME,68.8326,69.3824,68.4138,69.3375,68647
2025-01-17,FXOME,69.1642,72.3628,69.1310,71.3764,32852
2025-01-20,FXOME,71.8197,72.3126,69.6672,70.0353,96974
2025-01-21,FXOME,70.5033,70.6624,69.4405,69.4863,42040
2025-01-22,FXOME,69.5377,69.5545,68.6822,68.7055,52515
2025-01-23,FXOME,68.6764,68.9368,68.4308,68.8490,68932
2025-01-24,FXOME,68.8043,71.3019,68.3341,70.5682,79380
2025-01-27,FXOME,70.8186,70.8744,70.1435,70.4628,36929
2025-01-28,FXOME,70.4868,70.8061,69.9266,70.2555,22133
2025-01-29,FXOME,69.6650,70.7587,69.5647,70.2303,72391
2025-01-30,FXOME,69.9306,71.8465,69.7939,71.7510,45810
2025-01-31,FXOME,71.5118,71.5581,70.2427,70.4426,70034
2025-02-03,FXOME,70.5095,70.9876,70.2259,70.8590,59133
2025-02-04,FXOME,71.2101,71.6596,71.2048,71.3077,93678
2025-02-05,FXOME,71.3857,73.0968,71.3202,72.4410,50748
2025-02-06,FXOME,72.3586,72.6027,70.9004,70.9174,33515
2025-02-07,FXOME,70.9176,71.4173,70.1580,70.5709,29738
2025-02-10,FXOME,70.5085,72.6311,70.4722,72.3996,54920
2025-02-11,FXOME,72.5298,72.8374,70.4417,70.7201,63722
2025-02-12,FXOME,71.1683,71.3939,69.2821,69.5912,53464
2025-02-13,FXOME,69.6592,70.7969,69.6457,70.6574,53588
2025-02-14,FXOME,70.8158,71.5048,70.2024,70.4464,57523
2025-02-17,FXOME,70.6820,70.7966,69.7883,70.1420,39049
2025-02-18,FXOME,69.6016,69.6660,69.2558,69.3307,53873
2025-02-19,FXOME,69.7884,69.8378,68.9567,68.9900,85787
2025-02-20,FXOME,68.8633,71.3550,68.7064,71.2916,59904
2025-02-21,FXOME,71.3553,71.8723,68.6423,68.7227,59318
2025-02-24,FXOME,68.8453,69.1120,67.6347,67.9291,20494
2025-02-25,FXOME,67.8831,70.6878,67.7573,70.3485,28947
2025-02-26,FXOME,71.1178,71.2807,69.1288,69.3652,72862
2025-02-27,FXOME,69.3946,69.7972,68.6201,68.8469,54796
2025-02-28,FXOME,69.0324,69.5761,67.7388,67.7634,25212
2025-03-03,FXOME,67.8115,68.5118,67.6386,68.3908,94270
2025-03-04,FXOME,68.3471,68.3755,67.6869,67.7330,98069
2025-03-05,FXOME,67.8439,69.1936,67.5204,68.9654,46724
2025-03-06,FXOME,68.7823,69.4145,68.3848,69.3421,60858
2025-03-07,FXOME,69.4985,69.7935,68.9928,69.0339,94674
2025-03-10,FXOME,68.6033,68.6269,66.8296,67.3676,73289
2025-03-11,FXOME,67.5409,67.8521,67.4025,67.4674,90380
2025-03-12,FXOME,67.4723,67.8480,66.3662,66.3874,41430
2025-03-13,FXOME,66.2008,66.2987,65.1813,65.3849,74069
2025-03-14,FXOME,65.5363,65.6439,65.0032,65.3415,84114
2025-03-17,FXOME,65.1473,66.5246,64.6688,66.4386,21055
2025-03-18,FXOME,66.3623,66.6737,66.1324,66.5896,53043
2025-03-19,FXOME,66.3207,67.2170,66.0251,66.9439,86371
2025-03-20,FXOME,66.9322,67.8880,66.2799,67.7703,35895
2025-03-21,FXOME,67.6409,68.7912,67.4693,68.7039,59362
2025-03-24,FXOME,68.2924,69.7921,68.2139,69.5877,85250
2025-03-25,FXOME,69.5498,71.0526,69.4451,70.9063,64050
2025-03-26,FXOME,70.9454,71.0852,69.0180,69.4999,92053
2025-03-27,FXOME,69.4493,69.9476,68.6867,69.6646,89516
2025-03-28,FXOME,69.3963,71.8925,69.0110,71.4254,65707
2025-03-31,FXOME,71.5939,71.7517,71.3243,71.4390,70394
2025-04-01,FXOME,71.4274,71.5962,70.4638,70.7996,64835
2025-04-02,FXOME,70.9601,71.1943,70.7891,71.1369,63310
2025-04-03,FXOME,71.0385,71.0435,69.4604,69.7600,58898
2025-04-04,FXOME,69.9196,70.4456,67.7298,68.1833,46739
2025-04-07,FXOME,68.0637,69.8349,67.4522,69.1506,54174
2025-04-08,FXOME,69.2600,72.3550,68.8000,72.2348,45032
2025-04-09,FXOME,72.3533,72.5126,71.3863,71.5159,20452
2025-04-10,FXOME,71.3278,71.5790,70.1652,70.1772,21894
2025-04-11,FXOME,70.5086,70.7383,70.2902,70.4800,83379
2025-04-14,FXOME,70.0900,71.0843,69.8602,70.6224,32137
2025-04-15,FXOME,70.6738,70.8006,70.0628,70.2081,62569
2025-04-16,FXOME,70.2431,70.6305,69.8171,70.0811,95641
2025-04-17,FXOME,69.9679,70.3746,69.9457,70.0322,80293
2025-04-18,FXOME,70.2889,70.9882,69.6907,69.9799,59487
2025-04-21,FXOME,69.9423,70.1422,69.7486,70.0246,70536
2025-04-22,FXOME,70.5116,71.4664,70.0533,71.2847,74099
2025-04-23,FXOME,71.5433,72.2969,71.4218,72.1069,21744
2025-04-24,FXOME,72.2195,73.7996,72.1397,73.5082,31192
2025-04-25,FXOME,73.9914,74.8889,73.9552,74.6714,89016
2025-04-28,FXOME,74.8854,75.1354,73.8536,74.0586,77765
2025-04-29,FXOME,74.1249,74.4152,73.7511,73.9482,34817
2025-04-30,FXOME,73.9768,74.3893,73.6986,74.1332,80468
2025-05-01,FXOME,74.0418,76.1395,73.9496,75.8741,50105
2025-05-02,FXOME,76.4591,76.7130,75.9228,75.9562,39356
2025-05-05,FXOME,75.5224,77.3941,75.3546,77.1864,38117
2025-05-06,FXOME,76.5472,78.7620,76.1955,78.7000,28558
2025-05-07,FXOME,78.4658,80.1776,78.1708,80.1423,79288
2025-05-08,FXOME,79.7362,79.7990,78.9540,79.3468,78286
2025-05-09,FXOME,79.5048,79.5127,79.0450,79.2571,75461
2025-05-12,FXOME,79.6547,79.9490,77.9366,78.3088,46053
2025-05-13,FXOME,78.1020,78.5264,77.9224,78.1213,84020
2025-05-14,FXOME,78.0728,78.3220,75.9376,76.2834,93019
2025-05-15,FXOME,75.8830,76.0253,75.7369,75.8113,99029
2025-05-16,FXOME,75.8536,76.9181,75.7948,76.7090,83780
2025-05-19,FXOME,76.5542,77.0908,75.8755,76.6917,39145
2025-05-20,FXOME,76.3516,76.4943,76.2437,76.4198,49935
2025-05-21,FXOME,76.4511,76.7705,75.9654,76.2324,44524
2025-05-22,FXOME,75.9218,76.1351,75.5182,76.0987,71241
2025-05-23,FXOME,75.8340,76.9654,75.7848,76.5794,25395
2025-05-26,FXOME,76.2953,76.6890,75.5541,75.6038,79242
2025-05-27,FXOME,75.7495,76.0244,74.7097,74.9078,43105
2025-05-28,FXOME,74.9739,75.0109,74.1305,74.2247,21361
2025-05-29,FXOME,74.4806,75.6452,74.3841,75.4224,58392
2025-05-30,FXOME,75.2686,77.3357,75.0672,76.9974,88661
2025-06-02,FXOME,76.7265,77.8921,76.2629,77.5889,41487
2025-06-03,FXOME,76.8198,77.4103,76.4293,77.0220,58890
2025-06-04,FXOME,76.9334,77.1518,76.0738,76.1932,61678
2025-06-05,FXOME,76.4911,76.7063,74.7289,75.2192,41139
2025-06-06,FXOME,75.3804,75.7091,74.9061,75.1839,89812
2025-06-09,FXOME,75.4478,76.0668,71.6458,72.1197,71335
2025-06-10,FXOME,72.2818,72.3461,70.0918,70.2206,90506
2025-06-11,FXOME,69.8856,70.1561,69.3917,70.0475,82763
2025-06-12,FXOME,69.9264,70.3245,69.7497,70.1526,64979
2025-06-13,FXOME,70.2902,70.8184,70.0931,70.3225,40672
2025-06-16,FXOME,70.6053,70.8629,69.2833,69.8779,74133
2025-06-17,FXOME,69.6172,71.0334,69.0531,70.8975,54429
2025-06-18,FXOME,70.3267,71.6568,69.8996,71.6230,28121
2025-06-19,FXOME,71.7975,71.9367,71.7673,71.8891,36909
2025-06-20,FXOME,72.0146,72.3377,71.3111,71.5522,54552
2025-06-23,FXOME,71.7491,71.8048,71.1781,71.6804,95976
2025-06-24,FXOME,71.5320,72.4178,71.2866,72.3443,79647
2025-06-25,FXOME,72.1363,74.4662,72.1124,73.8287,46286
2025-06-26,FXOME,73.8097,75.2379,73.5614,75.1617,30802
2025-06-27,FXOME,75.1421,76.0359,74.8675,75.7807,27370
2025-06-30,FXOME,76.1805,76.3515,74.8131,74.9953,92927
2025-07-01,FXOME,74.4817,76.7728,74.3395,76.5514,94782
2025-07-02,FXOME,76.7782,77.0032,75.0101,75.5264,68075
2025-07-03,FXOME,75.0535,76.8276,74.6383,76.7904,33098
2025-07-04,FXOME,76.7985,79.5363,76.5275,79.2898,21070
2025-07-07,FXOME,79.2122,79.3994,78.5870,78.7761,25755
2025-07-08,FXOME,78.9448,80.3859,78.7094,80.3703,22280
2025-07-09,FXOME,80.2923,80.5469,79.7149,80.0016,41033
2025-07-10,FXOME,80.1552,81.9817,80.0442,81.6328,75417
2025-07-11,FXOME,81.4624,81.6028,80.3052,80.6584,66461
2025-07-14,FXOME,79.6735,79.7702,79.1274,79.1765,45883
2025-07-15,FXOME,79.3561,79.8169,78.8110,79.5990,79403
2025-07-16,FXOME,80.0312,80.4109,79.0793,79.1536,28532
2025-07-17,FXOME,79.1361,79.2305,78.4410,78.8271,50162
2025-07-18,FXOME,78.5819,79.1504,77.3951,77.8150,65648
2025-07-21,FXOME,77.8543,79.0544,77.2597,78.8271,52973
2025-07-22,FXOME,78.8120,79.8447,78.5293,79.7795,48056
2025-07-23,FXOME,79.5553,79.8474,77.4701,77.9922,87315
2025-07-24,FXOME,78.5798,79.7004,76.7294,76.9921,30749
2025-07-25,FXOME,77.0722,77.3113,76.5199,76.5477,60588
2025-07-28,FXOME,76.3548,76.6057,75.9890,76.5068,22651
2025-07-29,FXOME,76.6219,76.8230,74.5624,75.3273,69700
2025-07-30,FXOME,75.5001,76.5409,74.9248,75.8696,33622
2025-07-31,FXOME,76.2146,76.7208,75.8961,76.4097,60255
2025-08-01,FXOME,76.6864,76.8072,75.8620,75.9772,61212
2025-08-04,FXOME,76.5468,78.1034,76.3216,78.0208,83935
2025-08-05,FXOME,77.6860,77.9253,76.6278,77.2457,55599
2025-08-06,FXOME,77.5225,77.6180,75.4072,75.5535,20226
2025-08-07,FXOME,75.9878,76.3733,74.9622,75.1533,38889
2025-08-08,FXOME,74.9746,75.1809,73.1025,73.1737,81365
2025-08-11,FXOME,73.4247,73.7990,72.1304,72.2848,49923
2025-08-12,FXOME,72.9908,73.1074,72.5465,72.7786,65140
2025-08-13,FXOME,72.4892,72.6868,70.2537,70.4832,27016
2025-08-14,FXOME,70.4254,71.6767,70.2589,71.5016,25661
2025-08-15,FXOME,71.7666,71.8061,71.3993,71.4880,21409
2025-08-18,FXOME,71.6094,73.3189,71.3670,72.9578,22642
2025-08-19,FXOME,72.8518,73.6265,72.5290,73.4268,94572
2025-08-20,FXOME,73.2882,73.2997,72.5519,72.6180,74033
2025-08-21,FXOME,72.3838,75.1061,72.0132,75.0627,30144
2025-08-22,FXOME,75.5455,75.6268,74.9017,75.0027,20138
2025-08-25,FXOME,74.6398,75.5383,74.4774,75.1421,70134
2025-08-26,FXOME,75.4020,77.6610,74.8444,77.3793,40501
2025-08-27,FXOME,76.8988,77.8093,76.5647,77.6191,81244
2025-08-28,FXOME,77.3076,79.0605,76.6187,78.6684,75188
2025-08-29,FXOME,78.6478,79.4282,78.2981,79.2786,80940
2025-09-01,FXOME,79.2170,79.4456,78.5987,79.0125,99266
2025-09-02,FXOME,78.9862,79.7157,78.8451,79.5277,59259
2025-09-03,FXOME,79.6770,80.4011,79.3088,80.3675,68062
2025-09-04,FXOME,80.3931,80.8530,79.8547,80.1191,45258
2025-09-05,FXOME,79.5771,82.5619,79.0065,82.4652,51994
2025-09-08,FXOME,82.2213,82.6436,81.9764,82.3385,95275
2025-09-09,FXOME,82.2317,82.9638,81.1118,81.1740,91209
2025-09-10,FXOME,81.2345,82.7602,80.4318,82.6739,60585
2025-09-11,FXOME,82.6160,82.7100,81.6643,82.3005,22328
2025-09-12,FXOME,81.9588,85.3855,81.2748,85.2767,83097
2025-09-15,FXOME,85.5161,85.7940,85.3842,85.5345,97708
2025-09-16,FXOME,85.6464,85.9917,85.4604,85.5211,60805
2025-09-17,FXOME,85.6737,85.9537,84.9666,85.3282,93246
2025-09-18,FXOME,84.9718,85.2446,84.4986,85.1899,98703
2025-09-19,FXOME,84.9747,85.5468,84.8039,85.1611,28179
2025-09-22,FXOME,85.0754,85.4455,84.5900,84.6676,81581
2025-09-23,FXOME,85.0954,86.5477,85.0921,86.3282,81066
2025-09-24,FXOME,86.8199,86.9825,85.2314,85.4879,80078
2025-09-25,FXOME,85.6236,86.0426,84.8522,85.2861,96440
2025-09-26,FXOME,85.4569,87.1561,85.2078,86.7607,76741
2025-09-29,FXOME,86.3642,86.6404,85.6722,86.0466,66950
2025-09-30,FXOME,85.9525,86.1153,84.9025,85.5835,87222
2025-10-01,FXOME,85.5146,85.8998,85.0952,85.5815,44546
2025-10-02,FXOME,85.7558,87.2382,85.2744,86.8444,47184
2025-10-03,FXOME,86.7667,88.1374,86.5573,87.7907,22841
2025-10-06,FXOME,87.7955,88.0807,86.6996,87.6161,72127
2025-10-07,FXOME,87.7276,87.9785,85.1517,85.2271,84501
2025-10-08,FXOME,85.5619,85.9186,83.4368,83.5467,41713
2025-10-09,FXOME,83.3666,86.4196,82.8405,86.4180,46294
2025-10-10,FXOME,87.0655,87.0842,86.7355,86.8817,54994
2025-10-13,FXOME,86.9512,87.5351,86.8313,87.4068,77235
2025-10-14,FXOME,86.7200,88.9437,86.2653,88.7954,69213
2025-10-15,FXOME,88.6251,88.6671,87.3032,88.2152,48343
2025-10-16,FXOME,87.7591,88.8883,87.4873,88.4795,31507
2025-10-17,FXOME,89.2583,89.4996,86.8293,87.0772,96035
2025-10-20,FXOME,87.1102,87.4859,85.9160,86.0102,21999
2025-10-21,FXOME,85.8168,87.9182,85.5666,87.8170,86296
2025-10-22,FXOME,87.5405,89.4394,87.3124,89.3230,71748
2025-10-23,FXOME,89.5960,90.0842,87.3255,88.0539,86768
2025-10-24,FXOME,88.3087,88.3508,86.6534,86.8994,49979
2025-10-27,FXOME,86.4399,88.0596,86.3238,87.9390,45245
2025-10-28,FXOME,88.1642,88.3459,87.1110,87.2265,28807
2025-10-29,FXOME,86.9164,87.7290,86.3871,87.2067,89202
2025-10-30,FXOME,87.3082,87.5613,87.1999,87.2165,71283
2025-10-31,FXOME,86.9982,87.3074,86.6690,87.2707,80292
2025-11-03,FXOME,87.4353,87.5209,87.1449,87.3114,48590
2025-11-04,FXOME,87.1234,89.7826,86.8773,89.2407,93739
2025-11-05,FXOME,89.7537,89.9321,89.2279,89.2578,24040
2025-11-06,FXOME,89.3986,89.5470,88.7753,88.8963,63775
2025-11-07,FXOME,88.2912,88.4008,87.8953,88.3713,79249
2025-11-10,FXOME,88.8815,88.9272,86.3432,86.4993,22021
2025-11-11,FXOME,86.6649,89.2902,86.1595,89.0525,93237
2025-11-12,FXOME,89.5247,89.8760,88.0964,88.4054,59857
2025-11-13,FXOME,88.3088,88.4581,86.3002,86.5937,72982
2025-11-14,FXOME,86.7490,89.8555,86.1522,89.7917,57469
2025-11-17,FXOME,89.2816,90.8341,89.0367,90.4718,79310
2025-11-18,FXOME,90.7286,91.4553,90.7219,91.3680,57407
2025-11-19,FXOME,90.6559,91.2756,88.3659,88.7743,62188
2025-11-20,FXOME,88.7912,88.9886,88.4227,88.5528,99625
2025-11-21,FXOME,88.3278,89.7409,88.2770,89.4022,64891
2025-11-24,FXOME,89.3328,90.1783,89.0710,89.7045,94562
2025-11-25,FXOME,88.9741,89.4691,88.6626,89.1316,56746
2025-11-26,FXOME,89.9607,90.5736,89.8093,90.1566,26861
2025-11-27,FXOME,90.4497,91.0836,90.3224,90.4855,36188
2025-11-28,FXOME,90.5010,90.6019,88.0363,88.5953,48386
2025-12-01,FXOME,88.8181,89.0190,84.2359,84.5705,53657
2025-12-02,FXOME,84.1710,84.4853,83.8485,83.9551,84626
2025-12-03,FXOME,84.1510,84.4590,83.1741,83.5910,20382
2025-12-04,FXOME,83.3617,83.7480,82.8143,83.6474,69844
2025-12-05,FXOME,83.6469,86.7270,83.2670,86.4491,33300
2025-12-08,FXOME,86.0573,86.5671,86.0479,86.5263,54309
2025-12-09,FXOME,86.4367,86.7682,86.0702,86.5949,84140
2025-12-10,FXOME,86.2263,86.4124,85.2780,85.6994,34066
2025-12-11,FXOME,85.4191,85.6609,85.1810,85.5848,99075
2025-12-12,FXOME,85.2514,85.4036,82.5893,83.0984,45215
2025-12-15,FXOME,82.9062,84.6607,82.6238,84.1979,46185
2025-12-16,FXOME,84.1795,84.4038,83.7301,84.3816,27076
2025-12-17,FXOME,84.0860,84.7898,83.7978,84.0780,98358
2025-12-18,FXOME,83.9004,85.9841,83.6335,85.6305,97718
2025-12-19,FXOME,86.1429,87.1747,85.5448,86.9252,31634
2025-12-22,FXOME,86.0938,86.4952,85.3094,85.3321,99458
2025-12-23,FXOME,86.2163,88.1228,86.0876,87.6526,57668
2025-12-24,FXOME,88.3396,89.0645,88.1025,88.8637,30239
2025-12-25,FXOME,88.9273,89.0604,87.9048,87.9932,86148
2025-12-26,FXOME,87.8690,88.0199,86.4551,86.7747,28236
2025-12-29,FXOME,86.8885,87.6519,86.4899,87.5279,48450
2025-12-30,FXOME,87.3909,87.6144,86.9584,87.0625,72635
2025-12-31,FXOME,86.6635,90.5992,86.3398,90.4180,92334
2021-01-04,FXSIG,177.2361,178.2033,172.5136,173.1499,47512
2021-01-05,FXSIG,173.3261,173.8388,170.7797,171.0890,57619
2021-01-06,FXSIG,171.0959,171.5755,169.4138,169.7997,91684
2021-01-07,FXSIG,170.0232,170.1073,166.2339,167.4101,34964
2021-01-08,FXSIG,168.0781,174.0448,167.6370,173.8082,51933
2021-01-11,FXSIG,173.5394,181.3801,172.4879,180.0401,28244
2021-01-12,FXSIG,179.5437,179.9709,177.4731,177.6063,85527
2021-01-13,FXSIG,179.5100,180.5847,176.4995,176.9191,21622
2021-01-14,FXSIG,176.9358,177.4339,175.3315,175.9820,94821
2021-01-15,FXSIG,177.5044,181.4821,177.2141,180.0818,95556
2021-01-18,FXSIG,178.9351,184.0095,178.5196,183.8699,34239
2021-01-19,FXSIG,183.6239,183.6906,182.7255,182.8691,36712
2021-01-20,FXSIG,182.5557,184.6101,181.4734,183.9550,47449
2021-01-21,FXSIG,183.5788,184.8497,182.7533,184.0820,32206
2021-01-22,FXSIG,184.5188,184.7257,184.1024,184.4914,32196
2021-01-25,FXSIG,185.7248,185.7727,180.8353,181.3962,43490
2021-01-26,FXSIG,182.0045,183.0457,179.4645,179.9867,50721
2021-01-27,FXSIG,181.6886,182.4955,180.8483,181.3751,27022
2021-01-28,FXSIG,181.4024,181.6668,177.5305,178.1312,48173
2021-01-29,FXSIG,178.5109,179.5272,169.1864,169.6093,93150
2021-02-01,FXSIG,169.8082,170.2846,168.0071,170.0033,64034
2021-02-02,FXSIG,169.7691,170.1430,168.0742,168.8672,25553
2021-02-03,FXSIG,168.4511,172.1129,168.1097,171.6990,46496
2021-02-04,FXSIG,172.5769,172.6007,170.0902,170.9083,22202
2021-02-05,FXSIG,170.6525,171.2969,168.0168,168.1278,30424
2021-02-08,FXSIG,168.3817,170.8811,167.3713,170.1609,95352
2021-02-09,FXSIG,170.2190,171.9261,169.6846,171.6343,85360
2021-02-10,FXSIG,171.6842,174.7262,171.0435,174.1984,74418
2021-02-11,FXSIG,173.7711,175.0006,171.2685,171.9336,92298
2021-02-12,FXSIG,171.4274,171.8719,168.7618,169.7393,67166
2021-02-15,FXSIG,168.4445,168.7723,167.2417,167.2959,48284
2021-02-16,FXSIG,167.2643,168.6941,167.0931,168.5493,76199
2021-02-17,FXSIG,169.2141,170.2471,166.5312,167.2263,45704
2021-02-18,FXSIG,166.7304,167.6535,162.7408,163.2087,98996
2021-02-19,FXSIG,163.4505,167.0480,163.0314,166.8794,33012
2021-02-22,FXSIG,167.0386,168.2127,166.4541,167.9249,87119
2021-02-23,FXSIG,168.8869,169.1149,165.5201,166.1771,27945
2021-02-24,FXSIG,167.0723,167.6972,166.7048,166.7372,53245
2021-02-25,FXSIG,166.9049,168.4038,166.5563,167.9396,94550
2021-02-26,FXSIG,167.9657,171.7021,166.9243,170.3901,55303
2021-03-01,FXSIG,170.7499,172.0332,169.6496,172.0075,33365
2021-03-02,FXSIG,174.3807,175.1503,168.9975,169.1575,58860
2021-03-03,FXSIG,168.1045,169.6853,167.3102,168.7631,92938
2021-03-04,FXSIG,168.5925,171.8316,168.5149,171.4756,32374
2021-03-05,FXSIG,172.1043,173.2571,169.3692,170.3986,83361
2021-03-08,FXSIG,170.1399,170.2686,168.5818,168.8863,52514
2021-03-09,FXSIG,169.3145,169.5960,164.5167,165.3554,65187
2021-03-10,FXSIG,165.3756,167.5253,164.3116,167.4617,81208
2021-03-11,FXSIG,167.3150,167.7292,166.3948,166.7351,88980
2021-03-12,FXSIG,166.9853,167.4014,166.1959,166.6019,88126
2021-03-15,FXSIG,165.9386,166.4122,161.3178,162.4578,38959
2021-03-16,FXSIG,162.9196,168.3821,162.3511,167.2956,90951
2021-03-17,FXSIG,167.3026,168.1579,165.6859,166.5535,50916
2021-03-18,FXSIG,166.6267,166.9937,163.6670,163.8267,94928
2021-03-19,FXSIG,163.6565,166.8180,163.4487,166.1667,63634
2021-03-22,FXSIG,166.0171,166.1355,165.4739,166.0955,48634
2021-03-23,FXSIG,166.3953,166.8906,165.6376,166.7267,60759
2021-03-24,FXSIG,165.9574,169.4987,165.7414,168.7064,97290
2021-03-25,FXSIG,167.3070,167.3382,167.1220,167.3100,83188
2021-03-26,FXSIG,166.8153,168.3557,166.7681,167.8615,54991
2021-03-29,FXSIG,167.6563,172.0606,167.4081,171.8204,59752
2021-03-30,FXSIG,172.2645,172.4464,169.0491,169.1671,51422
2021-03-31,FXSIG,169.5800,170.0037,165.7231,166.0773,35294
2021-04-01,FXSIG,166.5354,167.0494,166.1761,166.8249,84176
2021-04-02,FXSIG,166.9817,167.2104,163.2257,163.5132,86353
2021-04-05,FXSIG,162.6846,167.3540,161.6667,165.9508,78070
2021-04-06,FXSIG,166.1748,170.8447,165.3776,170.4069,95338
2021-04-07,FXSIG,170.1454,173.6827,170.0792,173.4598,96393
2021-04-08,FXSIG,173.4665,174.0353,172.5560,174.0217,48390
2021-04-09,FXSIG,174.1227,174.8410,172.2149,172.5403,61362
2021-04-12,FXSIG,172.3479,174.1706,171.9511,173.6622,99047
2021-04-13,FXSIG,173.8165,174.4984,171.5443,172.0487,86649
2021-04-14,FXSIG,172.4687,174.8110,172.3798,173.9184,53069
2021-04-15,FXSIG,173.6480,175.1534,172.2802,175.1485,49212
2021-04-16,FXSIG,175.7099,176.6508,172.7313,173.9114,67376
2021-04-19,FXSIG,174.6432,175.5534,169.8059,170.1144,34386
2021-04-20,FXSIG,170.4508,172.9260,170.3724,172.7975,33250
2021-04-21,FXSIG,173.9306,175.8405,172.7484,175.4833,36025
2021-04-22,FXSIG,175.3688,178.0503,175.1699,177.3226,52014
2021-04-23,FXSIG,176.0818,176.5591,175.7787,175.8871,60313
2021-04-26,FXSIG,174.8020,177.9591,174.7660,176.7954,23357
2021-04-27,FXSIG,175.2416,181.3925,175.1523,180.2181,98951
2021-04-28,FXSIG,179.0521,182.6314,178.6254,181.5047,55717
2021-04-29,FXSIG,181.0226,184.2173,179.9893,183.1836,51682
2021-04-30,FXSIG,182.6040,187.3141,182.4175,185.4171,72105
2021-05-03,FXSIG,185.9764,188.3636,185.7102,188.0269,85443
2021-05-04,FXSIG,187.9370,192.5871,186.9166,192.0892,84454
2021-05-05,FXSIG,192.8964,195.1993,192.4307,195.0003,59789
2021-05-06,FXSIG,195.0427,196.0125,187.8823,188.8696,86853
2021-05-07,FXSIG,188.5478,188.8799,183.3441,185.2871,50483
2021-05-10,FXSIG,184.9183,184.9823,183.5319,183.6131,75759
2021-05-11,FXSIG,183.2505,186.5534,182.8769,185.3058,26065
2021-05-12,FXSIG,184.8918,185.4865,182.4857,182.8477,73555
2021-05-13,FXSIG,182.9379,188.5255,182.2726,188.1225,64367
2021-05-14,FXSIG,188.4814,188.5213,186.4080,187.7110,63570
2021-05-17,FXSIG,186.9570,187.0343,183.8098,184.4126,75980
2021-05-18,FXSIG,184.5886,187.9330,184.3425,187.9090,33552
2021-05-19,FXSIG,188.5084,189.7110,187.9025,189.0307,94761
2021-05-20,FXSIG,189.3836,191.2249,188.4041,189.9345,60323
2021-05-21,FXSIG,190.0316,194.2240,189.0645,193.2337,29862
2021-05-24,FXSIG,191.9540,192.4065,187.9225,188.9443,83819
2021-05-25,FXSIG,188.3965,189.8914,188.3482,189.6574,74796
2021-05-26,FXSIG,190.7910,193.5347,189.9744,193.4283,59189
2021-05-27,FXSIG,193.2589,196.7746,193.1364,196.0257,72613
2021-05-28,FXSIG,195.5348,198.3786,195.3808,196.6898,68173
2021-05-31,FXSIG,196.8378,198.6675,196.4648,197.0888,43406
2021-06-01,FXSIG,197.3233,200.4914,197.2293,198.5642,69435
2021-06-02,FXSIG,199.0799,200.0660,196.1932,196.4586,42328
2021-06-03,FXSIG,197.0774,202.7138,196.8185,202.4345,73745
2021-06-04,FXSIG,202.5519,203.2279,199.7582,199.8361,35865
2021-06-07,FXSIG,199.4135,203.2544,199.0803,202.6867,80811
2021-06-08,FXSIG,201.8967,206.6061,201.8671,205.7283,42695
2021-06-09,FXSIG,206.0393,210.2657,205.4617,209.9964,39675
2021-06-10,FXSIG,210.0311,212.4400,208.6017,211.5130,30129
2021-06-11,FXSIG,212.1963,214.2278,210.5670,211.7468,77882
2021-06-14,FXSIG,210.4036,212.0300,208.9677,210.8886,60593
2021-06-15,FXSIG,212.3627,212.5185,208.1738,208.4163,24764
2021-06-16,FXSIG,207.4672,207.5317,205.2836,206.4676,44925
2021-06-17,FXSIG,207.1823,208.0786,204.0117,204.3436,33660
2021-06-18,FXSIG,204.6109,205.1389,201.4387,202.2945,83670
2021-06-21,FXSIG,202.6661,203.3939,199.5976,200.2654,91456
2021-06-22,FXSIG,200.2783,201.5131,200.2520,200.7259,39461
2021-06-23,FXSIG,200.5692,200.7130,198.4102,199.3908,65865
2021-06-24,FXSIG,198.0424,198.3279,195.8253,196.2563,26657
2021-06-25,FXSIG,196.1265,199.2339,195.2856,199.1905,59565
2021-06-28,FXSIG,199.9008,200.0922,199.1000,200.0306,90757
2021-06-29,FXSIG,200.9696,201.1296,196.4037,196.9147,23527
2021-06-30,FXSIG,196.5256,196.5338,192.7111,192.8808,61627
2021-07-01,FXSIG,193.7243,194.7417,188.4967,188.9344,43894
2021-07-02,FXSIG,187.8930,193.3437,187.7763,193.1430,65935
2021-07-05,FXSIG,192.7517,193.2470,191.9316,193.2037,87571
2021-07-06,FXSIG,192.7186,194.5515,191.4177,194.3224,21608
2021-07-07,FXSIG,194.7610,195.3076,188.8542,189.2731,35399
2021-07-08,FXSIG,188.1723,193.5289,187.2559,193.4236,22021
2021-07-09,FXSIG,194.4032,198.5248,194.1003,197.5370,50119
2021-07-12,FXSIG,198.5218,200.0456,198.3764,199.8140,69785
2021-07-13,FXSIG,199.5751,202.9007,198.5459,202.8317,87467
2021-07-14,FXSIG,204.1869,204.4655,202.5959,203.8615,25106
2021-07-15,FXSIG,204.9069,205.8106,199.7720,200.5484,28856
2021-07-16,FXSIG,202.3171,203.0590,196.5467,197.0661,20843
2021-07-19,FXSIG,197.3041,197.9261,192.6197,193.2608,47868
2021-07-20,FXSIG,193.0592,193.2146,190.7867,191.5250,85187
2021-07-21,FXSIG,191.7938,192.4467,187.4644,188.8745,79168
2021-07-22,FXSIG,189.4346,189.5421,188.9973,189.2690,44493
2021-07-23,FXSIG,188.8244,190.1703,188.7052,189.7163,47243
2021-07-26,FXSIG,188.9991,190.2186,188.6655,190.1076,42930
2021-07-27,FXSIG,190.6586,191.2785,190.2139,190.6487,54655
2021-07-28,FXSIG,191.2778,192.4555,189.2592,189.7445,61106
2021-07-29,FXSIG,189.1745,191.8482,188.7110,191.6486,23973
2021-07-30,FXSIG,190.7255,192.1890,190.4583,191.3773,98504
2021-08-02,FXSIG,191.9025,194.0429,190.9856,193.6648,59432
2021-08-03,FXSIG,192.5479,192.9475,190.8331,191.1842,71357
2021-08-04,FXSIG,191.4873,191.9536,189.3676,190.2905,35406
2021-08-05,FXSIG,190.1694,191.0472,189.3922,190.2188,21089
2021-08-06,FXSIG,190.4650,193.2008,190.3287,191.8829,20217
2021-08-09,FXSIG,190.8829,191.9198,188.8207,190.0221,57625
2021-08-10,FXSIG,189.9940,191.3183,189.0501,190.8044,94581
2021-08-11,FXSIG,191.2128,191.2749,190.8628,191.1419,23034
2021-08-12,FXSIG,191.2360,193.5969,190.5777,191.9735,24399
2021-08-13,FXSIG,193.2620,194.0520,185.8931,186.1853,47728
2021-08-16,FXSIG,185.5686,186.0456,184.4458,184.8332,41450
2021-08-17,FXSIG,184.3674,184.6285,178.6724,178.8265,70709
2021-08-18,FXSIG,177.9523,179.9706,176.6908,179.8315,75142
2021-08-19,FXSIG,180.0852,180.2415,175.5207,175.7163,88007
2021-08-20,FXSIG,174.7211,177.5019,174.2371,176.4268,50140
2021-08-23,FXSIG,176.5300,176.5975,173.4313,174.6018,24401
2021-08-24,FXSIG,175.3117,175.8545,173.7288,174.1520,35353
2021-08-25,FXSIG,174.2529,177.3699,173.7741,177.3051,80704
2021-08-26,FXSIG,176.8598,180.0512,176.5273,179.1656,92621
2021-08-27,FXSIG,178.8318,183.4184,178.6156,182.3957,95824
2021-08-30,FXSIG,182.0487,185.6608,181.7909,185.1879,57019
2021-08-31,FXSIG,184.4661,189.7633,183.7029,186.6657,85047
2021-09-01,FXSIG,186.8417,188.2197,186.4884,187.3269,23431
2021-09-02,FXSIG,187.2207,189.0750,186.3170,186.8792,25100
2021-09-03,FXSIG,187.2557,189.2252,185.9097,188.4912,40701
2021-09-06,FXSIG,188.9707,190.0110,186.1385,186.4827,23830
2021-09-07,FXSIG,186.5384,186.5532,183.4237,183.8218,22307
2021-09-08,FXSIG,183.6568,185.2362,183.1012,185.1742,37066
2021-09-09,FXSIG,184.7693,185.7467,180.5901,181.0879,82797
2021-09-10,FXSIG,181.4822,182.1146,178.0847,179.3758,81673
2021-09-13,FXSIG,180.4139,181.2770,177.2983,177.4550,73087
2021-09-14,FXSIG,177.5310,178.2453,176.3367,176.5699,85886
2021-09-15,FXSIG,177.7866,178.3681,176.5286,178.0360,56923
2021-09-16,FXSIG,177.5107,181.1431,177.1273,180.8084,78705
2021-09-17,FXSIG,179.8767,180.2080,179.1307,179.9330,72403
2021-09-20,FXSIG,179.6881,180.6216,179.2017,180.0959,20772
2021-09-21,FXSIG,179.8501,181.6980,179.2982,180.9327,85344
2021-09-22,FXSIG,182.0554,182.4666,178.8766,179.4497,35299
2021-09-23,FXSIG,179.5341,180.4641,175.6220,176.3444,44416
2021-09-24,FXSIG,176.4076,177.7916,172.2402,173.3199,97617
2021-09-27,FXSIG,173.0759,174.2293,172.6842,173.9446,72383
2021-09-28,FXSIG,174.6704,175.2582,172.4516,173.2986,48610
2021-09-29,FXSIG,173.7100,174.5048,172.4063,172.5993,95611
2021-09-30,FXSIG,172.6815,172.8353,169.9214,170.0271,32358
2021-10-01,FXSIG,169.4587,172.6488,168.7562,172.3110,81436
2021-10-04,FXSIG,172.1416,172.2251,170.5920,170.6204,39628
2021-10-05,FXSIG,170.7144,170.7909,168.9126,169.5145,94218
2021-10-06,FXSIG,169.4395,169.8163,168.3633,168.9949,71241
2021-10-07,FXSIG,168.4796,171.1851,167.9622,171.0212,99076
2021-10-08,FXSIG,170.9012,171.6659,165.7721,166.3698,72201
2021-10-11,FXSIG,165.3249,166.7714,164.6283,166.2941,25533
2021-10-12,FXSIG,166.3576,166.7343,164.1551,164.3443,84900
2021-10-13,FXSIG,165.7552,170.4235,165.5826,170.0783,43823
2021-10-14,FXSIG,169.9775,170.1235,169.4495,170.0463,96396
2021-10-15,FXSIG,169.9630,171.1044,168.8921,169.3734,76608
2021-10-18,FXSIG,168.6690,169.0774,167.5301,168.0040,62582
2021-10-19,FXSIG,168.7456,169.0653,163.8270,164.0341,28219
2021-10-20,FXSIG,163.4774,164.8807,163.3196,164.7162,47048
2021-10-21,FXSIG,164.8565,165.3548,160.1712,160.6935,34604
2021-10-22,FXSIG,161.0804,161.9134,154.3868,155.1174,52150
2021-10-25,FXSIG,154.3379,154.3691,152.1802,153.0716,75125
2021-10-26,FXSIG,152.0672,152.3040,149.2668,149.7929,68264
2021-10-27,FXSIG,150.3899,151.7397,150.3756,151.1526,74903
2021-10-28,FXSIG,151.6734,152.4541,150.9483,151.3149,35388
2021-10-29,FXSIG,152.5205,153.7782,148.4403,148.7092,68232
2021-11-01,FXSIG,147.9730,148.5344,146.7540,147.0768,34033
2021-11-02,FXSIG,148.4084,150.6858,148.1238,150.3139,52313
2021-11-03,FXSIG,151.1361,153.1623,150.4272,152.6311,82880
2021-11-04,FXSIG,153.1398,153.3541,152.5266,153.2893,45358
2021-11-05,FXSIG,153.8742,154.1355,149.4458,149.7162,32399
2021-11-08,FXSIG,149.5922,150.0618,148.1106,148.3640,85793
2021-11-09,FXSIG,148.5096,148.8974,145.7381,146.1660,98775
2021-11-10,FXSIG,146.7628,146.8326,144.8096,145.6604,22335
2021-11-11,FXSIG,144.7961,146.6579,144.7949,146.6546,59150
2021-11-12,FXSIG,146.1253,146.9923,146.1184,146.9513,56403
2021-11-15,FXSIG,146.5465,146.7471,144.7496,145.0618,85560
2021-11-16,FXSIG,144.2945,147.6568,143.4889,147.4673,43113
2021-11-17,FXSIG,147.3389,147.4527,145.3185,145.7956,20555
2021-11-18,FXSIG,145.5919,146.2535,144.9934,145.8442,80142
2021-11-19,FXSIG,146.4858,148.0154,145.4997,147.9066,72763
2021-11-22,FXSIG,148.3318,148.7069,147.9984,148.2910,50268
2021-11-23,FXSIG,148.5460,151.2464,148.4621,150.4724,46854
2021-11-24,FXSIG,150.8502,151.8031,147.3406,147.8963,60831
2021-11-25,FXSIG,146.8574,148.8240,146.2379,147.8107,60344
2021-11-26,FXSIG,148.7848,149.1159,146.2195,146.5819,34532
2021-11-29,FXSIG,146.2531,146.4609,143.3587,143.8021,95333
2021-11-30,FXSIG,144.6992,145.1839,144.5484,144.9516,28892
2021-12-01,FXSIG,144.7079,145.4729,141.1012,141.4365,29320
2021-12-02,FXSIG,142.0676,144.7649,141.3473,144.1538,62741
2021-12-03,FXSIG,144.4613,146.4866,143.8731,146.1471,72211
2021-12-06,FXSIG,146.0838,146.6158,144.3985,145.3115,57132
2021-12-07,FXSIG,144.9694,146.7601,144.1378,146.3972,27441
2021-12-08,FXSIG,146.0459,150.9933,145.9635,150.8059,26028
2021-12-09,FXSIG,150.2134,150.6685,146.2226,146.4752,21443
2021-12-10,FXSIG,146.6758,149.1988,146.1445,147.7606,94474
2021-12-13,FXSIG,146.8543,147.0011,142.7995,142.9449,79790
2021-12-14,FXSIG,143.0089,144.5653,142.7074,143.8411,59125
2021-12-15,FXSIG,143.6767,145.6458,143.4254,145.5988,52579
2021-12-16,FXSIG,146.9153,147.8791,142.7235,143.1943,50325
2021-12-17,FXSIG,142.8395,144.4433,142.8112,144.3269,50260
2021-12-20,FXSIG,144.7642,145.2078,143.2973,144.1439,41018
2021-12-21,FXSIG,143.5630,144.2403,142.7592,144.1830,97926
2021-12-22,FXSIG,144.0427,144.6286,142.5512,142.6727,62551
2021-12-23,FXSIG,142.7512,142.9485,142.4971,142.7047,82630
2021-12-24,FXSIG,143.2454,145.3313,142.9612,144.5744,83444
2021-12-27,FXSIG,144.2803,145.6769,143.9754,144.9562,97424
2021-12-28,FXSIG,144.8909,145.1146,143.4013,144.0850,89507
2021-12-29,FXSIG,144.7849,147.2274,144.0093,146.9600,40592
2021-12-30,FXSIG,147.2959,148.5548,143.8354,144.9272,34043
2021-12-31,FXSIG,144.9666,147.5801,144.7961,147.2770,66980
2022-01-03,FXSIG,146.7315,147.0436,144.8768,145.3419,42181
2022-01-04,FXSIG,145.1292,146.7513,144.3288,146.3149,31357
2022-01-05,FXSIG,146.3786,147.0349,141.5351,142.7825,72771
2022-01-06,FXSIG,143.4410,143.9844,140.9862,141.0990,97886
2022-01-07,FXSIG,142.0456,142.6679,141.5944,142.2070,42280
2022-01-10,FXSIG,142.7138,142.7648,139.6731,140.1912,47007
2022-01-11,FXSIG,140.2357,144.5806,139.6646,144.5716,87133
2022-01-12,FXSIG,145.1386,145.5782,139.3887,141.2136,70027
2022-01-13,FXSIG,142.0282,142.3584,138.8691,139.4239,40010
2022-01-14,FXSIG,138.9558,142.5621,138.9389,142.1739,91476
2022-01-17,FXSIG,142.3604,142.4650,138.2290,138.7038,99464
2022-01-18,FXSIG,138.1855,139.6550,138.0469,139.3112,29367
2022-01-19,FXSIG,139.0690,143.5615,138.1606,142.9255,52871
2022-01-20,FXSIG,144.0560,144.4531,142.2385,142.5528,22766
2022-01-21,FXSIG,143.2526,143.7849,140.6517,140.7369,76764
2022-01-24,FXSIG,141.0384,143.0383,140.7072,141.6553,28689
2022-01-25,FXSIG,141.2577,145.4356,141.2265,144.7610,29266
2022-01-26,FXSIG,145.4177,147.2717,143.8428,146.9314,66370
2022-01-27,FXSIG,147.1678,147.8149,145.4411,145.5491,47062
2022-01-28,FXSIG,145.7505,146.2515,142.3335,142.7481,68817
2022-01-31,FXSIG,143.8567,144.5662,141.3774,141.9404,90857
2022-02-01,FXSIG,141.5543,142.3613,141.3929,141.5362,66705
2022-02-02,FXSIG,141.5988,142.5356,139.4635,139.8627,84656
2022-02-03,FXSIG,139.6667,139.7807,137.2905,138.1871,51572
2022-02-04,FXSIG,138.3956,139.0490,137.5876,138.8919,58087
2022-02-07,FXSIG,138.5445,138.6572,131.6520,131.9197,33064
2022-02-08,FXSIG,131.8098,134.3655,131.8076,133.5771,55917
2022-02-09,FXSIG,133.4661,133.7038,129.3071,129.6904,78102
2022-02-10,FXSIG,130.4135,131.3917,129.5263,130.5842,67096
2022-02-11,FXSIG,130.7159,131.1914,129.3709,130.8364,55623
2022-02-14,FXSIG,131.9476,134.1371,131.1647,133.9139,89898
2022-02-15,FXSIG,133.5218,136.3072,133.1157,136.0471,81051
2022-02-16,FXSIG,135.5417,137.3975,135.3387,137.2620,98069
2022-02-17,FXSIG,137.1407,137.6241,133.6098,134.3188,69951
2022-02-18,FXSIG,134.5843,135.6172,134.3377,134.7409,74519
2022-02-21,FXSIG,135.1141,135.4317,132.0544,132.3538,50893
2022-02-22,FXSIG,131.7000,133.2581,131.1053,133.0768,60912
2022-02-23,FXSIG,133.9952,134.2617,128.1422,128.4601,96953
2022-02-24,FXSIG,129.3375,129.7066,125.9155,125.9654,53650
2022-02-25,FXSIG,126.0286,126.3544,124.1441,124.3321,53850
2022-02-28,FXSIG,124.0274,124.6167,120.6165,121.6146,35173
2022-03-01,FXSIG,120.8015,120.8588,119.4113,120.0746,30799
2022-03-02,FXSIG,120.4388,121.1559,118.8242,119.3069,55737
2022-03-03,FXSIG,119.5194,119.8404,118.6139,118.8105,36842
2022-03-04,FXSIG,119.5859,119.7704,116.1829,116.4536,57750
2022-03-07,FXSIG,116.1914,117.0118,115.7857,116.2516,98404
2022-03-08,FXSIG,115.8708,117.3095,115.5420,116.8533,23251
2022-03-09,FXSIG,116.9148,117.3670,115.0433,115.1728,57962
2022-03-10,FXSIG,115.3041,115.6075,112.6174,112.9721,46971
2022-03-11,FXSIG,113.2218,113.7098,112.2203,113.3395,73378
2022-03-14,FXSIG,113.8897,117.6094,113.6279,116.8326,98579
2022-03-15,FXSIG,116.7022,117.2081,115.9554,116.1519,82266
2022-03-16,FXSIG,116.1860,116.2973,115.7377,115.9350,84083
2022-03-17,FXSIG,115.3892,117.8330,114.7369,116.5193,45471
2022-03-18,FXSIG,116.7524,116.7776,115.9965,116.3387,53720
2022-03-21,FXSIG,117.2611,122.2059,117.0973,122.0059,65637
2022-03-22,FXSIG,121.8257,122.8413,121.0273,122.4153,61502
2022-03-23,FXSIG,123.0016,123.0639,122.0118,122.0958,64572
2022-03-24,FXSIG,121.9504,122.2416,119.9646,120.1875,68392
2022-03-25,FXSIG,120.3792,120.6492,116.3186,117.0079,76672
2022-03-28,FXSIG,117.7839,117.8705,114.4457,114.6916,34212
2022-03-29,FXSIG,114.3313,116.3325,114.0503,115.9506,31093
2022-03-30,FXSIG,115.6134,116.2375,115.2611,115.5140,58928
2022-03-31,FXSIG,115.4597,115.7008,113.4422,113.8713,29904
2022-04-01,FXSIG,113.4406,113.5764,112.4179,112.5544,43054
2022-04-04,FXSIG,112.5695,113.0727,111.9623,112.4279,20111
2022-04-05,FXSIG,112.7570,113.4908,112.5211,113.2265,38011
2022-04-06,FXSIG,113.1878,117.1842,112.9380,116.6852,65105
2022-04-07,FXSIG,116.0921,116.6887,115.4071,115.5801,33047
2022-04-08,FXSIG,115.7872,117.0707,115.4465,116.8367,38303
2022-04-11,FXSIG,115.6310,116.1454,114.4557,114.5942,58133
2022-04-12,FXSIG,114.1028,114.4122,112.2386,112.7047,68649
2022-04-13,FXSIG,112.9782,113.1493,112.3080,112.6538,88110
2022-04-14,FXSIG,112.2515,112.4248,110.2397,110.3719,36942
2022-04-15,FXSIG,111.1474,111.5332,109.5400,109.9500,26919
2022-04-18,FXSIG,109.8622,110.0803,109.3683,109.4809,89926
2022-04-19,FXSIG,109.4571,110.4480,109.0114,110.2848,52763
2022-04-20,FXSIG,110.0800,112.4804,109.6608,111.8225,24849
2022-04-21,FXSIG,111.5261,113.3030,111.4047,113.1305,77865
2022-04-22,FXSIG,113.0503,113.2013,110.5131,111.4623,25217
2022-04-25,FXSIG,111.6229,112.6823,111.5149,111.9667,94447
2022-04-26,FXSIG,111.9605,113.0746,111.7142,112.6925,71225
2022-04-27,FXSIG,112.6613,114.8770,112.1649,114.2403,31139
2022-04-28,FXSIG,114.5999,116.4157,113.3675,116.2858,49239
2022-04-29,FXSIG,115.0737,118.6333,114.5507,118.5592,25081
2022-05-02,FXSIG,118.7212,121.1934,118.6455,120.4966,95176
2022-05-03,FXSIG,119.8039,121.3288,119.6084,121.3137,45421
2022-05-04,FXSIG,121.6094,124.2568,121.2249,123.6064,53644
2022-05-05,FXSIG,123.1311,126.0729,122.9186,126.0296,48011
2022-05-06,FXSIG,125.8224,125.8710,124.2372,124.5664,59309
2022-05-09,FXSIG,124.5418,125.2187,121.7947,121.8100,25398
2022-05-10,FXSIG,121.6563,125.0065,121.3694,124.0417,64001
2022-05-11,FXSIG,123.6876,124.7118,123.4364,124.6684,57609
2022-05-12,FXSIG,125.1637,126.4133,122.7525,122.9002,55166
2022-05-13,FXSIG,123.3400,124.3777,122.1657,122.2076,84312
2022-05-16,FXSIG,123.3312,124.1369,121.4177,121.9142,23286
2022-05-17,FXSIG,121.4252,121.6127,117.8321,118.2541,65771
2022-05-18,FXSIG,119.1327,120.1410,119.1221,119.6349,22999
2022-05-19,FXSIG,118.9503,119.7814,118.6147,118.6533,57096
2022-05-20,FXSIG,118.1569,119.6051,117.8869,118.9765,84455
2022-05-23,FXSIG,119.3473,119.5405,114.9455,115.9158,60844
2022-05-24,FXSIG,115.1006,115.2157,113.2245,113.4647,57369
2022-05-25,FXSIG,113.0860,115.7508,112.8006,115.7309,35686
2022-05-26,FXSIG,114.8178,117.0680,114.5019,116.6234,99076
2022-05-27,FXSIG,116.9875,118.2725,116.9276,117.6954,39293
2022-05-30,FXSIG,117.9891,118.8554,117.7413,118.7398,59398
2022-05-31,FXSIG,117.9953,119.9732,117.8143,119.8499,42248
2022-06-01,FXSIG,119.7755,121.1279,119.7472,120.4328,42900
2022-06-02,FXSIG,120.7749,122.6654,120.7084,122.4475,21512
2022-06-03,FXSIG,122.5276,122.6603,120.3236,120.7756,61893
2022-06-06,FXSIG,120.3483,120.6742,119.3074,120.5752,26729
2022-06-07,FXSIG,120.7513,120.8617,115.1850,116.1250,24178
2022-06-08,FXSIG,116.5956,116.9683,113.1329,114.7319,29552
2022-06-09,FXSIG,115.2304,115.5061,113.4854,113.9374,67579
2022-06-10,FXSIG,113.2893,113.4030,111.1694,111.2731,21879
2022-06-13,FXSIG,111.3116,112.3290,111.2966,111.9991,90956
2022-06-14,FXSIG,111.6434,114.1537,111.1099,113.6394,66140
2022-06-15,FXSIG,113.6003,116.2949,113.4452,116.2513,68660
2022-06-16,FXSIG,117.2001,117.2127,115.5504,116.1031,76853
2022-06-17,FXSIG,116.0791,116.1552,113.1556,113.9234,45976
2022-06-20,FXSIG,114.3455,116.4312,113.9643,116.1000,76559
2022-06-21,FXSIG,116.1322,116.2849,113.4698,113.7248,71692
2022-06-22,FXSIG,113.8958,114.5190,112.1101,112.3529,82303
2022-06-23,FXSIG,112.0463,115.4121,111.7789,115.0659,34850
2022-06-24,FXSIG,114.5530,115.2399,114.1625,114.8881,79902
2022-06-27,FXSIG,114.8776,117.5120,114.5227,116.8463,57627
2022-06-28,FXSIG,116.5641,120.2319,116.5250,120.2210,93090
2022-06-29,FXSIG,120.5250,120.6113,119.8902,120.3224,73244
2022-06-30,FXSIG,119.8753,120.1938,119.3917,119.6308,98656
2022-07-01,FXSIG,119.1189,122.9939,118.8780,122.6287,72747
2022-07-04,FXSIG,122.3016,123.6774,121.6090,123.4790,99058
2022-07-05,FXSIG,123.0780,123.4659,119.3680,120.2435,74547
2022-07-06,FXSIG,119.7520,120.9026,119.3819,120.7233,67747
2022-07-07,FXSIG,121.6342,122.0065,120.2500,120.5064,68284
2022-07-08,FXSIG,120.1885,123.1586,119.5290,122.5295,58792
2022-07-11,FXSIG,122.7187,124.0032,122.3284,123.9923,65790
2022-07-12,FXSIG,123.6537,123.8010,121.2850,121.5512,68708
2022-07-13,FXSIG,122.0836,122.1774,118.8487,118.9656,33792
2022-07-14,FXSIG,118.7823,123.2278,118.3258,122.3217,51080
2022-07-15,FXSIG,122.3709,123.2108,118.8518,118.9046,54874
2022-07-18,FXSIG,119.1566,119.3373,118.2468,119.3326,27190
2022-07-19,FXSIG,119.5163,119.6412,115.7347,115.8285,22506
2022-07-20,FXSIG,115.0963,118.5130,114.7807,118.4308,36819
2022-07-21,FXSIG,119.4453,120.9129,118.8708,120.7562,85200
2022-07-22,FXSIG,121.1338,121.1546,120.0148,120.6650,25652
2022-07-25,FXSIG,120.7824,120.9953,119.4771,119.9710,32079
2022-07-26,FXSIG,120.5867,121.0397,119.1119,119.7288,36381
2022-07-27,FXSIG,119.6174,120.8570,119.1838,120.7067,81931
2022-07-28,FXSIG,120.2953,121.0769,119.9628,121.0224,57943
2022-07-29,FXSIG,121.1966,124.3726,120.7862,124.3685,47060
2022-08-01,FXSIG,123.8060,124.7661,122.2514,122.6609,73264
2022-08-02,FXSIG,122.5896,122.6282,121.4963,121.6415,65681
2022-08-03,FXSIG,121.4066,122.5299,121.1450,121.8535,34184
2022-08-04,FXSIG,121.4615,123.2915,120.5579,123.0641,75360
2022-08-05,FXSIG,123.2042,124.2684,119.9726,120.6050,30357
2022-08-08,FXSIG,121.2053,122.6054,120.9854,122.2692,45523
2022-08-09,FXSIG,122.3572,122.7168,118.2676,118.6013,32261
2022-08-10,FXSIG,118.0012,118.2616,117.0457,117.1139,26324
2022-08-11,FXSIG,117.1818,117.8133,116.8324,117.7254,20734
2022-08-12,FXSIG,116.9549,117.0137,114.6224,114.9509,87330
2022-08-15,FXSIG,114.9923,115.1474,113.2049,113.7387,22601
2022-08-16,FXSIG,113.3657,113.7036,112.3530,112.6427,72135
2022-08-17,FXSIG,113.2884,113.4132,111.3173,111.6397,58659
2022-08-18,FXSIG,111.7612,112.2910,110.6971,110.8524,29439
2022-08-19,FXSIG,110.4472,110.6226,110.1459,110.5645,43668
2022-08-22,FXSIG,111.4111,112.3068,110.6082,110.9965,83571
2022-08-23,FXSIG,111.1364,114.8756,110.4928,114.3608,31311
2022-08-24,FXSIG,115.0586,115.5201,111.5694,111.7594,45644
2022-08-25,FXSIG,111.7702,112.2504,109.1839,109.3783,44479
2022-08-26,FXSIG,109.7232,109.7399,109.2522,109.7072,68240
2022-08-29,FXSIG,109.7913,110.1475,108.7708,109.3336,23335
2022-08-30,FXSIG,110.4989,111.9153,110.4204,111.8107,85252
2022-08-31,FXSIG,111.8563,112.1631,110.7340,110.7664,52401
2022-09-01,FXSIG,111.0456,112.2249,110.5489,111.9760,53688
2022-09-02,FXSIG,111.7730,111.8200,110.9804,111.6193,78013
2022-09-05,FXSIG,111.4221,111.9991,111.3037,111.4878,31204
2022-09-06,FXSIG,111.9850,112.7024,111.3451,111.9025,86876
2022-09-07,FXSIG,112.0171,112.7731,111.9687,112.0846,86729
2022-09-08,FXSIG,111.6705,113.2446,110.6414,113.2360,34679
2022-09-09,FXSIG,113.4297,114.9041,113.2501,114.2230,57164
2022-09-12,FXSIG,113.7670,114.1823,112.8696,112.9961,77799
2022-09-13,FXSIG,112.7172,115.5895,112.3782,115.5431,66797
2022-09-14,FXSIG,115.2842,116.1132,114.0125,114.5064,36795
2022-09-15,FXSIG,115.0778,115.6985,114.8577,115.5666,54201
2022-09-16,FXSIG,115.2353,115.8977,114.8786,115.8082,61790
2022-09-19,FXSIG,117.0401,118.1726,116.5859,117.9221,53027
2022-09-20,FXSIG,117.8796,118.3698,117.7460,118.0863,74728
2022-09-21,FXSIG,116.7461,117.7035,116.3493,117.0048,66397
2022-09-22,FXSIG,116.7029,117.9897,116.3766,117.9601,88261
2022-09-23,FXSIG,118.4850,119.1344,118.1483,118.8378,86640
2022-09-26,FXSIG,119.1642,119.4584,116.8770,117.2346,33517
2022-09-27,FXSIG,117.3069,117.7277,116.9199,117.0257,42918
2022-09-28,FXSIG,116.6890,117.1196,115.3483,115.4065,69739
2022-09-29,FXSIG,114.4532,116.3757,113.6241,116.3375,67600
2022-09-30,FXSIG,116.4514,116.6662,116.2743,116.3190,25458
2022-10-03,FXSIG,116.4312,116.7121,115.1419,115.2642,22876
2022-10-04,FXSIG,114.5424,116.0416,114.3471,115.6496,58369
2022-10-05,FXSIG,115.8391,116.0762,111.0535,111.1490,44937
2022-10-06,FXSIG,110.7629,111.8810,110.6740,111.1009,45375
2022-10-07,FXSIG,111.0866,111.4154,110.0500,110.1385,27334
2022-10-10,FXSIG,109.6814,110.3925,109.3780,110.2063,47380
2022-10-11,FXSIG,110.0380,112.3201,109.5689,111.3178,45295
2022-10-12,FXSIG,111.5873,112.1714,111.2551,111.5511,30382
2022-10-13,FXSIG,111.0921,111.2920,110.9240,111.0808,57577
2022-10-14,FXSIG,112.2505,112.7927,110.3257,111.4322,41169
2022-10-17,FXSIG,111.2533,111.7519,110.4706,110.5392,45021
2022-10-18,FXSIG,110.2214,110.5858,109.6136,110.0129,96761
2022-10-19,FXSIG,109.7401,111.9385,109.1437,111.7305,27144
2022-10-20,FXSIG,110.9137,112.7836,110.4592,112.6885,77204
2022-10-21,FXSIG,112.8864,114.1708,112.3744,112.6683,45141
2022-10-24,FXSIG,112.6658,113.1692,112.5163,113.1368,24665
2022-10-25,FXSIG,113.5850,113.7019,112.2465,112.8267,23779
2022-10-26,FXSIG,112.6618,112.7422,110.3740,110.9081,97037
2022-10-27,FXSIG,110.8801,111.7429,110.6429,111.3333,75553
2022-10-28,FXSIG,111.3812,112.2320,110.8336,112.0922,42216
2022-10-31,FXSIG,111.6596,112.0699,111.3373,111.7495,50023
2022-11-01,FXSIG,112.0141,112.0785,110.9348,111.1224,49110
2022-11-02,FXSIG,111.1089,111.3155,110.7482,110.7748,32751
2022-11-03,FXSIG,110.5632,111.7255,107.8412,108.0801,38622
2022-11-04,FXSIG,108.4473,109.3059,108.2385,109.0609,65206
2022-11-07,FXSIG,109.1423,112.3002,109.0269,112.2304,42187
2022-11-08,FXSIG,112.3652,113.5417,112.3284,113.3597,96351
2022-11-09,FXSIG,113.2802,114.3305,113.0583,114.3269,70323
2022-11-10,FXSIG,114.6263,114.7971,113.3722,113.4813,74726
2022-11-11,FXSIG,113.4651,113.5871,110.9769,111.2849,35675
2022-11-14,FXSIG,111.6105,111.8937,108.6475,108.9562,29733
2022-11-15,FXSIG,109.0241,109.7213,106.2340,106.5279,68137
2022-11-16,FXSIG,106.3328,107.0819,105.4879,105.6852,27038
2022-11-17,FXSIG,106.1251,106.2501,104.9107,105.0324,24042
2022-11-18,FXSIG,104.0888,104.1268,103.0412,103.1098,82397
2022-11-21,FXSIG,103.1563,103.6431,100.8121,101.6288,29788
2022-11-22,FXSIG,101.5035,101.7571,100.4095,100.4133,56097
2022-11-23,FXSIG,100.0506,100.6214,99.4037,99.7133,75748
2022-11-24,FXSIG,99.5947,100.1832,97.6190,97.9336,65047
2022-11-25,FXSIG,97.8266,97.8394,96.5198,97.1135,33178
2022-11-28,FXSIG,97.5746,98.2241,97.1064,97.7570,66021
2022-11-29,FXSIG,97.8666,98.0278,93.6427,93.7446,65986
2022-11-30,FXSIG,93.3882,93.6503,88.5092,88.8888,79340
2022-12-01,FXSIG,88.8689,89.2285,88.7618,89.0025,75702
2022-12-02,FXSIG,89.9215,90.5955,89.2713,89.5497,46460
2022-12-05,FXSIG,90.0039,90.0586,88.9872,89.8679,37015
2022-12-06,FXSIG,89.6673,91.7995,89.1589,91.7874,81287
2022-12-07,FXSIG,91.5107,91.6559,90.9423,91.5323,52977
2022-12-08,FXSIG,91.6715,92.2862,90.7632,91.3579,77307
2022-12-09,FXSIG,91.8125,92.1265,90.5251,90.8146,58458
2022-12-12,FXSIG,90.7749,91.9234,90.0894,90.9462,81155
2022-12-13,FXSIG,91.2315,91.3885,90.8327,91.2203,97326
2022-12-14,FXSIG,91.7830,92.1186,90.1798,90.4079,42011
2022-12-15,FXSIG,90.5718,91.9865,90.4337,91.9376,77681
2022-12-16,FXSIG,91.3369,91.3400,89.4673,89.7153,40834
2022-12-19,FXSIG,90.1941,90.2648,88.5088,88.6279,40961
2022-12-20,FXSIG,89.1356,89.9119,89.0213,89.4395,69416
2022-12-21,FXSIG,89.1830,90.4509,88.6764,90.1196,63896
2022-12-22,FXSIG,90.4687,90.8099,89.0758,89.3470,73897
2022-12-23,FXSIG,88.7202,90.5532,88.4767,90.5239,34750
2022-12-26,FXSIG,90.2564,91.9414,90.2208,91.4098,69264
2022-12-27,FXSIG,90.9349,91.0024,90.7063,90.8944,40767
2022-12-28,FXSIG,90.5402,91.0428,90.4523,90.7110,38242
2022-12-29,FXSIG,90.8744,92.0678,90.3956,92.0182,29897
2022-12-30,FXSIG,91.9070,92.7231,91.2612,92.4199,52923
2023-01-02,FXSIG,92.6864,92.8842,90.6921,90.8811,64471
2023-01-03,FXSIG,90.8875,92.8127,90.8157,92.0633,75598
2023-01-04,FXSIG,92.1716,92.9166,91.9095,92.4568,33253
2023-01-05,FXSIG,92.6365,93.2888,92.4433,92.8861,39235
2023-01-06,FXSIG,92.9071,93.0286,90.9008,90.9665,73669
2023-01-09,FXSIG,90.3596,90.5360,89.0109,89.1990,26024
2023-01-10,FXSIG,88.9755,89.2924,88.9247,89.0181,84042
2023-01-11,FXSIG,88.7201,88.8075,87.9790,88.2383,52230
2023-01-12,FXSIG,88.0193,89.0224,87.9060,88.8317,62321
2023-01-13,FXSIG,88.8433,90.4986,88.4388,90.1289,25798
2023-01-16,FXSIG,90.0756,90.5839,90.0504,90.1718,45405
2023-01-17,FXSIG,89.4201,90.0316,89.3467,90.0174,58855
2023-01-18,FXSIG,89.8157,90.5145,89.6948,90.3821,41351
2023-01-19,FXSIG,91.1219,91.3731,90.4798,90.5351,22234
2023-01-20,FXSIG,90.4584,90.6464,88.7746,88.8249,76407
2023-01-23,FXSIG,89.1930,89.3682,85.9388,85.9603,47663
2023-01-24,FXSIG,86.2356,86.4025,84.2414,84.9074,60326
2023-01-25,FXSIG,85.3228,85.4741,84.1935,84.2680,99555
2023-01-26,FXSIG,84.8034,84.8437,83.1738,83.4213,85476
2023-01-27,FXSIG,84.3758,84.4602,82.4857,82.8319,37198
2023-01-30,FXSIG,82.6720,82.8466,82.3583,82.6726,22056
2023-01-31,FXSIG,83.3064,83.5818,81.4580,81.7317,88276
2023-02-01,FXSIG,82.3051,82.5436,81.0289,81.7482,42329
2023-02-02,FXSIG,81.3716,83.3514,81.3531,83.3430,71726
2023-02-03,FXSIG,82.9406,87.6815,82.8242,87.5126,91417
2023-02-06,FXSIG,88.0429,88.2637,87.0513,88.2019,86691
2023-02-07,FXSIG,87.3378,89.0120,87.0458,88.4864,54623
2023-02-08,FXSIG,88.3548,88.9631,87.3006,87.6624,77279
2023-02-09,FXSIG,88.1422,88.6582,87.9535,88.0639,74020
2023-02-10,FXSIG,87.9796,88.1603,85.5615,86.1373,39735
2023-02-13,FXSIG,86.3577,87.4815,85.5975,86.9437,46336
2023-02-14,FXSIG,86.7547,87.3487,85.1993,85.6431,60954
2023-02-15,FXSIG,85.3488,87.5653,85.1005,86.7976,55180
2023-02-16,FXSIG,86.8191,87.1534,86.7534,87.0134,77857
2023-02-17,FXSIG,87.1418,87.8435,86.4898,86.5452,27113
2023-02-20,FXSIG,86.2930,86.3948,84.8807,85.5035,76783
2023-02-21,FXSIG,85.7202,85.9718,84.4998,84.5049,83972
2023-02-22,FXSIG,84.4275,84.6014,84.3073,84.4308,88828
2023-02-23,FXSIG,85.1096,86.8326,84.7684,86.6993,63246
2023-02-24,FXSIG,87.2312,87.3573,83.2959,83.5876,46645
2023-02-27,FXSIG,83.5912,84.1917,82.5794,82.9043,73359
2023-02-28,FXSIG,83.2966,85.1008,82.9087,84.5409,45823
2023-03-01,FXSIG,84.7707,84.7799,84.3470,84.7541,56396
2023-03-02,FXSIG,84.7913,86.8279,84.7360,86.6898,45101
2023-03-03,FXSIG,87.3278,87.3696,84.7814,84.8787,68153
2023-03-06,FXSIG,84.9239,85.1660,83.5850,83.6491,54228
2023-03-07,FXSIG,83.1509,86.6301,82.8607,86.2098,57833
2023-03-08,FXSIG,86.4035,87.8495,86.3491,87.6652,56039
2023-03-09,FXSIG,87.3814,89.3321,86.9531,88.9438,50349
2023-03-10,FXSIG,88.7905,89.0939,88.7695,88.9460,91078
2023-03-13,FXSIG,89.4740,90.8294,89.4017,90.3137,23191
2023-03-14,FXSIG,89.7637,90.4019,89.6923,89.7036,88427
2023-03-15,FXSIG,89.4020,94.1173,88.6753,93.8388,52980
2023-03-16,FXSIG,93.5221,96.9117,93.3476,96.5777,46741
2023-03-17,FXSIG,96.4631,96.7424,94.5488,94.8277,66552
2023-03-20,FXSIG,95.2232,95.5749,91.0148,91.6954,45515
2023-03-21,FXSIG,91.7095,93.4287,91.6119,92.6073,45036
2023-03-22,FXSIG,92.4287,92.6048,91.3936,91.5101,36943
2023-03-23,FXSIG,92.1749,92.7784,91.2045,91.3350,83573
2023-03-24,FXSIG,91.7291,93.9338,91.7064,93.8539,48558
2023-03-27,FXSIG,93.5432,96.3562,93.3518,95.8829,75653
2023-03-28,FXSIG,95.1072,96.1761,94.4619,95.8690,57638
2023-03-29,FXSIG,95.6421,95.6588,95.1312,95.1678,92096
2023-03-30,FXSIG,94.0783,94.1727,93.6393,94.0584,64683
2023-03-31,FXSIG,94.4991,94.6589,93.1559,93.1797,99414
2023-04-03,FXSIG,93.2561,93.7751,92.4053,93.0147,37788
2023-04-04,FXSIG,92.9135,94.4901,92.7055,93.9834,94714
2023-04-05,FXSIG,93.4095,94.2006,92.6621,94.0797,74379
2023-04-06,FXSIG,94.6596,94.8831,90.6468,90.8144,79711
2023-04-07,FXSIG,90.2560,93.8903,89.9149,93.8516,57180
2023-04-10,FXSIG,93.5095,95.1845,93.4851,94.9912,23813
2023-04-11,FXSIG,95.6528,97.3644,95.4444,97.3547,58839
2023-04-12,FXSIG,97.4198,97.5763,97.2593,97.3023,29980
2023-04-13,FXSIG,97.5897,98.6788,97.2102,97.8368,92817
2023-04-14,FXSIG,96.4820,98.3838,95.9158,98.1070,75395
2023-04-17,FXSIG,98.1567,98.7978,97.3560,98.7011,86621
2023-04-18,FXSIG,97.9846,99.8584,97.9431,99.5160,94367
2023-04-19,FXSIG,99.5426,100.2852,99.3151,99.5253,62287
2023-04-20,FXSIG,99.3288,100.3755,98.9531,100.2370,85303
2023-04-21,FXSIG,99.7171,99.8546,99.1764,99.5987,28674
2023-04-24,FXSIG,100.0546,101.1538,99.6058,100.8023,51693
2023-04-25,FXSIG,101.1117,101.6758,97.8913,98.0661,27660
2023-04-26,FXSIG,97.8243,98.4475,97.7612,98.2182,30343
2023-04-27,FXSIG,97.7826,100.3912,97.3114,100.2932,64256
2023-04-28,FXSIG,99.4500,101.2977,99.0536,101.1841,61071
2023-05-01,FXSIG,101.4331,106.7733,101.1180,106.6004,49080
2023-05-02,FXSIG,106.3072,106.5173,106.0946,106.1924,63277
2023-05-03,FXSIG,105.9375,106.9749,105.6834,106.1774,83825
2023-05-04,FXSIG,105.8503,106.6026,105.1871,105.4542,91986
2023-05-05,FXSIG,105.8603,105.9583,105.4800,105.5920,69712
2023-05-08,FXSIG,105.3041,108.9057,104.6667,108.6492,45031
2023-05-09,FXSIG,108.4350,108.6603,105.8037,106.0563,20996
2023-05-10,FXSIG,106.5751,106.9973,104.5224,104.9415,96329
2023-05-11,FXSIG,105.0341,105.6477,104.7595,105.2073,83434
2023-05-12,FXSIG,105.2307,106.6883,104.6509,106.4361,32516
2023-05-15,FXSIG,106.4060,107.2263,104.5117,105.1678,28399
2023-05-16,FXSIG,104.8914,104.9040,103.8831,104.3928,93807
2023-05-17,FXSIG,103.9971,108.0333,103.8271,107.5414,82678
2023-05-18,FXSIG,108.2111,113.2064,107.6555,112.7564,95214
2023-05-19,FXSIG,113.5155,113.6288,112.5153,112.5361,31575
2023-05-22,FXSIG,112.8264,112.8396,110.7153,110.8517,93734
2023-05-23,FXSIG,110.4370,110.5312,108.8261,109.1276,51143
2023-05-24,FXSIG,109.3691,110.1071,108.5190,108.6878,50000
2023-05-25,FXSIG,108.3246,108.4984,108.0353,108.0470,59712
2023-05-26,FXSIG,108.4504,108.5918,106.8090,107.1911,28759
2023-05-29,FXSIG,107.8057,108.2825,104.6002,104.7202,83230
2023-05-30,FXSIG,104.8206,104.9083,103.5004,103.9798,20933
2023-05-31,FXSIG,103.9528,104.7874,102.7420,102.8270,61185
2023-06-01,FXSIG,103.0108,103.3692,99.2998,99.4205,45654
2023-06-02,FXSIG,98.6239,103.2388,98.5748,103.2043,80135
2023-06-05,FXSIG,103.7247,104.4807,100.5568,101.3114,39665
2023-06-06,FXSIG,101.6211,101.7781,99.4078,99.4851,93932
2023-06-07,FXSIG,98.5646,100.7079,98.4068,100.6439,98478
2023-06-08,FXSIG,101.0911,102.0295,100.7154,101.5900,97650
2023-06-09,FXSIG,101.0793,104.9628,100.9299,104.5660,56564
2023-06-12,FXSIG,105.0525,107.1389,105.0408,106.7061,45450
2023-06-13,FXSIG,106.4177,106.7818,101.4372,101.9415,54694
2023-06-14,FXSIG,100.8444,101.1298,100.1535,100.5991,88172
2023-06-15,FXSIG,101.3307,101.8738,99.8023,100.5196,87489
2023-06-16,FXSIG,100.5511,101.6948,100.4237,101.5779,29702
2023-06-19,FXSIG,102.1514,102.9150,102.1447,102.8848,28709
2023-06-20,FXSIG,103.8983,104.2035,103.6470,103.7706,77418
2023-06-21,FXSIG,104.0010,104.9397,103.9734,104.6134,62291
2023-06-22,FXSIG,104.8783,105.4724,104.2492,104.3396,39719
2023-06-23,FXSIG,105.0652,106.0978,103.9237,104.1939,60470
2023-06-26,FXSIG,104.3972,104.9601,102.5883,102.6871,71015
2023-06-27,FXSIG,102.5776,104.7721,102.2336,104.3254,80312
2023-06-28,FXSIG,103.4716,104.9533,103.4625,104.7674,44043
2023-06-29,FXSIG,104.5081,108.0078,104.3164,107.4809,92274
2023-06-30,FXSIG,107.6160,111.0844,107.5578,110.7802,90906
2023-07-03,FXSIG,110.5124,114.6922,110.0320,114.3854,62810
2023-07-04,FXSIG,115.1103,115.2207,113.4432,113.4895,93527
2023-07-05,FXSIG,113.5326,115.6740,113.0756,114.9335,98297
2023-07-06,FXSIG,114.7033,115.9094,112.8852,113.2739,31268
2023-07-07,FXSIG,113.0126,114.1566,111.9232,113.4790,99094
2023-07-10,FXSIG,113.2475,114.0736,110.7094,110.7242,31988
2023-07-11,FXSIG,110.6955,111.1586,107.2948,107.7835,61758
2023-07-12,FXSIG,107.6924,110.6920,106.7897,110.6454,67312
2023-07-13,FXSIG,110.7817,112.2556,110.7312,111.8519,65128
2023-07-14,FXSIG,111.3027,114.0269,111.2184,113.5761,60063
2023-07-17,FXSIG,113.2516,116.6121,112.4100,116.2733,95423
2023-07-18,FXSIG,116.8897,118.0583,116.2589,117.6578,94412
2023-07-19,FXSIG,117.2759,117.6233,116.2977,116.6560,41316
2023-07-20,FXSIG,117.1085,117.5747,116.1319,116.2731,70081
2023-07-21,FXSIG,115.7994,115.8497,113.9232,114.4331,90866
2023-07-24,FXSIG,114.6265,116.6596,114.5956,115.3107,80801
2023-07-25,FXSIG,115.8892,117.3299,115.5139,116.9801,99575
2023-07-26,FXSIG,116.6124,117.5100,116.2289,117.2208,90869
2023-07-27,FXSIG,116.6322,117.6889,115.9120,117.4648,52510
2023-07-28,FXSIG,117.1564,117.5170,116.1466,117.0242,87765
2023-07-31,FXSIG,117.0517,121.0333,116.9785,120.6779,99374
2023-08-01,FXSIG,120.1666,123.2414,119.5953,122.7710,43125
2023-08-02,FXSIG,122.5317,125.3599,121.3988,124.7398,36659
2023-08-03,FXSIG,124.7455,128.7334,124.5848,128.2239,75526
2023-08-04,FXSIG,128.8464,128.8490,127.6330,128.0182,84476
2023-08-07,FXSIG,128.3382,128.4924,127.0187,127.3222,58924
2023-08-08,FXSIG,127.4303,127.5683,126.7218,126.9911,25244
2023-08-09,FXSIG,126.2389,127.6529,126.0473,127.4509,67703
2023-08-10,FXSIG,127.6657,127.6696,126.4837,127.5651,58044
2023-08-11,FXSIG,127.6335,127.8097,126.1467,126.1802,45652
2023-08-14,FXSIG,126.2807,127.5728,123.0252,123.1170,69270
2023-08-15,FXSIG,122.6406,122.7547,121.3622,122.0629,31891
2023-08-16,FXSIG,121.6731,122.3920,119.7247,119.9564,22651
2023-08-17,FXSIG,119.8058,120.9664,119.4757,120.3608,49596
2023-08-18,FXSIG,120.0592,122.0074,119.8887,121.1266,98358
2023-08-21,FXSIG,120.7049,121.4812,120.4943,120.7176,97419
2023-08-22,FXSIG,121.1384,122.0460,120.5958,120.8634,42645
2023-08-23,FXSIG,121.2569,121.4686,118.5193,118.7636,69162
2023-08-24,FXSIG,118.7695,122.2176,118.6501,122.0683,69018
2023-08-25,FXSIG,122.6503,124.0422,122.3904,123.5914,72166
2023-08-28,FXSIG,123.4155,125.1483,122.9258,125.0256,27531
2023-08-29,FXSIG,124.6492,126.8350,124.3349,126.6111,41932
2023-08-30,FXSIG,126.8553,127.0054,125.2849,125.5653,66245
2023-08-31,FXSIG,126.0566,126.5339,123.5280,124.0570,81071
2023-09-01,FXSIG,123.1292,123.2365,121.9161,122.4253,73398
2023-09-04,FXSIG,122.3302,123.9431,121.2504,123.7944,85848
2023-09-05,FXSIG,123.4435,125.3623,122.7167,124.9554,99979
2023-09-06,FXSIG,125.7346,125.7781,124.4462,124.8180,68400
2023-09-07,FXSIG,125.5594,125.8503,124.7490,125.3304,62176
2023-09-08,FXSIG,124.2200,127.9219,123.7644,127.5584,79784
2023-09-11,FXSIG,127.5709,129.3220,127.1714,128.5738,83345
2023-09-12,FXSIG,128.3419,128.6637,126.1518,126.5502,69482
2023-09-13,FXSIG,126.0735,127.9408,125.4999,127.6736,73185
2023-09-14,FXSIG,128.1873,130.0804,128.1783,129.6316,36901
2023-09-15,FXSIG,129.4157,129.5951,127.9325,128.4729,66435
2023-09-18,FXSIG,128.4365,128.9751,125.2297,126.0623,87158
2023-09-19,FXSIG,125.6176,130.7438,125.1933,130.7154,29716
2023-09-20,FXSIG,130.1988,131.6493,130.0667,131.0002,50599
2023-09-21,FXSIG,130.7278,131.6450,129.3050,129.7204,59407
2023-09-22,FXSIG,129.4461,134.1211,128.8849,134.0280,71962
2023-09-25,FXSIG,134.5046,137.8340,134.2377,137.8030,63523
2023-09-26,FXSIG,138.1345,138.3561,137.8426,138.0752,56592
2023-09-27,FXSIG,138.3698,139.3921,137.8064,137.8805,74178
2023-09-28,FXSIG,138.3211,138.9707,138.0807,138.8196,51637
2023-09-29,FXSIG,138.6797,139.6931,136.7921,136.9892,81692
2023-10-02,FXSIG,137.2933,137.5464,134.7037,134.9605,59913
2023-10-03,FXSIG,134.8466,135.3137,134.0554,135.0380,86916
2023-10-04,FXSIG,134.9788,136.7839,134.8252,136.2584,53768
2023-10-05,FXSIG,136.4040,138.6565,136.3397,138.2420,21662
2023-10-06,FXSIG,138.7378,141.2602,138.1190,140.5024,40157
2023-10-09,FXSIG,140.6296,141.0472,138.5451,139.0293,93241
2023-10-10,FXSIG,137.7701,137.8477,136.4580,137.0402,59665
2023-10-11,FXSIG,137.3280,137.9470,136.1040,136.6534,69245
2023-10-12,FXSIG,136.4490,136.7199,134.2624,135.1068,35473
2023-10-13,FXSIG,134.7682,136.6706,134.0467,135.7248,36918
2023-10-16,FXSIG,135.5938,136.1921,132.5499,132.6801,95773
2023-10-17,FXSIG,133.5644,135.5761,133.5359,135.5437,80342
2023-10-18,FXSIG,135.5994,135.6161,134.4420,135.0588,57558
2023-10-19,FXSIG,134.6965,135.6678,133.3967,133.4704,43687
2023-10-20,FXSIG,133.7119,134.0775,133.2166,133.2266,76002
2023-10-23,FXSIG,134.1075,135.2746,129.7367,130.0788,89176
2023-10-24,FXSIG,130.8863,131.7280,129.5683,129.9947,35782
2023-10-25,FXSIG,130.2941,131.2239,125.3912,125.5782,78459
2023-10-26,FXSIG,125.1881,125.8171,123.1010,123.6109,51967
2023-10-27,FXSIG,123.5872,126.2181,123.3368,125.1600,59193
2023-10-30,FXSIG,124.5959,125.4997,123.8967,125.0158,95700
2023-10-31,FXSIG,124.3561,125.2248,122.8462,125.1982,49684
2023-11-01,FXSIG,124.8803,126.5404,124.4745,126.0298,73533
2023-11-02,FXSIG,125.2847,125.8680,123.2845,123.9742,36835
2023-11-03,FXSIG,124.1347,124.8329,123.3155,123.6900,60905
2023-11-06,FXSIG,124.7941,125.7190,124.6874,125.2439,41182
2023-11-07,FXSIG,125.2634,126.2279,121.7534,122.0824,41311
2023-11-08,FXSIG,122.2701,125.8727,121.8032,125.3899,84812
2023-11-09,FXSIG,125.1886,126.3427,124.3055,124.5041,20709
2023-11-10,FXSIG,125.0890,125.5574,120.9296,122.0103,74399
2023-11-13,FXSIG,122.2033,124.7560,121.9501,124.5387,97466
2023-11-14,FXSIG,124.7831,125.4276,124.1501,124.1503,77918
2023-11-15,FXSIG,123.7150,128.1997,123.4623,127.2938,39555
2023-11-16,FXSIG,126.9853,130.4412,126.3017,128.6355,34678
2023-11-17,FXSIG,128.4931,130.3823,127.6098,130.1554,52709
2023-11-20,FXSIG,129.7494,133.5182,129.3863,132.9996,81847
2023-11-21,FXSIG,133.3735,133.7790,131.3939,131.7122,64978
2023-11-22,FXSIG,132.6016,133.6432,132.0815,133.2263,87111
2023-11-23,FXSIG,132.6204,137.4129,132.3843,136.6775,95803
2023-11-24,FXSIG,137.0703,137.6764,136.3098,136.7307,51756
2023-11-27,FXSIG,137.2720,141.2620,137.2500,141.0274,83941
2023-11-28,FXSIG,141.8153,142.2419,140.4127,140.5079,39549
2023-11-29,FXSIG,139.8704,140.0545,137.4073,137.4573,29317
2023-11-30,FXSIG,137.0666,137.3323,135.2101,136.4662,45582
2023-12-01,FXSIG,135.8803,136.3522,134.8891,136.2006,86675
2023-12-04,FXSIG,136.3856,137.3105,135.1987,135.6934,87032
2023-12-05,FXSIG,135.6647,135.9506,135.3387,135.7542,27868
2023-12-06,FXSIG,135.5445,136.6889,133.2830,133.6790,74900
2023-12-07,FXSIG,134.4619,135.6800,130.6560,132.1911,46659
2023-12-08,FXSIG,131.7732,131.8080,131.0001,131.3983,41029
2023-12-11,FXSIG,130.2661,131.1784,129.9198,130.3456,75764
2023-12-12,FXSIG,129.4082,129.7663,128.7159,129.4124,35031
2023-12-13,FXSIG,128.7305,130.2112,128.4105,129.9273,77900
2023-12-14,FXSIG,129.1473,130.5950,128.9465,130.3231,40201
2023-12-15,FXSIG,129.8649,131.8509,129.3784,131.4986,77259
2023-12-18,FXSIG,131.5682,134.1802,131.3909,133.5311,34917
2023-12-19,FXSIG,132.8941,132.9198,132.5743,132.8848,24902
2023-12-20,FXSIG,132.3166,137.0700,131.7281,136.5118,51919
2023-12-21,FXSIG,137.3359,137.4668,133.5268,133.9628,27065
2023-12-22,FXSIG,134.4700,134.6115,129.8728,130.4338,74818
2023-12-25,FXSIG,130.6099,130.9047,126.2581,126.7109,99726
2023-12-26,FXSIG,127.2189,127.8379,125.6472,126.0459,91065
2023-12-27,FXSIG,125.7104,125.8255,122.1629,122.3899,84284
2023-12-28,FXSIG,122.6966,126.1341,122.3838,125.3131,32112
2023-12-29,FXSIG,125.4026,125.8564,119.7691,119.9044,58803
2024-01-01,FXSIG,119.4142,119.6921,118.8556,119.3370,43753
2024-01-02,FXSIG,119.4613,122.3424,119.0548,122.1413,22898
2024-01-03,FXSIG,121.9053,122.6262,121.4829,122.3528,58208
2024-01-04,FXSIG,122.6185,123.2747,120.6061,121.0004,47446
2024-01-05,FXSIG,120.8574,122.4218,120.7862,122.1807,75337
2024-01-08,FXSIG,121.6814,123.1401,121.5092,122.9861,88677
2024-01-09,FXSIG,123.5486,124.6549,119.2815,120.0689,43501
2024-01-10,FXSIG,120.0144,121.0053,119.6436,120.6803,20352
2024-01-11,FXSIG,120.7295,121.2568,118.1787,118.2316,66136
2024-01-12,FXSIG,117.5673,119.4173,117.2957,119.2016,43091
2024-01-15,FXSIG,118.9645,120.5493,118.8752,120.2081,54891
2024-01-16,FXSIG,120.0584,121.6552,119.5666,121.5169,55223
2024-01-17,FXSIG,121.4827,122.0960,118.2150,118.3574,90972
2024-01-18,FXSIG,117.7019,119.0251,117.5123,118.5462,85942
2024-01-19,FXSIG,119.2952,119.4874,115.7777,116.3122,53156
2024-01-22,FXSIG,116.6023,116.8409,113.1281,113.6388,80002
2024-01-23,FXSIG,113.3765,113.4761,111.2716,111.5192,55099
2024-01-24,FXSIG,111.3880,113.7820,110.7214,113.3187,20066
2024-01-25,FXSIG,113.2426,113.3069,111.0755,111.3093,43991
2024-01-26,FXSIG,111.3436,113.1580,111.0563,112.8430,24515
2024-01-29,FXSIG,112.9154,113.3301,112.2791,113.1164,75562
2024-01-30,FXSIG,112.6511,113.4042,112.4757,113.2187,42820
2024-01-31,FXSIG,113.8030,114.4760,110.4336,110.5467,61438
2024-02-01,FXSIG,111.2707,115.3912,110.7844,114.4935,28666
2024-02-02,FXSIG,114.6792,114.9268,113.5270,113.6564,20662
2024-02-05,FXSIG,113.6409,114.0044,113.3819,113.8284,93389
2024-02-06,FXSIG,112.5878,114.3639,112.2260,114.1866,77669
2024-02-07,FXSIG,115.4839,115.5851,114.9542,115.5592,88293
2024-02-08,FXSIG,115.3029,116.1093,112.2886,112.3447,90184
2024-02-09,FXSIG,111.9328,112.5125,111.1729,111.6889,52914
2024-02-12,FXSIG,111.5981,112.0354,111.3939,111.5151,81415
2024-02-13,FXSIG,112.2009,113.6386,111.8025,113.5746,38964
2024-02-14,FXSIG,113.5245,114.9833,113.1055,114.7031,68180
2024-02-15,FXSIG,114.9974,115.3822,112.1350,113.3648,64554
2024-02-16,FXSIG,112.7210,114.4624,112.5793,114.3281,84402
2024-02-19,FXSIG,114.1227,115.6064,113.8302,115.2274,99136
2024-02-20,FXSIG,115.0034,117.6786,114.5961,117.3324,74643
2024-02-21,FXSIG,118.0487,119.5381,117.7619,119.4898,85963
2024-02-22,FXSIG,119.7451,120.4665,119.0735,119.4456,79511
2024-02-23,FXSIG,118.9356,119.0768,117.9777,118.0340,33847
2024-02-26,FXSIG,118.1335,118.5451,118.0043,118.3292,83036
2024-02-27,FXSIG,117.1852,118.6961,116.3795,118.2348,47462
2024-02-28,FXSIG,118.4196,119.4781,117.4378,117.7233,96421
2024-02-29,FXSIG,116.9230,117.4674,116.2201,116.3719,96323
2024-03-01,FXSIG,116.9970,117.4759,116.9260,117.4603,88786
2024-03-04,FXSIG,117.8753,118.5595,117.7857,118.3354,44805
2024-03-05,FXSIG,117.8426,119.1011,117.7051,118.9629,77892
2024-03-06,FXSIG,119.0312,120.9804,118.2958,120.5751,47547
2024-03-07,FXSIG,119.7036,123.5782,119.5399,122.6904,54193
2024-03-08,FXSIG,123.2305,124.6617,121.7501,124.3391,46083
2024-03-11,FXSIG,124.3588,124.9706,121.1444,121.5568,77957
2024-03-12,FXSIG,121.4533,122.8407,120.9199,122.1279,87977
2024-03-13,FXSIG,122.7227,123.1470,120.5672,120.7836,54797
2024-03-14,FXSIG,121.1905,121.2482,120.0779,120.1545,24764
2024-03-15,FXSIG,120.4289,120.9294,119.4853,119.7461,92246
2024-03-18,FXSIG,119.6852,120.5939,117.8705,118.6888,52592
2024-03-19,FXSIG,118.1139,120.8752,117.5931,120.3259,67523
2024-03-20,FXSIG,120.2706,120.7826,120.0239,120.4704,55802
2024-03-21,FXSIG,119.9092,121.8573,119.2608,121.1929,20204
2024-03-22,FXSIG,121.0676,121.2801,119.9758,120.0121,56524
2024-03-25,FXSIG,120.0737,121.6917,119.1139,121.1008,66041
2024-03-26,FXSIG,121.7054,122.8936,121.6865,122.7526,82402
2024-03-27,FXSIG,122.4154,127.4522,121.6723,127.2725,35985
2024-03-28,FXSIG,127.0962,128.1438,126.5221,127.5959,28376
2024-03-29,FXSIG,128.1946,128.7086,127.6090,128.6174,49113
2024-04-01,FXSIG,128.4936,128.5304,127.5845,127.7742,50688
2024-04-02,FXSIG,127.6026,129.0200,127.5330,128.7357,40636
2024-04-03,FXSIG,128.6694,129.3362,127.9373,128.2577,49844
2024-04-04,FXSIG,128.1596,129.9297,127.5750,129.8633,75888
2024-04-05,FXSIG,129.4447,129.7734,127.6472,128.1130,38762
2024-04-08,FXSIG,128.6293,129.1307,126.5868,127.1588,97471
2024-04-09,FXSIG,127.2349,132.8558,127.1763,132.0992,84073
2024-04-10,FXSIG,132.2454,132.8880,131.9851,132.4784,83663
2024-04-11,FXSIG,131.6502,133.3580,130.3570,132.6908,42894
2024-04-12,FXSIG,132.9927,133.9193,132.8452,133.5755,81368
2024-04-15,FXSIG,133.7956,134.8187,133.2610,134.5722,52587
2024-04-16,FXSIG,134.4218,135.8561,133.8099,135.8334,93604
2024-04-17,FXSIG,136.4944,136.7233,134.8586,134.9403,74226
2024-04-18,FXSIG,135.1210,136.1111,130.9582,131.7787,25611
2024-04-19,FXSIG,132.3025,132.7449,130.2838,131.2005,46840
2024-04-22,FXSIG,131.0548,132.8169,130.4430,132.3588,62801
2024-04-23,FXSIG,133.0526,133.3040,132.6704,132.9363,72196
2024-04-24,FXSIG,133.1224,135.9159,133.0545,135.6282,27376
2024-04-25,FXSIG,134.8029,135.3359,132.1074,132.5348,22592
2024-04-26,FXSIG,131.8747,133.8640,131.6282,133.0528,52190
2024-04-29,FXSIG,133.9560,135.1417,131.1939,131.2087,65856
2024-04-30,FXSIG,131.1141,133.7132,130.5988,133.1449,59546
2024-05-01,FXSIG,133.4080,134.8210,131.3884,131.9464,90114
2024-05-02,FXSIG,131.8606,133.6635,131.6105,133.5964,30027
2024-05-03,FXSIG,134.2905,134.7437,133.5230,133.9113,79097
2024-05-06,FXSIG,134.8523,136.1769,134.2750,135.1365,57109
2024-05-07,FXSIG,134.8527,135.5953,132.6819,133.5263,53339
2024-05-08,FXSIG,132.9333,132.9662,127.7239,128.3584,74628
2024-05-09,FXSIG,128.1538,129.2719,127.4208,128.8241,75842
2024-05-10,FXSIG,129.5076,131.6278,128.4001,131.3425,77388
2024-05-13,FXSIG,131.2991,133.0987,131.2758,132.9016,55739
2024-05-14,FXSIG,131.6473,133.3763,131.5123,133.2374,30809
2024-05-15,FXSIG,133.2759,133.4700,129.3274,130.3129,81590
2024-05-16,FXSIG,130.4130,130.8725,128.0448,128.2562,45727
2024-05-17,FXSIG,128.4835,131.0305,128.2500,130.9556,28560
2024-05-20,FXSIG,130.4861,134.5944,129.7826,134.2405,40171
2024-05-21,FXSIG,133.7409,136.7658,132.8842,136.2825,40276
2024-05-22,FXSIG,135.7534,136.5448,133.4023,134.2578,49383
2024-05-23,FXSIG,134.0866,135.4424,134.0114,135.1338,42820
2024-05-24,FXSIG,135.1342,135.7994,135.1047,135.7216,22968
2024-05-27,FXSIG,134.8179,136.6105,134.6197,136.0260,77766
2024-05-28,FXSIG,136.2776,139.3062,136.2002,138.4132,79590
2024-05-29,FXSIG,137.6207,142.5161,137.2278,142.2900,56778
2024-05-30,FXSIG,142.9669,144.6435,142.6793,143.7925,40903
2024-05-31,FXSIG,144.4161,148.9046,143.9742,147.8277,42236
2024-06-03,FXSIG,148.5377,152.6856,148.1300,152.4893,22667
2024-06-04,FXSIG,152.9816,153.0753,151.8624,152.7149,46872
2024-06-05,FXSIG,153.0720,153.7048,152.0121,152.3400,67047
2024-06-06,FXSIG,153.2281,153.4302,152.8692,153.0500,30879
2024-06-07,FXSIG,153.7205,156.0397,153.5875,155.3050,72068
2024-06-10,FXSIG,155.4299,159.7591,154.8027,159.0296,87877
2024-06-11,FXSIG,158.7247,161.1746,158.7074,161.1146,64602
2024-06-12,FXSIG,160.1837,160.9969,155.9768,157.4947,76300
2024-06-13,FXSIG,158.2074,159.5417,155.2098,155.7216,96839
2024-06-14,FXSIG,156.1403,156.2813,152.9475,153.4198,64887
2024-06-17,FXSIG,153.2811,154.6618,152.8131,154.1240,57381
2024-06-18,FXSIG,155.4389,155.6617,151.6050,152.3282,77303
2024-06-19,FXSIG,151.8100,154.7528,151.7870,154.7190,78844
2024-06-20,FXSIG,154.1572,156.8264,153.4775,156.7631,86517
2024-06-21,FXSIG,157.2696,157.2711,156.2261,156.3258,37159
2024-06-24,FXSIG,157.1198,157.7824,154.1870,154.6835,42556
2024-06-25,FXSIG,155.8994,156.4098,152.6867,153.2531,98452
2024-06-26,FXSIG,152.5783,152.9986,150.9300,150.9493,53599
2024-06-27,FXSIG,151.8262,152.2233,148.7995,148.9317,37522
2024-06-28,FXSIG,148.9010,151.1903,148.5409,150.5009,67920
2024-07-01,FXSIG,151.6987,153.0133,150.1655,150.3550,75023
2024-07-02,FXSIG,151.5171,152.3417,150.4453,150.6320,62644
2024-07-03,FXSIG,149.9337,150.5996,148.1323,148.4645,75998
2024-07-04,FXSIG,147.7693,148.3880,147.7548,148.1238,33383
2024-07-05,FXSIG,148.5224,154.2906,147.6685,153.8831,21162
2024-07-08,FXSIG,154.0294,154.6507,149.7704,150.5517,83199
2024-07-09,FXSIG,151.4811,154.2350,151.2731,153.5925,26732
2024-07-10,FXSIG,154.5330,155.3502,151.1122,151.3163,85305
2024-07-11,FXSIG,150.9710,151.0549,147.9669,147.9914,38119
2024-07-12,FXSIG,147.4212,151.7122,146.6982,150.5756,69253
2024-07-15,FXSIG,150.2067,151.0098,149.6712,150.0874,64456
2024-07-16,FXSIG,149.6009,153.1104,149.4573,152.9628,21660
2024-07-17,FXSIG,151.9802,152.7022,148.6751,149.7038,61095
2024-07-18,FXSIG,150.5674,151.4537,149.6447,151.3780,87495
2024-07-19,FXSIG,151.3572,153.1431,150.9290,151.5961,91025
2024-07-22,FXSIG,151.1010,153.3754,150.4179,152.9916,67074
2024-07-23,FXSIG,152.9274,154.0532,152.8934,153.9379,85106
2024-07-24,FXSIG,154.0200,156.2147,153.3261,155.6688,65302
2024-07-25,FXSIG,156.3486,156.4738,154.4690,154.8451,88607
2024-07-26,FXSIG,155.3814,156.4259,152.4781,152.7629,23254
2024-07-29,FXSIG,152.0925,152.3896,151.3636,151.7420,93165
2024-07-30,FXSIG,151.7559,152.5795,148.4677,149.1367,67939
2024-07-31,FXSIG,149.4172,152.7539,149.3231,152.5786,39561
2024-08-01,FXSIG,153.4707,157.8903,153.1148,156.0475,66549
2024-08-02,FXSIG,156.1805,158.6621,155.7171,158.4546,74317
2024-08-05,FXSIG,157.2513,159.3787,157.1881,158.1670,63025
2024-08-06,FXSIG,158.3752,159.6639,156.2058,156.9089,22239
2024-08-07,FXSIG,156.7696,157.2787,156.0719,156.9157,50556
2024-08-08,FXSIG,156.3727,159.3273,155.5434,158.9665,76813
2024-08-09,FXSIG,159.6082,161.0554,159.5081,160.5085,65252
2024-08-12,FXSIG,159.7949,161.0750,157.9789,158.6582,95150
2024-08-13,FXSIG,157.7878,158.4236,154.7214,154.9164,57464
2024-08-14,FXSIG,154.7507,157.8848,154.6190,157.4632,74056
2024-08-15,FXSIG,157.0821,159.0508,156.9261,158.9413,48942
2024-08-16,FXSIG,159.2790,165.2484,158.9828,163.6469,83682
2024-08-19,FXSIG,163.4658,163.7999,162.9338,163.1714,70626
2024-08-20,FXSIG,164.2668,164.3301,158.9487,159.6550,54719
2024-08-21,FXSIG,160.0529,160.3293,159.0274,159.4810,98076
2024-08-22,FXSIG,159.5728,160.7460,158.7423,160.4886,23623
2024-08-23,FXSIG,161.1237,161.1534,158.5029,158.9684,71037
2024-08-26,FXSIG,159.8066,160.6193,159.4633,160.1575,67798
2024-08-27,FXSIG,160.9070,161.6083,159.9568,160.6642,64237
2024-08-28,FXSIG,160.2484,160.9891,154.3049,155.9232,94386
2024-08-29,FXSIG,156.6465,157.2967,154.2027,155.5044,61657
2024-08-30,FXSIG,154.7222,154.8390,153.1347,154.0918,78528
2024-09-02,FXSIG,153.6105,153.9608,150.3023,150.8784,97135
2024-09-03,FXSIG,151.1167,151.7038,148.1782,149.3664,22730
2024-09-04,FXSIG,149.8025,150.1305,147.8446,148.2320,75249
2024-09-05,FXSIG,147.8156,149.3694,143.8841,144.2910,51400
2024-09-06,FXSIG,144.9821,145.9900,143.0708,143.4643,89177
2024-09-09,FXSIG,144.2228,144.5760,142.0955,142.3191,86246
2024-09-10,FXSIG,143.1226,147.0697,143.0731,146.2316,69282
2024-09-11,FXSIG,146.7755,147.0475,142.4472,142.7013,51947
2024-09-12,FXSIG,143.2237,143.3227,141.5894,143.0247,37280
2024-09-13,FXSIG,142.7606,146.6678,142.5556,145.3240,52291
2024-09-16,FXSIG,145.8901,146.0725,145.1732,145.9717,89963
2024-09-17,FXSIG,146.5099,146.9177,143.5469,143.5874,21734
2024-09-18,FXSIG,144.1642,144.4384,144.1507,144.1632,44950
2024-09-19,FXSIG,144.3398,145.2982,143.9018,144.5294,55987
2024-09-20,FXSIG,144.0846,146.4429,143.7888,146.3782,32240
2024-09-23,FXSIG,145.9607,145.9619,142.1818,142.3966,73727
2024-09-24,FXSIG,141.8758,142.3764,140.5459,141.6709,53816
2024-09-25,FXSIG,141.1575,141.7149,140.2150,140.7165,51900
2024-09-26,FXSIG,139.6553,140.0097,137.4413,137.6776,97827
2024-09-27,FXSIG,138.3493,138.8982,137.6917,138.7857,33787
2024-09-30,FXSIG,138.6688,140.9077,137.9576,140.5773,91654
2024-10-01,FXSIG,140.3053,142.0188,139.8519,140.7547,71820
2024-10-02,FXSIG,140.7140,145.0856,140.5208,144.4785,76550
2024-10-03,FXSIG,145.0638,145.9916,141.6009,142.6283,23080
2024-10-04,FXSIG,143.0659,143.3112,139.0092,140.4040,77100
2024-10-07,FXSIG,140.2608,140.5074,139.6305,139.9714,65986
2024-10-08,FXSIG,140.0182,140.2582,135.1053,135.6652,56784
2024-10-09,FXSIG,135.8226,138.1949,135.7729,137.3214,92186
2024-10-10,FXSIG,137.5115,138.5988,137.4976,138.2254,99011
2024-10-11,FXSIG,138.0512,139.0947,137.3908,137.5671,52828
2024-10-14,FXSIG,137.2812,137.8549,134.9249,135.0076,41693
2024-10-15,FXSIG,134.3635,134.6153,133.5241,133.9342,59682
2024-10-16,FXSIG,133.0683,138.1737,132.9181,137.8643,45530
2024-10-17,FXSIG,137.4289,138.5364,135.4740,135.6216,75110
2024-10-18,FXSIG,135.0760,137.6557,134.0974,137.5594,33543
2024-10-21,FXSIG,138.6524,140.0133,138.5880,139.3822,38610
2024-10-22,FXSIG,138.9019,140.7492,138.3442,139.8516,82289
2024-10-23,FXSIG,139.6637,140.2235,139.3807,139.9740,24371
2024-10-24,FXSIG,140.5075,144.8834,139.7162,144.2754,76722
2024-10-25,FXSIG,144.4241,148.2538,143.8823,148.0198,22004
2024-10-28,FXSIG,148.0004,149.2130,147.4809,148.4749,50718
2024-10-29,FXSIG,148.2765,148.5303,147.9702,148.2644,72560
2024-10-30,FXSIG,148.5944,150.3179,147.8797,149.5075,95310
2024-10-31,FXSIG,149.5668,150.4274,149.3094,149.9848,97044
2024-11-01,FXSIG,149.9946,152.6774,149.8270,152.6261,51639
2024-11-04,FXSIG,151.9674,155.0086,151.7743,154.7040,53616
2024-11-05,FXSIG,154.9309,155.1906,154.2106,154.6178,67166
2024-11-06,FXSIG,154.4974,157.5934,154.3161,157.1963,71595
2024-11-07,FXSIG,156.8322,157.1350,154.4137,155.2682,24225
2024-11-08,FXSIG,155.6204,158.9729,155.4839,158.3880,45312
2024-11-11,FXSIG,158.0802,158.1722,154.7351,156.1400,74868
2024-11-12,FXSIG,156.8581,156.9266,153.9826,154.2816,31801
2024-11-13,FXSIG,153.5712,155.2505,152.8413,154.9145,91800
2024-11-14,FXSIG,154.8211,154.8590,153.1095,153.9995,58233
2024-11-15,FXSIG,153.8714,160.4334,152.9565,159.5011,76586
2024-11-18,FXSIG,159.4529,160.6062,159.0190,159.7492,97526
2024-11-19,FXSIG,160.2967,160.2977,157.0933,158.1584,55395
2024-11-20,FXSIG,158.7789,160.1898,157.6346,157.6575,26492
2024-11-21,FXSIG,157.6459,161.5071,156.1866,161.3972,28606
2024-11-22,FXSIG,160.2386,165.6696,159.3728,165.0304,55398
2024-11-25,FXSIG,165.3132,166.4309,159.8723,161.1822,68629
2024-11-26,FXSIG,161.9844,162.6091,160.8752,161.6687,92911
2024-11-27,FXSIG,160.5628,162.4385,160.1837,162.2324,69149
2024-11-28,FXSIG,161.9451,166.8295,161.7370,166.1662,96412
2024-11-29,FXSIG,166.5146,167.2257,165.5550,166.9192,46818
2024-12-02,FXSIG,167.7392,169.8063,167.2066,169.0860,63801
2024-12-03,FXSIG,169.8322,170.2039,167.7144,168.0165,53884
2024-12-04,FXSIG,167.5249,171.6973,167.3835,171.0034,44878
2024-12-05,FXSIG,172.1639,172.9050,169.7840,170.2124,89696
2024-12-06,FXSIG,171.7273,171.9528,169.0526,169.0616,96811
2024-12-09,FXSIG,169.1400,169.1430,163.9676,164.3255,54543
2024-12-10,FXSIG,164.5735,166.6221,163.9250,166.5498,85651
2024-12-11,FXSIG,166.7816,166.8306,164.9509,165.7605,70945
2024-12-12,FXSIG,165.9146,168.6134,165.0977,168.2624,35540
2024-12-13,FXSIG,168.5533,168.8669,167.1860,167.3789,55968
2024-12-16,FXSIG,167.1383,172.0087,166.9221,170.8096,84300
2024-12-17,FXSIG,171.0667,172.9196,170.3680,172.5651,73459
2024-12-18,FXSIG,172.9969,175.1614,172.8751,174.8530,26326
2024-12-19,FXSIG,174.4089,178.8353,173.4396,178.5367,78541
2024-12-20,FXSIG,177.8382,178.9040,177.5033,178.7256,49958
2024-12-23,FXSIG,178.1881,178.2253,175.1894,175.2779,61529
2024-12-24,FXSIG,175.2638,176.3507,174.0718,174.2357,26311
2024-12-25,FXSIG,175.8577,177.5031,175.0257,176.5870,56012
2024-12-26,FXSIG,177.6867,177.9732,174.6722,175.8794,22166
2024-12-27,FXSIG,174.6613,175.4477,173.4540,173.8397,66384
2024-12-30,FXSIG,174.6700,175.0435,173.8825,174.1443,95060
2024-12-31,FXSIG,174.7392,179.2685,174.6126,178.4601,73338
2025-01-01,FXSIG,178.3418,181.0387,178.1951,180.7197,87381
2025-01-02,FXSIG,179.2511,181.3668,178.8478,181.2135,36249
2025-01-03,FXSIG,181.7852,185.0630,181.4896,184.8404,54717
2025-01-06,FXSIG,184.8064,186.7697,183.9502,186.7487,93579
2025-01-07,FXSIG,187.1636,187.5460,184.2650,184.8738,65937
2025-01-08,FXSIG,184.0988,184.5076,177.3369,178.0372,44939
2025-01-09,FXSIG,178.3949,179.9829,177.5917,179.4181,24726
2025-01-10,FXSIG,179.5033,180.3650,176.7875,177.2148,33464
2025-01-13,FXSIG,176.1886,176.9944,176.0692,176.7996,47105
2025-01-14,FXSIG,177.4322,177.6139,176.7964,177.1137,77853
2025-01-15,FXSIG,177.4456,179.8360,175.1175,179.8304,32966
2025-01-16,FXSIG,179.1844,184.1245,178.5559,183.7143,37910
2025-01-17,FXSIG,185.4752,185.5442,185.2960,185.3655,72331
2025-01-20,FXSIG,185.1568,185.8449,179.0065,180.0499,39582
2025-01-21,FXSIG,180.8658,181.9555,180.6638,181.5930,61168
2025-01-22,FXSIG,182.3476,182.7607,179.1222,180.3233,71883
2025-01-23,FXSIG,179.7474,183.3877,179.1258,181.9266,86419
2025-01-24,FXSIG,181.4697,188.6145,181.4591,188.3995,65381
2025-01-27,FXSIG,188.4270,191.4975,187.7191,191.1744,78505
2025-01-28,FXSIG,191.8828,192.8047,191.2637,192.0054,28261
2025-01-29,FXSIG,191.3113,194.7373,190.7518,194.3527,96992
2025-01-30,FXSIG,195.2021,197.1822,195.1701,195.5278,41140
2025-01-31,FXSIG,196.1017,196.3764,195.1545,196.1708,92544
2025-02-03,FXSIG,196.7609,197.4868,191.8854,192.0617,35963
2025-02-04,FXSIG,193.3707,193.6823,191.3786,192.9111,50911
2025-02-05,FXSIG,193.0495,195.0348,192.2521,194.3998,55797
2025-02-06,FXSIG,194.5253,194.9069,188.7797,189.0562,37890
2025-02-07,FXSIG,188.4100,189.1621,187.9591,188.5326,77105
2025-02-10,FXSIG,188.8404,188.9080,185.0630,185.6246,75932
2025-02-11,FXSIG,185.7969,186.6654,185.7762,186.0023,90929
2025-02-12,FXSIG,186.3140,186.5355,181.0784,181.2506,33343
2025-02-13,FXSIG,181.8540,184.0646,181.3776,183.2093,73533
2025-02-14,FXSIG,182.9675,183.1418,177.6458,178.5626,72413
2025-02-17,FXSIG,177.5483,182.2286,175.8366,181.1709,50275
2025-02-18,FXSIG,181.3798,182.3049,181.1233,182.2278,88837
2025-02-19,FXSIG,182.6887,182.9569,178.0411,178.1219,23940
2025-02-20,FXSIG,178.7376,181.5566,178.5551,181.4088,90879
2025-02-21,FXSIG,181.6285,181.6811,177.2653,177.4062,69059
2025-02-24,FXSIG,177.0393,177.5740,173.3417,173.9389,28007
2025-02-25,FXSIG,173.6230,176.4057,173.4977,175.9792,61365
2025-02-26,FXSIG,178.0694,178.5561,175.5649,175.9491,44405
2025-02-27,FXSIG,175.8612,177.3735,175.6347,176.4640,91586
2025-02-28,FXSIG,176.2704,177.8705,171.8530,172.2022,22177
2025-03-03,FXSIG,172.1948,173.5464,170.9540,172.0138,75568
2025-03-04,FXSIG,171.3579,171.4429,167.7431,168.1071,26495
2025-03-05,FXSIG,166.8500,170.9646,165.9613,170.5903,81726
2025-03-06,FXSIG,169.3909,169.4951,166.9897,168.4275,52592
2025-03-07,FXSIG,168.5656,168.5982,165.3637,166.0210,93359
2025-03-10,FXSIG,166.1470,167.5627,159.7337,160.2754,74538
2025-03-11,FXSIG,159.7797,160.4686,158.2510,158.3150,52196
2025-03-12,FXSIG,157.6851,158.1950,156.5524,156.8920,35395
2025-03-13,FXSIG,156.8419,158.5074,156.6831,158.3093,98876
2025-03-14,FXSIG,157.2685,161.4507,156.8099,160.9088,69054
2025-03-17,FXSIG,160.7401,164.2658,160.6722,163.7159,31893
2025-03-18,FXSIG,163.2370,167.4643,163.0559,166.5663,24257
2025-03-19,FXSIG,164.4932,170.0363,162.9205,169.6065,76503
2025-03-20,FXSIG,169.8492,172.2593,169.7252,172.1155,20716
2025-03-21,FXSIG,171.5935,174.3524,171.4651,173.4388,67451
2025-03-24,FXSIG,174.3679,174.7700,171.9392,172.4934,45703
2025-03-25,FXSIG,172.7696,173.5304,167.1979,168.4094,32422
2025-03-26,FXSIG,168.1208,168.9662,167.3306,167.7171,31363
2025-03-27,FXSIG,167.3602,167.4261,165.6944,165.9469,22773
2025-03-28,FXSIG,165.3418,167.9825,164.5453,167.1874,39409
2025-03-31,FXSIG,166.6545,170.9627,166.3138,170.8258,59676
2025-04-01,FXSIG,170.8877,172.2677,169.4149,169.6366,75054
2025-04-02,FXSIG,170.0976,170.2208,169.3764,169.8075,54371
2025-04-03,FXSIG,169.1841,169.2940,168.2776,168.8849,93282
2025-04-04,FXSIG,168.5766,169.3780,165.6549,166.6619,92130
2025-04-07,FXSIG,166.1403,167.0322,166.1190,166.1379,93929
2025-04-08,FXSIG,167.1636,173.9235,167.0849,173.4492,54693
2025-04-09,FXSIG,174.5394,174.7994,167.2197,168.5018,77241
2025-04-10,FXSIG,168.3547,169.1449,166.5397,167.4815,85671
2025-04-11,FXSIG,167.2933,168.7726,166.8643,168.5937,83537
2025-04-14,FXSIG,169.9003,170.2949,169.7280,170.1816,31109
2025-04-15,FXSIG,170.7524,171.1376,169.5056,169.9661,68374
2025-04-16,FXSIG,169.2975,172.2978,168.6427,171.2501,89177
2025-04-17,FXSIG,169.5747,169.6604,168.0320,168.3509,60073
2025-04-18,FXSIG,168.1395,170.6467,167.4770,169.1115,83372
2025-04-21,FXSIG,168.9800,172.0354,168.3109,171.3686,56232
2025-04-22,FXSIG,170.2304,173.9352,169.6376,173.6772,81134
2025-04-23,FXSIG,172.9439,174.1807,172.0080,173.9200,73453
2025-04-24,FXSIG,175.4454,176.1793,173.8973,175.2046,49297
2025-04-25,FXSIG,175.3609,180.4744,174.9906,179.4062,85084
2025-04-28,FXSIG,179.1509,182.1210,177.0557,181.7198,54967
2025-04-29,FXSIG,181.1834,184.0454,181.1172,183.6090,99118
2025-04-30,FXSIG,183.1237,183.5950,180.8991,181.3302,40251
2025-05-01,FXSIG,183.4048,186.3321,182.8221,185.8354,79678
2025-05-02,FXSIG,185.1845,185.9604,184.9244,185.8066,69062
2025-05-05,FXSIG,186.2942,186.9547,184.8118,184.9707,26062
2025-05-06,FXSIG,185.6505,186.7773,179.5533,180.4162,54465
2025-05-07,FXSIG,179.9350,181.0565,179.4456,180.9544,43192
2025-05-08,FXSIG,181.4278,181.6117,179.6443,180.1700,80802
2025-05-09,FXSIG,180.2990,180.9928,177.6580,177.8386,66255
2025-05-12,FXSIG,178.2168,181.9457,176.8086,181.7294,27655
2025-05-13,FXSIG,182.2477,182.7291,177.5349,178.3416,76391
2025-05-14,FXSIG,177.2860,178.5080,177.2770,177.4280,93777
2025-05-15,FXSIG,176.8897,177.7101,176.5122,177.3802,87967
2025-05-16,FXSIG,177.0416,177.0463,173.3117,174.1068,32020
2025-05-19,FXSIG,175.8000,176.6503,175.1539,175.5576,27641
2025-05-20,FXSIG,176.5594,178.6627,176.2401,178.2323,72124
2025-05-21,FXSIG,177.9133,180.2244,176.7990,179.2438,91839
2025-05-22,FXSIG,181.0637,181.6010,180.2718,180.3982,29598
2025-05-23,FXSIG,180.9582,181.8079,178.6769,179.1895,24966
2025-05-26,FXSIG,178.5783,179.0218,177.2375,178.1259,42515
2025-05-27,FXSIG,177.5911,179.0282,177.5724,177.9539,45281
2025-05-28,FXSIG,177.7183,177.8556,172.4258,172.8220,26307
2025-05-29,FXSIG,172.9406,174.3281,171.8175,173.9132,87507
2025-05-30,FXSIG,173.8609,174.6312,172.8767,173.0257,95093
2025-06-02,FXSIG,173.0631,175.5841,172.2522,175.3155,82639
2025-06-03,FXSIG,176.3878,176.5580,169.9623,170.3041,83867
2025-06-04,FXSIG,170.8882,171.1797,167.8536,168.5895,55836
2025-06-05,FXSIG,168.6525,170.7454,168.0554,170.6435,69514
2025-06-06,FXSIG,171.3040,172.2073,170.0126,170.8040,67976
2025-06-09,FXSIG,170.4464,171.3923,167.9133,168.1249,61984
2025-06-10,FXSIG,168.3564,171.3868,167.8428,171.1223,66010
2025-06-11,FXSIG,170.4229,171.9549,170.3548,171.1460,22405
2025-06-12,FXSIG,170.2345,171.2731,169.8738,170.9271,94404
2025-06-13,FXSIG,170.6645,172.3705,169.9952,171.2891,38730
2025-06-16,FXSIG,170.6090,171.1387,170.5619,171.1038,92413
2025-06-17,FXSIG,170.8895,177.1086,170.1878,176.6256,35780
2025-06-18,FXSIG,176.3898,176.4326,171.6690,172.0989,35391
2025-06-19,FXSIG,172.3648,172.6838,167.2973,168.4663,38108
2025-06-20,FXSIG,169.1006,169.1217,166.0200,166.6990,71187
2025-06-23,FXSIG,166.0003,170.8570,165.9121,169.9801,53148
2025-06-24,FXSIG,169.7896,170.5751,169.6036,170.1885,62212
2025-06-25,FXSIG,170.9381,175.5370,170.4441,174.3221,46167
2025-06-26,FXSIG,173.7648,179.2670,172.8591,178.0617,61482
2025-06-27,FXSIG,177.3241,181.0217,176.9007,180.8591,25421
2025-06-30,FXSIG,181.0928,181.2873,179.2730,179.9514,31618
2025-07-01,FXSIG,179.7492,180.3126,179.4168,179.4501,34985
2025-07-02,FXSIG,178.6424,180.0284,172.5986,174.0556,48270
2025-07-03,FXSIG,174.0854,174.1182,171.3468,172.0954,25225
2025-07-04,FXSIG,171.8178,174.6722,170.8393,174.0730,44109
2025-07-07,FXSIG,174.2604,174.3293,170.4585,170.9091,81563
2025-07-08,FXSIG,170.8354,178.2621,170.1498,177.4164,79546
2025-07-09,FXSIG,177.4709,178.2515,175.2865,175.8556,21580
2025-07-10,FXSIG,175.5796,180.7661,175.0386,180.3584,80633
2025-07-11,FXSIG,180.3832,184.3018,180.3186,183.7666,99291
2025-07-14,FXSIG,184.3410,184.4713,180.5982,180.8612,58422
2025-07-15,FXSIG,181.0939,181.3289,179.7783,180.1428,29600
2025-07-16,FXSIG,179.5606,183.3346,179.4642,181.5968,96450
2025-07-17,FXSIG,180.5580,180.7167,178.6492,179.6053,88859
2025-07-18,FXSIG,178.9196,179.0730,173.7320,174.5207,48224
2025-07-21,FXSIG,174.2314,176.2251,174.1037,174.7241,60438
2025-07-22,FXSIG,175.3091,175.6143,174.3951,175.5079,20565
2025-07-23,FXSIG,175.0596,178.7631,173.9856,177.5965,73148
2025-07-24,FXSIG,178.3683,178.8414,176.7228,177.1291,97862
2025-07-25,FXSIG,176.3264,177.2641,175.9303,176.3740,63078
2025-07-28,FXSIG,177.3299,178.1326,177.3237,177.7426,40496
2025-07-29,FXSIG,178.1284,179.7826,174.9181,175.3283,50347
2025-07-30,FXSIG,175.2037,177.9027,174.7229,177.5551,87289
2025-07-31,FXSIG,177.2789,177.8923,176.0692,176.1292,37020
2025-08-01,FXSIG,176.8448,177.4582,176.1869,177.3112,82973
2025-08-04,FXSIG,177.6312,178.5248,176.4699,177.8886,25825
2025-08-05,FXSIG,177.6316,178.1882,176.9782,177.1655,94234
2025-08-06,FXSIG,177.9960,179.2144,175.5133,176.2496,75496
2025-08-07,FXSIG,176.3840,176.6802,172.1939,172.8749,79023
2025-08-08,FXSIG,172.6182,172.6448,170.7020,171.4505,73871
2025-08-11,FXSIG,171.1569,171.2149,166.0441,166.2505,21932
2025-08-12,FXSIG,166.0129,169.9263,165.5572,169.3756,70438
2025-08-13,FXSIG,169.6019,169.6786,166.7767,167.5746,47986
2025-08-14,FXSIG,167.0764,169.7105,165.7517,168.7580,22235
2025-08-15,FXSIG,168.6492,169.4072,167.3075,167.4631,47997
2025-08-18,FXSIG,167.9694,170.3336,167.7721,170.3073,70773
2025-08-19,FXSIG,169.6270,176.8134,168.9148,176.4537,28588
2025-08-20,FXSIG,175.5609,176.5710,173.3772,173.4177,95950
2025-08-21,FXSIG,173.0237,176.2798,172.7233,175.7213,27994
2025-08-22,FXSIG,175.3966,176.2626,170.3262,170.7417,71701
2025-08-25,FXSIG,170.4264,170.7490,166.3229,166.7007,87237
2025-08-26,FXSIG,167.6139,170.3254,167.5512,169.8685,43432
2025-08-27,FXSIG,169.9308,175.9155,169.4185,175.0740,77567
2025-08-28,FXSIG,174.4226,177.4353,173.6486,177.0851,39332
2025-08-29,FXSIG,177.7826,181.2965,177.2012,180.8999,24644
2025-09-01,FXSIG,180.8153,180.9873,179.8481,180.5348,72432
2025-09-02,FXSIG,180.8964,183.7083,180.4784,182.5558,95088
2025-09-03,FXSIG,182.6316,189.4429,181.9599,189.0753,77372
2025-09-04,FXSIG,188.9655,189.6570,182.6777,183.9757,83087
2025-09-05,FXSIG,184.1996,187.6433,183.7807,187.5543,63920
2025-09-08,FXSIG,187.5107,188.2606,187.2949,187.4090,79712
2025-09-09,FXSIG,187.9174,187.9813,182.5317,183.6080,80941
2025-09-10,FXSIG,184.2646,187.8365,184.0588,187.1002,30689
2025-09-11,FXSIG,186.2440,186.5245,183.5070,184.1890,41027
2025-09-12,FXSIG,182.9299,187.7117,182.8251,187.1129,78486
2025-09-15,FXSIG,187.3982,187.7709,184.5400,184.5532,74050
2025-09-16,FXSIG,184.4958,186.7353,183.5907,185.7184,30718
2025-09-17,FXSIG,186.1362,188.3092,185.8052,188.0965,51812
2025-09-18,FXSIG,187.7947,188.6033,185.7871,186.2953,61637
2025-09-19,FXSIG,185.7264,187.1036,184.2678,185.4891,55053
2025-09-22,FXSIG,186.2678,187.0021,182.7863,183.6068,77552
2025-09-23,FXSIG,183.1051,183.4781,175.7740,177.3863,57468
2025-09-24,FXSIG,177.8953,178.3864,177.2579,177.5588,86185
2025-09-25,FXSIG,177.3659,178.3186,176.7997,177.6078,23560
2025-09-26,FXSIG,177.2010,177.2365,172.9021,172.9200,83497
2025-09-29,FXSIG,172.5471,172.8565,169.8713,170.7117,48598
2025-09-30,FXSIG,171.6088,171.9368,170.6745,171.1021,76587
2025-10-01,FXSIG,170.5425,171.7272,170.3688,171.1789,31114
2025-10-02,FXSIG,170.9994,171.3702,170.6548,171.2144,54279
2025-10-03,FXSIG,171.0456,175.8075,170.7070,175.1101,47141
2025-10-06,FXSIG,176.0525,179.9041,175.1842,179.4988,64965
2025-10-07,FXSIG,179.6055,180.4400,179.1853,179.8958,94583
2025-10-08,FXSIG,181.1974,182.5781,180.5975,180.6314,90761
2025-10-09,FXSIG,180.5391,186.7456,180.2775,186.1817,35274
2025-10-10,FXSIG,186.0143,187.0583,181.0694,181.1006,37138
2025-10-13,FXSIG,181.8359,184.2946,181.0864,183.6358,69352
2025-10-14,FXSIG,183.2985,186.1940,182.9679,185.8197,93346
2025-10-15,FXSIG,185.5969,186.4267,185.4928,185.6259,43049
2025-10-16,FXSIG,185.2996,186.2484,183.8269,184.0230,78133
2025-10-17,FXSIG,184.3834,184.8286,179.9865,180.1579,75226
2025-10-20,FXSIG,179.4559,179.4805,177.8030,178.6922,21477
2025-10-21,FXSIG,178.8940,181.7106,178.3855,181.2395,65168
2025-10-22,FXSIG,180.2863,182.3994,179.9437,182.1031,29128
2025-10-23,FXSIG,182.4074,182.8418,180.7942,181.9441,84862
2025-10-24,FXSIG,182.0539,183.2676,180.5329,182.9161,60445
2025-10-27,FXSIG,183.4399,183.4709,180.4138,180.7819,90701
2025-10-28,FXSIG,180.2974,180.5061,179.2638,180.1411,84168
2025-10-29,FXSIG,180.4453,180.7784,179.5285,180.7195,41051
2025-10-30,FXSIG,181.2460,182.5025,179.3242,180.5384,69594
2025-10-31,FXSIG,180.4472,180.4592,176.3359,176.4644,25236
2025-11-03,FXSIG,176.3254,176.9671,173.2622,173.7697,55097
2025-11-04,FXSIG,174.7574,175.1325,173.5066,174.4251,99454
2025-11-05,FXSIG,174.7188,178.2100,174.7027,177.9876,49675
2025-11-06,FXSIG,178.2963,182.6101,177.6067,181.7924,96244
2025-11-07,FXSIG,180.8594,184.3915,179.6697,184.0539,26136
2025-11-10,FXSIG,184.2924,185.2295,183.9791,184.6666,46536
2025-11-11,FXSIG,184.5140,188.4214,184.0427,188.4120,44032
2025-11-12,FXSIG,189.1444,189.3008,182.2091,182.2446,99380
2025-11-13,FXSIG,182.7646,183.8372,182.5788,182.9391,43635
2025-11-14,FXSIG,183.6730,186.0234,183.6703,185.6269,70858
2025-11-17,FXSIG,185.4305,186.0761,185.2861,185.7736,85588
2025-11-18,FXSIG,184.0103,184.8433,182.9796,183.2487,60948
2025-11-19,FXSIG,183.0176,185.6348,182.7711,185.4168,82054
2025-11-20,FXSIG,186.4436,190.9781,185.8225,190.1818,95787
2025-11-21,FXSIG,189.3317,189.6444,188.1252,188.3640,24495
2025-11-24,FXSIG,188.9846,189.4324,186.7624,186.8490,81032
2025-11-25,FXSIG,187.9479,188.1438,184.6055,184.8714,20274
2025-11-26,FXSIG,185.4429,185.6973,180.9682,181.2510,61384
2025-11-27,FXSIG,180.8630,181.1787,180.5972,180.8816,76194
2025-11-28,FXSIG,181.2623,182.4428,181.0143,181.8554,40289
2025-12-01,FXSIG,182.5661,183.3051,173.5097,174.1318,59681
2025-12-02,FXSIG,173.4524,173.7916,167.1693,167.7945,98434
2025-12-03,FXSIG,167.1761,167.5387,163.5519,165.6335,69019
2025-12-04,FXSIG,165.8878,166.4863,165.1958,166.4145,60093
2025-12-05,FXSIG,166.4931,166.5137,165.8279,166.1100,57366
2025-12-08,FXSIG,166.2699,166.8408,164.5412,165.7258,58381
2025-12-09,FXSIG,165.5039,165.7676,164.1358,164.6615,30575
2025-12-10,FXSIG,165.5265,168.5234,165.0506,168.2303,49519
2025-12-11,FXSIG,168.0029,172.5169,167.8266,171.9846,25881
2025-12-12,FXSIG,173.0096,173.3347,170.3505,171.2112,73069
2025-12-15,FXSIG,172.7188,173.3161,168.7445,170.0698,23249
2025-12-16,FXSIG,168.9830,169.9641,168.2483,169.6035,42661
2025-12-17,FXSIG,170.5663,173.4676,170.0457,173.1631,37209
2025-12-18,FXSIG,173.3267,174.9763,172.7012,174.7347,96231
2025-12-19,FXSIG,173.5082,174.1444,169.5817,170.0521,87522
2025-12-22,FXSIG,169.9215,169.9467,169.6921,169.8409,70876
2025-12-23,FXSIG,169.5775,175.4496,169.3170,175.3554,37249
2025-12-24,FXSIG,174.8902,175.6577,174.0672,175.4400,69210
2025-12-25,FXSIG,176.0847,177.2127,174.7947,177.2036,67880
2025-12-26,FXSIG,177.3117,177.6637,175.1666,175.4523,95405
2025-12-29,FXSIG,175.8687,176.1361,174.5367,174.6409,41360
2025-12-30,FXSIG,174.9990,176.0663,171.3622,171.5561,34980
2025-12-31,FXSIG,171.7782,172.8087,171.4091,172.4108,85795
2021-01-04,FXGAM,30.8352,30.9136,30.6364,30.8444,27724
2021-01-05,FXGAM,30.8115,30.9706,30.0819,30.2157,35967
2021-01-06,FXGAM,30.1396,30.2897,30.0856,30.2702,74453
2021-01-07,FXGAM,30.1777,30.2735,30.0242,30.0260,78607
2021-01-08,FXGAM,29.8498,30.9768,29.7455,30.9383,25361
2021-01-11,FXGAM,30.6772,31.0126,30.6555,30.9701,86708
2021-01-12,FXGAM,31.1187,31.1675,30.8794,30.9326,88637
2021-01-13,FXGAM,30.8445,30.9832,29.5458,29.5680,57591
2021-01-14,FXGAM,29.3630,29.8143,29.3151,29.7509,52560
2021-01-15,FXGAM,29.7601,30.0608,29.7162,30.0441,32079
2021-01-18,FXGAM,30.2055,30.3622,30.0763,30.3371,51236
2021-01-19,FXGAM,30.4797,30.5449,30.1633,30.2716,89394
2021-01-20,FXGAM,30.1138,30.7115,30.1128,30.6866,96927
2021-01-21,FXGAM,30.8574,31.4676,30.8163,31.2580,89926
2021-01-22,FXGAM,31.3584,31.8091,31.3167,31.7371,46779
2021-01-25,FXGAM,31.7903,31.8810,30.5615,30.6020,49138
2021-01-26,FXGAM,30.5366,30.5741,29.6002,29.6330,68578
2021-01-27,FXGAM,29.6132,29.7827,29.2176,29.4056,99899
2021-01-28,FXGAM,29.5329,30.2467,29.4443,30.2416,94465
2021-01-29,FXGAM,30.2145,30.2643,28.5596,28.7332,62411
2021-02-01,FXGAM,28.7465,29.6866,28.6935,29.5913,56048
2021-02-02,FXGAM,29.6590,29.8380,29.5756,29.7221,60125
2021-02-03,FXGAM,29.6025,29.6978,29.5051,29.5299,78969
2021-02-04,FXGAM,29.4303,29.7225,29.4090,29.6146,63474
2021-02-05,FXGAM,29.3781,29.5782,29.1257,29.5724,74015
2021-02-08,FXGAM,29.6309,29.6681,29.4768,29.5878,26850
2021-02-09,FXGAM,29.7644,29.8933,29.5904,29.7940,72578
2021-02-10,FXGAM,29.8838,30.0607,29.6620,30.0408,88244
2021-02-11,FXGAM,30.1067,30.1241,29.6041,29.6758,87588
2021-02-12,FXGAM,29.6525,30.1212,29.6355,29.9411,52267
2021-02-15,FXGAM,29.8563,29.9894,29.5296,29.6586,53003
2021-02-16,FXGAM,29.7882,29.8394,29.6290,29.6944,21115
2021-02-17,FXGAM,29.7687,30.0300,29.6190,29.9445,70569
2021-02-18,FXGAM,29.8557,29.8833,29.6117,29.7724,54653
2021-02-19,FXGAM,29.8530,29.9593,29.4436,29.4720,31812
2021-02-22,FXGAM,29.4685,29.5938,29.2429,29.3626,44587
2021-02-23,FXGAM,29.3848,29.4314,28.7055,28.8811,91343
2021-02-24,FXGAM,28.7647,29.2667,28.6632,29.2588,42205
2021-02-25,FXGAM,29.1907,31.0034,28.9143,30.8988,66490
2021-02-26,FXGAM,31.1181,31.1780,30.5768,30.5842,90635
2021-03-01,FXGAM,30.5537,30.9458,30.4133,30.7516,86311
2021-03-02,FXGAM,30.5317,31.1488,30.4405,31.0473,41216
2021-03-03,FXGAM,31.0802,31.1771,30.7514,30.8625,37456
2021-03-04,FXGAM,30.6400,31.4209,30.6209,31.2600,42833
2021-03-05,FXGAM,31.1169,31.1588,30.9092,31.0419,54435
2021-03-08,FXGAM,31.2697,31.3630,30.1141,30.4037,52780
2021-03-09,FXGAM,30.3112,30.6854,30.3032,30.5961,99267
2021-03-10,FXGAM,30.6220,31.1852,30.5410,31.1842,32509
2021-03-11,FXGAM,30.8447,31.3182,30.3150,31.2712,78900
2021-03-12,FXGAM,31.3372,31.5445,30.2600,30.2867,34456
2021-03-15,FXGAM,30.6500,30.7216,29.8664,29.9190,29472
2021-03-16,FXGAM,30.0134,30.1444,29.9871,30.0108,48203
2021-03-17,FXGAM,29.9476,30.0745,29.8108,29.8322,51819
2021-03-18,FXGAM,29.8673,29.8681,29.2284,29.2686,85318
2021-03-19,FXGAM,29.1250,30.3445,28.9377,30.0758,90385
2021-03-22,FXGAM,30.0336,30.6483,29.9059,30.4813,85046
2021-03-23,FXGAM,30.2626,31.2385,30.2393,31.2031,64920
2021-03-24,FXGAM,31.1293,31.1953,30.8906,31.0551,25181
2021-03-25,FXGAM,31.0694,31.1010,30.7776,30.8450,89518
2021-03-26,FXGAM,30.8420,30.9057,30.6790,30.8325,64056
2021-03-29,FXGAM,30.8461,31.3633,30.7533,31.1117,25155
2021-03-30,FXGAM,31.1457,31.3312,30.7103,30.7313,78820
2021-03-31,FXGAM,30.6487,31.0359,30.5652,30.8827,65662
2021-04-01,FXGAM,30.6906,30.9906,30.6632,30.9296,81411
2021-04-02,FXGAM,30.8210,30.9470,29.9432,30.0366,36245
2021-04-05,FXGAM,30.2477,30.7808,30.1269,30.7546,72666
2021-04-06,FXGAM,30.7175,31.4908,30.6271,31.4283,63878
2021-04-07,FXGAM,31.5415,31.6074,31.0800,31.2174,37975
2021-04-08,FXGAM,31.2848,31.8445,31.2225,31.7000,34280
2021-04-09,FXGAM,31.6523,31.6648,31.4226,31.5637,96408
2021-04-12,FXGAM,31.8714,32.0453,30.9561,30.9758,70490
2021-04-13,FXGAM,30.8685,31.0375,30.2787,30.3064,97799
2021-04-14,FXGAM,30.3636,30.4283,30.2381,30.3466,77057
2021-04-15,FXGAM,30.3423,30.6022,30.1806,30.5277,67200
2021-04-16,FXGAM,30.4847,30.5253,29.9500,29.9519,23241
2021-04-19,FXGAM,29.9535,30.0458,29.2572,29.3670,42772
2021-04-20,FXGAM,29.5518,29.5647,29.4196,29.5636,99249
2021-04-21,FXGAM,29.4974,29.6697,28.6353,28.6807,96925
2021-04-22,FXGAM,28.7512,30.4907,28.6900,30.3860,33242
2021-04-23,FXGAM,30.3862,31.2770,30.3256,31.2203,21447
2021-04-26,FXGAM,31.3890,31.4975,30.6260,30.7043,38823
2021-04-27,FXGAM,30.7159,30.8485,30.1512,30.3150,24840
2021-04-28,FXGAM,30.2858,31.1018,30.2504,30.9546,85396
2021-04-29,FXGAM,30.9228,30.9335,30.4501,30.5021,34249
2021-04-30,FXGAM,30.4032,31.2567,30.3336,31.1299,23837
2021-05-03,FXGAM,31.2433,31.3969,30.9560,31.1097,90729
2021-05-04,FXGAM,31.3011,31.3907,30.9580,31.2117,35809
2021-05-05,FXGAM,31.1882,31.2402,30.3227,30.5186,43035
2021-05-06,FXGAM,30.5256,30.6340,29.5584,29.5979,75337
2021-05-07,FXGAM,29.7272,30.7889,29.7086,30.7874,73790
2021-05-10,FXGAM,30.8739,30.9711,30.3831,30.4068,23426
2021-05-11,FXGAM,30.2063,30.6591,30.0690,30.5980,98265
2021-05-12,FXGAM,30.6213,31.1841,30.6048,31.0661,36890
2021-05-13,FXGAM,31.1856,31.5343,31.1171,31.4591,24526
2021-05-14,FXGAM,31.5823,32.6634,31.5016,32.6095,87762
2021-05-17,FXGAM,32.6209,32.6475,32.2296,32.3464,48418
2021-05-18,FXGAM,32.2821,33.4010,32.1383,33.2739,55384
2021-05-19,FXGAM,33.0508,33.8219,32.9702,33.6981,33502
2021-05-20,FXGAM,33.6412,34.0458,33.5919,33.9410,40410
2021-05-21,FXGAM,33.9173,33.9544,33.2329,33.2839,36131
2021-05-24,FXGAM,33.3428,33.4886,33.0555,33.1136,93428
2021-05-25,FXGAM,32.9825,33.6996,32.9802,33.6914,79941
2021-05-26,FXGAM,33.7713,34.3455,33.4751,34.1766,27210
2021-05-27,FXGAM,34.2721,35.2549,34.2174,35.1224,30293
2021-05-28,FXGAM,35.0007,35.1349,34.3175,34.4239,55256
2021-05-31,FXGAM,34.2848,35.1077,34.2833,34.7219,23611
2021-06-01,FXGAM,34.7996,34.8509,34.3162,34.5176,55108
2021-06-02,FXGAM,34.5394,34.8880,34.5050,34.7526,54992
2021-06-03,FXGAM,34.8059,35.4184,34.6106,35.2599,56332
2021-06-04,FXGAM,35.2997,35.4538,34.2469,34.3257,44246
2021-06-07,FXGAM,34.3870,35.0467,34.3564,34.9055,79657
2021-06-08,FXGAM,34.9665,35.2492,34.9458,35.2286,45348
2021-06-09,FXGAM,35.3071,35.4301,34.4241,34.4900,28703
2021-06-10,FXGAM,34.7298,34.8806,34.6383,34.8187,88746
2021-06-11,FXGAM,34.9100,35.2855,34.8344,35.2322,94585
2021-06-14,FXGAM,35.4501,36.5985,35.3797,36.4518,68439
2021-06-15,FXGAM,36.5386,36.6197,36.2594,36.3684,20417
2021-06-16,FXGAM,36.3818,36.7679,36.2600,36.7635,20530
2021-06-17,FXGAM,37.0122,37.1020,36.5702,36.5918,31402
2021-06-18,FXGAM,36.3459,36.4735,36.2082,36.2215,36918
2021-06-21,FXGAM,36.2313,36.4719,36.0473,36.2579,26251
2021-06-22,FXGAM,36.0830,36.9658,36.0684,36.6423,92665
2021-06-23,FXGAM,36.6786,37.1193,36.5113,36.9338,49654
2021-06-24,FXGAM,37.1312,37.2021,36.5492,36.5743,35166
2021-06-25,FXGAM,36.4904,36.8721,36.4363,36.8097,81663
2021-06-28,FXGAM,36.6581,37.5599,36.5475,37.4350,87307
2021-06-29,FXGAM,37.3369,37.4932,36.6762,36.7132,42728
2021-06-30,FXGAM,36.7807,37.3476,36.7185,37.2669,36717
2021-07-01,FXGAM,37.3073,37.7224,37.1676,37.7093,58314
2021-07-02,FXGAM,37.6269,38.3349,37.6140,38.3136,20387
2021-07-05,FXGAM,38.4714,38.5246,37.3738,37.5072,96821
2021-07-06,FXGAM,37.5566,37.7329,37.1572,37.3613,87966
2021-07-07,FXGAM,37.3232,37.3955,36.5791,36.9045,83074
2021-07-08,FXGAM,36.8570,38.3447,36.8509,38.3292,38138
2021-07-09,FXGAM,38.1355,38.5521,38.0821,38.5211,38729
2021-07-12,FXGAM,38.6051,39.4648,38.3945,39.3256,43496
2021-07-13,FXGAM,39.3264,39.4730,39.0300,39.1633,75551
2021-07-14,FXGAM,38.8351,40.2862,38.7396,40.0637,35091
2021-07-15,FXGAM,40.2291,40.3269,38.9895,39.1125,85131
2021-07-16,FXGAM,39.0875,39.2026,38.4382,38.6237,39943
2021-07-19,FXGAM,38.6993,38.8886,37.0453,37.2803,20051
2021-07-20,FXGAM,37.1866,37.4034,36.6060,36.6321,56712
2021-07-21,FXGAM,36.7670,37.2096,36.7307,37.0891,78494
2021-07-22,FXGAM,37.1132,37.1711,36.8362,36.8728,77243
2021-07-23,FXGAM,36.7230,37.2249,36.5209,37.1110,86427
2021-07-26,FXGAM,36.9919,37.6314,36.9741,37.4943,59958
2021-07-27,FXGAM,37.3848,38.5041,37.0701,38.3995,66739
2021-07-28,FXGAM,38.4490,38.7353,37.9864,38.2001,86043
2021-07-29,FXGAM,38.3250,38.4229,38.0071,38.0581,41192
2021-07-30,FXGAM,37.8384,37.8643,37.4686,37.4783,30613
2021-08-02,FXGAM,37.3779,39.1658,37.2767,38.9951,75382
2021-08-03,FXGAM,39.2393,39.3371,37.5686,37.6206,53801
2021-08-04,FXGAM,37.5340,37.6236,36.4054,36.5229,98190
2021-08-05,FXGAM,36.2950,36.7840,36.2446,36.6880,58894
2021-08-06,FXGAM,36.4947,36.9936,36.2970,36.8913,79999
2021-08-09,FXGAM,37.1279,37.2546,36.2887,36.3566,40934
2021-08-10,FXGAM,36.2720,36.3351,36.2284,36.3339,35909
2021-08-11,FXGAM,36.1553,36.3444,36.0635,36.2645,68166
2021-08-12,FXGAM,36.3951,37.4289,35.8722,37.2496,82570
2021-08-13,FXGAM,37.2451,37.3460,35.2328,35.7111,95102
2021-08-16,FXGAM,35.7132,35.7703,35.1981,35.3182,78526
2021-08-17,FXGAM,35.3747,35.4014,34.8731,34.9514,97635
2021-08-18,FXGAM,34.7653,35.3986,34.4938,35.3559,92505
2021-08-19,FXGAM,35.4298,35.4337,34.0314,34.1354,96825
2021-08-20,FXGAM,34.1027,34.3214,34.0066,34.2945,61207
2021-08-23,FXGAM,34.5615,35.4221,34.5300,35.2896,74000
2021-08-24,FXGAM,35.1951,35.3378,35.0424,35.2307,29557
2021-08-25,FXGAM,35.1028,36.4441,35.0180,36.3438,78861
2021-08-26,FXGAM,36.4807,36.5591,36.2129,36.2919,98886
2021-08-27,FXGAM,36.3520,36.5893,35.9396,36.4194,63167
2021-08-30,FXGAM,36.2622,36.3537,36.0629,36.3401,65056
2021-08-31,FXGAM,36.1074,36.2205,35.4689,35.5184,43369
2021-09-01,FXGAM,35.6409,35.7152,35.5370,35.6863,32859
2021-09-02,FXGAM,35.9213,36.0065,34.6650,34.7162,69192
2021-09-03,FXGAM,34.8990,34.9741,34.3768,34.3992,96262
2021-09-06,FXGAM,34.4366,34.6721,34.2211,34.2681,55215
2021-09-07,FXGAM,34.1718,34.3630,33.5257,33.6215,49999
2021-09-08,FXGAM,33.5825,34.1635,33.4475,34.0937,30729
2021-09-09,FXGAM,34.2876,34.3104,33.8949,33.9204,32080
2021-09-10,FXGAM,33.7124,33.8304,33.4450,33.5296,62595
2021-09-13,FXGAM,33.3859,33.4902,33.0648,33.1067,96655
2021-09-14,FXGAM,33.0875,33.2786,32.5487,32.5880,89780
2021-09-15,FXGAM,32.5390,34.5250,32.1905,34.3675,59561
2021-09-16,FXGAM,34.6136,34.9621,34.4626,34.9451,75002
2021-09-17,FXGAM,34.9471,35.1012,34.2030,34.3199,24779
2021-09-20,FXGAM,34.3946,34.4105,32.8557,33.1087,57103
2021-09-21,FXGAM,33.0288,33.1085,32.7788,33.0453,46186
2021-09-22,FXGAM,32.9503,33.3036,32.9280,33.1410,97332
2021-09-23,FXGAM,33.0341,33.1784,32.4571,32.7800,58878
2021-09-24,FXGAM,32.8262,32.9251,32.2224,32.2856,46813
2021-09-27,FXGAM,32.3660,33.0728,32.3556,33.0275,31820
2021-09-28,FXGAM,32.9921,33.0781,32.3526,32.4613,78361
2021-09-29,FXGAM,32.3166,33.0586,32.2509,32.9401,78276
2021-09-30,FXGAM,32.9124,33.0530,32.4793,32.5083,28809
2021-10-01,FXGAM,32.7974,32.9055,32.5313,32.6548,49085
2021-10-04,FXGAM,32.6214,32.6301,31.7355,31.9359,37291
2021-10-05,FXGAM,32.0867,32.4798,31.8491,32.4337,22407
2021-10-06,FXGAM,32.3663,32.5379,32.3550,32.5203,86508
2021-10-07,FXGAM,32.7050,32.7601,32.2320,32.3954,90884
2021-10-08,FXGAM,32.4102,32.5414,32.1627,32.1972,77045
2021-10-11,FXGAM,32.1975,32.2967,31.8695,31.8707,96819
2021-10-12,FXGAM,31.8398,32.0360,31.2423,31.2709,83265
2021-10-13,FXGAM,31.4139,32.5785,31.3565,32.5558,90171
2021-10-14,FXGAM,32.4598,33.9330,32.3767,33.9095,34067
2021-10-15,FXGAM,33.4235,33.8834,33.3015,33.6507,25068
2021-10-18,FXGAM,33.7071,33.7790,33.3570,33.4722,46125
2021-10-19,FXGAM,33.6121,33.9166,33.4220,33.7649,23985
2021-10-20,FXGAM,33.7867,33.8411,33.1324,33.4015,42230
2021-10-21,FXGAM,33.7202,33.9234,33.1150,33.2242,89876
2021-10-22,FXGAM,33.2522,33.3643,32.2935,32.3040,49489
2021-10-25,FXGAM,32.5958,32.6076,31.8940,32.1923,95298
2021-10-26,FXGAM,32.0558,32.4483,31.9732,32.2709,73771
2021-10-27,FXGAM,32.2734,32.7390,32.2408,32.7214,28207
2021-10-28,FXGAM,32.6689,32.9018,32.6273,32.8602,78511
2021-10-29,FXGAM,32.7485,33.0838,32.6723,32.9213,38282
2021-11-01,FXGAM,32.8187,32.8905,32.3962,32.4555,74340
2021-11-02,FXGAM,32.3596,32.6637,32.2500,32.4934,42447
2021-11-03,FXGAM,32.5401,33.6127,32.3656,33.4914,63406
2021-11-04,FXGAM,33.6971,33.9203,33.4975,33.9187,39398
2021-11-05,FXGAM,33.9007,34.1274,33.6564,33.7217,70351
2021-11-08,FXGAM,33.7771,33.8838,33.0385,33.2527,94376
2021-11-09,FXGAM,33.1931,33.4709,32.9960,33.3119,49845
2021-11-10,FXGAM,33.3217,33.3652,32.7065,32.8834,25525
2021-11-11,FXGAM,32.8607,32.8762,32.5229,32.7157,73697
2021-11-12,FXGAM,32.6740,32.7462,32.4867,32.7078,81040
2021-11-15,FXGAM,32.4799,32.7683,32.4470,32.5790,45234
2021-11-16,FXGAM,32.4717,33.0664,32.3099,32.9622,36319
2021-11-17,FXGAM,33.0206,33.1085,32.3058,32.3651,43632
2021-11-18,FXGAM,32.5296,32.6877,32.4141,32.4509,45999
2021-11-19,FXGAM,32.5202,32.5355,31.9138,32.0440,31781
2021-11-22,FXGAM,31.6289,31.8626,31.5740,31.7936,72293
2021-11-23,FXGAM,31.6808,31.7973,31.5939,31.6873,76556
2021-11-24,FXGAM,31.6181,31.7611,31.0708,31.2715,94438
2021-11-25,FXGAM,31.1001,31.1805,30.4600,30.5371,99474
2021-11-26,FXGAM,30.4319,30.4750,29.8831,29.9078,57273
2021-11-29,FXGAM,29.9590,30.0027,29.3489,29.4156,20043
2021-11-30,FXGAM,29.4756,29.6607,28.9872,29.1115,36238
2021-12-01,FXGAM,29.2360,29.2828,29.1173,29.2045,40956
2021-12-02,FXGAM,29.0926,29.8887,28.9803,29.7451,62930
2021-12-03,FXGAM,29.9387,29.9536,29.4029,29.4074,72586
2021-12-06,FXGAM,29.4935,29.6040,29.2653,29.4045,48955
2021-12-07,FXGAM,29.6154,29.6460,29.4559,29.5076,74861
2021-12-08,FXGAM,29.1389,29.7063,28.9844,29.6891,74252
2021-12-09,FXGAM,29.7389,29.7431,29.1769,29.2862,53108
2021-12-10,FXGAM,29.2514,29.5533,29.1911,29.4582,54724
2021-12-13,FXGAM,29.3441,29.3466,29.0531,29.1238,49253
2021-12-14,FXGAM,29.2446,29.3316,29.0579,29.2266,56363
2021-12-15,FXGAM,29.2211,29.2227,28.8057,28.8597,46289
2021-12-16,FXGAM,28.9735,29.0796,28.2495,28.3447,70650
2021-12-17,FXGAM,28.5309,28.8401,28.4536,28.7312,57260
2021-12-20,FXGAM,28.6764,28.7309,28.5908,28.6981,22595
2021-12-21,FXGAM,28.7943,28.8818,28.2769,28.2812,32342
2021-12-22,FXGAM,28.2982,28.3363,27.6965,27.7673,20120
2021-12-23,FXGAM,27.7128,27.7972,27.5035,27.7626,54404
2021-12-24,FXGAM,27.8255,28.3182,27.6819,28.2708,61562
2021-12-27,FXGAM,28.1950,28.2618,27.4547,27.6464,70824
2021-12-28,FXGAM,27.7051,27.7396,27.3863,27.5591,69682
2021-12-29,FXGAM,27.6170,28.6473,27.5769,28.5555,84487
2021-12-30,FXGAM,28.5197,28.6319,28.2817,28.3086,23867
2021-12-31,FXGAM,28.1063,29.0971,27.9863,29.0849,72741
2022-01-03,FXGAM,29.0681,29.1316,28.8530,29.0321,49798
2022-01-04,FXGAM,29.1304,29.5330,29.0001,29.4896,81117
2022-01-05,FXGAM,29.6742,29.7355,28.4296,28.5938,79487
2022-01-06,FXGAM,28.6034,28.8030,27.7330,27.9333,40718
2022-01-07,FXGAM,28.1210,28.5948,28.0548,28.4953,58783
2022-01-10,FXGAM,28.5660,28.6432,27.9695,28.1006,78051
2022-01-11,FXGAM,27.9346,28.4739,27.8607,28.3694,59477
2022-01-12,FXGAM,28.4728,28.5531,27.6180,27.7538,82134
2022-01-13,FXGAM,27.9375,28.1065,27.5744,27.7404,90619
2022-01-14,FXGAM,27.8703,27.9129,27.3414,27.4431,71269
2022-01-17,FXGAM,27.6272,27.7994,27.2760,27.3055,97560
2022-01-18,FXGAM,27.4689,27.4906,27.0163,27.0650,26183
2022-01-19,FXGAM,27.0658,28.1270,27.0550,28.0742,47087
2022-01-20,FXGAM,28.0612,28.1621,27.9304,27.9602,32117
2022-01-21,FXGAM,27.9913,28.0644,27.6829,27.7116,75386
2022-01-24,FXGAM,27.7791,27.9609,27.3418,27.4093,41588
2022-01-25,FXGAM,27.3867,27.6505,27.3257,27.6476,79986
2022-01-26,FXGAM,27.6425,27.7123,27.3161,27.3463,20241
2022-01-27,FXGAM,27.2347,27.2402,26.9795,27.0087,29956
2022-01-28,FXGAM,27.0150,27.0575,26.6125,26.6658,24673
2022-01-31,FXGAM,26.6711,26.7597,26.1506,26.1869,30324
2022-02-01,FXGAM,26.2392,26.2444,26.0092,26.0281,77859
2022-02-02,FXGAM,26.1866,26.3695,25.9661,26.1882,27368
2022-02-03,FXGAM,26.3092,26.3900,25.6004,25.6185,68476
2022-02-04,FXGAM,25.5806,25.5884,25.4870,25.5227,86021
2022-02-07,FXGAM,25.5531,25.6215,25.1670,25.2692,86668
2022-02-08,FXGAM,25.3429,25.4356,25.1886,25.4070,67346
2022-02-09,FXGAM,25.5949,25.6250,24.9584,25.0236,95308
2022-02-10,FXGAM,24.9556,25.0386,24.5625,24.6148,65212
2022-02-11,FXGAM,24.6112,24.6994,24.5015,24.6353,72450
2022-02-14,FXGAM,24.6973,25.2125,24.6957,25.1657,79048
2022-02-15,FXGAM,25.2701,25.7167,25.2560,25.5002,88997
2022-02-16,FXGAM,25.6083,25.9231,25.4377,25.8130,23348
2022-02-17,FXGAM,25.7119,25.8029,25.2574,25.3236,40517
2022-02-18,FXGAM,25.1210,25.2996,25.0340,25.2680,58084
2022-02-21,FXGAM,25.1811,25.3280,24.8168,24.9128,24700
2022-02-22,FXGAM,25.0144,25.1195,24.5766,24.6620,44592
2022-02-23,FXGAM,24.7457,25.0231,24.1635,24.1759,38834
2022-02-24,FXGAM,24.2145,24.2236,23.2292,23.3266,78731
2022-02-25,FXGAM,23.1713,23.2888,22.8272,22.8878,68890
2022-02-28,FXGAM,22.7178,23.4683,22.4707,23.2578,77598
2022-03-01,FXGAM,23.1789,23.3576,23.0134,23.1017,20642
2022-03-02,FXGAM,23.1767,23.2188,22.6777,22.7421,45390
2022-03-03,FXGAM,22.7494,22.9053,22.6102,22.6328,24935
2022-03-04,FXGAM,22.4809,22.4988,22.3500,22.4308,82552
2022-03-07,FXGAM,22.3809,22.4277,21.2984,21.3744,30949
2022-03-08,FXGAM,21.3312,21.6478,21.2596,21.6395,90096
2022-03-09,FXGAM,21.6657,21.7276,21.4505,21.4918,92040
2022-03-10,FXGAM,21.5741,21.7790,21.5720,21.6788,42674
2022-03-11,FXGAM,21.6862,21.7027,21.4613,21.4956,67549
2022-03-14,FXGAM,21.2734,21.5100,21.2096,21.4994,22520
2022-03-15,FXGAM,21.5513,21.5600,20.9206,20.9559,35349
2022-03-16,FXGAM,20.9072,20.9207,20.5605,20.6318,35202
2022-03-17,FXGAM,20.6278,20.9935,20.5477,20.9464,77914
2022-03-18,FXGAM,20.8280,20.9075,20.3916,20.4076,95922
2022-03-21,FXGAM,20.3965,21.3399,20.3221,21.2575,79833
2022-03-22,FXGAM,21.3976,21.4222,21.1447,21.1942,52565
2022-03-23,FXGAM,21.1581,21.6085,21.0413,21.5706,67792
2022-03-24,FXGAM,21.6128,21.7056,20.9706,21.0238,92520
2022-03-25,FXGAM,21.0036,21.0480,20.7766,20.7800,72510
2022-03-28,FXGAM,20.7224,20.7720,20.1988,20.2275,23502
2022-03-29,FXGAM,20.2875,20.4126,20.2512,20.4091,86858
2022-03-30,FXGAM,20.4356,20.9230,20.3299,20.7757,43554
2022-03-31,FXGAM,20.7842,20.9008,20.5518,20.6418,25643
2022-04-01,FXGAM,20.4866,20.9613,20.4696,20.8199,64425
2022-04-04,FXGAM,20.7795,21.1782,20.6176,21.1269,96046
2022-04-05,FXGAM,21.2432,21.2590,21.0018,21.1182,98728
2022-04-06,FXGAM,21.0804,21.4253,21.0559,21.4166,53749
2022-04-07,FXGAM,21.3642,21.4336,21.2727,21.3711,97895
2022-04-08,FXGAM,21.2276,21.2320,20.7077,20.7409,23000
2022-04-11,FXGAM,20.6416,20.6990,20.0451,20.1765,55637
2022-04-12,FXGAM,20.0618,20.6832,19.9801,20.5633,80916
2022-04-13,FXGAM,20.5544,20.6998,20.0136,20.0424,92046
2022-04-14,FXGAM,20.0349,20.1078,19.6964,19.7660,98782
2022-04-15,FXGAM,19.8357,19.8743,19.4780,19.5179,87258
2022-04-18,FXGAM,19.5723,19.6978,19.0753,19.2323,23014
2022-04-19,FXGAM,19.3146,19.3676,18.9098,18.9539,66399
2022-04-20,FXGAM,19.0213,19.0365,18.9300,18.9701,41521
2022-04-21,FXGAM,19.0717,19.2236,19.0551,19.2102,49543
2022-04-22,FXGAM,19.1727,19.1934,18.9211,18.9662,74827
2022-04-25,FXGAM,19.0163,19.2617,18.9831,19.1316,29370
2022-04-26,FXGAM,19.1724,19.1886,18.6957,18.9137,27115
2022-04-27,FXGAM,18.9609,19.3481,18.9134,19.2569,96589
2022-04-28,FXGAM,19.3599,19.3888,19.0622,19.0694,20212
2022-04-29,FXGAM,19.0412,19.0435,18.7885,18.8744,80818
2022-05-02,FXGAM,18.8712,19.1746,18.7344,19.0511,79118
2022-05-03,FXGAM,19.0773,19.0835,19.0641,19.0757,87981
2022-05-04,FXGAM,19.0310,19.0917,18.8858,18.9510,33226
2022-05-05,FXGAM,18.9397,18.9833,18.7937,18.8881,44850
2022-05-06,FXGAM,18.9484,19.2805,18.8725,19.2164,88847
2022-05-09,FXGAM,19.3918,19.5604,18.7824,18.7990,88334
2022-05-10,FXGAM,18.8588,18.9655,18.7599,18.9456,50702
2022-05-11,FXGAM,18.9935,19.0493,18.5318,18.5484,52266
2022-05-12,FXGAM,18.4667,18.7129,18.4405,18.6878,92781
2022-05-13,FXGAM,18.6114,18.6821,17.9535,18.0055,57524
2022-05-16,FXGAM,17.9134,18.3187,17.8957,18.2771,21174
2022-05-17,FXGAM,18.4001,18.4980,17.8674,18.0024,39402
2022-05-18,FXGAM,18.0151,18.3498,18.0001,18.2800,56997
2022-05-19,FXGAM,18.3849,18.4360,17.6420,17.7501,76552
2022-05-20,FXGAM,17.7361,17.9628,17.7282,17.9454,66696
2022-05-23,FXGAM,18.0042,18.0118,17.3224,17.3328,20167
2022-05-24,FXGAM,17.3118,17.6505,17.2853,17.5077,81906
2022-05-25,FXGAM,17.6255,17.7446,17.5462,17.6915,76513
2022-05-26,FXGAM,17.7106,17.7805,17.3895,17.5226,35050
2022-05-27,FXGAM,17.5143,17.6154,17.4691,17.5378,76057
2022-05-30,FXGAM,17.5422,17.6474,17.5244,17.5861,80997
2022-05-31,FXGAM,17.6785,17.7251,17.4531,17.4585,91630
2022-06-01,FXGAM,17.3886,17.7488,17.3770,17.6086,72039
2022-06-02,FXGAM,17.5725,17.6009,17.3634,17.4214,60999
2022-06-03,FXGAM,17.3338,17.3574,17.1147,17.1746,71143
2022-06-06,FXGAM,17.1883,17.2935,17.0252,17.0698,68922
2022-06-07,FXGAM,17.0275,17.0426,16.8317,16.9046,29669
2022-06-08,FXGAM,16.9265,17.0540,16.7938,16.7999,33829
2022-06-09,FXGAM,16.8356,16.9686,16.3701,16.3846,39775
2022-06-10,FXGAM,16.5194,16.6283,15.5666,15.5976,42104
2022-06-13,FXGAM,15.5601,15.5986,15.4404,15.5845,47384
2022-06-14,FXGAM,15.5868,15.8121,15.5842,15.7634,95953
2022-06-15,FXGAM,15.7199,15.7380,15.2929,15.3419,95291
2022-06-16,FXGAM,15.2719,15.3360,15.2267,15.3327,48834
2022-06-17,FXGAM,15.3737,15.4503,15.3445,15.3988,81647
2022-06-20,FXGAM,15.3300,15.5385,15.1996,15.4554,26450
2022-06-21,FXGAM,15.3809,15.4285,15.1730,15.1880,74252
2022-06-22,FXGAM,15.2114,15.5963,15.1770,15.5290,30100
2022-06-23,FXGAM,15.6693,15.8217,15.6675,15.8063,33262
2022-06-24,FXGAM,15.8694,15.8800,15.5458,15.5873,33195
2022-06-27,FXGAM,15.5940,15.6841,15.5200,15.6709,73742
2022-06-28,FXGAM,15.6909,16.3344,15.6471,16.2755,59264
2022-06-29,FXGAM,16.3247,16.4085,15.9050,15.9738,41425
2022-06-30,FXGAM,15.9227,16.0977,15.9164,16.0602,94884
2022-07-01,FXGAM,16.1115,16.3580,15.9905,16.3344,80809
2022-07-04,FXGAM,16.3482,16.4355,15.9732,15.9831,84690
2022-07-05,FXGAM,15.9986,16.1189,15.9274,15.9768,29690
2022-07-06,FXGAM,15.9294,16.0257,15.8602,15.9248,66229
2022-07-07,FXGAM,15.8993,16.0248,15.8627,15.8749,63414
2022-07-08,FXGAM,15.9095,16.1778,15.8876,16.1385,61442
2022-07-11,FXGAM,16.1873,16.4718,16.1000,16.4136,52509
2022-07-12,FXGAM,16.3819,16.3886,16.0936,16.1361,51168
2022-07-13,FXGAM,16.0931,16.2233,16.0884,16.2085,38670
2022-07-14,FXGAM,16.2103,16.2897,16.2032,16.2720,59967
2022-07-15,FXGAM,16.3631,16.4096,15.9443,16.0317,81558
2022-07-18,FXGAM,16.1094,16.1125,15.7433,15.8251,30838
2022-07-19,FXGAM,15.8686,15.8698,15.6940,15.7217,53384
2022-07-20,FXGAM,15.6190,15.7440,15.5634,15.7187,23365
2022-07-21,FXGAM,15.7081,16.0207,15.6991,15.9956,63717
2022-07-22,FXGAM,16.0211,16.0343,16.0099,16.0131,55794
2022-07-25,FXGAM,16.1181,16.3631,16.1122,16.3048,79172
2022-07-26,FXGAM,16.3796,16.5316,16.3602,16.4204,94223
2022-07-27,FXGAM,16.4601,16.4810,16.0051,16.1183,58242
2022-07-28,FXGAM,16.2036,16.2853,15.7842,15.8555,64296
2022-07-29,FXGAM,15.8323,15.8767,15.8025,15.8381,24170
2022-08-01,FXGAM,15.8758,15.9449,15.2619,15.3703,76283
2022-08-02,FXGAM,15.3764,15.3958,15.2314,15.3861,40280
2022-08-03,FXGAM,15.4421,15.8615,15.3186,15.7922,79811
2022-08-04,FXGAM,15.7034,16.0532,15.5843,15.9434,63909
2022-08-05,FXGAM,15.8586,15.8886,15.4543,15.4558,33048
2022-08-08,FXGAM,15.5183,15.5657,15.1977,15.2694,46468
2022-08-09,FXGAM,15.2490,15.2520,14.9926,15.0493,92108
2022-08-10,FXGAM,15.0882,15.1306,14.6706,14.7597,77340
2022-08-11,FXGAM,14.8069,14.9451,14.7298,14.7919,34633
2022-08-12,FXGAM,14.8484,14.9615,14.1458,14.1690,87315
2022-08-15,FXGAM,14.1324,14.2379,13.8280,13.8390,41364
2022-08-16,FXGAM,13.8176,13.8410,13.7227,13.7496,66666
2022-08-17,FXGAM,13.7195,13.8703,13.6085,13.8670,61359
2022-08-18,FXGAM,13.8487,13.9729,13.7645,13.9312,65872
2022-08-19,FXGAM,13.9421,14.0575,13.9207,14.0402,56002
2022-08-22,FXGAM,14.0397,14.2060,14.0139,14.1527,53646
2022-08-23,FXGAM,14.1947,14.3097,14.1695,14.2865,40035
2022-08-24,FXGAM,14.2734,14.3921,14.2624,14.3014,22017
2022-08-25,FXGAM,14.2620,14.3292,14.1926,14.2967,83888
2022-08-26,FXGAM,14.2924,14.4725,14.2780,14.3685,82547
2022-08-29,FXGAM,14.3350,14.7460,14.3081,14.6553,25878
2022-08-30,FXGAM,14.7077,14.8699,14.6954,14.8623,34371
2022-08-31,FXGAM,14.9255,15.0471,14.6829,14.7193,47633
2022-09-01,FXGAM,14.8643,15.2628,14.8233,15.1925,27919
2022-09-02,FXGAM,15.2127,15.2786,14.9828,14.9833,20468
2022-09-05,FXGAM,14.9511,14.9680,14.8248,14.8365,40034
2022-09-06,FXGAM,14.8252,15.0125,14.7609,14.9463,65449
2022-09-07,FXGAM,14.9362,15.0216,14.8215,14.8521,83493
2022-09-08,FXGAM,14.8852,14.9103,14.8261,14.8724,27229
2022-09-09,FXGAM,14.9263,14.9301,14.7623,14.8139,89806
2022-09-12,FXGAM,14.8244,14.8489,14.7365,14.7649,23360
2022-09-13,FXGAM,14.7187,14.7899,14.5503,14.6410,85787
2022-09-14,FXGAM,14.6639,15.0808,14.6555,14.9999,38072
2022-09-15,FXGAM,15.0717,15.1761,14.9862,15.1164,90032
2022-09-16,FXGAM,15.0330,15.0441,14.8922,14.9768,21911
2022-09-19,FXGAM,15.1003,15.2448,15.0188,15.1169,22146
2022-09-20,FXGAM,15.2105,15.2211,14.9409,14.9445,48213
2022-09-21,FXGAM,15.0184,15.0201,14.8421,14.9036,76495
2022-09-22,FXGAM,14.9602,15.4875,14.9061,15.4332,86287
2022-09-23,FXGAM,15.4194,15.5141,15.2749,15.4445,51329
2022-09-26,FXGAM,15.4668,15.4969,15.1205,15.1879,39218
2022-09-27,FXGAM,15.1769,15.2359,15.1437,15.1583,96706
2022-09-28,FXGAM,15.1307,15.2747,15.1232,15.2081,59749
2022-09-29,FXGAM,15.1450,15.1734,15.1042,15.1101,72025
2022-09-30,FXGAM,15.1505,15.2966,15.0669,15.2932,78844
2022-10-03,FXGAM,15.2166,15.3277,15.1559,15.2876,30083
2022-10-04,FXGAM,15.4080,15.4802,15.0175,15.0670,71441
2022-10-05,FXGAM,14.9742,15.0080,14.9534,14.9909,97291
2022-10-06,FXGAM,14.7959,15.2320,14.7312,15.2073,20554
2022-10-07,FXGAM,15.1220,15.2864,15.0723,15.1747,36609
2022-10-10,FXGAM,15.1273,15.1756,14.9425,14.9557,45663
2022-10-11,FXGAM,14.8841,14.9122,14.8292,14.8404,68565
2022-10-12,FXGAM,14.9215,15.1612,14.9181,15.0904,51193
2022-10-13,FXGAM,15.0606,15.4442,15.0371,15.4097,94423
2022-10-14,FXGAM,15.3932,15.4341,15.3877,15.3975,90258
2022-10-17,FXGAM,15.3843,15.4513,15.2307,15.2600,25171
2022-10-18,FXGAM,15.3211,15.3707,14.9404,15.0480,67481
2022-10-19,FXGAM,15.0203,15.3250,14.9964,15.2958,96456
2022-10-20,FXGAM,15.2168,15.4953,15.1865,15.4601,46960
2022-10-21,FXGAM,15.3993,16.0675,15.3946,16.0007,55422
2022-10-24,FXGAM,16.0488,16.1951,16.0232,16.1339,79530
2022-10-25,FXGAM,16.1785,16.2901,16.1523,16.2681,42922
2022-10-26,FXGAM,16.2145,16.4642,16.2025,16.4510,30435
2022-10-27,FXGAM,16.4549,16.5653,16.4074,16.5108,62481
2022-10-28,FXGAM,16.5297,17.1253,16.5280,17.1162,77085
2022-10-31,FXGAM,17.0280,17.0531,16.9086,16.9594,40273
2022-11-01,FXGAM,16.9765,17.0707,16.7416,16.9448,86482
2022-11-02,FXGAM,17.0085,17.0746,16.9573,17.0521,75288
2022-11-03,FXGAM,17.1711,17.1963,16.5181,16.6034,88138
2022-11-04,FXGAM,16.6209,16.6421,16.4588,16.4598,29637
2022-11-07,FXGAM,16.5075,16.6120,16.2669,16.3203,43686
2022-11-08,FXGAM,16.2869,16.3030,16.0341,16.1049,34024
2022-11-09,FXGAM,16.0914,16.1343,15.8990,16.0531,84066
2022-11-10,FXGAM,16.0424,16.0732,15.9171,15.9185,49053
2022-11-11,FXGAM,15.9571,15.9599,15.9282,15.9371,89105
2022-11-14,FXGAM,15.9795,16.0904,15.8853,16.0571,21261
2022-11-15,FXGAM,16.0301,16.1430,15.7985,15.8425,31871
2022-11-16,FXGAM,15.8535,16.0332,15.8445,16.0141,52548
2022-11-17,FXGAM,15.8521,15.8846,15.4215,15.4364,55641
2022-11-18,FXGAM,15.4097,15.6221,15.3273,15.5538,48819
2022-11-21,FXGAM,15.4771,15.7437,15.4337,15.7052,74362
2022-11-22,FXGAM,15.5897,15.6372,15.3664,15.3947,28681
2022-11-23,FXGAM,15.4178,15.4195,15.3289,15.3484,47818
2022-11-24,FXGAM,15.3469,15.6479,15.2652,15.6098,51397
2022-11-25,FXGAM,15.5968,15.6787,15.5512,15.5872,90401
2022-11-28,FXGAM,15.5908,15.9690,15.5577,15.9628,21421
2022-11-29,FXGAM,15.9818,16.0132,15.6450,15.7360,33916
2022-11-30,FXGAM,15.7105,15.8411,15.4673,15.5371,91599
2022-12-01,FXGAM,15.4976,15.5067,15.3663,15.4176,71881
2022-12-02,FXGAM,15.4596,15.4853,15.2236,15.2267,76689
2022-12-05,FXGAM,15.3469,15.3931,15.0369,15.0882,77268
2022-12-06,FXGAM,15.0979,15.2074,15.0872,15.2057,49691
2022-12-07,FXGAM,15.1636,15.2350,14.9593,14.9834,61107
2022-12-08,FXGAM,14.9804,15.1572,14.9381,14.9900,31188
2022-12-09,FXGAM,15.0498,15.6052,15.0440,15.5892,73992
2022-12-12,FXGAM,15.5736,15.7211,15.5531,15.7170,90028
2022-12-13,FXGAM,15.6116,15.7992,15.5774,15.7896,90444
2022-12-14,FXGAM,15.8075,15.9218,15.7571,15.7765,21422
2022-12-15,FXGAM,15.9641,15.9973,15.8401,15.9338,72505
2022-12-16,FXGAM,15.9504,16.0666,15.5721,15.6366,75116
2022-12-19,FXGAM,15.6439,15.8920,15.6320,15.8747,54639
2022-12-20,FXGAM,15.9478,16.1156,15.8365,16.0705,51458
2022-12-21,FXGAM,15.9694,16.2868,15.9484,16.2581,77562
2022-12-22,FXGAM,16.2323,16.2384,15.8509,15.8780,84429
2022-12-23,FXGAM,15.9117,15.9954,15.8238,15.9221,95998
2022-12-26,FXGAM,15.9493,16.0967,15.8370,15.8964,34594
2022-12-27,FXGAM,15.9477,15.9880,15.6532,15.6561,49012
2022-12-28,FXGAM,15.6596,15.7286,15.2194,15.2533,73929
2022-12-29,FXGAM,15.2943,15.6214,15.2239,15.5261,90683
2022-12-30,FXGAM,15.4968,15.5259,15.4589,15.5196,63983
2023-01-02,FXGAM,15.5123,15.5639,15.3457,15.3995,86395
2023-01-03,FXGAM,15.4547,15.4933,15.4004,15.4466,85422
2023-01-04,FXGAM,15.4338,16.1480,15.3083,16.1257,88433
2023-01-05,FXGAM,16.1852,16.2612,15.9110,16.0564,64578
2023-01-06,FXGAM,16.0023,16.0628,15.7672,15.8287,99942
2023-01-09,FXGAM,15.7609,15.7860,15.3633,15.4406,93166
2023-01-10,FXGAM,15.4182,15.4382,14.8056,14.8105,54889
2023-01-11,FXGAM,14.7772,14.8073,14.4713,14.4904,39930
2023-01-12,FXGAM,14.5896,14.7817,14.5712,14.7310,81308
2023-01-13,FXGAM,14.7613,14.8904,14.6850,14.8495,25038
2023-01-16,FXGAM,14.8827,14.9013,14.8469,14.8586,59249
2023-01-17,FXGAM,14.8737,15.1108,14.8620,15.0181,84429
2023-01-18,FXGAM,14.9421,15.0545,14.8949,15.0485,45335
2023-01-19,FXGAM,15.0683,15.1268,15.0253,15.1105,85341
2023-01-20,FXGAM,15.2196,15.4548,15.2195,15.4027,63843
2023-01-23,FXGAM,15.4262,15.5494,15.3104,15.3176,20191
2023-01-24,FXGAM,15.3623,15.4385,14.8942,14.9628,74775
2023-01-25,FXGAM,14.9876,15.1452,14.7925,14.8053,25945
2023-01-26,FXGAM,14.8346,14.9647,14.6076,14.6828,64346
2023-01-27,FXGAM,14.7031,14.7067,14.5257,14.6379,26105
2023-01-30,FXGAM,14.6122,14.6940,14.2663,14.3291,57041
2023-01-31,FXGAM,14.2686,14.2879,14.0948,14.1026,90035
2023-02-01,FXGAM,14.0862,14.0873,13.9800,13.9806,51064
2023-02-02,FXGAM,14.0380,14.0645,13.7441,13.7855,24451
2023-02-03,FXGAM,13.7863,14.2025,13.6902,14.0738,31422
2023-02-06,FXGAM,14.0704,14.1250,13.6369,13.7301,97571
2023-02-07,FXGAM,13.7282,13.7619,13.6617,13.6740,38648
2023-02-08,FXGAM,13.6054,13.6309,13.4212,13.4847,74564
2023-02-09,FXGAM,13.5280,13.6029,13.4070,13.5255,69488
2023-02-10,FXGAM,13.5222,13.5251,13.4342,13.4405,95736
2023-02-13,FXGAM,13.4643,13.4740,13.0260,13.0663,58340
2023-02-14,FXGAM,13.0826,13.0896,12.8949,12.9612,99311
2023-02-15,FXGAM,12.8981,13.2425,12.8559,13.2422,71076
2023-02-16,FXGAM,13.2825,13.3392,12.9924,12.9944,48118
2023-02-17,FXGAM,12.9380,13.0926,12.9361,13.0871,32653
2023-02-20,FXGAM,13.1696,13.5443,13.1193,13.5271,38595
2023-02-21,FXGAM,13.4861,13.5321,13.4098,13.4892,62186
2023-02-22,FXGAM,13.5095,13.5718,13.4783,13.5052,27549
2023-02-23,FXGAM,13.4829,13.6155,13.4603,13.5470,51349
2023-02-24,FXGAM,13.5335,13.5533,12.9985,13.0663,70528
2023-02-27,FXGAM,13.0266,13.3923,13.0247,13.3558,66685
2023-02-28,FXGAM,13.4381,13.5003,13.3990,13.4278,92775
2023-03-01,FXGAM,13.5004,13.6116,13.4673,13.4722,74252
2023-03-02,FXGAM,13.5772,13.8660,13.5313,13.8449,57069
2023-03-03,FXGAM,13.7858,13.8379,13.6002,13.6137,54921
2023-03-06,FXGAM,13.6415,13.6469,13.5039,13.5197,23120
2023-03-07,FXGAM,13.5332,13.6497,13.5057,13.5968,71706
2023-03-08,FXGAM,13.6186,14.1189,13.5667,14.0762,74940
2023-03-09,FXGAM,14.1173,14.2119,13.9941,14.0828,76820
2023-03-10,FXGAM,14.1231,14.1397,13.7637,13.8330,97683
2023-03-13,FXGAM,13.8641,14.1024,13.7413,14.0788,35176
2023-03-14,FXGAM,14.0686,14.1772,13.9689,14.1671,39622
2023-03-15,FXGAM,14.2767,14.9155,14.2116,14.8076,41549
2023-03-16,FXGAM,14.8086,15.0215,14.7360,15.0168,43337
2023-03-17,FXGAM,15.0277,15.0392,14.7600,14.8177,94838
2023-03-20,FXGAM,14.8972,14.9516,14.7233,14.7305,85100
2023-03-21,FXGAM,14.6679,14.9876,14.5972,14.9115,92953
2023-03-22,FXGAM,14.9702,14.9752,14.4902,14.5068,91976
2023-03-23,FXGAM,14.4402,14.4908,14.2151,14.2402,25855
2023-03-24,FXGAM,14.3073,14.3497,14.2883,14.3233,77728
2023-03-27,FXGAM,14.3675,15.1164,14.3159,15.0839,93107
2023-03-28,FXGAM,15.0220,15.0567,14.7681,14.8815,65141
2023-03-29,FXGAM,14.8815,14.9121,14.6489,14.6667,69794
2023-03-30,FXGAM,14.6408,14.9032,14.5971,14.8994,38054
2023-03-31,FXGAM,14.9221,14.9816,14.8600,14.8698,82835
2023-04-03,FXGAM,14.8715,14.9135,14.8385,14.9065,28171
2023-04-04,FXGAM,14.9291,15.1140,14.8979,15.0565,80777
2023-04-05,FXGAM,14.9941,15.1915,14.9287,15.1168,24652
2023-04-06,FXGAM,15.2135,15.2169,14.7408,14.8724,59204
2023-04-07,FXGAM,14.7559,15.4754,14.6711,15.4390,96106
2023-04-10,FXGAM,15.3579,15.5247,15.2603,15.5123,40078
2023-04-11,FXGAM,15.5535,15.5695,15.4429,15.4588,59345
2023-04-12,FXGAM,15.6389,16.0958,15.6342,16.0094,41800
2023-04-13,FXGAM,15.9713,16.0394,15.9151,15.9845,65795
2023-04-14,FXGAM,15.9440,16.3329,15.9324,16.2392,23084
2023-04-17,FXGAM,16.3092,16.3553,15.9666,15.9729,75342
2023-04-18,FXGAM,15.9997,16.3455,15.9108,16.2469,24902
2023-04-19,FXGAM,16.2985,16.3340,16.1889,16.2902,60087
2023-04-20,FXGAM,16.2588,16.6924,16.2357,16.6376,54961
2023-04-21,FXGAM,16.6308,16.6410,16.4118,16.4648,32572
2023-04-24,FXGAM,16.4126,16.8897,16.3004,16.7364,40188
2023-04-25,FXGAM,16.6970,16.7732,16.2601,16.2786,87457
2023-04-26,FXGAM,16.2947,16.3795,16.0205,16.0485,56932
2023-04-27,FXGAM,16.1050,16.1178,15.8057,15.8435,53305
2023-04-28,FXGAM,15.8481,16.0831,15.8074,16.0195,47829
2023-05-01,FXGAM,16.0323,16.5953,15.9627,16.5780,94187
2023-05-02,FXGAM,16.6820,16.7636,16.5019,16.5706,74508
2023-05-03,FXGAM,16.5969,16.6073,16.3616,16.3853,33358
2023-05-04,FXGAM,16.4262,16.4826,16.3502,16.3775,29264
2023-05-05,FXGAM,16.3772,16.4537,16.0144,16.0300,77111
2023-05-08,FXGAM,15.8539,16.0518,15.7788,15.9670,99042
2023-05-09,FXGAM,16.0141,16.0233,15.3584,15.3864,38086
2023-05-10,FXGAM,15.3726,15.3826,15.0226,15.0359,32612
2023-05-11,FXGAM,15.1093,15.1749,15.1062,15.1303,67629
2023-05-12,FXGAM,15.0752,15.0904,14.8487,14.8933,59877
2023-05-15,FXGAM,14.9071,14.9579,14.6085,14.6160,76653
2023-05-16,FXGAM,14.6298,14.6553,14.3692,14.4152,89073
2023-05-17,FXGAM,14.3619,14.4044,14.3284,14.3762,31618
2023-05-18,FXGAM,14.3746,14.7736,14.3633,14.7407,86962
2023-05-19,FXGAM,14.8563,14.9371,14.4900,14.5224,56238
2023-05-22,FXGAM,14.4848,14.5267,14.3867,14.3903,46768
2023-05-23,FXGAM,14.3984,14.4623,14.2399,14.3616,52913
2023-05-24,FXGAM,14.4429,14.5142,14.2770,14.3212,77773
2023-05-25,FXGAM,14.3652,14.4204,14.1529,14.1976,82131
2023-05-26,FXGAM,14.3206,14.3719,13.7114,13.7840,63898
2023-05-29,FXGAM,13.9051,13.9410,13.4364,13.4559,69607
2023-05-30,FXGAM,13.4809,13.7442,13.3644,13.6956,51293
2023-05-31,FXGAM,13.6653,13.7785,13.6022,13.6992,29119
2023-06-01,FXGAM,13.6447,13.7599,13.5253,13.6178,57157
2023-06-02,FXGAM,13.6538,13.6833,13.4640,13.4825,91249
2023-06-05,FXGAM,13.4828,13.6195,13.4606,13.5837,36599
2023-06-06,FXGAM,13.6065,13.6110,13.4031,13.4761,99319
2023-06-07,FXGAM,13.4335,13.6410,13.4072,13.6016,80501
2023-06-08,FXGAM,13.6331,13.6534,13.4368,13.5155,70746
2023-06-09,FXGAM,13.4968,13.5267,13.4181,13.4493,63172
2023-06-12,FXGAM,13.4292,13.4417,13.1406,13.1496,82726
2023-06-13,FXGAM,13.1455,13.1626,12.6815,12.7123,67076
2023-06-14,FXGAM,12.6490,12.7371,12.5601,12.5685,62007
2023-06-15,FXGAM,12.5769,12.6013,12.4030,12.4329,34020
2023-06-16,FXGAM,12.3456,12.3664,12.1583,12.2045,80451
2023-06-19,FXGAM,12.3142,12.3861,12.0666,12.1546,50710
2023-06-20,FXGAM,12.1391,12.4360,12.1025,12.4159,66822
2023-06-21,FXGAM,12.3957,12.5073,12.3778,12.5069,56212
2023-06-22,FXGAM,12.5275,12.6987,12.4689,12.6693,55729
2023-06-23,FXGAM,12.6668,12.9272,12.6472,12.8336,63989
2023-06-26,FXGAM,12.8556,12.8630,12.5949,12.6115,92924
2023-06-27,FXGAM,12.6457,12.7047,12.5328,12.5557,72588
2023-06-28,FXGAM,12.6308,12.8107,12.6238,12.7999,34635
2023-06-29,FXGAM,12.8060,12.8579,12.7904,12.8570,38110
2023-06-30,FXGAM,12.8505,12.9733,12.7933,12.8962,89772
2023-07-03,FXGAM,12.8779,13.1784,12.8227,13.1556,62802
2023-07-04,FXGAM,13.1589,13.6099,13.1045,13.5585,99889
2023-07-05,FXGAM,13.5711,13.6567,13.2013,13.2984,75457
2023-07-06,FXGAM,13.2799,13.4751,13.2298,13.4491,90894
2023-07-07,FXGAM,13.5573,13.5849,13.2205,13.2759,41275
2023-07-10,FXGAM,13.2238,13.2758,13.1219,13.1376,59869
2023-07-11,FXGAM,13.1353,13.2579,13.0639,13.2259,50497
2023-07-12,FXGAM,13.2347,13.4794,13.2144,13.3709,96742
2023-07-13,FXGAM,13.3031,13.3826,13.2314,13.3303,55987
2023-07-14,FXGAM,13.3795,13.4227,13.1620,13.2078,49456
2023-07-17,FXGAM,13.1176,13.2882,13.0629,13.0774,80188
2023-07-18,FXGAM,13.0660,13.1573,12.7418,12.8352,82171
2023-07-19,FXGAM,12.8472,12.9822,12.8202,12.9552,82224
2023-07-20,FXGAM,12.9731,13.1159,12.9305,13.0926,72436
2023-07-21,FXGAM,13.1052,13.1649,13.0594,13.0610,45721
2023-07-24,FXGAM,13.0927,13.1547,13.0268,13.0453,86208
2023-07-25,FXGAM,13.1014,13.1410,12.9866,13.0124,72035
2023-07-26,FXGAM,12.9518,13.0152,12.6991,12.7509,81943
2023-07-27,FXGAM,12.6598,12.7086,12.6436,12.7034,37491
2023-07-28,FXGAM,12.7060,12.7274,12.5702,12.5812,68840
2023-07-31,FXGAM,12.6084,12.7190,12.5590,12.7041,46466
2023-08-01,FXGAM,12.7001,12.7287,12.6400,12.7157,60533
2023-08-02,FXGAM,12.6321,12.6416,12.5834,12.6156,57292
2023-08-03,FXGAM,12.5759,12.9148,12.5066,12.8879,78735
2023-08-04,FXGAM,12.8384,13.1587,12.7504,13.0755,33519
2023-08-07,FXGAM,13.0743,13.0753,12.8810,12.9079,34666
2023-08-08,FXGAM,12.8825,12.8911,12.5647,12.5790,44758
2023-08-09,FXGAM,12.6724,12.7143,12.6133,12.6409,97357
2023-08-10,FXGAM,12.6280,12.6636,12.5333,12.6575,27774
2023-08-11,FXGAM,12.5405,12.7162,12.4615,12.6764,21218
2023-08-14,FXGAM,12.6356,12.7297,12.1514,12.1707,79858
2023-08-15,FXGAM,12.1293,12.4069,12.1222,12.4054,24795
2023-08-16,FXGAM,12.4474,12.4548,12.1952,12.2140,88523
2023-08-17,FXGAM,12.2587,12.2778,11.9785,11.9907,43351
2023-08-18,FXGAM,11.9753,12.2113,11.9029,12.1346,58912
2023-08-21,FXGAM,12.2277,12.2338,11.7813,11.7837,24800
2023-08-22,FXGAM,11.7443,11.7745,11.5641,11.5942,46045
2023-08-23,FXGAM,11.6783,11.6807,11.4918,11.5004,44377
2023-08-24,FXGAM,11.5232,11.6171,11.4716,11.5022,47861
2023-08-25,FXGAM,11.5265,11.8445,11.4960,11.8102,44430
2023-08-28,FXGAM,11.8119,11.9264,11.7506,11.9040,40031
2023-08-29,FXGAM,11.8620,12.0757,11.7972,12.0711,72281
2023-08-30,FXGAM,12.0458,12.0990,11.9862,12.0162,65716
2023-08-31,FXGAM,11.9987,12.0578,11.9982,12.0568,41498
2023-09-01,FXGAM,11.9798,12.0382,11.8312,11.9250,39692
2023-09-04,FXGAM,11.9374,12.1616,11.8839,12.0917,57932
2023-09-05,FXGAM,12.1348,12.4060,12.1004,12.3611,90626
2023-09-06,FXGAM,12.2928,12.7396,12.2645,12.7000,73388
2023-09-07,FXGAM,12.6958,12.8828,12.6898,12.8664,97407
2023-09-08,FXGAM,12.9562,13.2935,12.9444,13.1811,56507
2023-09-11,FXGAM,13.1958,13.2790,13.1743,13.2242,99866
2023-09-12,FXGAM,13.2186,13.3085,13.1700,13.2200,71511
2023-09-13,FXGAM,13.2722,13.3100,13.0666,13.0769,62665
2023-09-14,FXGAM,13.1415,13.1763,13.0609,13.1560,50702
2023-09-15,FXGAM,13.0426,13.0661,12.7631,12.8211,98589
2023-09-18,FXGAM,12.8272,12.8320,12.6436,12.6531,21142
2023-09-19,FXGAM,12.7027,12.7656,12.4016,12.4231,96797
2023-09-20,FXGAM,12.3979,12.7619,12.3550,12.7193,55243
2023-09-21,FXGAM,12.8274,12.8330,12.4895,12.5821,62487
2023-09-22,FXGAM,12.5090,13.0867,12.4626,13.0635,85964
2023-09-25,FXGAM,13.1106,13.1695,13.0665,13.1236,28681
2023-09-26,FXGAM,13.1367,13.2341,13.0873,13.1310,40629
2023-09-27,FXGAM,13.1242,13.2024,13.0333,13.0888,88333
2023-09-28,FXGAM,13.1133,13.2976,13.0152,13.2309,86163
2023-09-29,FXGAM,13.2510,13.6946,13.2134,13.6311,63648
2023-10-02,FXGAM,13.6314,13.6530,13.3497,13.3910,98878
2023-10-03,FXGAM,13.3718,13.5519,13.3259,13.4731,63540
2023-10-04,FXGAM,13.5525,13.6619,13.5258,13.6391,95029
2023-10-05,FXGAM,13.6387,13.9715,13.5509,13.9053,55526
2023-10-06,FXGAM,13.9584,13.9614,13.8562,13.8834,22989
2023-10-09,FXGAM,13.9655,13.9783,13.8561,13.8829,24845
2023-10-10,FXGAM,13.9116,14.0209,13.8415,14.0137,95889
2023-10-11,FXGAM,14.0024,14.0492,13.4582,13.4843,55894
2023-10-12,FXGAM,13.5036,13.5255,13.0867,13.1980,37328
2023-10-13,FXGAM,13.0581,13.0696,12.8786,12.9140,31971
2023-10-16,FXGAM,12.8859,12.9296,12.4877,12.5970,92338
2023-10-17,FXGAM,12.6491,12.6749,12.3132,12.3717,42514
2023-10-18,FXGAM,12.3614,12.4231,12.2226,12.2269,46015
2023-10-19,FXGAM,12.2409,12.3512,12.1992,12.3142,94012
2023-10-20,FXGAM,12.3335,12.3924,12.0227,12.0450,20052
2023-10-23,FXGAM,11.9306,11.9440,11.7956,11.8237,51177
2023-10-24,FXGAM,11.8123,12.1462,11.7398,12.1124,52241
2023-10-25,FXGAM,12.1481,12.2369,11.7527,11.7529,63342
2023-10-26,FXGAM,11.7594,11.8716,11.6886,11.8706,81918
2023-10-27,FXGAM,11.8975,11.9588,11.7060,11.7562,55855
2023-10-30,FXGAM,11.6860,11.7970,11.6449,11.7853,34671
2023-10-31,FXGAM,11.7920,11.9135,11.7774,11.8737,72973
2023-11-01,FXGAM,11.8625,11.9206,11.7982,11.8906,72558
2023-11-02,FXGAM,11.8290,11.8484,11.8017,11.8126,93401
2023-11-03,FXGAM,11.8186,11.8493,11.7144,11.8142,85077
2023-11-06,FXGAM,11.8519,12.2077,11.7356,12.1428,46364
2023-11-07,FXGAM,12.1444,12.1731,11.9529,11.9905,97314
2023-11-08,FXGAM,11.9649,12.2654,11.8282,12.2452,24396
2023-11-09,FXGAM,12.1370,12.3160,12.1162,12.2911,33250
2023-11-10,FXGAM,12.2368,12.2655,12.1599,12.2577,41277
2023-11-13,FXGAM,12.2392,12.3468,12.2009,12.3055,42016
2023-11-14,FXGAM,12.1807,12.2481,11.8857,11.9307,99621
2023-11-15,FXGAM,11.9367,11.9673,11.9220,11.9378,42883
2023-11-16,FXGAM,11.9297,11.9382,11.8182,11.8208,73461
2023-11-17,FXGAM,11.8816,12.0386,11.8688,12.0126,51461
2023-11-20,FXGAM,12.0137,12.0774,11.7328,11.7891,80235
2023-11-21,FXGAM,11.7786,11.8361,11.7230,11.7274,62748
2023-11-22,FXGAM,11.7165,11.9996,11.6861,11.9476,90027
2023-11-23,FXGAM,11.9633,12.0083,11.9306,11.9465,27097
2023-11-24,FXGAM,11.8815,12.2679,11.8713,12.2559,67344
2023-11-27,FXGAM,12.1426,12.2375,12.1322,12.1899,24325
2023-11-28,FXGAM,12.1861,12.2035,11.9477,11.9961,40871
2023-11-29,FXGAM,12.0126,12.0920,11.6738,11.7508,41260
2023-11-30,FXGAM,11.7373,11.7692,11.5631,11.5647,81157
2023-12-01,FXGAM,11.5078,11.5792,11.4616,11.5547,33667
2023-12-04,FXGAM,11.5931,11.6099,11.2178,11.2751,53842
2023-12-05,FXGAM,11.2668,11.2834,11.1379,11.1836,66858
2023-12-06,FXGAM,11.2296,11.5593,11.2258,11.5546,73684
2023-12-07,FXGAM,11.5935,11.6361,11.2165,11.2170,50117
2023-12-08,FXGAM,11.2709,11.4965,11.2437,11.4918,65658
2023-12-11,FXGAM,11.5459,11.5893,11.3049,11.3386,21609
2023-12-12,FXGAM,11.2940,11.3052,11.2053,11.2648,25843
2023-12-13,FXGAM,11.1799,11.3235,11.1723,11.3003,42526
2023-12-14,FXGAM,11.3252,11.6345,11.3114,11.5804,20260
2023-12-15,FXGAM,11.5188,11.5931,11.4685,11.5603,23812
2023-12-18,FXGAM,11.5311,11.5651,11.3641,11.4299,80757
2023-12-19,FXGAM,11.4403,11.5260,11.4204,11.4417,79552
2023-12-20,FXGAM,11.4175,11.5141,11.3275,11.3728,33170
2023-12-21,FXGAM,11.3538,11.4453,10.7761,10.7984,58619
2023-12-22,FXGAM,10.7025,10.9094,10.6655,10.8300,22719
2023-12-25,FXGAM,10.7947,10.8279,10.6129,10.6690,70312
2023-12-26,FXGAM,10.6747,10.6928,10.5465,10.6080,84077
2023-12-27,FXGAM,10.5939,10.6747,10.3641,10.3793,64097
2023-12-28,FXGAM,10.3192,10.3413,10.2682,10.3070,56865
2023-12-29,FXGAM,10.3333,10.3648,9.8793,9.8886,65365
2024-01-01,FXGAM,9.9014,9.9595,9.7387,9.7977,93952
2024-01-02,FXGAM,9.7923,9.9290,9.7708,9.8871,47813
2024-01-03,FXGAM,9.9587,10.0327,9.7126,9.7842,82178
2024-01-04,FXGAM,9.8201,9.9598,9.8105,9.9483,85293
2024-01-05,FXGAM,9.9182,9.9328,9.8087,9.9066,63673
2024-01-08,FXGAM,9.9181,10.1261,9.8443,10.1050,86664
2024-01-09,FXGAM,10.0568,10.1027,9.8932,9.8956,31378
2024-01-10,FXGAM,9.8883,10.0440,9.8876,10.0113,36659
2024-01-11,FXGAM,9.9836,10.0335,9.8687,9.9375,51500
2024-01-12,FXGAM,9.9993,10.0007,9.8728,9.9046,98557
2024-01-15,FXGAM,9.9080,10.0910,9.8831,10.0590,24501
2024-01-16,FXGAM,10.1002,10.1816,10.0569,10.1211,98112
2024-01-17,FXGAM,10.0801,10.2255,10.0658,10.1631,57777
2024-01-18,FXGAM,10.2384,10.2735,10.1137,10.1304,94521
2024-01-19,FXGAM,10.0738,10.2242,10.0454,10.1976,64420
2024-01-22,FXGAM,10.2089,10.2136,10.1945,10.1976,44529
2024-01-23,FXGAM,10.2338,10.2494,10.1167,10.1269,70966
2024-01-24,FXGAM,10.1465,10.1490,10.0669,10.1238,58439
2024-01-25,FXGAM,10.1161,10.1272,9.8480,9.8759,70673
2024-01-26,FXGAM,9.9108,10.2089,9.8902,10.1819,25196
2024-01-29,FXGAM,10.1863,10.2297,10.1574,10.1756,72341
2024-01-30,FXGAM,10.1959,10.2903,10.1547,10.2818,20221
2024-01-31,FXGAM,10.2487,10.2710,10.0741,10.1163,29708
2024-02-01,FXGAM,10.1435,10.2150,10.1152,10.1168,36533
2024-02-02,FXGAM,10.0718,10.2408,10.0139,10.2098,81530
2024-02-05,FXGAM,10.1976,10.4554,10.1380,10.4181,60915
2024-02-06,FXGAM,10.4078,10.6470,10.4047,10.5552,66833
2024-02-07,FXGAM,10.5673,10.6904,10.5289,10.6793,71080
2024-02-08,FXGAM,10.5936,10.8291,10.5566,10.7561,68379
2024-02-09,FXGAM,10.7220,10.9209,10.7187,10.8933,67951
2024-02-12,FXGAM,10.8885,10.9332,10.8201,10.8740,72867
2024-02-13,FXGAM,10.8704,10.9333,10.8418,10.8904,52259
2024-02-14,FXGAM,10.8473,11.1534,10.8343,11.1340,35113
2024-02-15,FXGAM,11.0864,11.1018,10.9565,10.9795,57541
2024-02-16,FXGAM,10.9189,10.9492,10.7909,10.8252,34735
2024-02-19,FXGAM,10.8748,10.8990,10.8421,10.8530,73921
2024-02-20,FXGAM,10.8485,10.8833,10.6960,10.7889,84820
2024-02-21,FXGAM,10.7376,11.2523,10.7298,11.2095,74994
2024-02-22,FXGAM,11.2151,11.3698,11.1950,11.3271,34264
2024-02-23,FXGAM,11.3844,11.4313,11.3614,11.4162,37856
2024-02-26,FXGAM,11.4087,11.4289,11.1649,11.1680,61970
2024-02-27,FXGAM,11.1816,11.2374,11.0840,11.2241,26839
2024-02-28,FXGAM,11.1589,11.1629,11.0501,11.0937,36961
2024-02-29,FXGAM,11.0432,11.0495,10.7394,10.8288,43960
2024-03-01,FXGAM,10.8741,10.9784,10.8497,10.9395,49125
2024-03-04,FXGAM,10.9665,11.0864,10.9453,11.0793,78624
2024-03-05,FXGAM,11.1089,11.1226,10.9896,11.0234,49790
2024-03-06,FXGAM,11.0307,11.0419,10.9494,10.9535,42413
2024-03-07,FXGAM,10.9154,11.0421,10.8788,11.0167,71763
2024-03-08,FXGAM,11.0877,11.3036,11.0273,11.2821,24044
2024-03-11,FXGAM,11.3085,11.3604,11.0687,11.0845,70862
2024-03-12,FXGAM,11.1152,11.1657,11.0072,11.0308,35838
2024-03-13,FXGAM,11.0260,11.0481,10.6413,10.7577,83253
2024-03-14,FXGAM,10.7409,10.7919,10.6448,10.6931,78879
2024-03-15,FXGAM,10.6665,10.8558,10.6538,10.8391,52032
2024-03-18,FXGAM,10.8204,10.9191,10.8026,10.8801,80385
2024-03-19,FXGAM,10.8310,11.0862,10.7539,11.0201,97239
2024-03-20,FXGAM,11.0258,11.1437,10.9768,11.1360,89213
2024-03-21,FXGAM,11.0906,11.4457,11.0659,11.4243,73986
2024-03-22,FXGAM,11.4096,11.5042,11.3504,11.4405,21569
2024-03-25,FXGAM,11.4396,12.1332,11.3531,12.0171,99474
2024-03-26,FXGAM,11.9332,12.7685,11.9171,12.7401,85055
2024-03-27,FXGAM,12.7777,13.2025,12.7526,13.1356,34477
2024-03-28,FXGAM,13.1476,13.2708,13.1129,13.2667,27924
2024-03-29,FXGAM,13.2897,13.5229,13.2857,13.4912,91710
2024-04-01,FXGAM,13.5567,13.6039,13.1431,13.1626,83734
2024-04-02,FXGAM,13.1196,13.1355,13.0962,13.1228,70063
2024-04-03,FXGAM,13.0526,13.5166,13.0367,13.4804,79059
2024-04-04,FXGAM,13.4729,13.6227,13.2611,13.3128,72573
2024-04-05,FXGAM,13.2585,13.3151,12.8993,12.9765,53119
2024-04-08,FXGAM,12.9409,12.9842,12.8482,12.8582,79203
2024-04-09,FXGAM,12.7446,12.9704,12.7178,12.9622,81808
2024-04-10,FXGAM,13.0177,13.0263,12.8626,12.9133,68032
2024-04-11,FXGAM,12.9058,13.2997,12.8319,13.1309,64241
2024-04-12,FXGAM,13.2003,13.2629,13.0318,13.1036,33987
2024-04-15,FXGAM,13.0529,13.5695,12.9614,13.5171,77296
2024-04-16,FXGAM,13.4778,13.5953,13.4139,13.5661,58780
2024-04-17,FXGAM,13.5420,13.5671,13.2611,13.4046,25882
2024-04-18,FXGAM,13.2760,13.5306,13.2265,13.5292,72667
2024-04-19,FXGAM,13.5425,13.9198,13.5220,13.8604,84510
2024-04-22,FXGAM,13.8351,14.0488,13.7651,14.0348,76350
2024-04-23,FXGAM,14.0173,14.1201,13.9572,14.0866,64449
2024-04-24,FXGAM,14.1345,14.2269,14.0324,14.0421,80002
2024-04-25,FXGAM,13.9661,14.0405,13.8794,13.9111,91708
2024-04-26,FXGAM,13.9403,13.9508,13.8636,13.9112,48639
2024-04-29,FXGAM,13.9415,13.9672,13.9032,13.9331,20471
2024-04-30,FXGAM,13.8259,13.9770,13.8185,13.9637,97194
2024-05-01,FXGAM,13.9980,14.0403,13.5795,13.6409,63187
2024-05-02,FXGAM,13.6661,13.8479,13.6553,13.8472,89301
2024-05-03,FXGAM,13.8842,13.9029,13.8305,13.8498,31985
2024-05-06,FXGAM,13.8072,14.4217,13.7848,14.3739,65677
2024-05-07,FXGAM,14.4239,14.5035,14.2625,14.2900,21687
2024-05-08,FXGAM,14.2711,14.3114,14.0281,14.0402,44637
2024-05-09,FXGAM,14.1150,14.5530,14.1046,14.5002,32068
2024-05-10,FXGAM,14.4928,14.5311,14.1740,14.2756,29614
2024-05-13,FXGAM,14.3010,14.3216,14.1676,14.1887,52085
2024-05-14,FXGAM,14.0870,14.3664,13.9874,14.3260,30312
2024-05-15,FXGAM,14.3138,14.4798,14.2983,14.4238,75036
2024-05-16,FXGAM,14.3875,14.6382,14.3196,14.5829,60867
2024-05-17,FXGAM,14.5975,14.8324,14.5357,14.7149,82830
2024-05-20,FXGAM,14.7192,14.7375,14.6820,14.7347,51676
2024-05-21,FXGAM,14.8086,14.8199,14.6028,14.7330,70845
2024-05-22,FXGAM,14.7446,14.8308,14.5366,14.5454,42710
2024-05-23,FXGAM,14.4629,14.8629,14.4426,14.8591,41232
2024-05-24,FXGAM,14.8843,15.1750,14.7937,15.1597,30748
2024-05-27,FXGAM,15.1637,15.2857,15.0977,15.2759,81559
2024-05-28,FXGAM,15.2280,15.3262,14.8346,14.8838,93786
2024-05-29,FXGAM,14.9055,15.0807,14.8613,15.0749,90758
2024-05-30,FXGAM,15.0181,15.3253,14.9877,15.2272,53590
2024-05-31,FXGAM,15.1979,15.2506,15.0637,15.1479,53151
2024-06-03,FXGAM,15.1118,15.1324,15.0718,15.1079,23753
2024-06-04,FXGAM,15.1098,15.4352,15.0760,15.3747,23570
2024-06-05,FXGAM,15.3854,15.3932,15.2683,15.3223,61863
2024-06-06,FXGAM,15.2780,15.4799,15.2053,15.4211,75148
2024-06-07,FXGAM,15.3486,15.6968,15.3251,15.6943,25738
2024-06-10,FXGAM,15.7242,15.9654,15.7143,15.8723,63991
2024-06-11,FXGAM,15.8556,16.0858,15.8253,16.0217,95175
2024-06-12,FXGAM,15.9867,16.0774,15.5590,15.6296,88052
2024-06-13,FXGAM,15.7595,15.8148,15.4922,15.5100,89582
2024-06-14,FXGAM,15.4139,15.5272,15.3751,15.5142,99178
2024-06-17,FXGAM,15.5475,15.5646,15.2032,15.2512,99181
2024-06-18,FXGAM,15.2075,15.2583,15.1104,15.1698,76024
2024-06-19,FXGAM,15.1238,15.3472,15.0873,15.2274,33128
2024-06-20,FXGAM,15.3300,15.3822,15.1670,15.2225,43358
2024-06-21,FXGAM,15.1951,15.3269,15.1081,15.2770,38688
2024-06-24,FXGAM,15.2517,15.7039,15.1898,15.6824,25669
2024-06-25,FXGAM,15.6175,15.6216,15.2466,15.2997,24448
2024-06-26,FXGAM,15.3396,15.3651,15.1695,15.2256,93574
2024-06-27,FXGAM,15.2730,15.7299,15.1812,15.5902,67859
2024-06-28,FXGAM,15.5374,15.9838,15.5363,15.9730,58805
2024-07-01,FXGAM,15.9866,16.1322,15.9355,16.0784,65615
2024-07-02,FXGAM,16.0336,16.4266,16.0274,16.4191,58136
2024-07-03,FXGAM,16.3655,16.4138,16.2834,16.3269,39420
2024-07-04,FXGAM,16.3003,16.4577,16.2332,16.2680,84615
2024-07-05,FXGAM,16.2856,16.7167,16.2549,16.7080,95067
2024-07-08,FXGAM,16.7283,16.7843,16.5905,16.6183,21218
2024-07-09,FXGAM,16.6778,16.8644,16.5770,16.8560,89599
2024-07-10,FXGAM,16.7725,16.8011,16.2342,16.2911,60203
2024-07-11,FXGAM,16.1903,16.6751,16.1754,16.6707,60467
2024-07-12,FXGAM,16.6806,16.9868,16.6777,16.8556,72593
2024-07-15,FXGAM,16.8744,16.8945,16.7796,16.8365,56574
2024-07-16,FXGAM,16.9222,17.2438,16.8291,17.2372,72820
2024-07-17,FXGAM,17.2984,17.3167,17.0219,17.0696,36908
2024-07-18,FXGAM,17.0811,17.1654,16.9248,17.0053,85920
2024-07-19,FXGAM,16.8907,16.9165,16.6827,16.6902,27975
2024-07-22,FXGAM,16.7432,17.1008,16.7390,17.0900,98483
2024-07-23,FXGAM,17.1672,17.4760,17.1364,17.3951,33174
2024-07-24,FXGAM,17.4058,17.4147,17.1988,17.2271,57815
2024-07-25,FXGAM,17.1420,17.1802,16.9222,16.9255,35612
2024-07-26,FXGAM,16.8430,17.0216,16.8099,16.9486,77314
2024-07-29,FXGAM,17.0913,17.1076,16.7773,16.8317,95638
2024-07-30,FXGAM,16.8457,16.8609,16.3702,16.4594,75604
2024-07-31,FXGAM,16.5097,16.6708,16.4461,16.5918,76530
2024-08-01,FXGAM,16.5989,16.6139,16.5161,16.5267,50218
2024-08-02,FXGAM,16.5905,16.8318,16.4352,16.8065,90811
2024-08-05,FXGAM,16.8211,16.9565,16.7563,16.9349,55926
2024-08-06,FXGAM,16.8379,16.9580,16.7834,16.9146,37173
2024-08-07,FXGAM,16.9921,16.9948,16.5201,16.6397,63467
2024-08-08,FXGAM,16.6817,16.7959,16.5763,16.7114,60497
2024-08-09,FXGAM,16.7048,17.2232,16.6682,17.1390,35273
2024-08-12,FXGAM,17.0819,17.4908,17.0800,17.4432,55757
2024-08-13,FXGAM,17.4486,17.4762,16.4836,16.5129,80403
2024-08-14,FXGAM,16.5915,16.6014,16.2464,16.2600,71318
2024-08-15,FXGAM,16.2750,16.3163,16.1761,16.1795,46837
2024-08-16,FXGAM,16.2138,16.3146,16.1076,16.1300,69395
2024-08-19,FXGAM,16.1333,16.1392,16.0313,16.1028,81320
2024-08-20,FXGAM,16.0759,16.1779,15.8582,15.9398,55635
2024-08-21,FXGAM,15.9728,16.0743,15.9646,16.0206,75711
2024-08-22,FXGAM,16.1256,16.1811,15.5916,15.5983,40405
2024-08-23,FXGAM,15.5808,15.6471,15.5403,15.6051,49855
2024-08-26,FXGAM,15.5778,16.0954,15.5450,16.0384,95986
2024-08-27,FXGAM,16.0365,16.3033,16.0085,16.2849,72217
2024-08-28,FXGAM,16.3162,16.3981,16.0815,16.1125,83230
2024-08-29,FXGAM,16.0784,16.1678,15.7623,15.8569,47578
2024-08-30,FXGAM,15.7938,16.2525,15.7649,16.1238,95749
2024-09-02,FXGAM,16.0567,16.1135,15.4024,15.4901,31568
2024-09-03,FXGAM,15.5026,15.5536,15.3536,15.4176,33077
2024-09-04,FXGAM,15.3924,15.4019,15.0662,15.1227,32848
2024-09-05,FXGAM,15.0991,15.3336,14.9912,15.2892,44207
2024-09-06,FXGAM,15.1809,15.2305,15.0828,15.1840,35497
2024-09-09,FXGAM,15.1001,15.5770,15.0098,15.4860,27892
2024-09-10,FXGAM,15.5025,15.5191,15.2064,15.3408,26209
2024-09-11,FXGAM,15.2905,15.4571,15.1822,15.4259,28100
2024-09-12,FXGAM,15.3436,15.6162,15.3123,15.6056,98033
2024-09-13,FXGAM,15.6216,16.1827,15.5199,16.1633,50620
2024-09-16,FXGAM,16.1919,16.5304,16.1595,16.5093,33117
2024-09-17,FXGAM,16.4323,16.6212,16.3909,16.6134,33397
2024-09-18,FXGAM,16.6651,17.0322,16.6481,16.9757,53344
2024-09-19,FXGAM,17.0444,17.3319,17.0087,17.2843,39476
2024-09-20,FXGAM,17.2480,17.5705,17.2209,17.4589,85093
2024-09-23,FXGAM,17.5568,17.6432,17.1041,17.1162,85843
2024-09-24,FXGAM,17.0068,17.1866,16.8729,16.8821,81514
2024-09-25,FXGAM,16.9188,17.0343,16.6104,16.7415,37279
2024-09-26,FXGAM,16.7513,16.8159,16.3279,16.4142,68491
2024-09-27,FXGAM,16.3641,16.4409,16.0403,16.1684,81013
2024-09-30,FXGAM,16.0987,16.5691,16.0448,16.4859,93888
2024-10-01,FXGAM,16.4571,16.5170,16.4488,16.4840,23422
2024-10-02,FXGAM,16.4211,16.7439,16.4040,16.6208,94949
2024-10-03,FXGAM,16.5843,16.6847,16.5769,16.6281,95065
2024-10-04,FXGAM,16.7296,16.9929,16.6747,16.9284,30626
2024-10-07,FXGAM,16.9884,17.0583,16.3290,16.3672,99620
2024-10-08,FXGAM,16.3480,16.3809,15.5319,15.5763,67670
2024-10-09,FXGAM,15.6010,15.6920,15.5648,15.5965,25088
2024-10-10,FXGAM,15.7020,15.7362,15.5369,15.6420,70905
2024-10-11,FXGAM,15.7387,15.7426,15.5199,15.5868,38569
2024-10-14,FXGAM,15.6009,15.6223,15.4355,15.4376,94494
2024-10-15,FXGAM,15.5329,15.5369,15.3020,15.3859,64136
2024-10-16,FXGAM,15.3103,15.4975,15.2533,15.3979,95191
2024-10-17,FXGAM,15.3887,15.4308,14.8150,14.8316,85763
2024-10-18,FXGAM,14.8450,15.2632,14.7582,15.2018,46091
2024-10-21,FXGAM,15.2695,15.3045,15.2414,15.2976,94303
2024-10-22,FXGAM,15.2849,15.5442,15.2315,15.4885,59062
2024-10-23,FXGAM,15.4144,15.6397,15.3179,15.6101,28348
2024-10-24,FXGAM,15.5330,15.5554,15.5216,15.5309,21553
2024-10-25,FXGAM,15.6423,16.1582,15.5961,15.9990,26225
2024-10-28,FXGAM,15.9540,15.9861,15.5544,15.5595,53386
2024-10-29,FXGAM,15.4831,15.7270,15.4235,15.6959,91316
2024-10-30,FXGAM,15.6746,15.7518,15.5955,15.6522,84759
2024-10-31,FXGAM,15.7491,15.8623,15.4874,15.5573,55175
2024-11-01,FXGAM,15.5626,15.6620,15.3212,15.4430,42357
2024-11-04,FXGAM,15.4567,15.5072,15.1995,15.2539,37403
2024-11-05,FXGAM,15.2887,15.3736,15.1710,15.3113,45670
2024-11-06,FXGAM,15.4118,15.5687,15.3345,15.5516,96905
2024-11-07,FXGAM,15.5829,15.7075,15.3043,15.3523,33588
2024-11-08,FXGAM,15.2124,15.7735,15.2081,15.7479,68488
2024-11-11,FXGAM,15.7405,15.8360,15.4950,15.5393,81069
2024-11-12,FXGAM,15.4567,15.5076,15.4359,15.5018,36655
2024-11-13,FXGAM,15.4449,15.8574,15.4098,15.8115,64305
2024-11-14,FXGAM,15.8274,15.8607,15.5813,15.6080,92904
2024-11-15,FXGAM,15.6743,15.8343,15.6302,15.7853,63177
2024-11-18,FXGAM,15.9347,15.9580,15.5948,15.6405,23743
2024-11-19,FXGAM,15.6821,15.7078,15.6709,15.7075,46595
2024-11-20,FXGAM,15.7459,15.7839,15.4851,15.5641,50964
2024-11-21,FXGAM,15.6549,15.7210,15.5013,15.5453,78784
2024-11-22,FXGAM,15.5851,15.6129,15.5416,15.5564,42812
2024-11-25,FXGAM,15.5154,15.6436,15.4316,15.5914,42167
2024-11-26,FXGAM,15.6010,15.6042,15.4617,15.5258,24223
2024-11-27,FXGAM,15.5417,15.6647,15.5269,15.6215,88145
2024-11-28,FXGAM,15.5478,15.7887,15.4269,15.7183,86878
2024-11-29,FXGAM,15.8187,15.9156,15.7515,15.9148,56732
2024-12-02,FXGAM,16.0226,16.3852,15.9935,16.3210,56171
2024-12-03,FXGAM,16.2620,16.8445,16.2097,16.7772,63145
2024-12-04,FXGAM,16.8700,17.1835,16.7708,17.1192,33957
2024-12-05,FXGAM,17.0850,17.2311,17.0478,17.1745,58028
2024-12-06,FXGAM,17.1059,17.1947,17.0459,17.1120,50226
2024-12-09,FXGAM,17.2785,17.3551,17.0445,17.0986,38919
2024-12-10,FXGAM,16.9930,17.0206,16.8819,16.9677,26092
2024-12-11,FXGAM,17.0180,17.0566,16.5852,16.6646,78619
2024-12-12,FXGAM,16.7135,16.8877,16.6384,16.7936,58508
2024-12-13,FXGAM,16.8332,16.9395,16.6990,16.7158,89210
2024-12-16,FXGAM,16.7342,16.8089,16.5045,16.5364,65740
2024-12-17,FXGAM,16.4136,16.8971,16.3153,16.8138,83070
2024-12-18,FXGAM,16.7501,17.2650,16.6934,17.2093,53858
2024-12-19,FXGAM,17.2481,17.8183,17.2351,17.6168,65480
2024-12-20,FXGAM,17.6303,17.6710,17.4825,17.5176,41267
2024-12-23,FXGAM,17.4423,17.9008,17.2737,17.8174,70429
2024-12-24,FXGAM,17.8615,18.0552,17.5995,17.6274,57535
2024-12-25,FXGAM,17.5731,17.6997,17.5646,17.6682,57982
2024-12-26,FXGAM,17.7196,18.1658,17.5417,18.1110,98565
2024-12-27,FXGAM,18.0308,18.1224,17.8549,17.8815,96409
2024-12-30,FXGAM,17.9697,18.0451,17.7889,17.8450,89594
2024-12-31,FXGAM,17.8812,18.0909,17.8012,18.0251,40920
2025-01-01,FXGAM,18.0281,18.5945,18.0098,18.4603,89604
2025-01-02,FXGAM,18.6260,19.0661,18.5744,18.9652,33014
2025-01-03,FXGAM,18.9367,19.5341,18.9038,19.4850,55617
2025-01-06,FXGAM,19.5729,19.6323,19.4065,19.4265,37883
2025-01-07,FXGAM,19.3751,19.4875,18.8068,18.9471,20454
2025-01-08,FXGAM,19.0455,19.0711,18.7023,18.7715,94402
2025-01-09,FXGAM,18.6285,18.8878,18.6284,18.8754,50317
2025-01-10,FXGAM,18.8264,18.8866,18.7329,18.8687,59152
2025-01-13,FXGAM,18.9827,19.0936,18.6791,18.8662,51126
2025-01-14,FXGAM,18.8216,19.3842,18.6915,19.3129,67375
2025-01-15,FXGAM,19.1832,19.4933,19.1210,19.4019,60500
2025-01-16,FXGAM,19.4658,19.4752,18.8630,19.0590,22695
2025-01-17,FXGAM,19.1538,19.1563,18.8076,18.8765,73242
2025-01-20,FXGAM,18.9081,18.9326,18.6821,18.7331,76073
2025-01-21,FXGAM,18.7312,19.2487,18.6719,19.1581,70501
2025-01-22,FXGAM,19.2397,19.2775,18.8391,18.8954,42215
2025-01-23,FXGAM,19.0216,19.0260,18.7582,18.8836,20350
2025-01-24,FXGAM,18.8682,19.4964,18.8240,19.3747,43335
2025-01-27,FXGAM,19.3637,19.5587,19.1716,19.2168,74990
2025-01-28,FXGAM,19.1429,19.4873,19.0386,19.4459,27921
2025-01-29,FXGAM,19.3359,19.4612,19.1515,19.4265,72676
2025-01-30,FXGAM,19.3768,19.6498,19.3434,19.6328,70802
2025-01-31,FXGAM,19.7049,19.7783,19.3931,19.4120,26912
2025-02-03,FXGAM,19.5407,19.5943,19.0926,19.3073,47085
2025-02-04,FXGAM,19.3689,19.4810,19.1650,19.1930,57834
2025-02-05,FXGAM,19.3060,19.3563,18.8571,18.9564,73376
2025-02-06,FXGAM,18.9608,19.0226,18.4693,18.4859,71702
2025-02-07,FXGAM,18.3637,18.4270,17.8595,17.9058,98836
2025-02-10,FXGAM,17.9009,18.5483,17.7987,18.5300,72437
2025-02-11,FXGAM,18.5401,18.5949,18.2643,18.3672,92757
2025-02-12,FXGAM,18.3955,18.8746,18.3568,18.8358,38347
2025-02-13,FXGAM,18.7566,18.7798,18.6840,18.7278,65188
2025-02-14,FXGAM,18.7363,18.7805,18.5925,18.6083,82268
2025-02-17,FXGAM,18.4856,18.9282,18.4206,18.8735,30887
2025-02-18,FXGAM,18.9109,19.1657,18.8576,19.1535,80658
2025-02-19,FXGAM,19.2312,19.2852,19.1217,19.2049,36825
2025-02-20,FXGAM,19.1909,19.6780,19.0294,19.5984,32329
2025-02-21,FXGAM,19.6314,19.7314,19.1587,19.2020,95780
2025-02-24,FXGAM,19.2431,19.2769,18.7902,18.7909,21507
2025-02-25,FXGAM,18.7945,19.1248,18.7727,19.0633,98257
2025-02-26,FXGAM,19.0070,19.8554,18.9831,19.7950,30660
2025-02-27,FXGAM,19.6719,19.9800,19.6172,19.8319,64387
2025-02-28,FXGAM,19.8973,19.9704,19.4286,19.5080,52910
2025-03-03,FXGAM,19.4256,20.1314,19.2719,20.0986,70023
2025-03-04,FXGAM,20.1151,20.1838,19.8135,19.8925,83035
2025-03-05,FXGAM,20.0006,20.4091,19.8789,20.3958,70017
2025-03-06,FXGAM,20.5152,20.5312,19.8837,19.9156,75379
2025-03-07,FXGAM,19.9487,20.0193,19.8808,19.9656,44162
2025-03-10,FXGAM,19.9855,20.0123,19.3927,19.4215,32457
2025-03-11,FXGAM,19.3036,19.5853,19.2982,19.4883,41305
2025-03-12,FXGAM,19.5321,19.5983,18.8698,18.9140,24428
2025-03-13,FXGAM,18.9339,19.0495,18.8147,18.8611,45858
2025-03-14,FXGAM,18.8132,19.4051,18.8086,19.3884,91211
2025-03-17,FXGAM,19.3257,19.7751,19.2339,19.6959,24609
2025-03-18,FXGAM,19.6901,20.1212,19.5888,20.0977,42485
2025-03-19,FXGAM,20.2233,20.2552,20.0950,20.2158,78540
2025-03-20,FXGAM,20.1002,20.7539,19.9384,20.6697,26603
2025-03-21,FXGAM,20.6028,20.8141,20.5753,20.8052,45795
2025-03-24,FXGAM,20.9453,20.9496,20.5980,20.6540,32279
2025-03-25,FXGAM,20.6794,20.7697,20.3395,20.3463,44516
2025-03-26,FXGAM,20.3687,20.4512,20.3009,20.4051,37393
2025-03-27,FXGAM,20.3525,20.5819,20.3079,20.5535,72948
2025-03-28,FXGAM,20.5421,20.9446,20.5360,20.8847,29557
2025-03-31,FXGAM,20.9195,21.0361,20.4242,20.4560,87820
2025-04-01,FXGAM,20.5781,20.6423,20.4489,20.5110,27668
2025-04-02,FXGAM,20.4644,20.6945,19.9397,19.9942,54043
2025-04-03,FXGAM,20.1507,20.4275,20.1098,20.3529,50986
2025-04-04,FXGAM,20.3895,20.4720,20.2314,20.2984,66432
2025-04-07,FXGAM,20.3625,20.8630,20.3269,20.7999,84304
2025-04-08,FXGAM,20.7366,21.9014,20.6492,21.8806,45427
2025-04-09,FXGAM,21.7554,21.7667,20.7996,20.8009,81206
2025-04-10,FXGAM,20.8337,20.8965,20.1918,20.2475,58340
2025-04-11,FXGAM,20.3190,20.4199,20.1963,20.3200,49399
2025-04-14,FXGAM,20.3476,20.3773,19.9917,20.1413,38555
2025-04-15,FXGAM,20.0880,20.1336,19.7259,19.7788,81236
2025-04-16,FXGAM,19.8115,20.2641,19.7868,20.1521,94517
2025-04-17,FXGAM,20.1340,20.3216,19.9608,20.0338,80186
2025-04-18,FXGAM,20.0587,20.0806,19.5559,19.6290,46517
2025-04-21,FXGAM,19.5321,19.7421,19.4094,19.7375,70466
2025-04-22,FXGAM,19.7316,20.3902,19.6637,20.2837,61432
2025-04-23,FXGAM,20.2997,20.3580,20.1382,20.2489,63934
2025-04-24,FXGAM,20.2899,20.7849,20.0849,20.7793,86562
2025-04-25,FXGAM,20.7862,21.3739,20.7282,21.2455,78990
2025-04-28,FXGAM,21.0981,21.1649,20.9282,20.9733,80575
2025-04-29,FXGAM,21.0964,21.1992,20.9495,20.9585,74069
2025-04-30,FXGAM,21.1602,21.1697,20.8035,20.9041,55600
2025-05-01,FXGAM,20.9989,21.6793,20.9637,21.5939,31181
2025-05-02,FXGAM,21.6230,21.6804,21.3144,21.4445,25505
2025-05-05,FXGAM,21.3633,21.3938,21.2105,21.2943,82777
2025-05-06,FXGAM,21.4012,21.4530,20.7402,20.9549,58630
2025-05-07,FXGAM,20.8388,21.7997,20.8031,21.7280,66806
2025-05-08,FXGAM,21.7228,22.1542,21.7124,22.0975,68520
2025-05-09,FXGAM,22.1017,22.2231,21.5793,21.7253,40614
2025-05-12,FXGAM,21.7044,21.8085,21.4095,21.5076,67169
2025-05-13,FXGAM,21.4708,21.5198,21.1683,21.2275,49291
2025-05-14,FXGAM,21.1168,21.1998,20.8498,20.8564,60545
2025-05-15,FXGAM,20.6831,21.1886,20.5944,21.1254,25398
2025-05-16,FXGAM,21.0781,21.1829,21.0591,21.1534,33022
2025-05-19,FXGAM,21.1087,21.1342,21.0214,21.1188,67226
2025-05-20,FXGAM,21.0148,21.1225,20.8844,20.9075,24090
2025-05-21,FXGAM,21.0558,21.1548,20.9853,21.1505,80318
2025-05-22,FXGAM,21.1617,21.4107,21.1111,21.3235,54111
2025-05-23,FXGAM,21.4486,21.5199,21.3447,21.4315,29084
2025-05-26,FXGAM,21.3468,21.4576,20.9283,20.9296,88602
2025-05-27,FXGAM,20.8790,20.9569,20.7538,20.8102,23080
2025-05-28,FXGAM,20.6838,20.7863,20.4047,20.4860,51312
2025-05-29,FXGAM,20.4540,20.7592,20.4181,20.7069,94794
2025-05-30,FXGAM,20.5640,20.6485,20.3119,20.3293,94591
2025-06-02,FXGAM,20.3248,20.3611,19.9819,20.0400,84402
2025-06-03,FXGAM,20.0163,20.1560,19.6796,19.7431,46228
2025-06-04,FXGAM,19.6332,19.7812,19.2388,19.2518,55018
2025-06-05,FXGAM,19.1133,19.1429,19.0716,19.1234,85025
2025-06-06,FXGAM,19.2371,19.2373,18.9652,19.0040,83170
2025-06-09,FXGAM,18.8258,18.9157,18.4750,18.5885,61917
2025-06-10,FXGAM,18.5788,18.5952,18.5090,18.5226,65351
2025-06-11,FXGAM,18.4274,18.5324,17.9089,18.1572,45130
2025-06-12,FXGAM,18.1426,18.2716,18.0997,18.1571,54788
2025-06-13,FXGAM,18.1027,18.1826,17.9013,17.9825,36090
2025-06-16,FXGAM,18.0116,18.1010,17.6996,17.7285,77001
2025-06-17,FXGAM,17.7227,18.1222,17.6917,18.0804,32570
2025-06-18,FXGAM,18.0318,18.0505,18.0053,18.0387,38289
2025-06-19,FXGAM,17.9847,18.0206,17.8520,17.9300,43815
2025-06-20,FXGAM,17.9237,18.0966,17.3411,17.4317,96142
2025-06-23,FXGAM,17.2855,17.6670,17.2072,17.6200,52660
2025-06-24,FXGAM,17.5644,17.6343,17.4843,17.6023,83480
2025-06-25,FXGAM,17.7464,18.1311,17.7159,18.1164,32052
2025-06-26,FXGAM,18.0843,18.1905,17.9494,18.1308,53993
2025-06-27,FXGAM,18.1399,18.4875,18.1199,18.4490,49956
2025-06-30,FXGAM,18.3875,18.4252,17.9209,18.0689,50447
2025-07-01,FXGAM,17.8985,18.7999,17.8742,18.7425,38007
2025-07-02,FXGAM,18.7958,18.8330,18.6579,18.6963,91553
2025-07-03,FXGAM,18.7049,18.7169,18.5142,18.5380,66421
2025-07-04,FXGAM,18.6600,19.4193,18.6494,19.3587,61636
2025-07-07,FXGAM,19.3820,19.4702,19.1590,19.2025,71856
2025-07-08,FXGAM,19.3140,19.3616,19.2267,19.3593,56747
2025-07-09,FXGAM,19.3698,19.6475,19.3393,19.6176,35713
2025-07-10,FXGAM,19.6159,19.8359,19.5499,19.8240,69414
2025-07-11,FXGAM,19.7735,20.2055,19.7509,20.0964,89660
2025-07-14,FXGAM,20.0039,20.0916,19.7376,19.8253,57862
2025-07-15,FXGAM,19.9422,20.3117,19.8949,20.2671,68037
2025-07-16,FXGAM,20.2773,20.3041,20.0815,20.0911,46396
2025-07-17,FXGAM,19.9915,20.5988,19.9420,20.5762,86746
2025-07-18,FXGAM,20.5404,20.6738,20.2211,20.3056,45415
2025-07-21,FXGAM,20.2425,21.1582,20.2008,21.0511,22817
2025-07-22,FXGAM,21.1960,21.4595,21.0893,21.3875,32237
2025-07-23,FXGAM,21.3818,21.4832,21.1648,21.1934,31443
2025-07-24,FXGAM,21.2779,21.2796,20.6217,20.7501,55450
2025-07-25,FXGAM,20.6937,21.2778,20.6000,21.1924,96317
2025-07-28,FXGAM,21.3347,21.3561,20.7817,20.8888,26877
2025-07-29,FXGAM,20.7393,21.0447,20.7228,21.0142,55938
2025-07-30,FXGAM,20.9310,21.0709,20.7608,21.0668,23420
2025-07-31,FXGAM,21.1162,21.1302,20.5420,20.5424,53243
2025-08-01,FXGAM,20.3545,20.5999,20.1131,20.5993,50651
2025-08-04,FXGAM,20.6781,20.9153,20.5428,20.8891,42165
2025-08-05,FXGAM,20.9367,21.1061,20.9245,21.0300,21654
2025-08-06,FXGAM,21.1362,21.1755,20.5353,20.6326,23325
2025-08-07,FXGAM,20.5551,20.5737,20.1148,20.1917,47714
2025-08-08,FXGAM,20.1496,20.3379,19.7484,19.8887,27771
2025-08-11,FXGAM,19.8358,19.9347,19.4923,19.5938,54227
2025-08-12,FXGAM,19.5091,19.8788,19.4660,19.8339,71791
2025-08-13,FXGAM,19.7406,19.8088,19.3231,19.3615,50984
2025-08-14,FXGAM,19.3600,19.4161,19.2053,19.2206,40889
2025-08-15,FXGAM,19.2483,19.3501,19.0602,19.1297,28913
2025-08-18,FXGAM,19.0975,19.2027,19.0897,19.1239,88438
2025-08-19,FXGAM,19.2091,19.2489,19.0561,19.1252,44963
2025-08-20,FXGAM,19.0950,19.0984,18.6768,18.7139,35102
2025-08-21,FXGAM,18.7384,19.1077,18.6662,19.0733,83367
2025-08-22,FXGAM,18.9559,18.9898,18.7199,18.7825,71311
2025-08-25,FXGAM,18.7636,18.9847,18.7459,18.9561,74596
2025-08-26,FXGAM,18.8081,19.3480,18.7975,19.2279,46836
2025-08-27,FXGAM,19.1608,19.7839,19.1500,19.7484,78821
2025-08-28,FXGAM,19.7647,20.1715,19.6062,20.1574,66761
2025-08-29,FXGAM,20.2367,20.6170,20.2060,20.5882,21848
2025-09-01,FXGAM,20.5922,21.0042,20.5770,20.9598,82372
2025-09-02,FXGAM,21.0206,21.1804,20.8881,21.1791,48352
2025-09-03,FXGAM,21.2145,22.1960,21.0436,22.0892,23436
2025-09-04,FXGAM,22.0915,22.1270,21.7711,21.8525,36636
2025-09-05,FXGAM,21.7709,22.3702,21.7640,22.3114,25627
2025-09-08,FXGAM,22.2811,22.3339,21.7022,21.7596,98991
2025-09-09,FXGAM,21.8824,21.9970,21.2751,21.2781,81178
2025-09-10,FXGAM,21.1650,22.1398,21.0655,22.1086,22214
2025-09-11,FXGAM,22.1348,22.1962,21.8919,21.9731,41920
2025-09-12,FXGAM,21.7827,22.2832,21.7821,22.1593,74140
2025-09-15,FXGAM,22.1150,22.6868,22.0972,22.5480,48939
2025-09-16,FXGAM,22.5565,22.7787,22.5500,22.7127,38704
2025-09-17,FXGAM,22.7455,23.2316,22.7155,23.0878,43194
2025-09-18,FXGAM,23.2623,23.2761,22.7490,22.7993,81347
2025-09-19,FXGAM,22.7539,23.1389,22.7299,23.1253,21775
2025-09-22,FXGAM,23.2462,23.3100,23.1511,23.2233,40683
2025-09-23,FXGAM,23.3717,23.5688,23.3368,23.4805,61979
2025-09-24,FXGAM,23.4634,23.6780,23.2176,23.6425,47110
2025-09-25,FXGAM,23.6643,23.6656,23.0851,23.2900,46921
2025-09-26,FXGAM,23.2934,23.4958,23.2913,23.3208,27182
2025-09-29,FXGAM,23.0654,23.1516,22.9672,23.0772,34017
2025-09-30,FXGAM,23.0124,23.2695,22.9953,23.1777,59743
2025-10-01,FXGAM,23.1858,23.4799,23.1554,23.2289,51825
2025-10-02,FXGAM,23.3209,23.5557,23.2594,23.4495,41751
2025-10-03,FXGAM,23.4103,23.7756,23.2305,23.7176,91088
2025-10-06,FXGAM,23.7039,24.2469,23.5915,24.1795,36572
2025-10-07,FXGAM,23.9446,23.9677,23.3709,23.5205,40232
2025-10-08,FXGAM,23.6830,23.7274,23.3078,23.3184,82355
2025-10-09,FXGAM,23.2890,24.1288,23.1871,24.0787,88178
2025-10-10,FXGAM,24.1831,24.2011,23.9710,23.9968,55657
2025-10-13,FXGAM,24.0759,24.3720,23.9985,24.3611,32808
2025-10-14,FXGAM,24.4088,24.7332,24.2230,24.7020,88298
2025-10-15,FXGAM,24.7759,24.8055,24.5561,24.6623,96627
2025-10-16,FXGAM,24.6178,25.3551,24.4921,25.1749,56845
2025-10-17,FXGAM,25.1142,25.1948,24.4747,24.6505,61501
2025-10-20,FXGAM,24.5073,24.7572,24.4258,24.6749,41602
2025-10-21,FXGAM,24.7747,25.1308,24.7351,24.9655,75873
2025-10-22,FXGAM,24.9792,25.1029,24.1721,24.2354,45426
2025-10-23,FXGAM,24.2392,24.7196,24.1152,24.5521,89769
2025-10-24,FXGAM,24.8680,24.8767,24.5075,24.5513,22364
2025-10-27,FXGAM,24.6509,24.7262,24.2300,24.4276,78179
2025-10-28,FXGAM,24.4569,24.7413,24.4285,24.6038,45343
2025-10-29,FXGAM,24.6697,24.6996,23.4201,23.4618,99913
2025-10-30,FXGAM,23.5109,23.6935,23.4311,23.4454,26569
2025-10-31,FXGAM,23.4934,23.6323,23.3419,23.3882,92484
2025-11-03,FXGAM,23.3040,23.3158,23.1568,23.2884,83817
2025-11-04,FXGAM,23.0695,23.1440,22.9309,23.1375,43454
2025-11-05,FXGAM,23.1911,23.4692,23.0349,23.4280,70238
2025-11-06,FXGAM,23.4421,23.4490,23.2648,23.2704,85845
2025-11-07,FXGAM,23.2895,23.6934,23.2279,23.5586,35091
2025-11-10,FXGAM,23.6230,23.7775,22.8964,22.9280,47298
2025-11-11,FXGAM,22.9959,23.4650,22.8336,23.3556,85262
2025-11-12,FXGAM,23.2782,23.3503,22.4008,22.5278,78691
2025-11-13,FXGAM,22.7041,22.7577,22.5153,22.5702,25237
2025-11-14,FXGAM,22.6423,23.2011,22.5625,23.1395,71364
2025-11-17,FXGAM,23.0753,23.6777,22.9923,23.6055,89277
2025-11-18,FXGAM,23.5213,23.7367,23.4092,23.6404,97199
2025-11-19,FXGAM,23.5862,23.6766,23.5282,23.5750,98462
2025-11-20,FXGAM,23.5470,23.6232,23.5431,23.5591,57930
2025-11-21,FXGAM,23.5406,23.6726,23.5154,23.5568,62773
2025-11-24,FXGAM,23.6475,23.9442,23.5234,23.7435,57409
2025-11-25,FXGAM,23.6761,23.7232,23.2135,23.2825,75525
2025-11-26,FXGAM,23.2726,23.3589,23.1623,23.1970,44858
2025-11-27,FXGAM,23.0844,23.1301,22.7658,22.9038,85063
2025-11-28,FXGAM,22.8911,22.9058,22.8714,22.9042,43594
2025-12-01,FXGAM,22.9368,22.9872,21.8365,21.9248,86427
2025-12-02,FXGAM,21.8890,21.9364,21.3577,21.3873,47904
2025-12-03,FXGAM,21.2939,21.4170,21.0481,21.0653,82349
2025-12-04,FXGAM,20.9726,21.3299,20.8488,21.2787,69605
2025-12-05,FXGAM,21.3599,21.5335,21.3207,21.4790,71995
2025-12-08,FXGAM,21.6639,21.6792,20.9372,20.9781,46521
2025-12-09,FXGAM,20.8475,21.5455,20.8418,21.4308,29433
2025-12-10,FXGAM,21.3188,21.9562,21.0947,21.9448,42433
2025-12-11,FXGAM,21.9253,22.1647,21.8897,22.1618,65092
2025-12-12,FXGAM,22.0977,22.1951,21.6494,21.6595,27372
2025-12-15,FXGAM,21.5345,21.6105,21.5205,21.5547,73600
2025-12-16,FXGAM,21.6155,21.7265,21.5565,21.6975,55996
2025-12-17,FXGAM,21.6385,21.8420,21.0165,21.1389,98522
2025-12-18,FXGAM,20.9598,21.1304,20.7174,20.7905,57649
2025-12-19,FXGAM,20.9434,20.9567,20.2148,20.2647,31251
2025-12-22,FXGAM,20.2558,20.3088,19.9600,19.9952,72170
2025-12-23,FXGAM,19.9689,20.1314,19.9052,20.0612,85611
2025-12-24,FXGAM,19.8634,20.4931,19.8385,20.4911,94239
2025-12-25,FXGAM,20.6560,20.7904,20.6136,20.6945,77597
2025-12-26,FXGAM,20.6293,20.6376,20.0352,20.1914,31650
2025-12-29,FXGAM,20.1072,20.2696,20.0703,20.1780,52749
2025-12-30,FXGAM,20.1926,20.2544,20.0605,20.1401,77533
2025-12-31,FXGAM,20.1076,20.7070,20.0621,20.6012,48447
2021-01-04,FXDEL,53.9185,54.1878,52.9655,53.3973,82190
2021-01-05,FXDEL,53.5837,53.8057,53.0453,53.4178,62101
2021-01-06,FXDEL,53.5090,53.6548,52.6190,52.6227,62214
2021-01-07,FXDEL,52.7669,52.8116,51.4650,51.5268,43399
2021-01-08,FXDEL,51.4677,53.3523,51.3005,53.3202,46835
2021-01-11,FXDEL,53.3722,53.5139,52.9004,53.0278,99618
2021-01-12,FXDEL,52.8567,53.0719,52.7517,53.0624,54713
2021-01-13,FXDEL,52.9995,53.0229,52.3524,52.3647,46114
2021-01-14,FXDEL,52.5690,52.8987,52.5523,52.8814,26640
2021-01-15,FXDEL,52.9365,52.9753,52.0290,52.3041,45441
2021-01-18,FXDEL,52.2005,53.4971,51.9447,53.2214,47949
2021-01-19,FXDEL,53.4651,53.5046,51.4177,51.6589,53971
2021-01-20,FXDEL,51.4138,52.5411,51.2938,52.4082,67501
2021-01-21,FXDEL,52.4535,53.2065,52.2445,52.9393,70754
2021-01-22,FXDEL,53.0387,53.8116,52.8885,53.7882,50895
2021-01-25,FXDEL,53.9679,54.1779,52.5373,52.5603,89939
2021-01-26,FXDEL,51.8646,53.2113,51.7410,53.0718,87724
2021-01-27,FXDEL,53.0711,53.0797,52.6973,52.7572,87454
2021-01-28,FXDEL,52.7538,53.5216,52.7008,53.4771,31242
2021-01-29,FXDEL,53.2406,53.5800,51.5588,51.9386,90381
2021-02-01,FXDEL,51.9834,52.9919,51.8897,52.9770,41101
2021-02-02,FXDEL,53.2366,54.5906,53.0687,54.2319,79345
2021-02-03,FXDEL,54.4396,54.5001,53.2469,53.7099,98628
2021-02-04,FXDEL,53.6367,54.5817,53.5277,54.4309,64630
2021-02-05,FXDEL,54.6784,54.8346,53.6111,53.8097,98198
2021-02-08,FXDEL,53.7569,54.3474,53.7180,54.2794,24862
2021-02-09,FXDEL,54.0993,54.5307,54.0330,54.0935,57111
2021-02-10,FXDEL,54.0252,54.7502,53.9749,54.6258,87183
2021-02-11,FXDEL,54.6823,55.3567,54.6665,55.3251,20113
2021-02-12,FXDEL,55.5565,55.9188,55.0842,55.3925,83077
2021-02-15,FXDEL,55.0895,55.8662,54.9592,55.8528,54373
2021-02-16,FXDEL,56.0888,56.1034,54.7766,54.9284,69320
2021-02-17,FXDEL,54.8447,56.2201,54.6391,55.7356,56676
2021-02-18,FXDEL,55.6602,55.6780,55.3564,55.5576,30890
2021-02-19,FXDEL,55.6693,55.7167,54.8935,55.2415,58747
2021-02-22,FXDEL,55.4210,55.4233,54.6901,54.7271,26373
2021-02-23,FXDEL,54.8731,55.1716,53.9913,54.0975,50172
2021-02-24,FXDEL,54.0653,54.7943,54.0432,54.4373,36272
2021-02-25,FXDEL,54.6926,55.8827,54.4618,55.6654,99615
2021-02-26,FXDEL,55.2864,55.6929,54.9051,55.6342,62802
2021-03-01,FXDEL,55.8006,56.3274,55.7904,55.9886,42551
2021-03-02,FXDEL,56.2131,56.4180,55.0856,55.1947,71723
2021-03-03,FXDEL,55.3397,55.7391,55.1018,55.1438,70267
2021-03-04,FXDEL,55.1576,55.8697,55.1386,55.6773,70262
2021-03-05,FXDEL,55.4301,56.0993,55.2822,56.0340,64035
2021-03-08,FXDEL,56.2336,56.2980,54.7071,54.9520,43831
2021-03-09,FXDEL,54.7615,56.0037,54.4446,55.8298,58183
2021-03-10,FXDEL,56.0170,56.8364,55.9849,56.5377,23519
2021-03-11,FXDEL,56.2545,56.4023,55.9122,56.3222,83740
2021-03-12,FXDEL,56.2771,56.4550,56.1483,56.1639,85293
2021-03-15,FXDEL,56.0935,56.2037,53.6184,53.6644,31242
2021-03-16,FXDEL,53.6089,54.3431,53.2780,54.1983,35772
2021-03-17,FXDEL,54.5063,54.7150,53.9480,54.0001,69571
2021-03-18,FXDEL,53.6857,53.9925,53.3030,53.3245,33104
2021-03-19,FXDEL,53.1212,53.6229,52.9612,53.4233,45697
2021-03-22,FXDEL,53.8030,53.8069,53.3202,53.4442,59221
2021-03-23,FXDEL,53.3835,53.4470,53.1816,53.2439,37811
2021-03-24,FXDEL,52.7519,53.6599,52.7334,53.4771,86791
2021-03-25,FXDEL,53.4240,53.4435,53.1307,53.3521,86099
2021-03-26,FXDEL,53.1193,53.1585,52.5025,52.6639,20604
2021-03-29,FXDEL,52.5048,52.5540,52.3850,52.4565,36694
2021-03-30,FXDEL,52.6055,52.6978,51.1000,51.4599,37817
2021-03-31,FXDEL,51.4545,51.5731,50.7016,50.7554,42656
2021-04-01,FXDEL,50.5545,51.1483,50.3689,51.0905,46188
2021-04-02,FXDEL,51.0100,51.1287,50.7308,50.7926,41832
2021-04-05,FXDEL,51.0445,51.3088,50.8181,51.2026,52827
2021-04-06,FXDEL,51.3415,51.4757,51.3073,51.3712,81353
2021-04-07,FXDEL,51.0244,51.3639,50.6829,50.6981,33933
2021-04-08,FXDEL,50.6830,51.0950,50.2932,51.0280,54733
2021-04-09,FXDEL,51.0594,51.5449,51.0256,51.3852,27275
2021-04-12,FXDEL,51.1461,51.8728,50.9876,51.8415,24952
2021-04-13,FXDEL,51.4204,51.6162,50.3989,50.4784,87263
2021-04-14,FXDEL,50.4958,51.4436,50.3280,51.2609,55732
2021-04-15,FXDEL,51.3006,52.1964,51.0422,51.8157,67123
2021-04-16,FXDEL,51.9094,51.9913,51.7013,51.8059,30294
2021-04-19,FXDEL,51.5319,51.6073,51.4059,51.4592,73520
2021-04-20,FXDEL,51.3288,52.5253,51.1903,52.5132,98403
2021-04-21,FXDEL,52.5626,52.9145,51.4085,51.6825,84255
2021-04-22,FXDEL,51.5271,52.3416,51.2827,52.0774,84386
2021-04-23,FXDEL,52.0440,52.2636,52.0112,52.0180,31544
2021-04-26,FXDEL,51.9830,52.1590,51.7433,51.9146,38051
2021-04-27,FXDEL,51.7678,51.7800,51.0523,51.1182,83187
2021-04-28,FXDEL,51.4666,51.5664,51.2024,51.2178,61783
2021-04-29,FXDEL,51.2764,52.3401,51.2655,51.9832,95923
2021-04-30,FXDEL,52.2613,52.2727,51.8425,52.0885,38854
2021-05-03,FXDEL,51.8606,51.8966,51.8084,51.8511,38658
2021-05-04,FXDEL,51.7780,51.9116,51.7145,51.7174,41672
2021-05-05,FXDEL,51.1447,51.8747,51.0852,51.5269,81626
2021-05-06,FXDEL,51.4848,51.7417,50.1609,50.3405,73905
2021-05-07,FXDEL,50.4349,50.9118,50.4120,50.6928,67760
2021-05-10,FXDEL,50.7915,51.5745,50.6393,51.4779,78712
2021-05-11,FXDEL,51.5046,51.8705,51.4354,51.8333,81210
2021-05-12,FXDEL,51.7945,51.9797,50.9034,51.1397,70122
2021-05-13,FXDEL,51.4248,52.4692,51.2245,52.4185,34137
2021-05-14,FXDEL,52.5615,53.0815,52.1931,52.7908,20967
2021-05-17,FXDEL,52.3128,53.1983,52.2105,53.1180,69803
2021-05-18,FXDEL,53.0524,53.3404,52.6989,52.7583,70545
2021-05-19,FXDEL,52.9645,53.5298,52.6009,53.5226,31978
2021-05-20,FXDEL,53.4623,53.4856,53.2386,53.4763,59013
2021-05-21,FXDEL,53.3219,53.9207,53.0669,53.5892,38905
2021-05-24,FXDEL,54.1501,54.2957,53.0415,53.1167,86986
2021-05-25,FXDEL,53.3932,54.5461,53.2807,54.3639,79849
2021-05-26,FXDEL,54.2090,55.3980,54.1952,55.0106,52780
2021-05-27,FXDEL,55.2272,56.5539,54.7557,56.3329,75029
2021-05-28,FXDEL,55.8145,55.9928,55.3461,55.4435,57243
2021-05-31,FXDEL,55.6534,55.7532,55.0483,55.2713,44159
2021-06-01,FXDEL,55.3443,55.8023,55.2597,55.5085,78826
2021-06-02,FXDEL,55.2952,55.7625,55.0246,55.3297,87675
2021-06-03,FXDEL,55.1100,56.4801,55.0456,55.9720,63343
2021-06-04,FXDEL,55.9530,56.2527,55.2294,55.3812,76830
2021-06-07,FXDEL,55.2691,56.5754,55.1507,56.1915,70251
2021-06-08,FXDEL,56.0569,56.2096,55.9070,55.9191,39496
2021-06-09,FXDEL,55.8533,56.0292,55.7725,55.9646,27570
2021-06-10,FXDEL,55.9468,56.1002,55.7549,55.8420,49029
2021-06-11,FXDEL,56.0562,56.4471,54.8980,55.2266,98778
2021-06-14,FXDEL,55.1007,55.9242,55.0412,55.7313,33761
2021-06-15,FXDEL,55.6508,56.0251,54.9299,55.9262,64754
2021-06-16,FXDEL,56.0484,57.1537,55.6638,56.9810,62276
2021-06-17,FXDEL,57.2585,57.4550,56.3099,56.4459,58898
2021-06-18,FXDEL,56.3168,57.2829,56.1734,57.0458,54993
2021-06-21,FXDEL,56.9468,57.6009,56.7000,57.2870,96016
2021-06-22,FXDEL,57.3148,57.4407,56.9451,57.3114,86509
2021-06-23,FXDEL,57.4131,57.6964,57.3966,57.3980,77684
2021-06-24,FXDEL,57.5677,57.6536,55.8652,56.2799,64083
2021-06-25,FXDEL,56.8322,57.8046,56.8210,57.4294,65134
2021-06-28,FXDEL,57.7028,57.9547,56.9516,57.0185,28423
2021-06-29,FXDEL,57.1628,57.2692,56.4291,56.6080,68267
2021-06-30,FXDEL,56.4910,56.5230,54.1534,54.4988,86674
2021-07-01,FXDEL,54.4956,54.5673,54.0084,54.0942,66957
2021-07-02,FXDEL,53.9459,56.5838,53.7059,56.4246,91416
2021-07-05,FXDEL,56.4265,56.6531,55.4201,55.5732,26455
2021-07-06,FXDEL,55.5244,55.6056,54.6814,54.6844,90882
2021-07-07,FXDEL,54.6700,55.0089,52.1411,52.1985,75619
2021-07-08,FXDEL,52.3047,53.2962,51.7608,53.1715,51439
2021-07-09,FXDEL,53.0325,53.3866,52.7468,53.1819,50028
2021-07-12,FXDEL,53.2435,53.5991,52.9711,53.1225,49948
2021-07-13,FXDEL,53.0521,53.5588,52.9075,53.5367,76058
2021-07-14,FXDEL,53.7464,54.3553,53.5120,54.2348,93848
2021-07-15,FXDEL,54.4013,54.4911,53.9823,54.1008,82689
2021-07-16,FXDEL,54.2478,54.3693,53.6080,53.6266,42016
2021-07-19,FXDEL,53.4293,53.4452,52.2566,52.3577,83239
2021-07-20,FXDEL,52.4398,53.3188,52.3556,53.1781,62302
2021-07-21,FXDEL,53.2053,53.2994,52.1522,52.2610,61272
2021-07-22,FXDEL,52.2825,52.5389,51.6328,51.7398,32283
2021-07-23,FXDEL,51.8460,52.3302,51.7565,52.1504,30492
2021-07-26,FXDEL,52.1999,53.3373,52.1525,53.0810,95607
2021-07-27,FXDEL,53.4871,54.0279,53.3678,53.8236,29170
2021-07-28,FXDEL,54.0084,54.0441,53.2665,53.3527,81559
2021-07-29,FXDEL,52.9086,53.5076,52.7242,53.4474,35794
2021-07-30,FXDEL,53.4823,54.3762,53.4597,54.1938,66612
2021-08-02,FXDEL,53.9637,55.4368,53.9586,55.1393,88024
2021-08-03,FXDEL,54.9516,55.1564,54.1988,54.2713,86232
2021-08-04,FXDEL,54.5272,54.6279,54.0882,54.2664,83257
2021-08-05,FXDEL,54.4712,54.6467,53.6285,53.9746,94143
2021-08-06,FXDEL,53.7977,54.6741,53.5625,54.3510,94195
2021-08-09,FXDEL,54.5301,54.5344,54.3393,54.4419,53760
2021-08-10,FXDEL,54.5852,54.6978,53.9895,54.2793,44076
2021-08-11,FXDEL,54.0902,54.6983,54.0184,54.4561,99124
2021-08-12,FXDEL,54.0873,55.9424,53.7994,55.8255,78204
2021-08-13,FXDEL,55.9531,56.3559,55.0935,55.2852,57885
2021-08-16,FXDEL,55.6726,55.8111,53.4068,53.5916,84382
2021-08-17,FXDEL,53.5563,54.0266,53.4293,53.8776,47885
2021-08-18,FXDEL,54.1790,54.2828,53.6266,53.8389,49093
2021-08-19,FXDEL,53.8040,53.8132,52.3058,52.3246,34287
2021-08-20,FXDEL,52.3538,52.5178,50.9301,51.4448,76474
2021-08-23,FXDEL,51.4106,51.4774,50.8981,51.2296,60465
2021-08-24,FXDEL,51.1409,51.3790,50.6011,50.6899,75370
2021-08-25,FXDEL,50.8375,51.0838,50.8017,50.8603,86845
2021-08-26,FXDEL,50.9558,51.0657,49.3031,49.6753,71509
2021-08-27,FXDEL,50.0784,50.8887,49.8218,50.4538,64254
2021-08-30,FXDEL,50.6785,51.0570,50.4103,50.8940,85045
2021-08-31,FXDEL,50.8160,50.9560,49.3901,49.6741,39171
2021-09-01,FXDEL,49.9720,49.9812,49.4322,49.5272,35360
2021-09-02,FXDEL,49.5503,49.7251,49.2283,49.2920,44544
2021-09-03,FXDEL,49.2948,49.6945,49.1127,49.6243,35154
2021-09-06,FXDEL,49.5601,49.8322,48.6550,48.7635,52423
2021-09-07,FXDEL,48.7010,49.1378,47.7191,48.0518,45107
2021-09-08,FXDEL,47.9816,48.6271,47.8964,48.5916,82561
2021-09-09,FXDEL,48.5544,48.7264,48.0986,48.1453,20531
2021-09-10,FXDEL,47.9188,48.5926,47.7436,48.0448,96839
2021-09-13,FXDEL,48.2085,48.5222,47.1036,47.4851,20606
2021-09-14,FXDEL,47.6736,47.8623,47.3824,47.6674,76160
2021-09-15,FXDEL,47.3857,48.7635,47.3801,48.6513,79811
2021-09-16,FXDEL,48.6497,49.8990,48.6355,49.7491,97393
2021-09-17,FXDEL,50.0070,50.3370,48.2970,48.5891,69359
2021-09-20,FXDEL,48.4839,48.5258,48.0280,48.1710,48530
2021-09-21,FXDEL,48.0412,48.8243,47.9557,48.7346,25340
2021-09-22,FXDEL,48.7882,50.4272,48.7675,50.1953,82458
2021-09-23,FXDEL,50.3346,51.4173,49.9982,51.4170,29154
2021-09-24,FXDEL,51.7580,51.9227,50.3552,50.4775,69203
2021-09-27,FXDEL,50.5603,50.9440,50.2810,50.4882,36942
2021-09-28,FXDEL,50.4025,50.5690,49.4970,49.8486,57740
2021-09-29,FXDEL,49.9508,50.1447,49.7864,49.8895,26610
2021-09-30,FXDEL,49.5311,50.0219,49.5245,49.9644,89796
2021-10-01,FXDEL,49.9144,50.0070,49.7535,49.8986,69738
2021-10-04,FXDEL,49.4987,49.7586,48.9636,49.0453,63987
2021-10-05,FXDEL,48.9878,49.5394,48.9520,49.4290,33997
2021-10-06,FXDEL,49.2983,51.4697,48.9673,51.2137,99088
2021-10-07,FXDEL,51.2625,52.8342,50.9637,52.2204,28006
2021-10-08,FXDEL,52.1792,52.5947,50.6573,50.9395,27093
2021-10-11,FXDEL,50.9550,50.9683,50.2660,50.4767,83902
2021-10-12,FXDEL,50.1360,50.3221,49.6668,49.7867,22940
2021-10-13,FXDEL,49.7129,50.6128,49.6285,50.4833,93406
2021-10-14,FXDEL,50.8514,51.5653,50.7414,51.4475,21755
2021-10-15,FXDEL,51.4360,51.4763,50.3879,50.5772,22318
2021-10-18,FXDEL,50.5659,50.7301,49.9735,50.3055,76813
2021-10-19,FXDEL,50.2046,51.2051,50.1919,51.1668,50556
2021-10-20,FXDEL,51.2063,51.6288,51.1957,51.4684,99290
2021-10-21,FXDEL,51.6463,52.6333,51.1593,52.5630,25709
2021-10-22,FXDEL,52.6665,53.0449,52.2300,52.2452,55066
2021-10-25,FXDEL,52.3138,52.4916,51.7369,51.8910,74161
2021-10-26,FXDEL,51.7249,51.7345,50.7827,50.9651,58777
2021-10-27,FXDEL,51.1232,51.7011,51.0415,51.2979,32559
2021-10-28,FXDEL,51.4935,51.9508,50.7247,51.0016,90297
2021-10-29,FXDEL,50.8730,51.1441,50.7372,50.8014,29239
2021-11-01,FXDEL,50.8892,50.9423,50.6428,50.7466,70336
2021-11-02,FXDEL,50.9547,51.1398,50.6174,50.6226,96879
2021-11-03,FXDEL,50.8014,51.6887,50.6272,51.6528,74760
2021-11-04,FXDEL,51.6966,52.5773,51.6090,52.3558,23865
2021-11-05,FXDEL,52.5994,52.6684,50.9193,51.1074,22860
2021-11-08,FXDEL,51.4626,51.7934,50.0752,50.0763,30901
2021-11-09,FXDEL,49.9350,50.0439,49.5096,49.7025,30007
2021-11-10,FXDEL,49.5299,49.5571,48.8337,49.2350,75843
2021-11-11,FXDEL,49.3409,49.6743,49.2274,49.3358,27013
2021-11-12,FXDEL,49.4228,49.7314,49.2787,49.4457,53487
2021-11-15,FXDEL,49.3417,50.7475,49.0682,50.5421,95488
2021-11-16,FXDEL,50.2626,52.7641,49.8929,52.6102,48829
2021-11-17,FXDEL,52.8257,52.9189,52.5090,52.7729,78305
2021-11-18,FXDEL,52.6172,53.1679,52.2036,52.7280,28158
2021-11-19,FXDEL,51.9712,53.0883,51.6259,52.8419,43787
2021-11-22,FXDEL,52.9756,54.1403,52.9479,53.9592,96426
2021-11-23,FXDEL,54.4405,54.5174,53.9586,54.3303,88072
2021-11-24,FXDEL,54.6358,55.0574,53.9544,54.3939,35683
2021-11-25,FXDEL,54.3839,54.7505,54.1713,54.3257,52693
2021-11-26,FXDEL,54.4720,55.1306,54.1016,54.8574,49852
2021-11-29,FXDEL,54.7988,54.9763,54.4930,54.7232,40297
2021-11-30,FXDEL,54.3589,54.9135,54.3562,54.7734,64426
2021-12-01,FXDEL,54.5477,54.7256,53.5689,53.6523,21447
2021-12-02,FXDEL,53.6894,53.9818,53.5953,53.8234,50123
2021-12-03,FXDEL,54.0786,54.6794,54.0272,54.5431,99228
2021-12-06,FXDEL,54.8291,54.9640,52.4309,52.6077,86011
2021-12-07,FXDEL,52.3130,52.4674,51.8623,52.1324,89867
2021-12-08,FXDEL,52.2327,52.2499,51.4734,51.4893,47043
2021-12-09,FXDEL,51.5259,51.7117,50.7680,50.8357,43653
2021-12-10,FXDEL,50.7148,50.7296,50.4958,50.6090,90711
2021-12-13,FXDEL,50.3853,50.5851,49.8643,50.0803,35293
2021-12-14,FXDEL,50.0459,50.2254,49.2300,49.5803,92207
2021-12-15,FXDEL,49.2871,49.2921,49.2010,49.2706,71959
2021-12-16,FXDEL,49.0446,49.3188,48.3986,48.6588,50126
2021-12-17,FXDEL,48.3596,48.6946,47.9614,48.5554,25922
2021-12-20,FXDEL,48.5107,49.6360,48.2469,49.5054,61206
2021-12-21,FXDEL,49.5034,49.6971,49.4035,49.5710,24295
2021-12-22,FXDEL,49.4513,49.5936,49.4383,49.5809,36421
2021-12-23,FXDEL,49.4485,50.1589,49.2600,49.9501,29206
2021-12-24,FXDEL,50.3406,50.4131,49.7867,49.8589,90005
2021-12-27,FXDEL,49.6014,49.6819,49.1628,49.3369,86400
2021-12-28,FXDEL,49.5318,49.8007,48.9015,48.9567,40086
2021-12-29,FXDEL,48.7573,50.8794,48.6813,50.5455,46902
2021-12-30,FXDEL,50.6533,50.9443,50.6378,50.7943,83712
2021-12-31,FXDEL,50.8264,50.8987,50.4945,50.6845,27656
2022-01-03,FXDEL,50.7661,50.9408,49.2683,49.5990,83249
2022-01-04,FXDEL,49.5622,49.6442,49.3806,49.4386,67655
2022-01-05,FXDEL,49.1812,49.7205,48.9401,49.4795,52350
2022-01-06,FXDEL,49.2163,49.2712,48.1718,48.2959,86736
2022-01-07,FXDEL,48.3522,48.5020,47.0737,47.2905,20209
2022-01-10,FXDEL,47.4329,47.7090,47.0819,47.4689,66289
2022-01-11,FXDEL,47.4688,47.6699,47.2664,47.6561,45605
2022-01-12,FXDEL,47.5426,47.6641,45.7695,45.7850,72707
2022-01-13,FXDEL,45.8981,45.9226,44.9139,45.0951,72405
2022-01-14,FXDEL,45.1936,45.9894,44.9423,45.8248,23047
2022-01-17,FXDEL,45.8927,46.1657,45.1285,45.2812,61209
2022-01-18,FXDEL,45.2349,45.2599,43.5836,44.0220,70730
2022-01-19,FXDEL,44.0245,44.6563,43.8997,44.5090,75139
2022-01-20,FXDEL,44.4523,45.1020,44.2395,44.8760,56649
2022-01-21,FXDEL,44.6947,45.0984,43.9174,43.9881,43767
2022-01-24,FXDEL,43.7684,45.0016,43.5884,44.8018,84281
2022-01-25,FXDEL,44.6002,44.8174,43.6856,43.8472,55250
2022-01-26,FXDEL,44.0474,44.0684,42.8126,43.0638,74462
2022-01-27,FXDEL,43.3753,43.4043,42.1974,42.2391,34896
2022-01-28,FXDEL,42.3009,42.3596,41.1644,41.4346,65137
2022-01-31,FXDEL,41.5331,41.7307,40.2859,40.3668,80781
2022-02-01,FXDEL,40.5005,40.5294,39.7056,39.8211,60685
2022-02-02,FXDEL,39.7660,39.9475,39.5847,39.6131,84317
2022-02-03,FXDEL,39.6718,39.8513,39.1418,39.2175,84617
2022-02-04,FXDEL,39.2183,39.2302,38.2088,38.2789,86702
2022-02-07,FXDEL,38.1355,39.1255,38.0869,39.0504,96572
2022-02-08,FXDEL,39.1582,39.7150,38.8129,39.5863,46925
2022-02-09,FXDEL,39.2044,39.3636,38.9119,39.2575,35924
2022-02-10,FXDEL,38.9869,39.5011,38.9351,39.2676,96127
2022-02-11,FXDEL,39.4548,39.6291,39.4380,39.5407,60500
2022-02-14,FXDEL,39.3885,39.6363,39.1882,39.4793,74600
2022-02-15,FXDEL,39.5641,40.4166,39.5437,40.3993,87311
2022-02-16,FXDEL,40.3560,41.6037,40.3100,41.1874,51200
2022-02-17,FXDEL,41.3826,41.5807,41.2192,41.2738,34569
2022-02-18,FXDEL,41.3413,42.0560,41.1666,42.0419,36053
2022-02-21,FXDEL,41.9409,42.0445,41.2131,41.4177,95477
2022-02-22,FXDEL,41.3550,41.5282,40.9408,41.3633,68787
2022-02-23,FXDEL,41.0546,41.1643,40.8231,40.8659,70022
2022-02-24,FXDEL,40.7640,40.8656,40.0558,40.0753,59919
2022-02-25,FXDEL,40.0733,41.0324,39.9857,40.9636,67981
2022-02-28,FXDEL,41.3818,41.5500,41.0872,41.5036,82847
2022-03-01,FXDEL,41.4625,41.4742,41.2717,41.4719,51456
2022-03-02,FXDEL,41.6017,41.7471,41.1908,41.2739,97350
2022-03-03,FXDEL,41.2255,41.3182,40.4948,40.7247,30468
2022-03-04,FXDEL,40.3763,40.4543,39.6294,39.7084,55411
2022-03-07,FXDEL,39.6456,39.9784,39.3902,39.9198,89908
2022-03-08,FXDEL,40.1178,40.3953,40.0921,40.1965,71408
2022-03-09,FXDEL,40.0670,40.1193,39.2318,39.3178,85447
2022-03-10,FXDEL,39.5285,39.7070,39.4625,39.6819,51250
2022-03-11,FXDEL,39.7938,40.5026,39.7687,40.4667,75073
2022-03-14,FXDEL,40.6959,40.7084,39.8347,39.9932,71838
2022-03-15,FXDEL,39.8650,40.2812,39.7392,40.1152,21154
2022-03-16,FXDEL,40.2273,40.2602,39.9718,40.1557,96055
2022-03-17,FXDEL,40.0520,40.4261,39.9142,40.4250,80825
2022-03-18,FXDEL,40.4925,40.7548,40.4476,40.6130,43316
2022-03-21,FXDEL,40.4584,40.9720,40.3398,40.7056,34645
2022-03-22,FXDEL,40.5442,41.8314,40.1294,41.5341,42207
2022-03-23,FXDEL,41.5070,41.6789,41.3777,41.3868,84699
2022-03-24,FXDEL,41.2216,41.4947,39.5436,39.7153,51919
2022-03-25,FXDEL,39.8604,39.8934,39.5009,39.5437,20997
2022-03-28,FXDEL,39.4124,39.4798,39.2109,39.2307,44056
2022-03-29,FXDEL,39.0315,39.7656,38.8347,39.6062,64664
2022-03-30,FXDEL,39.4632,39.8247,39.3145,39.7757,84270
2022-03-31,FXDEL,40.0199,40.1895,39.4230,39.5550,42811
2022-04-01,FXDEL,39.6251,40.1024,39.5542,39.9381,72259
2022-04-04,FXDEL,39.7468,39.8705,39.4472,39.6232,90454
2022-04-05,FXDEL,39.6595,39.7045,39.4159,39.4918,64085
2022-04-06,FXDEL,39.3776,40.9321,39.2847,40.6299,62219
2022-04-07,FXDEL,40.6158,41.2684,40.5378,41.0419,95707
2022-04-08,FXDEL,40.9749,41.1460,40.6963,40.8565,22750
2022-04-11,FXDEL,40.9300,41.0064,40.5864,40.7575,68414
2022-04-12,FXDEL,40.6693,40.8225,39.7549,39.9391,32340
2022-04-13,FXDEL,40.3227,40.4203,39.0631,39.2193,71612
2022-04-14,FXDEL,39.3843,39.4049,39.1940,39.2082,33095
2022-04-15,FXDEL,39.1222,39.4129,38.7618,38.8954,99949
2022-04-18,FXDEL,38.8519,38.8742,38.4793,38.7199,21639
2022-04-19,FXDEL,38.9744,39.0254,38.1049,38.2830,60622
2022-04-20,FXDEL,38.4134,38.5407,38.3659,38.5277,47993
2022-04-21,FXDEL,38.5628,38.6135,38.2208,38.5490,45256
2022-04-22,FXDEL,38.6698,38.6990,37.3447,37.6076,26009
2022-04-25,FXDEL,37.6792,37.7395,37.0266,37.1125,30081
2022-04-26,FXDEL,37.3861,37.5294,36.7725,36.9948,98572
2022-04-27,FXDEL,36.8591,37.7675,36.8223,37.6570,31728
2022-04-28,FXDEL,37.6189,37.8381,37.5328,37.7725,57456
2022-04-29,FXDEL,37.7524,37.8404,37.1961,37.3185,93831
2022-05-02,FXDEL,37.3907,37.5871,37.0491,37.1814,84332
2022-05-03,FXDEL,37.3465,37.8804,37.2346,37.6506,77081
2022-05-04,FXDEL,37.4983,37.5757,37.0941,37.1335,74176
2022-05-05,FXDEL,37.2981,37.3136,36.8291,37.1115,58882
2022-05-06,FXDEL,37.2712,37.3590,36.8102,36.8574,22510
2022-05-09,FXDEL,36.8485,37.1303,36.6485,37.0521,32031
2022-05-10,FXDEL,37.1039,37.5512,37.0629,37.4791,59414
2022-05-11,FXDEL,37.4096,37.5485,35.8578,36.0070,55839
2022-05-12,FXDEL,36.1308,36.4920,36.0047,36.0986,58063
2022-05-13,FXDEL,36.5388,36.7090,35.0828,35.2842,62306
2022-05-16,FXDEL,35.3203,35.3249,34.9988,35.0409,36931
2022-05-17,FXDEL,35.0046,35.0864,34.8035,35.0263,80614
2022-05-18,FXDEL,35.0053,35.0843,34.9173,34.9793,67960
2022-05-19,FXDEL,35.0057,35.2978,34.7850,35.2124,77643
2022-05-20,FXDEL,35.3852,35.5432,35.2152,35.3509,64637
2022-05-23,FXDEL,35.5382,35.6052,34.5951,34.6774,58248
2022-05-24,FXDEL,34.7221,34.8281,34.0694,34.0766,75125
2022-05-25,FXDEL,34.0071,34.9287,33.8194,34.8246,55495
2022-05-26,FXDEL,34.9214,34.9317,34.6649,34.8289,57693
2022-05-27,FXDEL,34.8969,35.4777,34.7300,35.3736,21898
2022-05-30,FXDEL,35.3218,36.1830,35.1989,36.1237,87957
2022-05-31,FXDEL,35.9565,35.9788,35.5548,35.7412,71651
2022-06-01,FXDEL,35.8747,36.3298,35.8706,36.1977,68580
2022-06-02,FXDEL,36.3398,36.4269,35.9503,36.0596,77030
2022-06-03,FXDEL,36.0074,36.1226,35.1533,35.3145,33258
2022-06-06,FXDEL,35.0999,35.1843,34.6460,34.8723,88686
2022-06-07,FXDEL,34.8599,35.2091,34.5339,35.0942,30667
2022-06-08,FXDEL,35.3470,35.6255,35.3400,35.5019,30498
2022-06-09,FXDEL,35.6074,35.9323,35.4596,35.8331,64449
2022-06-10,FXDEL,35.7680,36.1594,35.6855,35.7316,31907
2022-06-13,FXDEL,35.7340,35.9561,34.9480,35.0678,50278
2022-06-14,FXDEL,35.0230,35.1592,34.8734,35.0477,62820
2022-06-15,FXDEL,34.8030,34.8704,34.4884,34.6520,92059
2022-06-16,FXDEL,34.4252,34.8652,34.4063,34.7537,33588
2022-06-17,FXDEL,34.6666,35.3738,34.6584,35.2626,47024
2022-06-20,FXDEL,35.1329,35.8084,34.9544,35.6812,27835
2022-06-21,FXDEL,35.5427,35.5507,34.6617,34.7925,90712
2022-06-22,FXDEL,34.8460,35.4607,34.7945,35.2122,77621
2022-06-23,FXDEL,35.2791,35.7223,35.1367,35.6034,65002
2022-06-24,FXDEL,35.6854,35.7139,34.9530,35.0700,55592
2022-06-27,FXDEL,34.8012,35.1631,34.6414,35.0074,84469
2022-06-28,FXDEL,34.8736,36.4822,34.7750,36.4282,73652
2022-06-29,FXDEL,36.4419,37.2052,36.3851,36.9373,56387
2022-06-30,FXDEL,36.7087,36.8126,36.3307,36.4403,69590
2022-07-01,FXDEL,36.5290,37.4745,36.3714,37.3466,88082
2022-07-04,FXDEL,37.3213,37.4159,37.2959,37.3500,68146
2022-07-05,FXDEL,37.2236,37.5527,36.7610,36.8743,50365
2022-07-06,FXDEL,37.0302,37.1330,36.3440,36.3551,69684
2022-07-07,FXDEL,36.3513,36.3527,35.7685,35.9082,24440
2022-07-08,FXDEL,35.8458,36.1467,35.6714,36.0202,67659
2022-07-11,FXDEL,35.9468,36.5841,35.8600,36.4783,68990
2022-07-12,FXDEL,36.5669,36.5966,35.8352,35.9464,68344
2022-07-13,FXDEL,36.1751,36.2135,35.4984,35.5615,50437
2022-07-14,FXDEL,35.5978,35.7077,35.5889,35.6921,83958
2022-07-15,FXDEL,35.6875,35.8938,34.7806,34.8050,50827
2022-07-18,FXDEL,34.9404,34.9636,34.5291,34.5329,51582
2022-07-19,FXDEL,34.8136,34.8558,34.5132,34.5478,60084
2022-07-20,FXDEL,34.8075,34.9041,34.6001,34.8608,29850
2022-07-21,FXDEL,34.5027,35.1848,34.4792,35.1160,34729
2022-07-22,FXDEL,35.1886,35.4063,34.1399,34.1821,80513
2022-07-25,FXDEL,34.3249,34.9922,34.2836,34.8637,26033
2022-07-26,FXDEL,34.7481,35.1609,34.4623,35.0396,92206
2022-07-27,FXDEL,34.9217,35.5961,34.8270,35.3853,67421
2022-07-28,FXDEL,35.4031,35.8567,35.3640,35.7211,73027
2022-07-29,FXDEL,35.3781,35.9760,35.2491,35.7057,63084
2022-08-01,FXDEL,35.4870,35.5438,34.9043,35.1990,38975
2022-08-02,FXDEL,35.1146,35.3655,35.0520,35.3243,68591
2022-08-03,FXDEL,35.5009,35.6441,34.9854,35.0255,32457
2022-08-04,FXDEL,35.0213,35.0493,34.8186,35.0358,22851
2022-08-05,FXDEL,34.9941,35.1159,34.4329,34.4488,82322
2022-08-08,FXDEL,34.6837,34.7902,34.0514,34.0689,50017
2022-08-09,FXDEL,34.1695,34.2826,33.6854,33.7341,24629
2022-08-10,FXDEL,33.8100,33.9161,33.1438,33.3758,31647
2022-08-11,FXDEL,33.3090,33.9976,33.2874,33.8329,81550
2022-08-12,FXDEL,33.8586,34.1967,33.8208,34.1247,82151
2022-08-15,FXDEL,33.9723,34.3100,33.9620,34.1160,85572
2022-08-16,FXDEL,33.9268,34.5887,33.5651,34.5120,88511
2022-08-17,FXDEL,34.4625,34.5624,34.1610,34.4255,81897
2022-08-18,FXDEL,34.5164,34.6306,34.2425,34.3496,44020
2022-08-19,FXDEL,34.2508,35.1538,34.1777,34.9845,87693
2022-08-22,FXDEL,35.0607,35.6810,34.9145,35.4758,25678
2022-08-23,FXDEL,35.7674,35.9588,34.8259,34.9820,93539
2022-08-24,FXDEL,35.0023,35.0261,34.9930,35.0065,72103
2022-08-25,FXDEL,34.9118,34.9888,34.6019,34.7732,67731
2022-08-26,FXDEL,35.1148,35.2532,34.6944,34.8973,61616
2022-08-29,FXDEL,35.0849,35.3686,34.5842,34.6256,44407
2022-08-30,FXDEL,34.5733,35.5673,34.5713,35.3630,20613
2022-08-31,FXDEL,35.6937,35.9537,35.6625,35.8357,62821
2022-09-01,FXDEL,35.7544,37.0701,35.6994,36.9770,68342
2022-09-02,FXDEL,36.7567,36.8700,36.4674,36.6183,75599
2022-09-05,FXDEL,36.5518,36.7172,36.4169,36.5967,30912
2022-09-06,FXDEL,36.7015,36.7578,36.5235,36.5974,43370
2022-09-07,FXDEL,36.5997,36.6279,35.7187,35.8212,50416
2022-09-08,FXDEL,35.6442,36.6358,35.5348,36.5298,76124
2022-09-09,FXDEL,36.6141,36.9239,36.4165,36.8587,40062
2022-09-12,FXDEL,36.9137,37.1308,36.5874,36.9812,54860
2022-09-13,FXDEL,36.9601,37.9162,36.8732,37.5535,55314
2022-09-14,FXDEL,37.2930,37.3294,37.1262,37.1689,95882
2022-09-15,FXDEL,36.8817,36.9725,36.7663,36.7816,42706
2022-09-16,FXDEL,36.4503,36.5732,36.2669,36.2880,57766
2022-09-19,FXDEL,36.2550,36.4080,35.8512,35.8912,40776
2022-09-20,FXDEL,35.8696,36.0964,35.7104,36.0136,72743
2022-09-21,FXDEL,36.0103,36.1151,35.6617,35.6636,52441
2022-09-22,FXDEL,35.8016,36.0056,35.7897,35.9200,20771
2022-09-23,FXDEL,36.0411,36.3436,36.0113,36.1507,88724
2022-09-26,FXDEL,36.0714,36.9199,35.9055,36.3181,78000
2022-09-27,FXDEL,36.5018,37.1155,36.4602,36.9968,83701
2022-09-28,FXDEL,36.8116,37.0225,36.7747,36.8338,67792
2022-09-29,FXDEL,36.8258,37.5537,36.6515,37.3684,41367
2022-09-30,FXDEL,37.3017,37.3052,37.0360,37.0684,55672
2022-10-03,FXDEL,37.4923,37.4989,37.0075,37.1957,51321
2022-10-04,FXDEL,37.2429,38.0689,37.1981,38.0098,41865
2022-10-05,FXDEL,38.0837,38.1825,37.0989,37.3048,48774
2022-10-06,FXDEL,37.1261,38.1911,36.9303,38.1695,48243
2022-10-07,FXDEL,38.4109,38.5055,37.8030,37.8847,75026
2022-10-10,FXDEL,37.9401,38.0982,37.2490,37.5108,80012
2022-10-11,FXDEL,37.5109,38.1685,37.4039,38.0265,25956
2022-10-12,FXDEL,38.0517,38.5619,37.6766,37.8742,28721
2022-10-13,FXDEL,37.7378,37.8774,36.7058,36.9027,32896
2022-10-14,FXDEL,36.9076,37.0977,36.7956,36.9740,44766
2022-10-17,FXDEL,36.8700,37.6960,36.7829,37.4243,60035
2022-10-18,FXDEL,37.2656,37.2824,36.9253,36.9475,47219
2022-10-19,FXDEL,36.8954,37.1646,36.7062,37.1463,63793
2022-10-20,FXDEL,37.1495,37.2428,36.9036,37.0561,82190
2022-10-21,FXDEL,37.2799,37.6148,36.8762,37.1105,84888
2022-10-24,FXDEL,37.1387,37.9132,36.9264,37.7570,73234
2022-10-25,FXDEL,37.6596,37.7031,37.2204,37.3006,21551
2022-10-26,FXDEL,37.3249,37.5330,36.9715,37.1813,25829
2022-10-27,FXDEL,37.4017,37.4200,36.8597,36.8600,34753
2022-10-28,FXDEL,36.8417,36.9567,36.4169,36.4341,56925
2022-10-31,FXDEL,36.3290,36.3824,35.9344,36.0859,73238
2022-11-01,FXDEL,35.9936,36.0467,35.3712,35.4580,67264
2022-11-02,FXDEL,35.6146,36.5729,35.5019,36.4119,29722
2022-11-03,FXDEL,36.4403,36.7237,36.3781,36.6154,65705
2022-11-04,FXDEL,36.7694,36.7939,35.9312,36.0880,41257
2022-11-07,FXDEL,36.2902,36.4989,35.7391,35.8398,67841
2022-11-08,FXDEL,35.6869,36.6052,35.6147,36.1154,81926
2022-11-09,FXDEL,36.1565,36.5227,35.5642,36.4763,73962
2022-11-10,FXDEL,36.4252,36.8939,36.3694,36.8559,36767
2022-11-11,FXDEL,36.9225,37.2458,36.2100,36.2612,75261
2022-11-14,FXDEL,36.4301,36.6533,35.7343,35.7563,41199
2022-11-15,FXDEL,35.4507,35.5904,35.2692,35.3607,49973
2022-11-16,FXDEL,35.4353,35.5070,35.1318,35.1640,72864
2022-11-17,FXDEL,35.2398,35.3614,35.1367,35.1480,28245
2022-11-18,FXDEL,35.0749,35.2258,34.9285,35.2235,96438
2022-11-21,FXDEL,35.3988,36.0025,35.3644,35.8664,58595
2022-11-22,FXDEL,35.6987,35.9000,34.5878,34.7355,68769
2022-11-23,FXDEL,34.6180,35.3132,34.5645,35.1858,81059
2022-11-24,FXDEL,35.1746,35.3559,34.9444,35.0835,21135
2022-11-25,FXDEL,34.8994,35.4529,34.8928,35.2499,50788
2022-11-28,FXDEL,35.1094,35.7639,34.8352,35.6998,58437
2022-11-29,FXDEL,35.8527,35.8932,35.4845,35.7156,86544
2022-11-30,FXDEL,35.6663,36.0817,35.5629,36.0030,99512
2022-12-01,FXDEL,36.2199,36.3840,35.3304,35.4828,26768
2022-12-02,FXDEL,35.2529,35.5301,35.2528,35.4318,82736
2022-12-05,FXDEL,35.4895,35.6870,35.3470,35.4530,59109
2022-12-06,FXDEL,35.4969,35.7376,35.3818,35.5484,34258
2022-12-07,FXDEL,35.3454,35.5564,35.2610,35.5365,46437
2022-12-08,FXDEL,35.6342,35.8414,35.0410,35.2336,81303
2022-12-09,FXDEL,35.0915,35.0992,34.6077,34.7873,60623
2022-12-12,FXDEL,34.6283,35.5947,34.6098,35.4165,63676
2022-12-13,FXDEL,35.5191,36.2710,35.3169,36.0667,63643
2022-12-14,FXDEL,36.2460,36.4747,36.2179,36.3339,80163
2022-12-15,FXDEL,36.3413,36.9229,36.2009,36.8602,68267
2022-12-16,FXDEL,37.0114,37.0822,35.5940,35.7885,28293
2022-12-19,FXDEL,35.5971,35.7843,35.4890,35.7690,96008
2022-12-20,FXDEL,35.8202,35.9075,35.7738,35.8975,45215
2022-12-21,FXDEL,35.9199,36.6927,35.9026,36.5964,75246
2022-12-22,FXDEL,36.6224,36.7501,36.2485,36.4581,31478
2022-12-23,FXDEL,36.4420,37.2842,36.2421,37.2158,60794
2022-12-26,FXDEL,36.9829,37.6724,36.9352,37.4288,99016
2022-12-27,FXDEL,37.6524,37.8939,36.4727,36.5768,92641
2022-12-28,FXDEL,36.5435,37.3620,36.5432,36.8758,29086
2022-12-29,FXDEL,36.9960,37.0617,36.8363,37.0488,34826
2022-12-30,FXDEL,37.2396,37.9322,37.1695,37.8863,62148
2023-01-02,FXDEL,37.9678,38.5828,37.7432,38.4846,43297
2023-01-03,FXDEL,38.3153,38.5800,38.1343,38.4843,46780
2023-01-04,FXDEL,38.4893,39.4491,38.3655,39.3347,61870
2023-01-05,FXDEL,39.2666,39.3782,39.2217,39.3497,88066
2023-01-06,FXDEL,39.2714,40.0352,39.0225,40.0211,70884
2023-01-09,FXDEL,39.8800,40.1012,39.7820,39.8225,57554
2023-01-10,FXDEL,39.8629,39.9481,39.2479,39.4046,98225
2023-01-11,FXDEL,39.2746,39.3198,39.2325,39.3056,43118
2023-01-12,FXDEL,39.1973,39.9355,39.0394,39.9322,41549
2023-01-13,FXDEL,39.8161,39.9699,39.4415,39.7634,67486
2023-01-16,FXDEL,39.9884,40.4840,39.8844,40.4786,30998
2023-01-17,FXDEL,40.4058,41.1085,40.1246,40.8500,28491
2023-01-18,FXDEL,40.7814,41.3381,40.7260,41.2472,92940
2023-01-19,FXDEL,41.2665,41.5694,41.0358,41.2716,84355
2023-01-20,FXDEL,41.3185,41.7837,41.1712,41.3621,32876
2023-01-23,FXDEL,41.0297,41.5169,40.9477,41.4998,20672
2023-01-24,FXDEL,41.4773,41.6786,39.8595,40.1537,86421
2023-01-25,FXDEL,40.1825,40.2223,39.3695,39.6284,91304
2023-01-26,FXDEL,39.8170,40.1229,38.2349,38.3914,48322
2023-01-27,FXDEL,38.3070,39.2578,38.2644,39.2221,48804
2023-01-30,FXDEL,39.0899,40.3494,38.9833,40.0326,67246
2023-01-31,FXDEL,39.7957,39.8890,39.0967,39.3546,38033
2023-02-01,FXDEL,39.3804,40.0214,39.3118,39.9239,91194
2023-02-02,FXDEL,40.0918,40.3502,39.8855,39.9218,22780
2023-02-03,FXDEL,39.9794,40.3740,39.9073,40.2945,70416
2023-02-06,FXDEL,40.1561,40.2626,39.5284,39.6349,40714
2023-02-07,FXDEL,39.4726,39.5007,38.9717,39.1417,45884
2023-02-08,FXDEL,38.7957,38.9710,38.7600,38.9223,52761
2023-02-09,FXDEL,38.9647,39.0891,38.9379,39.0158,66138
2023-02-10,FXDEL,38.8320,38.9022,38.7636,38.7805,59365
2023-02-13,FXDEL,38.9419,38.9743,37.9099,38.0777,71819
2023-02-14,FXDEL,38.1667,38.3781,37.2148,37.5468,46869
2023-02-15,FXDEL,37.5854,38.6667,37.5320,38.4425,21520
2023-02-16,FXDEL,38.5742,38.9394,38.4105,38.7929,55819
2023-02-17,FXDEL,38.8052,38.8480,38.5462,38.5567,30060
2023-02-20,FXDEL,38.7751,39.2645,38.4499,39.0877,67480
2023-02-21,FXDEL,38.9834,39.5250,38.5523,39.5143,49318
2023-02-22,FXDEL,39.3364,40.4096,39.0904,40.2888,50869
2023-02-23,FXDEL,40.2465,40.7045,40.1167,40.6577,57527
2023-02-24,FXDEL,40.5005,40.8539,39.0113,39.0358,93367
2023-02-27,FXDEL,38.8883,40.0394,38.5822,39.7736,51328
2023-02-28,FXDEL,39.5496,40.2099,39.5253,40.1328,95413
2023-03-01,FXDEL,40.0807,40.4756,39.9536,40.3342,66109
2023-03-02,FXDEL,40.2280,40.6420,40.0826,40.4109,92110
2023-03-03,FXDEL,40.4276,40.8678,40.3630,40.8168,35576
2023-03-06,FXDEL,40.8751,40.9097,40.0636,40.0703,61286
2023-03-07,FXDEL,40.1959,40.3180,39.6875,39.7725,42425
2023-03-08,FXDEL,39.8352,40.6536,39.8248,40.4181,31980
2023-03-09,FXDEL,40.5152,40.7397,40.3395,40.3570,49058
2023-03-10,FXDEL,40.5259,40.7743,40.0413,40.1991,75471
2023-03-13,FXDEL,40.3219,40.8922,40.2767,40.7674,33399
2023-03-14,FXDEL,40.7509,41.5219,40.6578,41.2753,98142
2023-03-15,FXDEL,41.0731,41.8023,41.0510,41.6807,53915
2023-03-16,FXDEL,41.6670,42.0471,41.2035,41.3228,85727
2023-03-17,FXDEL,41.2377,41.3743,40.5135,40.7959,75166
2023-03-20,FXDEL,40.9820,41.0247,40.2874,40.3140,95490
2023-03-21,FXDEL,40.4888,40.5611,39.4497,39.7004,71982
2023-03-22,FXDEL,39.6678,39.7798,38.9022,38.9287,74973
2023-03-23,FXDEL,38.8741,39.2025,38.6984,39.0362,28308
2023-03-24,FXDEL,39.0307,39.1213,38.7561,38.9423,28487
2023-03-27,FXDEL,38.8034,39.1234,38.5855,39.0991,44941
2023-03-28,FXDEL,39.4061,39.7970,38.8429,38.9029,53728
2023-03-29,FXDEL,39.0493,39.3461,38.5560,38.7853,59323
2023-03-30,FXDEL,38.6815,38.8107,38.2512,38.3106,93554
2023-03-31,FXDEL,38.2041,39.1714,38.1736,39.0378,81529
2023-04-03,FXDEL,38.9118,39.1117,38.5767,39.0225,56331
2023-04-04,FXDEL,38.9422,39.1713,38.8140,39.1474,80479
2023-04-05,FXDEL,38.9514,39.0251,38.5952,38.8038,48420
2023-04-06,FXDEL,38.6170,38.8603,38.6139,38.7320,74749
2023-04-07,FXDEL,38.7123,39.5244,38.5761,39.2544,80294
2023-04-10,FXDEL,39.1683,39.9651,39.0201,39.7573,34582
2023-04-11,FXDEL,39.8536,40.3600,39.6343,40.3189,25028
2023-04-12,FXDEL,40.2163,40.9020,40.1083,40.7345,71488
2023-04-13,FXDEL,40.7256,40.9156,40.4783,40.7541,69568
2023-04-14,FXDEL,40.7235,40.9930,40.5038,40.8171,84438
2023-04-17,FXDEL,40.6963,40.7981,40.1119,40.2324,48881
2023-04-18,FXDEL,39.8957,40.3034,39.5930,40.1094,99104
2023-04-19,FXDEL,39.9907,40.0586,39.7942,39.9477,52623
2023-04-20,FXDEL,40.1601,40.3041,40.0244,40.0753,75885
2023-04-21,FXDEL,40.0931,40.2777,40.0630,40.0880,40549
2023-04-24,FXDEL,39.9452,40.2657,39.8698,40.2524,65199
2023-04-25,FXDEL,40.1328,40.4128,40.1077,40.2181,64087
2023-04-26,FXDEL,40.3196,40.4497,39.6570,39.8935,79368
2023-04-27,FXDEL,40.1769,40.2143,39.6322,39.8338,51442
2023-04-28,FXDEL,39.8954,40.3863,39.7890,40.3444,38189
2023-05-01,FXDEL,40.1465,40.2755,40.0187,40.2280,74656
2023-05-02,FXDEL,40.3244,40.7882,40.1470,40.6759,72323
2023-05-03,FXDEL,40.5646,40.5969,40.2526,40.5640,27733
2023-05-04,FXDEL,40.5681,40.7251,40.2367,40.2749,96551
2023-05-05,FXDEL,40.3045,40.4814,40.0435,40.4411,94378
2023-05-08,FXDEL,40.1975,40.3795,40.1811,40.2377,58841
2023-05-09,FXDEL,40.3389,40.4782,38.6234,38.9213,32838
2023-05-10,FXDEL,38.9687,39.0881,38.4799,38.5104,49705
2023-05-11,FXDEL,38.6917,38.8248,38.6753,38.7735,56149
2023-05-12,FXDEL,38.7607,38.9268,38.5878,38.6613,67353
2023-05-15,FXDEL,38.3839,38.7773,38.1430,38.5503,34505
2023-05-16,FXDEL,38.6089,39.3459,38.5600,39.1671,71925
2023-05-17,FXDEL,39.3749,40.4723,39.2618,40.3049,94283
2023-05-18,FXDEL,40.4498,40.6067,39.9539,39.9791,46276
2023-05-19,FXDEL,39.7775,40.2274,39.6799,40.1729,41850
2023-05-22,FXDEL,39.9605,40.0453,39.3046,39.4017,65934
2023-05-23,FXDEL,39.4831,39.9803,39.1146,39.9287,26572
2023-05-24,FXDEL,40.0306,40.7036,39.8132,40.5893,38872
2023-05-25,FXDEL,40.6102,40.7807,40.2933,40.3131,27835
2023-05-26,FXDEL,40.5500,40.6658,39.8226,40.1636,81527
2023-05-29,FXDEL,40.4491,40.5379,40.1635,40.3389,71222
2023-05-30,FXDEL,40.2363,40.4284,40.0875,40.2939,25498
2023-05-31,FXDEL,40.0069,40.7653,39.8300,40.5850,73329
2023-06-01,FXDEL,40.6249,40.7824,40.5746,40.6351,78988
2023-06-02,FXDEL,40.6929,41.1367,40.6441,40.9673,69765
2023-06-05,FXDEL,40.7659,41.4265,40.5504,41.3643,58462
2023-06-06,FXDEL,41.7212,41.9175,41.6102,41.8387,89926
2023-06-07,FXDEL,42.0183,42.0844,41.5065,41.7762,86459
2023-06-08,FXDEL,41.8743,41.9072,41.5201,41.6569,53314
2023-06-09,FXDEL,41.6594,41.6633,41.4775,41.6633,94004
2023-06-12,FXDEL,42.0552,42.2249,41.8420,41.8718,68577
2023-06-13,FXDEL,41.7878,42.1175,40.3603,40.4194,81918
2023-06-14,FXDEL,40.2845,40.4954,40.2161,40.4578,28566
2023-06-15,FXDEL,40.6007,41.0098,40.5504,40.8254,69445
2023-06-16,FXDEL,40.8269,40.9066,40.0434,40.0978,79998
2023-06-19,FXDEL,40.3770,40.5556,40.3717,40.4999,63640
2023-06-20,FXDEL,40.3501,41.5280,40.2136,41.3948,46701
2023-06-21,FXDEL,41.3614,42.5006,41.2061,42.4866,67263
2023-06-22,FXDEL,42.5618,42.5922,42.4270,42.5308,67626
2023-06-23,FXDEL,42.5250,42.6775,42.4986,42.5721,30467
2023-06-26,FXDEL,42.6066,42.6371,41.7304,41.9312,74022
2023-06-27,FXDEL,41.8296,41.8331,41.4253,41.5601,79852
2023-06-28,FXDEL,41.5031,42.0159,41.5023,41.8053,20799
2023-06-29,FXDEL,41.7094,42.9945,41.6665,42.7864,81119
2023-06-30,FXDEL,42.8572,43.2231,42.6902,43.1078,63526
2023-07-03,FXDEL,42.9185,44.1884,42.8190,43.9873,89013
2023-07-04,FXDEL,44.2286,45.0451,44.0575,44.6711,61881
2023-07-05,FXDEL,44.8712,45.1023,43.8253,43.9022,49714
2023-07-06,FXDEL,43.7562,43.9727,43.7533,43.7917,60742
2023-07-07,FXDEL,43.7653,43.9082,43.2791,43.3428,84700
2023-07-10,FXDEL,43.2770,43.3503,42.9686,43.0393,87115
2023-07-11,FXDEL,43.4598,43.9330,43.4013,43.7253,43591
2023-07-12,FXDEL,43.5302,44.0390,43.4618,43.9184,39747
2023-07-13,FXDEL,44.0407,44.1079,43.6932,43.8380,72902
2023-07-14,FXDEL,43.6824,44.6553,43.6384,44.6215,22936
2023-07-17,FXDEL,44.3879,45.1242,44.3261,44.9838,88586
2023-07-18,FXDEL,44.9998,45.2070,43.7991,44.0079,88998
2023-07-19,FXDEL,43.6809,44.5434,43.6047,44.3527,61959
2023-07-20,FXDEL,44.4588,44.7111,44.1372,44.5154,65937
2023-07-21,FXDEL,44.5649,44.5706,43.2826,43.3824,66696
2023-07-24,FXDEL,42.8196,43.7735,42.5417,43.5607,33530
2023-07-25,FXDEL,43.1358,44.5791,42.9650,44.4383,97369
2023-07-26,FXDEL,44.3072,44.3825,43.9131,44.1512,51340
2023-07-27,FXDEL,44.0867,44.2528,41.9743,42.0521,41309
2023-07-28,FXDEL,42.0964,42.2201,41.0999,41.5361,37535
2023-07-31,FXDEL,41.3748,41.7505,41.2801,41.6926,96885
2023-08-01,FXDEL,41.5450,41.6450,41.2887,41.3636,86253
2023-08-02,FXDEL,41.4731,42.1837,41.1061,42.0874,95829
2023-08-03,FXDEL,41.9195,42.2694,41.7682,42.0716,48919
2023-08-04,FXDEL,42.4012,42.6066,41.9193,42.1558,54697
2023-08-07,FXDEL,41.8136,41.8807,41.5170,41.5735,66600
2023-08-08,FXDEL,41.4492,41.5546,40.8797,41.0954,34505
2023-08-09,FXDEL,40.8373,41.8275,40.7113,41.7125,74980
2023-08-10,FXDEL,41.6608,42.6383,41.6236,42.4975,35451
2023-08-11,FXDEL,42.7073,42.9026,42.5264,42.8464,45744
2023-08-14,FXDEL,43.0417,43.2347,41.9133,41.9749,53633
2023-08-15,FXDEL,42.2640,42.5223,42.0025,42.4928,29933
2023-08-16,FXDEL,42.7028,42.9047,42.2479,42.4472,72390
2023-08-17,FXDEL,42.3692,42.8680,42.1063,42.2949,22208
2023-08-18,FXDEL,42.3296,42.6947,42.3130,42.6167,32076
2023-08-21,FXDEL,42.6200,42.6425,41.7816,41.8185,93034
2023-08-22,FXDEL,41.5308,41.8354,41.4745,41.6248,26792
2023-08-23,FXDEL,41.4886,41.6962,41.2850,41.5843,45904
2023-08-24,FXDEL,41.6501,41.7419,41.1472,41.4819,74731
2023-08-25,FXDEL,41.4920,42.4782,41.4325,42.3823,62802
2023-08-28,FXDEL,42.1739,42.4444,41.9833,42.0309,71381
2023-08-29,FXDEL,41.8780,42.5560,41.8150,42.3163,24319
2023-08-30,FXDEL,42.1913,43.1907,42.0864,43.1005,50768
2023-08-31,FXDEL,43.0436,43.0877,42.1551,42.3165,33828
2023-09-01,FXDEL,42.2421,42.3526,40.5084,40.7722,90501
2023-09-04,FXDEL,40.6555,40.8824,40.5387,40.8466,51422
2023-09-05,FXDEL,40.9116,41.5649,40.7775,41.4149,97883
2023-09-06,FXDEL,41.3897,41.4116,41.0452,41.2946,99019
2023-09-07,FXDEL,41.1284,41.4969,40.8717,41.4518,28253
2023-09-08,FXDEL,41.4295,42.2883,41.1156,42.1563,43888
2023-09-11,FXDEL,42.1778,43.5077,42.1661,43.5058,60327
2023-09-12,FXDEL,43.7283,43.8896,43.6043,43.7497,24630
2023-09-13,FXDEL,43.8017,44.2258,43.5613,44.0729,57410
2023-09-14,FXDEL,44.0453,44.1038,43.6675,43.7224,32699
2023-09-15,FXDEL,43.9698,43.9827,42.8572,42.8876,37329
2023-09-18,FXDEL,42.6684,43.1344,42.2742,42.8311,25944
2023-09-19,FXDEL,43.1244,43.6443,43.0490,43.5643,77903
2023-09-20,FXDEL,43.7444,43.7459,43.2831,43.4969,73012
2023-09-21,FXDEL,43.2928,43.3040,43.0019,43.2891,99600
2023-09-22,FXDEL,43.4496,44.2675,43.1742,44.0327,29255
2023-09-25,FXDEL,44.1435,44.4035,44.0021,44.3126,28507
2023-09-26,FXDEL,44.2318,44.2832,43.4924,43.5904,80809
2023-09-27,FXDEL,43.6490,43.6816,42.3710,42.4527,78515
2023-09-28,FXDEL,42.2694,43.4256,42.2373,43.3384,42977
2023-09-29,FXDEL,43.3494,43.3794,42.9818,43.2790,30652
2023-10-02,FXDEL,43.2887,43.5367,42.8553,42.9339,27981
2023-10-03,FXDEL,43.1086,43.7598,43.0273,43.6928,86623
2023-10-04,FXDEL,44.0278,44.3425,43.7972,44.1981,87995
2023-10-05,FXDEL,44.0592,44.2147,43.5883,43.6073,38706
2023-10-06,FXDEL,43.2105,45.2116,43.1482,45.1034,23227
2023-10-09,FXDEL,45.2190,45.4171,44.0523,44.2457,54917
2023-10-10,FXDEL,44.0631,44.2035,44.0305,44.0890,93570
2023-10-11,FXDEL,44.2248,44.2593,43.4910,43.5333,47132
2023-10-12,FXDEL,43.4199,43.9958,43.2833,43.5799,89382
2023-10-13,FXDEL,43.4276,43.5042,42.4553,42.8029,66990
2023-10-16,FXDEL,42.4582,42.4671,41.9140,41.9728,53744
2023-10-17,FXDEL,42.0526,42.9950,41.9605,42.8819,54954
2023-10-18,FXDEL,42.5944,42.8364,42.3230,42.7936,54284
2023-10-19,FXDEL,42.7613,42.7816,41.6297,41.9695,61574
2023-10-20,FXDEL,41.9252,42.0808,41.1240,41.1856,36075
2023-10-23,FXDEL,41.3411,41.3599,40.3051,40.6285,82521
2023-10-24,FXDEL,40.4475,41.1086,40.3618,40.9726,97707
2023-10-25,FXDEL,40.8669,40.8871,40.0112,40.0217,31007
2023-10-26,FXDEL,39.8786,40.0315,39.7089,39.9289,30748
2023-10-27,FXDEL,39.9878,40.7768,39.8239,40.5992,79840
2023-10-30,FXDEL,40.4697,40.5884,39.9681,40.3433,45948
2023-10-31,FXDEL,40.5061,40.5220,40.1006,40.3471,83971
2023-11-01,FXDEL,40.3409,40.3930,40.1066,40.2600,58796
2023-11-02,FXDEL,40.2527,40.5557,39.5808,40.0907,90241
2023-11-03,FXDEL,40.0362,40.0998,39.2646,39.3808,69379
2023-11-06,FXDEL,39.6382,39.8181,39.5714,39.8000,58595
2023-11-07,FXDEL,39.7647,40.0741,39.7095,39.8462,26215
2023-11-08,FXDEL,39.8231,40.7300,39.7944,40.5881,73355
2023-11-09,FXDEL,40.8539,40.9685,40.2018,40.2424,26276
2023-11-10,FXDEL,40.7792,40.8499,39.2708,39.4286,63905
2023-11-13,FXDEL,39.3202,39.5090,38.9157,38.9795,87108
2023-11-14,FXDEL,39.0486,39.3925,38.9325,39.2886,31365
2023-11-15,FXDEL,39.2804,39.4103,38.7860,38.8764,73757
2023-11-16,FXDEL,39.0452,39.2177,38.3138,38.3657,67659
2023-11-17,FXDEL,38.4844,38.5041,38.3053,38.4067,22555
2023-11-20,FXDEL,38.7762,38.8548,38.1807,38.3377,63267
2023-11-21,FXDEL,38.5119,38.5296,38.0675,38.3125,91542
2023-11-22,FXDEL,38.3308,38.5887,38.1682,38.5042,44427
2023-11-23,FXDEL,38.3890,38.3968,38.1645,38.1750,46620
2023-11-24,FXDEL,38.3390,38.5890,38.0194,38.0985,82332
2023-11-27,FXDEL,37.9244,37.9923,37.3697,37.3848,39520
2023-11-28,FXDEL,37.4366,37.5882,37.3086,37.3159,60965
2023-11-29,FXDEL,37.3621,37.4434,36.8281,36.8903,96279
2023-11-30,FXDEL,36.8823,37.1061,36.6999,37.0183,99736
2023-12-01,FXDEL,36.9746,37.0046,36.3688,36.5355,85911
2023-12-04,FXDEL,36.7530,36.8291,35.9283,36.2830,97633
2023-12-05,FXDEL,36.0941,36.2885,35.8402,35.9918,37510
2023-12-06,FXDEL,35.6594,36.4778,35.4107,36.3046,37000
2023-12-07,FXDEL,36.2598,36.5536,35.2441,35.4157,59253
2023-12-08,FXDEL,35.4350,35.8563,35.2044,35.8046,25706
2023-12-11,FXDEL,35.8209,35.8283,35.1973,35.2722,74404
2023-12-12,FXDEL,35.2434,35.3852,35.0610,35.2350,80390
2023-12-13,FXDEL,35.2812,35.4350,34.9309,35.0259,89692
2023-12-14,FXDEL,35.0735,36.2017,35.0506,36.1314,32834
2023-12-15,FXDEL,36.0043,37.0842,35.8356,36.9796,74278
2023-12-18,FXDEL,36.9300,37.8473,36.7175,37.8297,60335
2023-12-19,FXDEL,37.7730,38.0647,37.5335,37.6823,80382
2023-12-20,FXDEL,37.6506,38.1571,37.6495,38.0062,89127
2023-12-21,FXDEL,37.8756,38.0777,37.4576,37.4932,99908
2023-12-22,FXDEL,37.4393,37.4776,37.0010,37.1595,63671
2023-12-25,FXDEL,36.8658,36.8780,36.1546,36.2705,50103
2023-12-26,FXDEL,36.1316,36.5652,36.0098,36.4616,66846
2023-12-27,FXDEL,36.2252,36.2274,35.6410,35.7125,39144
2023-12-28,FXDEL,35.7102,35.9914,35.6924,35.9205,52786
2023-12-29,FXDEL,36.0614,36.1150,35.0006,35.2264,39320
2024-01-01,FXDEL,35.2443,35.4958,35.1470,35.1858,38630
2024-01-02,FXDEL,35.1876,36.6019,35.0398,36.2873,33718
2024-01-03,FXDEL,36.3920,36.4465,35.8558,35.9343,64873
2024-01-04,FXDEL,36.0913,36.8960,36.0722,36.8727,99140
2024-01-05,FXDEL,36.6776,36.8894,36.3127,36.5306,48699
2024-01-08,FXDEL,36.3872,36.6899,36.2308,36.5362,76488
2024-01-09,FXDEL,36.5519,36.5683,35.7618,35.9032,32627
2024-01-10,FXDEL,35.8227,37.2241,35.7972,37.0487,53007
2024-01-11,FXDEL,37.1944,37.4044,36.4926,36.6090,81919
2024-01-12,FXDEL,36.5651,36.6421,36.3606,36.4721,79298
2024-01-15,FXDEL,36.4854,36.8522,36.4715,36.8079,52120
2024-01-16,FXDEL,36.6503,37.4936,36.2442,37.3912,55728
2024-01-17,FXDEL,37.2077,37.2179,36.8418,36.9894,31487
2024-01-18,FXDEL,37.0763,37.0972,36.7132,36.7942,58959
2024-01-19,FXDEL,36.8077,36.8702,36.3693,36.4072,70704
2024-01-22,FXDEL,36.2070,37.0737,36.1020,37.0464,57365
2024-01-23,FXDEL,36.7921,36.9222,36.6369,36.8756,58731
2024-01-24,FXDEL,36.6831,36.8036,36.6259,36.7406,40688
2024-01-25,FXDEL,36.9285,37.1477,36.5950,36.6223,37969
2024-01-26,FXDEL,36.4263,36.4703,36.1043,36.1785,34236
2024-01-29,FXDEL,36.0487,36.4449,35.9960,36.4227,71908
2024-01-30,FXDEL,36.6125,36.8354,36.2582,36.2629,94039
2024-01-31,FXDEL,36.3691,36.4562,34.3928,34.7197,60945
2024-02-01,FXDEL,34.5545,34.5852,34.2049,34.4003,27886
2024-02-02,FXDEL,34.2427,34.3764,34.0956,34.2941,91865
2024-02-05,FXDEL,34.2531,35.5085,34.2009,35.4249,75543
2024-02-06,FXDEL,35.3228,36.2850,35.2310,36.1832,86102
2024-02-07,FXDEL,36.1955,36.9404,36.1515,36.8047,55514
2024-02-08,FXDEL,36.8896,37.1005,36.4020,36.5791,72132
2024-02-09,FXDEL,36.5156,36.6956,36.3519,36.6195,25155
2024-02-12,FXDEL,36.7014,36.7426,35.6724,35.7863,81599
2024-02-13,FXDEL,35.8526,35.9988,35.6405,35.7444,96962
2024-02-14,FXDEL,35.8000,36.8296,35.6690,36.4433,84532
2024-02-15,FXDEL,36.3230,36.3471,36.0639,36.2170,23179
2024-02-16,FXDEL,36.1697,36.1980,35.8089,35.9472,42558
2024-02-19,FXDEL,35.8781,36.0326,35.7279,35.7429,48638
2024-02-20,FXDEL,35.6066,36.8509,35.5681,36.7205,61330
2024-02-21,FXDEL,36.7306,36.7578,36.4643,36.5030,76612
2024-02-22,FXDEL,36.3225,36.3650,35.1958,35.5600,95230
2024-02-23,FXDEL,35.3746,35.8178,35.2272,35.6591,80824
2024-02-26,FXDEL,35.6705,36.2558,35.6399,36.0189,97738
2024-02-27,FXDEL,35.9364,36.0455,35.8972,36.0201,70971
2024-02-28,FXDEL,36.3026,36.5709,36.2846,36.4375,87360
2024-02-29,FXDEL,36.3598,36.4857,35.7291,35.8449,80589
2024-03-01,FXDEL,35.7027,36.6251,35.6421,36.5589,64437
2024-03-04,FXDEL,36.6742,37.1022,36.6309,36.9043,82887
2024-03-05,FXDEL,36.6339,37.6690,36.3320,37.6050,75219
2024-03-06,FXDEL,37.5566,37.6932,37.3303,37.4693,68091
2024-03-07,FXDEL,37.3839,38.3830,37.2888,38.2660,60802
2024-03-08,FXDEL,38.3573,39.5447,38.1255,39.5179,87544
2024-03-11,FXDEL,39.5926,39.7337,39.1727,39.4005,40336
2024-03-12,FXDEL,39.4971,39.6642,39.4119,39.6029,21394
2024-03-13,FXDEL,39.7100,39.8664,38.5491,38.5674,90746
2024-03-14,FXDEL,38.5106,38.7885,38.3785,38.6496,57702
2024-03-15,FXDEL,38.8753,39.0080,38.1655,38.2115,36329
2024-03-18,FXDEL,38.0005,38.3132,37.6110,37.8238,51046
2024-03-19,FXDEL,37.6824,37.7214,37.3165,37.4080,84868
2024-03-20,FXDEL,37.6429,37.8108,37.5265,37.7381,93747
2024-03-21,FXDEL,37.7966,38.0933,37.7719,38.0057,36338
2024-03-22,FXDEL,38.2920,38.4645,37.8289,38.1007,54919
2024-03-25,FXDEL,37.8611,38.7648,37.7731,38.3730,29548
2024-03-26,FXDEL,38.2609,39.3773,38.1538,39.3566,37862
2024-03-27,FXDEL,39.4172,39.7456,39.3021,39.5837,43522
2024-03-28,FXDEL,39.8618,39.9944,39.5726,39.8391,67510
2024-03-29,FXDEL,40.0575,41.1417,40.0202,40.7452,91366
2024-04-01,FXDEL,40.8905,40.9718,39.7639,39.8048,89822
2024-04-02,FXDEL,39.7844,39.8756,39.6067,39.6687,62595
2024-04-03,FXDEL,39.8446,39.9717,39.5097,39.6993,38284
2024-04-04,FXDEL,39.5926,39.6830,39.1965,39.5114,57067
2024-04-05,FXDEL,39.5620,40.2281,39.4310,40.1230,96318
2024-04-08,FXDEL,40.0247,40.0338,39.7600,39.7681,80404
2024-04-09,FXDEL,39.8449,40.7069,39.6929,40.5925,51026
2024-04-10,FXDEL,40.5782,40.9220,40.5629,40.8856,95096
2024-04-11,FXDEL,40.9571,41.2572,40.3508,40.8749,24752
2024-04-12,FXDEL,41.1844,41.3390,39.8278,39.8512,32132
2024-04-15,FXDEL,40.0851,40.1909,40.0482,40.0613,91181
2024-04-16,FXDEL,40.1370,40.1860,40.1324,40.1348,54245
2024-04-17,FXDEL,40.0429,40.1488,39.1395,39.5255,64018
2024-04-18,FXDEL,39.6019,39.6386,39.4113,39.5739,74573
2024-04-19,FXDEL,39.4313,39.4633,39.3825,39.4416,44138
2024-04-22,FXDEL,39.5798,40.1406,39.4166,39.8711,53056
2024-04-23,FXDEL,39.7560,39.7961,38.6182,38.7002,66199
2024-04-24,FXDEL,38.7797,38.8273,38.0696,38.1330,24746
2024-04-25,FXDEL,38.1640,38.2684,36.7352,36.7571,24310
2024-04-26,FXDEL,36.9973,37.0418,36.7062,36.8210,84629
2024-04-29,FXDEL,36.8231,36.8892,36.3874,36.5089,33533
2024-04-30,FXDEL,36.4596,36.6054,36.3207,36.3214,35528
2024-05-01,FXDEL,36.2850,36.5203,36.1830,36.4114,78649
2024-05-02,FXDEL,36.1801,37.2731,36.1381,37.2209,75138
2024-05-03,FXDEL,37.3137,37.3627,36.8564,36.9208,25342
2024-05-06,FXDEL,36.9497,38.6863,36.8395,38.6005,30325
2024-05-07,FXDEL,38.5255,39.0596,38.3227,38.9028,25340
2024-05-08,FXDEL,38.9184,39.1881,37.3916,37.7081,64880
2024-05-09,FXDEL,37.6884,38.0475,37.5219,37.9413,41147
2024-05-10,FXDEL,37.6239,38.1543,37.5717,38.1260,29159
2024-05-13,FXDEL,38.1275,38.3929,37.9443,38.2972,84245
2024-05-14,FXDEL,38.1001,38.5492,37.9433,38.4787,32790
2024-05-15,FXDEL,38.3451,38.3669,37.4307,37.5323,54251
2024-05-16,FXDEL,37.5188,37.9337,37.4683,37.7462,21605
2024-05-17,FXDEL,37.5703,38.3711,37.3813,38.2852,97860
2024-05-20,FXDEL,38.0935,38.8921,37.9645,38.7494,77764
2024-05-21,FXDEL,38.7026,39.1547,38.4629,39.1366,80350
2024-05-22,FXDEL,39.1132,39.1765,38.9443,39.1578,37472
2024-05-23,FXDEL,38.9714,39.0390,38.5289,38.8689,79633
2024-05-24,FXDEL,38.8880,39.4103,38.8664,39.2619,46411
2024-05-27,FXDEL,39.2524,39.3492,39.0183,39.2963,85872
2024-05-28,FXDEL,39.3896,39.5072,38.6484,38.7380,82093
2024-05-29,FXDEL,38.8583,39.2901,38.6942,39.1998,21604
2024-05-30,FXDEL,39.0342,39.7714,38.9291,39.6194,24645
2024-05-31,FXDEL,39.6114,39.6253,39.1071,39.3629,30037
2024-06-03,FXDEL,39.4026,40.6364,39.2242,40.4944,65099
2024-06-04,FXDEL,40.1486,40.2434,39.9686,40.1465,57631
2024-06-05,FXDEL,40.1372,40.6923,39.9959,40.4315,97940
2024-06-06,FXDEL,40.4813,41.6623,40.3085,41.5693,62892
2024-06-07,FXDEL,41.5307,41.7393,41.4966,41.6265,96377
2024-06-10,FXDEL,41.8479,41.9299,41.5859,41.7755,44139
2024-06-11,FXDEL,41.9886,42.2523,41.7315,41.7860,82137
2024-06-12,FXDEL,41.7955,41.9721,40.4285,40.5979,64335
2024-06-13,FXDEL,40.8135,40.8907,40.3538,40.3547,33233
2024-06-14,FXDEL,40.0590,40.9853,39.8700,40.9588,96382
2024-06-17,FXDEL,41.0416,41.2162,40.6641,41.2103,98012
2024-06-18,FXDEL,41.1380,42.1272,41.0557,41.8905,46816
2024-06-19,FXDEL,41.6219,42.4587,41.5427,42.1700,68056
2024-06-20,FXDEL,42.3907,42.9140,42.3107,42.7680,67440
2024-06-21,FXDEL,42.5688,42.7178,42.0790,42.3455,92995
2024-06-24,FXDEL,42.2905,43.2707,42.2363,42.8999,87501
2024-06-25,FXDEL,42.9809,43.1104,42.9331,42.9472,95570
2024-06-26,FXDEL,42.7574,43.1886,42.7556,43.1559,23510
2024-06-27,FXDEL,43.2232,43.2718,42.9331,42.9637,34390
2024-06-28,FXDEL,43.0514,44.3401,43.0508,43.8423,50491
2024-07-01,FXDEL,43.9374,43.9845,43.6622,43.7399,90355
2024-07-02,FXDEL,43.5600,44.2278,43.4076,44.1452,42592
2024-07-03,FXDEL,44.2166,44.7596,43.1686,43.2471,91151
2024-07-04,FXDEL,43.3339,43.3701,41.9386,42.0965,35182
2024-07-05,FXDEL,42.1421,43.2258,41.9626,43.1075,77128
2024-07-08,FXDEL,43.1130,43.3290,42.5163,42.6146,90599
2024-07-09,FXDEL,42.6620,44.1335,42.6136,43.9204,24368
2024-07-10,FXDEL,43.9473,44.0053,43.6188,43.7416,92488
2024-07-11,FXDEL,43.3528,43.4324,43.3315,43.3546,43685
2024-07-12,FXDEL,43.6163,43.7513,42.9618,43.2288,49892
2024-07-15,FXDEL,43.3876,43.5389,43.2236,43.2313,93484
2024-07-16,FXDEL,42.9598,43.6539,42.9121,43.5663,60507
2024-07-17,FXDEL,43.7775,43.8232,43.4007,43.4461,90082
2024-07-18,FXDEL,43.4114,43.5571,43.2806,43.5519,27434
2024-07-19,FXDEL,43.3762,43.6661,43.2977,43.5943,73244
2024-07-22,FXDEL,43.6956,44.0664,43.4437,44.0634,24791
2024-07-23,FXDEL,44.1561,44.5603,44.0944,44.4986,28889
2024-07-24,FXDEL,44.6061,45.4255,44.3789,45.1438,47949
2024-07-25,FXDEL,44.9347,45.0276,43.5147,43.6214,66623
2024-07-26,FXDEL,43.7570,43.9040,43.4037,43.4508,58172
2024-07-29,FXDEL,43.5198,43.5347,41.5764,41.9065,21488
2024-07-30,FXDEL,41.8807,42.2859,41.6174,42.0072,50811
2024-07-31,FXDEL,41.9126,42.0458,41.4705,41.7285,49468
2024-08-01,FXDEL,41.9511,42.0193,41.4792,41.5147,98478
2024-08-02,FXDEL,41.1504,41.7150,41.0757,41.7048,56884
2024-08-05,FXDEL,41.5478,42.7752,41.4020,42.7195,72485
2024-08-06,FXDEL,43.0011,43.0483,42.4957,42.7735,89651
2024-08-07,FXDEL,42.8069,42.9282,42.3644,42.5666,33273
2024-08-08,FXDEL,42.7463,43.9083,42.3670,43.7596,95290
2024-08-09,FXDEL,43.2927,44.2317,43.0528,43.9311,64103
2024-08-12,FXDEL,44.2352,44.2484,43.5383,43.7584,64607
2024-08-13,FXDEL,43.8051,43.8837,43.5674,43.7518,45048
2024-08-14,FXDEL,43.7411,44.1640,43.2645,43.3076,55816
2024-08-15,FXDEL,43.1378,43.1594,42.9486,43.1506,37086
2024-08-16,FXDEL,42.8765,43.3461,42.6642,43.1806,88638
2024-08-19,FXDEL,43.0758,43.1651,42.2651,42.4178,72462
2024-08-20,FXDEL,42.6090,42.6190,41.6867,41.8085,66272
2024-08-21,FXDEL,41.7673,41.8845,41.1793,41.3358,76691
2024-08-22,FXDEL,41.5079,41.6721,40.6208,40.6393,55477
2024-08-23,FXDEL,40.6059,41.2887,40.5229,41.1385,40079
2024-08-26,FXDEL,41.1414,41.2263,40.4153,40.4745,97994
2024-08-27,FXDEL,40.4840,40.5223,39.5379,39.8785,87066
2024-08-28,FXDEL,39.8279,40.1260,39.3118,39.3476,69034
2024-08-29,FXDEL,39.2591,39.5085,39.2066,39.3117,38476
2024-08-30,FXDEL,39.2511,39.4489,38.1895,38.4671,86304
2024-09-02,FXDEL,38.3048,38.4986,38.2963,38.4603,61098
2024-09-03,FXDEL,38.1960,38.2159,37.7701,37.9755,86133
2024-09-04,FXDEL,37.9192,37.9321,37.5334,37.7490,30614
2024-09-05,FXDEL,37.7755,37.8883,36.7240,36.8371,92560
2024-09-06,FXDEL,36.6123,36.7083,36.3430,36.3485,70293
2024-09-09,FXDEL,36.3521,36.3856,35.7002,35.7987,41745
2024-09-10,FXDEL,35.9277,36.0282,35.6790,35.7398,87957
2024-09-11,FXDEL,35.5108,36.6433,35.4663,36.4957,59000
2024-09-12,FXDEL,36.3648,37.3750,36.2760,37.3152,58749
2024-09-13,FXDEL,37.3744,38.3917,37.3057,38.2090,29423
2024-09-16,FXDEL,38.0624,38.3241,37.6170,37.6766,20014
2024-09-17,FXDEL,37.5388,37.7185,37.4324,37.6030,77489
2024-09-18,FXDEL,37.5600,37.5839,36.6989,36.8143,59417
2024-09-19,FXDEL,36.7168,37.4089,36.4281,37.1582,64548
2024-09-20,FXDEL,37.2787,37.4114,36.8645,36.9813,36490
2024-09-23,FXDEL,37.0710,37.4063,36.2269,36.2404,52299
2024-09-24,FXDEL,36.2481,36.5614,36.1794,36.3961,79775
2024-09-25,FXDEL,36.4945,36.8676,36.1813,36.7156,45817
2024-09-26,FXDEL,36.7626,36.9918,36.7455,36.7736,35609
2024-09-27,FXDEL,36.9272,37.5989,36.8748,37.4444,66786
2024-09-30,FXDEL,37.4555,38.1578,37.2490,37.9713,35327
2024-10-01,FXDEL,37.8940,38.0346,37.8541,37.9636,94707
2024-10-02,FXDEL,37.9187,37.9434,37.7605,37.9101,29048
2024-10-03,FXDEL,37.7216,38.9533,37.7032,38.9422,50523
2024-10-04,FXDEL,38.8484,39.3647,38.7969,39.1297,75056
2024-10-07,FXDEL,39.1279,39.3757,38.9784,39.0411,71340
2024-10-08,FXDEL,39.0101,39.0133,37.6930,37.8216,82893
2024-10-09,FXDEL,37.9141,38.6482,37.9129,38.2834,97201
2024-10-10,FXDEL,38.2562,38.4663,38.1220,38.1368,37420
2024-10-11,FXDEL,37.8967,39.0152,37.7725,38.7005,83962
2024-10-14,FXDEL,38.3501,39.6265,38.0758,39.5781,50377
2024-10-15,FXDEL,39.3604,39.4192,39.0715,39.1278,26519
2024-10-16,FXDEL,39.0808,39.5635,39.0244,39.4779,86753
2024-10-17,FXDEL,39.4807,39.7201,37.7287,37.7603,37655
2024-10-18,FXDEL,37.6405,38.7765,37.6301,38.7475,71203
2024-10-21,FXDEL,38.3177,38.8328,38.2383,38.7220,37027
2024-10-22,FXDEL,38.6596,38.7655,38.1907,38.1932,82720
2024-10-23,FXDEL,38.2488,38.3660,37.8465,37.9679,89780
2024-10-24,FXDEL,37.9048,38.9584,37.8125,38.6647,39984
2024-10-25,FXDEL,38.5058,39.7305,38.4367,39.6390,29970
2024-10-28,FXDEL,39.5321,39.6234,38.8218,38.9663,61064
2024-10-29,FXDEL,38.9577,40.1422,38.8863,40.0410,79760
2024-10-30,FXDEL,39.9013,40.7834,39.6021,40.7365,93204
2024-10-31,FXDEL,40.6151,41.0606,40.4829,40.7302,62933
2024-11-01,FXDEL,40.5438,41.1551,40.4962,41.1386,90746
2024-11-04,FXDEL,41.2471,41.2877,39.8162,40.2923,54111
2024-11-05,FXDEL,40.3108,40.3745,40.2864,40.3085,51662
2024-11-06,FXDEL,40.0892,41.7564,40.0369,41.6550,71419
2024-11-07,FXDEL,41.8048,41.8645,41.5269,41.5443,68772
2024-11-08,FXDEL,41.4718,42.4744,41.3957,42.3191,82222
2024-11-11,FXDEL,42.3981,42.5230,41.7183,41.7312,35109
2024-11-12,FXDEL,41.6584,42.5891,41.4146,42.5873,77414
2024-11-13,FXDEL,42.8285,43.3187,42.5674,43.0538,91673
2024-11-14,FXDEL,43.1295,43.2766,42.7599,42.7892,81117
2024-11-15,FXDEL,42.8812,43.5641,42.6438,43.5366,67715
2024-11-18,FXDEL,43.1054,43.4233,42.7290,43.2438,60905
2024-11-19,FXDEL,43.3193,43.3341,42.0426,42.3184,98565
2024-11-20,FXDEL,42.5274,42.5325,42.2541,42.4814,24478
2024-11-21,FXDEL,42.4994,42.7301,42.4462,42.6034,72793
2024-11-22,FXDEL,42.7136,43.3567,42.5562,43.2485,22476
2024-11-25,FXDEL,43.3509,43.4252,42.7872,42.8995,59980
2024-11-26,FXDEL,42.5713,43.3008,42.4834,43.0824,30571
2024-11-27,FXDEL,43.1119,43.4919,42.8563,43.3302,27501
2024-11-28,FXDEL,43.4802,43.5368,43.1538,43.3863,50110
2024-11-29,FXDEL,43.3125,44.2791,43.3074,44.1077,33247
2024-12-02,FXDEL,44.2391,44.3448,43.8870,43.8937,41990
2024-12-03,FXDEL,43.7546,43.9569,43.7378,43.9092,59569
2024-12-04,FXDEL,43.8747,44.2242,43.6761,44.1930,85732
2024-12-05,FXDEL,44.3214,44.5174,44.0597,44.0813,42690
2024-12-06,FXDEL,43.9527,43.9607,43.5558,43.6181,77558
2024-12-09,FXDEL,43.6981,43.7367,42.7098,42.7366,54349
2024-12-10,FXDEL,42.8584,43.0440,42.6498,42.7802,43607
2024-12-11,FXDEL,42.8582,42.9055,42.4643,42.7875,94067
2024-12-12,FXDEL,42.5907,42.8918,42.2522,42.7658,66246
2024-12-13,FXDEL,42.6203,43.0445,42.2164,42.2813,95502
2024-12-16,FXDEL,41.9854,42.0878,41.6256,41.8758,21626
2024-12-17,FXDEL,41.8575,42.5664,41.5310,42.4442,96451
2024-12-18,FXDEL,42.3324,43.0851,42.2805,42.8159,83237
2024-12-19,FXDEL,42.8754,42.9057,42.6501,42.8135,34654
2024-12-20,FXDEL,42.6710,43.1598,42.4078,43.0050,34512
2024-12-23,FXDEL,43.0681,43.1578,42.7404,42.8357,24300
2024-12-24,FXDEL,42.5842,43.7463,42.3400,43.4692,49508
2024-12-25,FXDEL,43.7382,44.0203,43.3513,43.6829,86583
2024-12-26,FXDEL,43.6716,44.8640,43.6354,44.6071,83734
2024-12-27,FXDEL,44.9439,44.9732,44.5758,44.6892,88682
2024-12-30,FXDEL,44.4267,44.4659,44.0862,44.1745,33203
2024-12-31,FXDEL,43.9572,45.0698,43.7735,44.9779,67324
2025-01-01,FXDEL,44.7971,46.0879,44.7844,45.9942,63500
2025-01-02,FXDEL,45.6290,46.2184,45.4157,46.0977,44393
2025-01-03,FXDEL,46.0418,48.7630,45.9131,48.6170,94629
2025-01-06,FXDEL,48.6582,49.2160,48.5254,49.1126,40366
2025-01-07,FXDEL,48.9784,48.9823,48.0780,48.2454,48539
2025-01-08,FXDEL,48.4507,48.5442,47.8513,48.0012,77089
2025-01-09,FXDEL,48.0856,49.0977,47.9055,48.6796,74594
2025-01-10,FXDEL,48.7656,49.3425,48.5729,49.1359,28713
2025-01-13,FXDEL,49.1195,49.2177,48.8313,49.1682,78992
2025-01-14,FXDEL,49.1881,49.4735,48.6185,48.9497,88237
2025-01-15,FXDEL,49.1297,49.1763,48.8425,49.1452,68520
2025-01-16,FXDEL,49.2347,49.3572,49.2123,49.2715,92500
2025-01-17,FXDEL,49.0588,49.4963,48.7555,49.4611,31465
2025-01-20,FXDEL,49.2390,49.2506,48.7683,48.8178,38781
2025-01-21,FXDEL,48.7654,48.8158,48.4335,48.5565,93860
2025-01-22,FXDEL,48.3425,48.7760,47.5639,47.8371,85200
2025-01-23,FXDEL,47.9273,48.4137,47.8440,48.1766,38024
2025-01-24,FXDEL,48.1951,48.3449,48.0107,48.2615,45081
2025-01-27,FXDEL,48.0406,48.4702,47.9657,48.3407,41784
2025-01-28,FXDEL,48.4710,48.5916,48.3943,48.5462,87306
2025-01-29,FXDEL,48.1791,49.1347,48.1716,49.0766,35425
2025-01-30,FXDEL,49.1229,50.1482,48.8144,49.7296,67520
2025-01-31,FXDEL,49.9852,51.2465,49.7005,51.0025,65837
2025-02-03,FXDEL,50.8974,51.2203,50.5715,51.0647,54291
2025-02-04,FXDEL,51.2352,51.9836,51.2154,51.9074,55356
2025-02-05,FXDEL,51.6420,52.2566,51.4479,51.7190,54706
2025-02-06,FXDEL,51.5786,51.6401,50.0541,50.2147,30561
2025-02-07,FXDEL,50.0725,50.2508,49.3580,49.7787,85215
2025-02-10,FXDEL,49.6689,51.1516,49.4936,50.9717,52793
2025-02-11,FXDEL,51.3519,51.3967,49.8300,50.0429,86385
2025-02-12,FXDEL,49.7024,50.6670,49.4559,50.6483,20344
2025-02-13,FXDEL,50.5486,51.3094,50.4953,51.2688,72097
2025-02-14,FXDEL,51.1375,51.7344,50.8194,51.6129,49749
2025-02-17,FXDEL,51.5582,51.9275,51.5463,51.8835,92131
2025-02-18,FXDEL,52.2030,52.4519,51.6523,51.7355,85677
2025-02-19,FXDEL,51.7854,52.1543,51.6828,51.7608,86987
2025-02-20,FXDEL,51.6851,52.4272,51.5871,52.3279,73730
2025-02-21,FXDEL,52.2956,52.4272,50.7470,50.8366,42827
2025-02-24,FXDEL,50.4151,50.9080,49.7573,49.9973,34115
2025-02-25,FXDEL,50.0633,52.0453,49.9969,51.4631,38708
2025-02-26,FXDEL,51.2766,52.3152,50.8967,52.1640,70304
2025-02-27,FXDEL,52.3962,52.7606,52.1896,52.3743,38487
2025-02-28,FXDEL,52.0642,52.7798,51.8031,52.7519,33042
2025-03-03,FXDEL,53.0625,53.6722,52.9175,53.0364,34483
2025-03-04,FXDEL,53.1821,53.3244,52.3043,52.5275,52470
2025-03-05,FXDEL,52.6445,52.8761,51.6655,51.8968,57689
2025-03-06,FXDEL,51.9787,52.0140,51.5596,51.6139,50525
2025-03-07,FXDEL,51.3760,51.5359,50.8604,51.0812,72015
2025-03-10,FXDEL,51.1804,51.4085,49.9603,50.0668,43050
2025-03-11,FXDEL,49.8227,50.1999,49.5359,50.1173,65833
2025-03-12,FXDEL,50.2179,50.5832,50.0768,50.2521,38036
2025-03-13,FXDEL,50.4804,52.1588,50.3220,51.9886,97367
2025-03-14,FXDEL,52.0901,52.3192,52.0876,52.3137,41951
2025-03-17,FXDEL,52.7908,52.8788,52.5679,52.6266,42302
2025-03-18,FXDEL,52.4038,53.0709,52.3081,53.0445,59096
2025-03-19,FXDEL,52.9986,53.5160,52.8468,53.1643,67110
2025-03-20,FXDEL,52.9576,53.7688,52.9072,53.6304,26089
2025-03-21,FXDEL,53.3447,54.8882,53.3054,54.7469,51651
2025-03-24,FXDEL,54.6872,54.9762,53.5851,53.6552,75168
2025-03-25,FXDEL,53.8577,53.9789,52.7941,52.8119,72407
2025-03-26,FXDEL,53.0619,53.1520,52.7576,52.7887,49571
2025-03-27,FXDEL,53.0793,53.1606,52.7462,52.9950,32805
2025-03-28,FXDEL,52.7390,54.1300,52.5748,53.9188,58589
2025-03-31,FXDEL,53.6537,54.0009,53.1530,53.2798,51415
2025-04-01,FXDEL,53.6311,53.8105,52.9257,53.2892,97174
2025-04-02,FXDEL,53.2842,53.3226,51.4213,51.6165,69074
2025-04-03,FXDEL,51.2370,52.0152,50.9246,51.6390,79745
2025-04-04,FXDEL,51.6438,51.6622,51.1657,51.3769,56908
2025-04-07,FXDEL,51.3396,51.9592,51.1980,51.9522,48190
2025-04-08,FXDEL,51.7051,52.2761,51.4679,52.2522,77089
2025-04-09,FXDEL,52.1107,52.2007,50.7853,50.8957,65165
2025-04-10,FXDEL,50.6875,50.8262,50.5565,50.7814,34893
2025-04-11,FXDEL,50.8447,51.5244,50.7472,51.3871,93489
2025-04-14,FXDEL,51.2456,51.2777,50.9500,50.9997,35264
2025-04-15,FXDEL,50.7737,50.9078,50.6297,50.8298,99403
2025-04-16,FXDEL,50.7059,51.0880,50.1853,50.8842,50580
2025-04-17,FXDEL,50.7394,50.8813,49.7461,50.0910,46274
2025-04-18,FXDEL,49.8600,50.1962,49.8334,50.0422,43303
2025-04-21,FXDEL,50.1116,50.1497,48.6958,48.8959,68965
2025-04-22,FXDEL,48.9190,48.9916,48.6100,48.6967,47200
2025-04-23,FXDEL,48.6986,48.7814,48.2764,48.5822,28322
2025-04-24,FXDEL,48.6822,48.8229,47.6550,47.8788,37617
2025-04-25,FXDEL,48.0533,48.5354,47.7854,48.4337,37903
2025-04-28,FXDEL,48.4196,48.6195,48.0560,48.0902,90500
2025-04-29,FXDEL,48.1077,48.1979,47.5899,47.7586,76068
2025-04-30,FXDEL,47.9513,48.1633,47.1410,47.1798,83130
2025-05-01,FXDEL,47.2116,47.3117,46.8182,47.1183,81323
2025-05-02,FXDEL,46.6878,47.5500,46.6372,47.4971,85254
2025-05-05,FXDEL,47.4834,48.0863,47.3999,48.0284,66573
2025-05-06,FXDEL,48.1477,48.2668,47.2329,47.4016,67512
2025-05-07,FXDEL,47.4172,47.6932,47.2700,47.5188,91806
2025-05-08,FXDEL,47.5222,48.3297,47.2781,48.2054,59976
2025-05-09,FXDEL,48.3230,48.4363,47.8631,48.0846,23353
2025-05-12,FXDEL,48.2743,48.4716,47.5736,47.7822,63714
2025-05-13,FXDEL,47.5272,47.6684,47.5096,47.6520,29796
2025-05-14,FXDEL,47.7357,48.6370,47.6177,48.4231,54761
2025-05-15,FXDEL,48.5594,48.6996,48.2141,48.2578,41487
2025-05-16,FXDEL,48.6255,48.6507,47.8616,47.9580,82893
2025-05-19,FXDEL,48.0015,48.1278,47.8045,47.9724,51080
2025-05-20,FXDEL,48.2401,48.6641,48.0915,48.6023,70597
2025-05-21,FXDEL,48.3933,49.0986,48.1573,49.0372,33867
2025-05-22,FXDEL,49.2473,49.7696,49.1718,49.6322,96026
2025-05-23,FXDEL,49.6631,49.6761,48.7552,48.8892,47469
2025-05-26,FXDEL,49.0644,49.2563,48.3344,48.4810,63870
2025-05-27,FXDEL,48.3218,49.2701,48.1096,49.0722,61828
2025-05-28,FXDEL,48.8803,48.9441,48.3617,48.4304,54674
2025-05-29,FXDEL,48.5301,48.7356,48.3485,48.3553,63413
2025-05-30,FXDEL,48.5620,48.7772,47.6804,47.6889,96667
2025-06-02,FXDEL,47.5898,48.5582,47.5633,48.2663,57626
2025-06-03,FXDEL,48.1757,48.8754,48.1203,48.8269,86195
2025-06-04,FXDEL,48.8062,49.1756,47.7097,48.0166,69497
2025-06-05,FXDEL,48.1393,48.7728,47.8858,48.4518,78113
2025-06-06,FXDEL,48.7163,49.8265,48.5449,49.2483,65121
2025-06-09,FXDEL,49.1801,49.5225,47.2956,47.3939,96371
2025-06-10,FXDEL,47.6349,47.9914,47.5648,47.8264,37159
2025-06-11,FXDEL,48.0879,48.1481,47.5695,47.9070,83539
2025-06-12,FXDEL,47.5803,47.9440,47.4270,47.7777,39946
2025-06-13,FXDEL,47.7204,49.1986,47.6926,49.1048,76743
2025-06-16,FXDEL,48.9280,49.0735,48.8274,48.8333,63316
2025-06-17,FXDEL,48.5229,49.3039,48.4183,49.2125,40725
2025-06-18,FXDEL,49.1392,50.1333,49.0248,50.0447,94282
2025-06-19,FXDEL,49.6877,49.9541,49.5155,49.7476,89669
2025-06-20,FXDEL,49.8851,50.2060,49.4228,49.4574,88862
2025-06-23,FXDEL,49.4005,49.7653,49.2097,49.6459,34711
2025-06-24,FXDEL,49.4378,49.4560,49.0903,49.1323,72658
2025-06-25,FXDEL,49.2014,49.6324,49.1451,49.4822,80350
2025-06-26,FXDEL,49.2022,49.6725,49.0507,49.4107,84770
2025-06-27,FXDEL,49.0677,49.5716,49.0193,49.4330,69101
2025-06-30,FXDEL,49.4721,49.8261,49.2922,49.6579,98660
2025-07-01,FXDEL,49.8340,50.0636,49.8162,49.9882,84503
2025-07-02,FXDEL,50.2287,50.3917,48.8940,49.1303,88459
2025-07-03,FXDEL,49.3426,49.6255,49.1806,49.5271,46510
2025-07-04,FXDEL,49.7990,50.5448,49.7483,50.5033,77172
2025-07-07,FXDEL,50.5160,50.7260,50.3439,50.7183,92460
2025-07-08,FXDEL,50.4072,50.7329,50.1862,50.6075,96210
2025-07-09,FXDEL,50.6751,51.1276,50.0915,50.1793,47338
2025-07-10,FXDEL,49.9704,50.6492,49.8229,50.5797,78423
2025-07-11,FXDEL,50.8796,50.9334,50.0320,50.1760,45365
2025-07-14,FXDEL,50.1454,50.2159,49.5657,49.6933,74976
2025-07-15,FXDEL,49.5751,49.9356,49.3030,49.3870,63202
2025-07-16,FXDEL,49.5059,49.5804,48.3398,48.4699,35723
2025-07-17,FXDEL,48.6727,48.7114,48.0875,48.3122,68164
2025-07-18,FXDEL,48.4045,48.5581,47.4451,47.9048,43022
2025-07-21,FXDEL,47.9932,49.1362,47.8622,49.0949,92993
2025-07-22,FXDEL,49.1122,49.7360,48.9241,49.6725,79461
2025-07-23,FXDEL,49.6716,50.1264,48.8089,48.9500,67540
2025-07-24,FXDEL,49.2553,49.4240,48.3482,48.4979,52638
2025-07-25,FXDEL,48.9241,49.3139,48.9011,49.1689,69956
2025-07-28,FXDEL,48.8618,49.0088,48.5066,48.9430,61862
2025-07-29,FXDEL,48.7202,49.0190,48.6019,48.9390,89523
2025-07-30,FXDEL,48.8446,48.9755,48.8117,48.8427,23472
2025-07-31,FXDEL,49.4180,49.4263,48.8695,48.9768,58883
2025-08-01,FXDEL,49.0737,49.2680,48.8988,49.1805,56957
2025-08-04,FXDEL,48.9210,49.3625,48.7475,49.3453,99169
2025-08-05,FXDEL,49.4925,49.9951,49.4744,49.8516,78045
2025-08-06,FXDEL,49.7334,50.1358,49.6796,50.0345,27559
2025-08-07,FXDEL,49.8365,49.9962,49.4589,49.6717,72350
2025-08-08,FXDEL,49.7093,50.0164,48.3750,48.5674,94659
2025-08-11,FXDEL,48.7208,48.7518,48.0271,48.1564,43886
2025-08-12,FXDEL,48.4320,48.9704,48.4049,48.7815,27258
2025-08-13,FXDEL,48.8564,48.9184,48.4026,48.4521,99842
2025-08-14,FXDEL,48.2410,48.2678,48.0287,48.2648,69737
2025-08-15,FXDEL,48.3227,48.8812,48.0672,48.8431,64751
2025-08-18,FXDEL,48.8091,50.1100,48.5075,49.8898,26861
2025-08-19,FXDEL,49.5546,50.0092,49.5304,49.8108,28242
2025-08-20,FXDEL,49.6208,49.7459,48.9222,49.0489,40150
2025-08-21,FXDEL,49.0916,50.5663,49.0470,50.3754,88792
2025-08-22,FXDEL,50.2421,50.3600,49.2486,49.3402,93070
2025-08-25,FXDEL,49.1975,49.6697,49.0860,49.4468,64299
2025-08-26,FXDEL,49.5347,49.5418,49.3848,49.5322,70215
2025-08-27,FXDEL,49.1217,49.2620,48.6585,49.2098,78826
2025-08-28,FXDEL,49.2377,49.3844,48.3149,48.6400,31807
2025-08-29,FXDEL,48.3446,49.5053,48.2658,49.0589,75914
2025-09-01,FXDEL,49.3862,50.9525,49.1285,50.4957,89186
2025-09-02,FXDEL,50.3508,52.3153,50.3307,52.0966,45705
2025-09-03,FXDEL,52.0888,53.7362,51.7178,53.5390,56358
2025-09-04,FXDEL,53.3925,54.1467,52.8686,53.8645,37478
2025-09-05,FXDEL,54.0080,55.3422,53.9353,55.0524,69229
2025-09-08,FXDEL,55.3590,55.4389,53.7559,54.1143,53662
2025-09-09,FXDEL,54.0984,54.3317,53.4434,53.4812,20487
2025-09-10,FXDEL,53.3330,54.2426,52.9588,54.1967,39453
2025-09-11,FXDEL,54.0847,54.1732,53.2964,53.3755,53813
2025-09-12,FXDEL,53.9241,54.6006,53.6030,54.1022,22701
2025-09-15,FXDEL,54.0409,55.3947,54.0208,54.9950,72199
2025-09-16,FXDEL,55.2899,55.8256,54.9944,55.2902,65863
2025-09-17,FXDEL,55.3736,55.4616,55.1533,55.4079,63623
2025-09-18,FXDEL,55.6718,55.8344,55.1478,55.5175,53615
2025-09-19,FXDEL,55.2718,55.9779,54.9526,55.9629,37159
2025-09-22,FXDEL,55.9917,56.4737,55.6673,56.3098,87365
2025-09-23,FXDEL,56.1969,56.4019,54.3330,54.5414,52446
2025-09-24,FXDEL,54.2130,56.6645,54.1076,56.5707,54547
2025-09-25,FXDEL,56.7474,56.8885,56.4047,56.4920,28154
2025-09-26,FXDEL,56.7958,57.2426,55.1726,55.4226,36384
2025-09-29,FXDEL,55.6150,55.8589,54.5629,55.0133,71851
2025-09-30,FXDEL,55.1963,55.3166,53.8311,53.9586,58094
2025-10-01,FXDEL,53.9030,54.0212,53.8354,53.8751,59527
2025-10-02,FXDEL,53.7436,54.2730,53.7116,54.1324,26377
2025-10-03,FXDEL,53.9430,55.0833,53.8923,55.0014,82028
2025-10-06,FXDEL,54.8665,56.0367,54.7288,55.6104,37577
2025-10-07,FXDEL,55.6915,55.9907,54.5514,54.7063,28878
2025-10-08,FXDEL,54.9994,55.2095,54.2504,54.2760,42365
2025-10-09,FXDEL,53.9368,55.2268,53.7804,54.7604,31115
2025-10-10,FXDEL,54.6479,55.2358,54.6369,55.1790,45455
2025-10-13,FXDEL,55.2957,55.7757,55.0083,55.6203,62808
2025-10-14,FXDEL,55.5641,56.9516,55.4824,56.7796,98536
2025-10-15,FXDEL,57.0407,57.3885,56.7298,56.8198,37866
2025-10-16,FXDEL,57.0720,57.0979,55.9217,55.9663,27889
2025-10-17,FXDEL,55.7663,56.1341,55.1306,55.1475,42006
2025-10-20,FXDEL,55.1471,55.5210,54.8717,55.3774,76675
2025-10-21,FXDEL,55.4960,55.5635,54.6310,54.9943,59420
2025-10-22,FXDEL,55.1311,55.2104,53.9476,54.1566,58303
2025-10-23,FXDEL,54.1010,54.1959,54.0131,54.0535,58853
2025-10-24,FXDEL,54.0587,54.6378,53.9429,54.5697,62225
2025-10-27,FXDEL,54.3126,54.7276,54.0512,54.4451,25679
2025-10-28,FXDEL,54.5769,54.6866,54.4621,54.5752,32093
2025-10-29,FXDEL,54.9687,55.8887,54.9002,55.6409,58896
2025-10-30,FXDEL,55.5720,56.5996,55.2869,56.5011,53222
2025-10-31,FXDEL,56.9127,57.0702,55.9501,56.0865,35955
2025-11-03,FXDEL,56.2155,56.3297,55.5018,55.5175,46341
2025-11-04,FXDEL,55.4582,56.5331,54.9421,56.2958,55253
2025-11-05,FXDEL,56.3967,56.4847,55.6685,56.1504,89056
2025-11-06,FXDEL,56.0894,56.4325,55.5798,55.7079,87806
2025-11-07,FXDEL,55.4925,55.5913,55.2697,55.3692,21658
2025-11-10,FXDEL,55.2910,55.3377,54.9260,55.0373,69317
2025-11-11,FXDEL,55.1040,55.9635,54.7841,55.8335,65135
2025-11-12,FXDEL,55.6360,55.7241,54.1609,54.3505,76190
2025-11-13,FXDEL,54.0176,55.1831,53.8237,55.0612,94358
2025-11-14,FXDEL,55.0391,55.0816,54.4145,54.4783,50558
2025-11-17,FXDEL,54.1395,54.1509,53.6090,53.8391,87074
2025-11-18,FXDEL,53.6317,53.8285,53.5295,53.7549,94422
2025-11-19,FXDEL,53.7667,53.7803,53.4646,53.5294,65217
2025-11-20,FXDEL,53.5124,54.1072,53.3764,53.9087,98114
2025-11-21,FXDEL,54.1142,54.1531,53.7320,53.7933,55730
2025-11-24,FXDEL,54.0681,54.3220,53.3688,53.4579,57187
2025-11-25,FXDEL,53.4488,53.4574,52.1295,52.1433,65962
2025-11-26,FXDEL,51.7021,52.0153,51.2861,51.6810,48678
2025-11-27,FXDEL,51.7459,52.0626,51.6919,52.0323,24167
2025-11-28,FXDEL,51.8175,52.1362,51.7222,51.9165,28101
2025-12-01,FXDEL,52.0144,52.1456,50.5740,50.7097,96744
2025-12-02,FXDEL,50.8179,50.9743,49.3160,49.3343,84947
2025-12-03,FXDEL,49.3229,49.4941,48.6004,48.7179,34214
2025-12-04,FXDEL,48.6575,48.8625,48.0667,48.1999,75781
2025-12-05,FXDEL,48.0954,48.9045,48.0544,48.6309,54178
2025-12-08,FXDEL,48.6583,48.6988,48.5184,48.6017,28106
2025-12-09,FXDEL,48.8097,49.0042,48.1757,48.9619,91113
2025-12-10,FXDEL,49.0362,49.6570,48.7598,49.3749,38832
2025-12-11,FXDEL,49.1818,49.7701,49.1569,49.7342,96222
2025-12-12,FXDEL,49.4677,49.6654,48.4558,48.6344,26607
2025-12-15,FXDEL,48.6252,49.1063,48.4531,48.4734,51919
2025-12-16,FXDEL,48.5644,48.7451,47.9508,47.9633,93139
2025-12-17,FXDEL,47.8742,48.5314,47.6486,48.4156,55695
2025-12-18,FXDEL,48.4494,48.4510,47.7889,47.9142,56836
2025-12-19,FXDEL,47.9447,48.0521,46.9292,47.3336,42250
2025-12-22,FXDEL,47.2027,47.2053,46.7615,46.8841,69888
2025-12-23,FXDEL,46.9317,47.7338,46.6454,47.6749,25423
2025-12-24,FXDEL,47.9074,48.5660,47.8752,48.4357,95439
2025-12-25,FXDEL,48.2466,48.4450,48.1686,48.2688,29598
2025-12-26,FXDEL,48.0205,48.5705,47.9366,48.3825,55138
2025-12-29,FXDEL,48.5744,48.8863,48.0236,48.3053,57491
2025-12-30,FXDEL,48.1265,48.3132,47.3901,47.3968,28960
2025-12-31,FXDEL,47.6568,48.3312,47.4620,48.2845,71537
2021-01-04,FXEPS,12.1734,12.1942,12.1487,12.1591,26620
2021-01-05,FXEPS,12.1769,12.2599,11.7786,11.8063,20816
2021-01-06,FXEPS,11.8420,11.8421,11.4370,11.4419,93316
2021-01-07,FXEPS,11.4474,11.4745,11.0597,11.1472,87978
2021-01-08,FXEPS,11.1134,11.4957,11.0966,11.4599,39489
2021-01-11,FXEPS,11.4151,11.6762,11.4014,11.6388,59131
2021-01-12,FXEPS,11.7396,11.8078,11.7266,11.7591,69456
2021-01-13,FXEPS,11.7705,11.8073,11.4460,11.4669,99589
2021-01-14,FXEPS,11.4582,11.5695,11.4385,11.5527,49161
2021-01-15,FXEPS,11.5597,11.6006,11.4315,11.4481,45536
2021-01-18,FXEPS,11.4520,11.5830,11.3903,11.5648,30227
2021-01-19,FXEPS,11.6073,11.6384,11.5409,11.5659,36134
2021-01-20,FXEPS,11.5619,11.8981,11.5490,11.8706,67395
2021-01-21,FXEPS,11.7993,12.1423,11.7987,12.0909,52392
2021-01-22,FXEPS,12.1105,12.2080,12.0840,12.1438,69322
2021-01-25,FXEPS,12.0837,12.1636,11.9473,11.9681,88347
2021-01-26,FXEPS,11.9278,12.0597,11.8485,11.9654,39372
2021-01-27,FXEPS,12.0280,12.1346,11.9822,11.9983,84476
2021-01-28,FXEPS,12.0015,12.1992,11.9391,12.1295,75776
2021-01-29,FXEPS,12.1048,12.1410,11.5861,11.6408,20847
2021-02-01,FXEPS,11.6984,11.7266,11.5957,11.6816,75883
2021-02-02,FXEPS,11.6558,11.7233,11.5168,11.5604,27741
2021-02-03,FXEPS,11.6223,11.6278,11.4687,11.4857,76987
2021-02-04,FXEPS,11.4546,11.6526,11.4272,11.6455,24858
2021-02-05,FXEPS,11.7018,11.7332,11.4653,11.5056,29261
2021-02-08,FXEPS,11.4901,11.5277,11.2899,11.3233,51296
2021-02-09,FXEPS,11.2880,11.3944,11.2279,11.2429,82750
2021-02-10,FXEPS,11.1965,11.4895,11.1534,11.3950,23804
2021-02-11,FXEPS,11.3857,11.4041,11.1385,11.1532,28935
2021-02-12,FXEPS,11.1432,11.1865,11.0975,11.1142,25345
2021-02-15,FXEPS,11.0686,11.2666,10.9979,11.2420,96345
2021-02-16,FXEPS,11.2747,11.3152,11.2013,11.2551,92153
2021-02-17,FXEPS,11.2461,11.3527,11.1975,11.3355,24340
2021-02-18,FXEPS,11.3377,11.4246,11.3324,11.4214,35908
2021-02-19,FXEPS,11.4450,11.5522,11.4270,11.5486,20586
2021-02-22,FXEPS,11.5184,11.5751,11.2836,11.3986,53405
2021-02-23,FXEPS,11.4594,11.5073,11.0384,11.0620,50179
2021-02-24,FXEPS,11.0337,11.2532,10.9737,11.2193,48542
2021-02-25,FXEPS,11.2346,11.3286,11.1724,11.3136,81767
2021-02-26,FXEPS,11.2308,11.5781,11.1808,11.5686,84944
2021-03-01,FXEPS,11.5817,11.6773,11.5800,11.6653,51886
2021-03-02,FXEPS,11.6411,11.7235,11.5298,11.5431,60415
2021-03-03,FXEPS,11.5503,11.6395,11.5227,11.6307,92155
2021-03-04,FXEPS,11.6383,11.7218,11.6000,11.7014,92862
2021-03-05,FXEPS,11.6671,11.7641,11.4013,11.4872,27156
2021-03-08,FXEPS,11.5148,11.5176,11.1656,11.2185,54262
2021-03-09,FXEPS,11.2051,11.3408,11.1697,11.3306,74135
2021-03-10,FXEPS,11.2897,11.5464,11.2020,11.5228,26065
2021-03-11,FXEPS,11.4924,11.5414,11.4150,11.5363,46025
2021-03-12,FXEPS,11.4981,11.5977,11.4688,11.5822,53926
2021-03-15,FXEPS,11.6459,11.6499,11.3689,11.4214,24847
2021-03-16,FXEPS,11.4173,11.4914,11.3659,11.4263,69026
2021-03-17,FXEPS,11.4418,11.4729,11.3082,11.3090,52240
2021-03-18,FXEPS,11.3379,11.3673,10.9781,11.0208,34489
2021-03-19,FXEPS,11.0785,11.3376,11.0433,11.3256,26011
2021-03-22,FXEPS,11.2806,11.6205,11.2079,11.6066,73668
2021-03-23,FXEPS,11.6947,11.7175,11.6505,11.6839,49051
2021-03-24,FXEPS,11.6178,11.7944,11.6074,11.7586,61363
2021-03-25,FXEPS,11.6714,11.7634,11.6709,11.7226,91263
2021-03-26,FXEPS,11.7991,11.8109,11.4357,11.4573,57937
2021-03-29,FXEPS,11.4119,11.8016,11.3743,11.7880,37850
2021-03-30,FXEPS,11.7465,11.8204,11.5056,11.5284,41292
2021-03-31,FXEPS,11.5182,11.5372,11.4260,11.4344,61906
2021-04-01,FXEPS,11.4311,11.5465,11.4022,11.5311,77729
2021-04-02,FXEPS,11.4918,11.5497,11.2557,11.2636,91040
2021-04-05,FXEPS,11.3253,11.8415,11.3076,11.8408,64738
2021-04-06,FXEPS,11.8616,11.8739,11.7770,11.8407,68109
2021-04-07,FXEPS,11.8684,12.0004,11.8501,11.9648,79922
2021-04-08,FXEPS,12.0236,12.0626,11.9492,12.0176,93206
2021-04-09,FXEPS,11.9236,11.9255,11.7509,11.7877,81431
2021-04-12,FXEPS,11.7822,11.8861,11.7651,11.8172,70429
2021-04-13,FXEPS,11.7237,11.8028,11.5532,11.6143,49382
2021-04-14,FXEPS,11.6783,12.0167,11.6388,11.9721,25706
2021-04-15,FXEPS,11.9879,12.0016,11.6620,11.7309,36219
2021-04-16,FXEPS,11.7954,11.8331,11.6115,11.6459,54364
2021-04-19,FXEPS,11.5589,11.6289,11.5021,11.5846,95828
2021-04-20,FXEPS,11.5946,11.6656,11.5310,11.6632,61416
2021-04-21,FXEPS,11.6036,11.7008,11.5005,11.5234,61737
2021-04-22,FXEPS,11.4272,11.7067,11.3909,11.5987,82917
2021-04-23,FXEPS,11.5985,11.8782,11.5734,11.8093,68996
2021-04-26,FXEPS,11.7597,11.8121,11.4466,11.5377,30159
2021-04-27,FXEPS,11.4629,11.4952,11.2680,11.3141,85670
2021-04-28,FXEPS,11.3852,11.5803,11.3618,11.4977,22709
2021-04-29,FXEPS,11.4516,11.4979,11.4128,11.4305,99557
2021-04-30,FXEPS,11.4075,11.7670,11.3696,11.7443,71205
2021-05-03,FXEPS,11.6673,11.9760,11.5906,11.8961,80401
2021-05-04,FXEPS,11.8714,11.8957,11.6347,11.6753,95845
2021-05-05,FXEPS,11.6512,11.6868,11.6081,11.6306,54368
2021-05-06,FXEPS,11.6076,11.6319,11.3983,11.4275,25311
2021-05-07,FXEPS,11.4025,11.7406,11.3880,11.6960,94851
2021-05-10,FXEPS,11.6279,11.7789,11.6072,11.7582,54482
2021-05-11,FXEPS,11.7480,12.1838,11.7210,12.1643,67259
2021-05-12,FXEPS,12.2113,12.2352,11.9287,11.9526,86272
2021-05-13,FXEPS,12.0187,12.2486,11.9885,12.2423,89655
2021-05-14,FXEPS,12.2809,12.4221,12.2243,12.4142,86862
2021-05-17,FXEPS,12.4358,12.5192,12.2258,12.2796,26832
2021-05-18,FXEPS,12.2404,12.2826,12.2211,12.2499,34788
2021-05-19,FXEPS,12.2079,12.3844,12.1830,12.3129,43874
2021-05-20,FXEPS,12.3375,12.5542,12.3364,12.5488,92252
2021-05-21,FXEPS,12.5881,12.7172,12.5783,12.5806,85113
2021-05-24,FXEPS,12.6540,12.7134,12.1268,12.2438,92754
2021-05-25,FXEPS,12.2713,12.5803,12.2471,12.5590,40692
2021-05-26,FXEPS,12.5387,12.5441,12.4865,12.5226,90546
2021-05-27,FXEPS,12.4101,12.7168,12.3390,12.6300,49955
2021-05-28,FXEPS,12.6606,12.6785,12.3730,12.3824,94179
2021-05-31,FXEPS,12.3349,12.3883,12.3115,12.3519,43403
2021-06-01,FXEPS,12.3693,12.3820,12.1755,12.2390,46270
2021-06-02,FXEPS,12.2672,12.4097,12.2474,12.3441,79372
2021-06-03,FXEPS,12.4376,12.7281,12.3985,12.5735,22448
2021-06-04,FXEPS,12.6243,12.6503,12.3201,12.4276,30352
2021-06-07,FXEPS,12.3804,12.6498,12.3598,12.6424,26097
2021-06-08,FXEPS,12.7133,12.8460,12.7109,12.8353,64897
2021-06-09,FXEPS,12.9043,12.9243,12.6370,12.7088,75374
2021-06-10,FXEPS,12.6384,12.6422,12.3282,12.3674,96429
2021-06-11,FXEPS,12.3332,12.3915,12.2913,12.2990,26940
2021-06-14,FXEPS,12.3344,12.4995,12.2995,12.4294,92994
2021-06-15,FXEPS,12.4554,12.4795,12.3651,12.3838,92042
2021-06-16,FXEPS,12.4274,12.6360,12.4005,12.6136,81184
2021-06-17,FXEPS,12.5580,12.8720,12.4277,12.8560,94391
2021-06-18,FXEPS,12.7829,12.9749,12.7515,12.9626,62188
2021-06-21,FXEPS,12.9520,13.0279,12.9241,12.9281,50629
2021-06-22,FXEPS,12.8751,13.3241,12.7704,13.2927,54523
2021-06-23,FXEPS,13.2119,13.2549,13.1479,13.1512,40393
2021-06-24,FXEPS,13.1605,13.2066,13.0775,13.1660,76418
2021-06-25,FXEPS,13.1233,13.1509,13.1212,13.1498,20592
2021-06-28,FXEPS,13.1376,13.2439,13.0438,13.0707,48008
2021-06-29,FXEPS,13.0831,13.0876,12.5673,12.5869,76864
2021-06-30,FXEPS,12.5432,12.6726,12.5196,12.6659,90818
2021-07-01,FXEPS,12.7099,12.9512,12.6637,12.9093,50066
2021-07-02,FXEPS,12.8933,13.4182,12.8522,13.4062,36753
2021-07-05,FXEPS,13.4298,13.5832,13.4135,13.5719,20755
2021-07-06,FXEPS,13.5681,13.7807,13.4143,13.7517,95606
2021-07-07,FXEPS,13.7312,13.7324,13.5679,13.6668,58932
2021-07-08,FXEPS,13.5713,13.9965,13.5694,13.9698,42744
2021-07-09,FXEPS,13.9824,14.2182,13.8832,14.2016,73640
2021-07-12,FXEPS,14.2072,14.4955,14.1885,14.4154,43708
2021-07-13,FXEPS,14.3242,14.5097,14.2534,14.4847,20705
2021-07-14,FXEPS,14.4888,14.8453,14.4226,14.8236,43070
2021-07-15,FXEPS,14.8363,14.9672,14.7545,14.9419,97587
2021-07-16,FXEPS,14.8618,14.9164,14.4760,14.4809,72995
2021-07-19,FXEPS,14.5292,14.6221,13.8560,13.9155,76815
2021-07-20,FXEPS,13.9462,13.9842,13.6754,13.7955,83555
2021-07-21,FXEPS,13.8204,13.8702,13.6215,13.6835,74282
2021-07-22,FXEPS,13.6441,13.7335,13.5777,13.5782,57288
2021-07-23,FXEPS,13.6024,13.6376,13.5867,13.6051,67760
2021-07-26,FXEPS,13.5647,13.8993,13.5097,13.8142,89513
2021-07-27,FXEPS,13.7360,13.8570,13.6366,13.7059,80465
2021-07-28,FXEPS,13.6883,13.7459,13.2572,13.3160,88832
2021-07-29,FXEPS,13.2833,13.3294,12.9418,12.9903,79547
2021-07-30,FXEPS,13.0005,13.0191,12.6829,12.7151,48822
2021-08-02,FXEPS,12.7258,13.3006,12.6869,13.2966,58153
2021-08-03,FXEPS,13.2569,13.2778,13.1783,13.2250,34492
2021-08-04,FXEPS,13.1353,13.1425,13.0578,13.0765,61942
2021-08-05,FXEPS,13.0850,13.3417,13.0065,13.2733,93404
2021-08-06,FXEPS,13.2877,13.3535,13.1871,13.2654,27850
2021-08-09,FXEPS,13.1904,13.2005,12.7364,12.7535,48019
2021-08-10,FXEPS,12.7274,12.8094,12.6737,12.7945,39790
2021-08-11,FXEPS,12.8169,12.8945,12.5527,12.5745,36138
2021-08-12,FXEPS,12.5384,12.5431,12.4567,12.4686,83380
2021-08-13,FXEPS,12.4199,12.5229,11.9820,12.0149,96068
2021-08-16,FXEPS,12.0323,12.0500,11.5585,11.5881,99889
2021-08-17,FXEPS,11.5130,11.6638,11.4696,11.5932,35336
2021-08-18,FXEPS,11.5484,11.7659,11.4943,11.7083,62629
2021-08-19,FXEPS,11.6290,11.6415,11.3776,11.4497,51191
2021-08-20,FXEPS,11.3778,11.6588,11.3697,11.6534,48180
2021-08-23,FXEPS,11.6542,11.9495,11.6493,11.9026,88291
2021-08-24,FXEPS,11.8874,11.9495,11.7532,11.8330,89416
2021-08-25,FXEPS,11.8013,12.1119,11.7937,12.0961,71316
2021-08-26,FXEPS,12.0643,12.1988,11.9120,11.9511,64389
2021-08-27,FXEPS,11.9657,12.0503,11.9476,12.0292,74190
2021-08-30,FXEPS,12.0328,12.5514,11.9992,12.5456,93028
2021-08-31,FXEPS,12.5388,12.5770,12.3207,12.3389,32142
2021-09-01,FXEPS,12.3954,12.4577,12.3093,12.3214,29636
2021-09-02,FXEPS,12.2951,12.3004,11.8933,11.9262,75497
2021-09-03,FXEPS,11.9107,12.0176,11.8225,11.9760,97306
2021-09-06,FXEPS,11.9414,12.0011,11.5847,11.6230,83982
2021-09-07,FXEPS,11.5194,11.5378,11.3347,11.4034,84512
2021-09-08,FXEPS,11.3716,11.7494,11.3424,11.6958,53378
2021-09-09,FXEPS,11.6657,12.1181,11.6483,12.0517,54520
2021-09-10,FXEPS,12.0049,12.0654,11.5665,11.6357,97364
2021-09-13,FXEPS,11.6209,11.7767,11.6164,11.7331,44360
2021-09-14,FXEPS,11.7339,11.9817,11.6803,11.9285,23097
2021-09-15,FXEPS,11.8657,12.2270,11.8297,12.1945,59877
2021-09-16,FXEPS,12.2705,12.5537,12.2357,12.5435,61581
2021-09-17,FXEPS,12.5300,12.5857,12.4943,12.5109,73668
2021-09-20,FXEPS,12.4437,12.5319,12.3144,12.5229,63029
2021-09-21,FXEPS,12.5341,12.5918,12.3184,12.3744,72747
2021-09-22,FXEPS,12.3853,12.6857,12.3480,12.6130,55540
2021-09-23,FXEPS,12.6398,12.6503,12.1669,12.2222,39281
2021-09-24,FXEPS,12.2569,12.3047,11.6541,11.7316,58101
2021-09-27,FXEPS,11.7513,11.7602,11.4436,11.4773,42823
2021-09-28,FXEPS,11.4110,11.4878,11.2211,11.2382,46000
2021-09-29,FXEPS,11.2550,11.3594,11.1784,11.3446,41236
2021-09-30,FXEPS,11.3292,11.3949,11.2123,11.2170,65889
2021-10-01,FXEPS,11.1992,11.3086,11.1947,11.2980,75410
2021-10-04,FXEPS,11.3256,11.3311,11.1788,11.2245,91797
2021-10-05,FXEPS,11.3426,11.3993,11.2556,11.2667,85120
2021-10-06,FXEPS,11.2930,11.4035,11.2632,11.3842,59745
2021-10-07,FXEPS,11.3463,11.7298,11.3445,11.6553,24648
2021-10-08,FXEPS,11.6939,11.7513,11.0548,11.0712,34621
2021-10-11,FXEPS,11.0536,11.1944,11.0531,11.1122,53433
2021-10-12,FXEPS,11.0596,11.0765,10.7140,10.7209,96302
2021-10-13,FXEPS,10.7268,10.8688,10.6982,10.8664,93104
2021-10-14,FXEPS,10.9105,11.1374,10.8489,11.0750,83617
2021-10-15,FXEPS,11.0187,11.0745,10.9421,10.9672,56839
2021-10-18,FXEPS,10.9866,11.0557,10.9223,10.9512,48822
2021-10-19,FXEPS,10.9074,11.0342,10.8934,10.9547,85964
2021-10-20,FXEPS,10.8727,10.9833,10.8253,10.9667,31811
2021-10-21,FXEPS,11.0136,11.0694,10.6691,10.6774,77988
2021-10-22,FXEPS,10.7069,10.7158,10.5633,10.5693,41148
2021-10-25,FXEPS,10.5656,10.5756,10.4163,10.4698,77638
2021-10-26,FXEPS,10.5115,10.5294,10.4371,10.5186,62780
2021-10-27,FXEPS,10.5104,10.5786,10.3867,10.3978,37054
2021-10-28,FXEPS,10.4556,10.5161,10.2030,10.2762,36075
2021-10-29,FXEPS,10.2924,10.2937,10.0848,10.1117,50886
2021-11-01,FXEPS,10.0767,10.0932,9.9530,9.9762,20383
2021-11-02,FXEPS,10.0089,10.1443,9.9757,10.1031,28322
2021-11-03,FXEPS,10.0772,10.3218,10.0425,10.2930,31850
2021-11-04,FXEPS,10.3260,10.4885,10.3006,10.4530,28608
2021-11-05,FXEPS,10.4609,10.5039,10.2797,10.3397,99029
2021-11-08,FXEPS,10.3133,10.3347,10.0799,10.1709,56837
2021-11-09,FXEPS,10.1650,10.2540,10.1543,10.1833,90138
2021-11-10,FXEPS,10.2482,10.2771,10.2019,10.2739,34605
2021-11-11,FXEPS,10.3545,10.4167,10.2700,10.3208,75273
2021-11-12,FXEPS,10.3299,10.3522,10.2665,10.3254,34500
2021-11-15,FXEPS,10.3131,10.3153,10.2205,10.2266,35657
2021-11-16,FXEPS,10.2378,10.3919,10.1956,10.3794,52647
2021-11-17,FXEPS,10.4116,10.4134,10.2288,10.2602,74918
2021-11-18,FXEPS,10.2021,10.7030,10.1820,10.6829,72398
2021-11-19,FXEPS,10.6636,10.8621,10.6364,10.8242,74101
2021-11-22,FXEPS,10.8846,10.8941,10.8027,10.8305,71767
2021-11-23,FXEPS,10.7774,10.8515,10.7589,10.7992,78180
2021-11-24,FXEPS,10.8068,10.8558,10.7798,10.8414,40111
2021-11-25,FXEPS,10.8504,10.9925,10.8396,10.9695,57456
2021-11-26,FXEPS,10.9106,10.9397,10.8708,10.9030,61221
2021-11-29,FXEPS,10.8359,10.9144,10.8222,10.8980,85286
2021-11-30,FXEPS,10.8072,11.0888,10.7516,11.0446,34900
2021-12-01,FXEPS,11.0353,11.0947,10.9355,10.9551,68232
2021-12-02,FXEPS,10.8880,11.0834,10.8762,11.0626,83107
2021-12-03,FXEPS,11.0893,11.1486,11.0170,11.1369,42339
2021-12-06,FXEPS,11.0939,11.1734,10.7820,10.8170,43731
2021-12-07,FXEPS,10.8365,10.9268,10.7612,10.9084,20127
2021-12-08,FXEPS,10.9331,10.9354,10.8550,10.8676,67313
2021-12-09,FXEPS,10.8986,10.9615,10.4258,10.4876,55965
2021-12-10,FXEPS,10.5985,10.6528,10.3860,10.3986,42367
2021-12-13,FXEPS,10.3251,10.4032,10.0419,10.0541,93189
2021-12-14,FXEPS,10.0415,10.0425,9.9154,9.9623,44314
2021-12-15,FXEPS,9.9868,10.0852,9.9448,10.0076,59836
2021-12-16,FXEPS,10.0068,10.0257,9.8616,9.8634,45480
2021-12-17,FXEPS,9.8028,9.9918,9.7982,9.8858,70605
2021-12-20,FXEPS,9.8694,10.0027,9.8256,9.8939,60725
2021-12-21,FXEPS,9.9516,10.0032,9.8083,9.8124,67378
2021-12-22,FXEPS,9.8295,9.8593,9.5420,9.6088,28717
2021-12-23,FXEPS,9.6332,9.6407,9.5860,9.6034,45299
2021-12-24,FXEPS,9.6146,9.7103,9.5727,9.5972,29056
2021-12-27,FXEPS,9.6240,9.6519,9.4810,9.5199,82234
2021-12-28,FXEPS,9.4097,9.5118,9.4028,9.5083,47621
2021-12-29,FXEPS,9.5625,9.9526,9.5006,9.9447,72621
2021-12-30,FXEPS,9.9274,9.9496,9.8026,9.8031,79472
2021-12-31,FXEPS,9.8309,9.9855,9.8253,9.9607,87792
2022-01-03,FXEPS,9.9852,9.9867,9.7614,9.7680,84907
2022-01-04,FXEPS,9.8101,9.8530,9.7865,9.8177,93677
2022-01-05,FXEPS,9.8172,9.8724,9.6500,9.6505,82172
2022-01-06,FXEPS,9.6839,9.7848,9.5581,9.5619,22966
2022-01-07,FXEPS,9.5438,9.5736,9.5011,9.5028,37315
2022-01-10,FXEPS,9.4542,9.5060,9.3531,9.3681,61599
2022-01-11,FXEPS,9.3484,9.6642,9.3154,9.6637,22945
2022-01-12,FXEPS,9.6349,9.6387,9.3735,9.4084,81354
2022-01-13,FXEPS,9.4401,9.4423,9.2021,9.2282,54852
2022-01-14,FXEPS,9.2302,9.2454,9.1066,9.1414,61716
2022-01-17,FXEPS,9.1916,9.2146,9.1649,9.1989,47294
2022-01-18,FXEPS,9.2130,9.3092,8.9507,8.9585,36515
2022-01-19,FXEPS,8.9285,9.2550,8.8959,9.2212,51960
2022-01-20,FXEPS,9.2176,9.2267,9.0766,9.0775,29843
2022-01-21,FXEPS,9.1009,9.1275,8.8225,8.8399,72886
2022-01-24,FXEPS,8.7908,8.8121,8.6082,8.6820,36541
2022-01-25,FXEPS,8.7266,8.8583,8.7005,8.8490,75408
2022-01-26,FXEPS,8.7968,8.8312,8.7641,8.8294,25359
2022-01-27,FXEPS,8.8168,8.8820,8.8006,8.8116,88867
2022-01-28,FXEPS,8.7554,8.7910,8.7214,8.7273,61607
2022-01-31,FXEPS,8.7330,8.7418,8.4710,8.5340,71659
2022-02-01,FXEPS,8.5419,8.5449,8.4608,8.4843,65228
2022-02-02,FXEPS,8.4935,8.5751,8.4363,8.4879,67309
2022-02-03,FXEPS,8.5012,8.5424,8.3637,8.3775,82635
2022-02-04,FXEPS,8.4434,8.4491,8.4165,8.4483,28230
2022-02-07,FXEPS,8.4095,8.4484,8.2629,8.2795,43678
2022-02-08,FXEPS,8.3380,8.3930,8.3054,8.3684,77244
2022-02-09,FXEPS,8.4031,8.4602,8.1895,8.2016,53164
2022-02-10,FXEPS,8.2037,8.2202,8.0750,8.1170,42829
2022-02-11,FXEPS,8.0979,8.1124,8.0286,8.0679,21440
2022-02-14,FXEPS,8.0239,8.3021,8.0096,8.2822,35395
2022-02-15,FXEPS,8.2851,8.6571,8.2343,8.6099,81902
2022-02-16,FXEPS,8.5763,8.8561,8.5402,8.7806,27369
2022-02-17,FXEPS,8.7584,8.7837,8.6215,8.6434,84427
2022-02-18,FXEPS,8.6219,8.8017,8.5900,8.7698,62428
2022-02-21,FXEPS,8.8250,8.8356,8.5473,8.5961,25741
2022-02-22,FXEPS,8.5966,8.6060,8.5168,8.5301,93571
2022-02-23,FXEPS,8.5712,8.5979,8.2346,8.2487,29057
2022-02-24,FXEPS,8.2877,8.3044,8.0064,8.0619,83203
2022-02-25,FXEPS,8.0922,8.1201,7.8849,7.8872,20333
2022-02-28,FXEPS,7.8897,7.9833,7.8740,7.9507,33830
2022-03-01,FXEPS,7.9885,8.0106,7.9491,7.9663,48035
2022-03-02,FXEPS,7.9472,7.9560,7.8254,7.8371,49916
2022-03-03,FXEPS,7.8439,7.8502,7.7391,7.7980,68286
2022-03-04,FXEPS,7.8325,7.8642,7.5961,7.6535,96069
2022-03-07,FXEPS,7.6947,7.7092,7.5878,7.6032,27731
2022-03-08,FXEPS,7.5875,7.6658,7.5528,7.6620,62604
2022-03-09,FXEPS,7.7058,7.7414,7.3727,7.4012,56411
2022-03-10,FXEPS,7.4032,7.4212,7.3664,7.3849,87564
2022-03-11,FXEPS,7.4375,7.5637,7.4348,7.5308,99310
2022-03-14,FXEPS,7.5193,7.5622,7.4905,7.5442,54729
2022-03-15,FXEPS,7.4956,7.5164,7.4874,7.4941,99414
2022-03-16,FXEPS,7.4649,7.5400,7.4458,7.5304,92027
2022-03-17,FXEPS,7.5501,7.6924,7.5357,7.6585,72347
2022-03-18,FXEPS,7.6094,7.6540,7.5779,7.6477,91084
2022-03-21,FXEPS,7.6357,7.8490,7.6079,7.8123,53042
2022-03-22,FXEPS,7.8098,7.8159,7.6025,7.6255,43319
2022-03-23,FXEPS,7.6389,7.6646,7.5443,7.5775,47999
2022-03-24,FXEPS,7.5710,7.6056,7.1490,7.1890,38974
2022-03-25,FXEPS,7.1894,7.2277,7.1308,7.1562,97371
2022-03-28,FXEPS,7.1253,7.1348,6.9687,6.9726,88191
2022-03-29,FXEPS,6.9954,7.1227,6.9770,7.1133,65565
2022-03-30,FXEPS,7.0879,7.1061,7.0429,7.0650,28679
2022-03-31,FXEPS,7.0836,7.0932,6.9247,6.9406,46063
2022-04-01,FXEPS,6.9446,6.9906,6.9254,6.9890,40971
2022-04-04,FXEPS,6.9653,6.9901,6.8447,6.8730,62512
2022-04-05,FXEPS,6.8498,6.9021,6.7591,6.8967,68778
2022-04-06,FXEPS,6.9259,7.0316,6.9205,6.9911,95856
2022-04-07,FXEPS,7.0066,7.0515,6.8338,6.8629,52727
2022-04-08,FXEPS,6.8666,6.9263,6.7694,6.8105,22463
2022-04-11,FXEPS,6.8050,6.8597,6.6043,6.6313,53384
2022-04-12,FXEPS,6.6223,6.6946,6.6003,6.6890,88587
2022-04-13,FXEPS,6.6889,6.6954,6.6303,6.6460,94778
2022-04-14,FXEPS,6.6484,6.6684,6.5709,6.5866,72202
2022-04-15,FXEPS,6.5726,6.6031,6.5178,6.5181,61669
2022-04-18,FXEPS,6.5338,6.6226,6.4993,6.6174,58564
2022-04-19,FXEPS,6.6002,6.6452,6.4507,6.4656,64398
2022-04-20,FXEPS,6.4394,6.4544,6.4050,6.4208,25105
2022-04-21,FXEPS,6.4397,6.4891,6.4178,6.4801,20019
2022-04-22,FXEPS,6.4707,6.4831,6.4558,6.4768,77839
2022-04-25,FXEPS,6.4704,6.4857,6.4281,6.4594,31421
2022-04-26,FXEPS,6.4726,6.5202,6.4674,6.4833,41333
2022-04-27,FXEPS,6.4954,6.5169,6.3581,6.3986,76962
2022-04-28,FXEPS,6.3610,6.5035,6.2885,6.4957,25571
2022-04-29,FXEPS,6.4516,6.6322,6.4410,6.6204,93692
2022-05-02,FXEPS,6.6271,6.6928,6.6212,6.6232,70772
2022-05-03,FXEPS,6.6272,6.7001,6.6154,6.6797,81115
2022-05-04,FXEPS,6.6593,6.8192,6.6400,6.7593,22994
2022-05-05,FXEPS,6.7740,6.8827,6.7229,6.8489,71351
2022-05-06,FXEPS,6.8860,6.9145,6.8752,6.8941,63743
2022-05-09,FXEPS,6.9236,6.9597,6.7337,6.7512,48367
2022-05-10,FXEPS,6.7414,6.8436,6.7331,6.8409,22471
2022-05-11,FXEPS,6.8932,6.8962,6.6825,6.7151,48972
2022-05-12,FXEPS,6.7044,6.7806,6.6931,6.7521,27858
2022-05-13,FXEPS,6.7292,6.7382,6.7067,6.7092,98143
2022-05-16,FXEPS,6.7024,6.7215,6.6352,6.6750,49142
2022-05-17,FXEPS,6.6871,6.7000,6.6166,6.6477,82609
2022-05-18,FXEPS,6.6557,6.6847,6.6250,6.6327,57408
2022-05-19,FXEPS,6.6426,6.6538,6.5714,6.6124,31420
2022-05-20,FXEPS,6.6659,6.6790,6.6610,6.6774,78673
2022-05-23,FXEPS,6.6913,6.7116,6.5153,6.5336,21715
2022-05-24,FXEPS,6.5722,6.6041,6.3870,6.3932,41800
2022-05-25,FXEPS,6.3935,6.5201,6.3745,6.5187,94834
2022-05-26,FXEPS,6.4946,6.5470,6.4843,6.5073,79612
2022-05-27,FXEPS,6.4941,6.7073,6.4741,6.6913,54391
2022-05-30,FXEPS,6.6846,6.7227,6.6661,6.6967,67482
2022-05-31,FXEPS,6.6836,6.6900,6.4836,6.5630,44706
2022-06-01,FXEPS,6.5553,6.6382,6.5102,6.5828,40302
2022-06-02,FXEPS,6.5773,6.5944,6.5336,6.5450,40667
2022-06-03,FXEPS,6.5065,6.5143,6.3218,6.3583,87587
2022-06-06,FXEPS,6.3438,6.3815,6.3120,6.3728,58071
2022-06-07,FXEPS,6.3690,6.3982,6.3238,6.3665,99224
2022-06-08,FXEPS,6.3726,6.4148,6.3483,6.3512,89014
2022-06-09,FXEPS,6.3648,6.4557,6.3399,6.4035,38735
2022-06-10,FXEPS,6.3960,6.4212,6.1940,6.2424,91814
2022-06-13,FXEPS,6.2376,6.2538,6.0920,6.1117,82327
2022-06-14,FXEPS,6.1186,6.1647,6.1081,6.1508,21214
2022-06-15,FXEPS,6.1642,6.1669,6.1133,6.1421,71229
2022-06-16,FXEPS,6.1673,6.2389,6.1120,6.2083,25451
2022-06-17,FXEPS,6.1887,6.3152,6.1793,6.3079,30351
2022-06-20,FXEPS,6.3101,6.3328,6.2590,6.3127,84577
2022-06-21,FXEPS,6.2945,6.3091,6.2207,6.2322,86715
2022-06-22,FXEPS,6.2770,6.3139,6.2556,6.2879,81541
2022-06-23,FXEPS,6.2958,6.3531,6.2596,6.3365,44198
2022-06-24,FXEPS,6.3256,6.3523,6.1849,6.2072,62369
2022-06-27,FXEPS,6.2365,6.2642,6.2107,6.2135,92092
2022-06-28,FXEPS,6.2340,6.6589,6.2062,6.6180,29089
2022-06-29,FXEPS,6.6309,6.7679,6.6109,6.7479,62427
2022-06-30,FXEPS,6.7141,6.7215,6.6603,6.6906,26830
2022-07-01,FXEPS,6.6913,6.8130,6.6815,6.8079,33604
2022-07-04,FXEPS,6.7961,6.8157,6.7772,6.7783,65574
2022-07-05,FXEPS,6.7800,6.7889,6.7528,6.7658,76786
2022-07-06,FXEPS,6.7867,7.0191,6.7657,6.9991,48695
2022-07-07,FXEPS,6.9573,7.0193,6.8526,6.8731,24580
2022-07-08,FXEPS,6.8433,6.8777,6.8179,6.8702,53692
2022-07-11,FXEPS,6.9083,6.9329,6.8256,6.8435,49167
2022-07-12,FXEPS,6.8253,6.8743,6.7342,6.7675,54765
2022-07-13,FXEPS,6.7518,6.7601,6.6843,6.7079,25759
2022-07-14,FXEPS,6.7088,6.8984,6.7077,6.8929,32715
2022-07-15,FXEPS,6.9470,6.9546,6.7662,6.7742,95083
2022-07-18,FXEPS,6.7887,6.8808,6.7588,6.8628,39784
2022-07-19,FXEPS,6.9083,6.9395,6.6784,6.7059,50086
2022-07-20,FXEPS,6.7256,6.7459,6.7107,6.7311,80542
2022-07-21,FXEPS,6.6891,6.8061,6.6719,6.7684,64764
2022-07-22,FXEPS,6.7692,6.8445,6.7167,6.8426,22985
2022-07-25,FXEPS,6.8912,7.0206,6.8861,7.0206,22178
2022-07-26,FXEPS,7.0882,7.1024,6.9304,6.9453,94526
2022-07-27,FXEPS,6.9496,6.9872,6.9061,6.9063,27573
2022-07-28,FXEPS,6.8972,6.9215,6.8953,6.9155,93191
2022-07-29,FXEPS,6.9084,6.9615,6.8992,6.9296,28462
2022-08-01,FXEPS,6.8944,6.9334,6.6676,6.7020,52908
2022-08-02,FXEPS,6.7244,6.7404,6.6953,6.7353,30880
2022-08-03,FXEPS,6.7554,6.8677,6.7541,6.8419,26752
2022-08-04,FXEPS,6.8625,6.8886,6.8169,6.8307,62935
2022-08-05,FXEPS,6.9039,6.9071,6.6653,6.6690,50418
2022-08-08,FXEPS,6.6475,6.6948,6.6042,6.6202,69399
2022-08-09,FXEPS,6.6189,6.6423,6.3743,6.3887,97589
2022-08-10,FXEPS,6.4032,6.4365,6.3431,6.3588,63473
2022-08-11,FXEPS,6.3656,6.3971,6.3524,6.3704,23964
2022-08-12,FXEPS,6.3284,6.3301,6.3011,6.3297,80511
2022-08-15,FXEPS,6.3357,6.3647,6.2655,6.2694,40704
2022-08-16,FXEPS,6.2485,6.2925,6.1225,6.1331,93391
2022-08-17,FXEPS,6.1596,6.2069,6.1490,6.1664,46875
2022-08-18,FXEPS,6.1563,6.1763,5.9869,6.0074,75221
2022-08-19,FXEPS,6.0376,6.1000,6.0317,6.0502,83444
2022-08-22,FXEPS,6.0532,6.0735,6.0014,6.0019,83833
2022-08-23,FXEPS,6.0061,6.0470,5.9347,5.9609,69810
2022-08-24,FXEPS,5.9690,6.0012,5.9601,5.9825,47291
2022-08-25,FXEPS,5.9777,5.9780,5.8682,5.8973,32068
2022-08-26,FXEPS,5.8901,5.9070,5.7964,5.8022,83521
2022-08-29,FXEPS,5.7609,5.8091,5.7254,5.8033,38037
2022-08-30,FXEPS,5.8703,5.9243,5.8600,5.9187,73119
2022-08-31,FXEPS,5.9032,6.1410,5.8874,6.1304,22100
2022-09-01,FXEPS,6.1476,6.2454,6.1160,6.2437,85349
2022-09-02,FXEPS,6.2760,6.3516,6.2691,6.3222,79972
2022-09-05,FXEPS,6.3304,6.3481,6.2635,6.2958,35178
2022-09-06,FXEPS,6.2531,6.4593,6.2269,6.4215,52702
2022-09-07,FXEPS,6.4346,6.4348,6.2865,6.2923,52040
2022-09-08,FXEPS,6.3032,6.4816,6.2831,6.4287,91482
2022-09-09,FXEPS,6.4173,6.4550,6.2643,6.2856,50681
2022-09-12,FXEPS,6.3000,6.3164,6.2267,6.2358,57560
2022-09-13,FXEPS,6.2263,6.4157,6.2176,6.3968,32752
2022-09-14,FXEPS,6.3920,6.4535,6.3899,6.4390,40729
2022-09-15,FXEPS,6.4501,6.4646,6.2671,6.2730,84707
2022-09-16,FXEPS,6.2464,6.2823,6.1771,6.2128,36035
2022-09-19,FXEPS,6.1874,6.2699,6.1254,6.2691,87164
2022-09-20,FXEPS,6.2737,6.2818,6.0375,6.0618,96531
2022-09-21,FXEPS,6.1008,6.1367,6.0369,6.0381,42843
2022-09-22,FXEPS,6.0552,6.3114,6.0454,6.2874,84339
2022-09-23,FXEPS,6.2906,6.2960,6.1893,6.2138,42489
2022-09-26,FXEPS,6.2147,6.2230,6.0199,6.0570,48269
2022-09-27,FXEPS,6.0787,6.0925,5.8949,5.9057,23288
2022-09-28,FXEPS,5.9315,5.9440,5.8846,5.8998,52101
2022-09-29,FXEPS,5.9092,5.9471,5.8921,5.9418,83572
2022-09-30,FXEPS,5.9046,6.0704,5.8871,6.0695,21494
2022-10-03,FXEPS,6.0781,6.1021,6.0753,6.0820,42759
2022-10-04,FXEPS,6.0511,6.0535,6.0138,6.0141,69472
2022-10-05,FXEPS,6.0354,6.0376,5.9554,5.9836,87739
2022-10-06,FXEPS,5.9953,6.1811,5.9916,6.1533,81153
2022-10-07,FXEPS,6.0935,6.1268,6.0198,6.0251,79881
2022-10-10,FXEPS,6.0493,6.0517,5.9968,6.0087,88295
2022-10-11,FXEPS,6.0159,6.1247,6.0057,6.0769,75733
2022-10-12,FXEPS,6.0348,6.1972,6.0094,6.1830,74916
2022-10-13,FXEPS,6.1391,6.3335,6.1093,6.3106,33901
2022-10-14,FXEPS,6.3021,6.3499,6.1514,6.1518,71138
2022-10-17,FXEPS,6.1476,6.2164,6.1062,6.2078,89023
2022-10-18,FXEPS,6.1915,6.2073,5.9720,5.9790,33810
2022-10-19,FXEPS,5.9915,6.1693,5.9853,6.1552,68352
2022-10-20,FXEPS,6.1397,6.1500,6.1011,6.1049,54700
2022-10-21,FXEPS,6.0943,6.2548,6.0931,6.2274,99624
2022-10-24,FXEPS,6.2323,6.2515,6.1645,6.2081,26615
2022-10-25,FXEPS,6.2216,6.2459,6.0272,6.0686,52448
2022-10-26,FXEPS,6.0673,6.1354,6.0554,6.1070,57455
2022-10-27,FXEPS,6.1188,6.1226,5.9966,5.9994,25209
2022-10-28,FXEPS,6.0399,6.0450,5.9850,6.0244,28319
2022-10-31,FXEPS,6.0251,6.0254,5.8784,5.8960,47840
2022-11-01,FXEPS,5.8816,5.8976,5.8461,5.8850,26999
2022-11-02,FXEPS,5.8674,5.8892,5.7092,5.7260,93892
2022-11-03,FXEPS,5.7115,5.7200,5.5811,5.5938,84004
2022-11-04,FXEPS,5.5835,5.6175,5.4595,5.4668,46855
2022-11-07,FXEPS,5.4777,5.4893,5.4726,5.4857,93182
2022-11-08,FXEPS,5.5033,5.5685,5.4866,5.5668,54454
2022-11-09,FXEPS,5.5934,5.6993,5.5810,5.6865,58497
2022-11-10,FXEPS,5.7009,5.7218,5.5593,5.5659,40509
2022-11-11,FXEPS,5.5687,5.5689,5.4774,5.4950,56497
2022-11-14,FXEPS,5.4667,5.4997,5.3866,5.4155,92286
2022-11-15,FXEPS,5.4156,5.4320,5.2944,5.3115,32434
2022-11-16,FXEPS,5.3105,5.3417,5.1637,5.1806,76651
2022-11-17,FXEPS,5.1891,5.2119,4.9744,4.9851,44836
2022-11-18,FXEPS,5.0208,5.0737,5.0151,5.0727,50907
2022-11-21,FXEPS,5.0811,5.1772,5.0614,5.1687,28591
2022-11-22,FXEPS,5.1501,5.1796,5.0752,5.1048,96825
2022-11-23,FXEPS,5.1372,5.2623,5.1369,5.2200,92940
2022-11-24,FXEPS,5.1991,5.2000,5.1647,5.1670,47251
2022-11-25,FXEPS,5.1523,5.1844,5.1503,5.1667,36644
2022-11-28,FXEPS,5.1710,5.1924,5.1637,5.1913,91713
2022-11-29,FXEPS,5.1801,5.1861,5.0679,5.0868,63960
2022-11-30,FXEPS,5.0997,5.1233,5.0843,5.0932,62013
2022-12-01,FXEPS,5.1018,5.1365,4.9443,4.9474,63562
2022-12-02,FXEPS,4.9812,4.9845,4.9061,4.9396,63683
2022-12-05,FXEPS,4.9694,4.9918,4.8893,4.8894,35092
2022-12-06,FXEPS,4.9055,4.9299,4.8668,4.8792,87943
2022-12-07,FXEPS,4.8877,4.9081,4.7598,4.8042,74996
2022-12-08,FXEPS,4.8281,4.8290,4.7172,4.7249,57380
2022-12-09,FXEPS,4.7340,4.7690,4.7195,4.7525,40106
2022-12-12,FXEPS,4.7480,4.8298,4.7350,4.7878,50507
2022-12-13,FXEPS,4.7715,4.8556,4.7541,4.8469,91782
2022-12-14,FXEPS,4.8539,4.8806,4.8174,4.8282,37011
2022-12-15,FXEPS,4.8524,4.9663,4.8167,4.9489,70195
2022-12-16,FXEPS,4.9534,4.9618,4.8922,4.8980,48426
2022-12-19,FXEPS,4.9021,4.9055,4.8071,4.8386,43061
2022-12-20,FXEPS,4.8545,4.9048,4.8440,4.8841,97111
2022-12-21,FXEPS,4.8988,5.0230,4.8792,5.0165,48365
2022-12-22,FXEPS,4.9934,5.0185,4.9739,4.9897,47427
2022-12-23,FXEPS,4.9616,5.1269,4.9461,5.1049,20261
2022-12-26,FXEPS,5.1246,5.1711,5.1225,5.1473,97969
2022-12-27,FXEPS,5.1127,5.1525,5.1089,5.1437,21964
2022-12-28,FXEPS,5.1478,5.2148,5.1354,5.2092,78587
2022-12-29,FXEPS,5.2172,5.4357,5.2089,5.3904,44510
2022-12-30,FXEPS,5.3729,5.3892,5.3682,5.3875,95751
2023-01-02,FXEPS,5.3726,5.3984,5.3558,5.3617,87617
2023-01-03,FXEPS,5.3565,5.3953,5.3500,5.3560,73156
2023-01-04,FXEPS,5.3461,5.5310,5.3403,5.5289,73934
2023-01-05,FXEPS,5.5084,5.5238,5.4928,5.4953,57239
2023-01-06,FXEPS,5.4820,5.5266,5.4772,5.4800,47883
2023-01-09,FXEPS,5.4827,5.5062,5.4238,5.4351,37344
2023-01-10,FXEPS,5.3997,5.4147,5.2569,5.2764,90693
2023-01-11,FXEPS,5.3169,5.3174,5.1705,5.1905,62767
2023-01-12,FXEPS,5.1445,5.3836,5.1404,5.3511,52554
2023-01-13,FXEPS,5.3796,5.4470,5.3386,5.4465,56065
2023-01-16,FXEPS,5.4345,5.5515,5.4141,5.5374,91944
2023-01-17,FXEPS,5.5479,5.5895,5.5353,5.5401,64586
2023-01-18,FXEPS,5.5601,5.5637,5.5214,5.5324,24183
2023-01-19,FXEPS,5.5649,5.5890,5.5046,5.5086,81484
2023-01-20,FXEPS,5.5265,5.5569,5.4619,5.4656,98372
2023-01-23,FXEPS,5.4678,5.4883,5.3807,5.4016,39309
2023-01-24,FXEPS,5.3861,5.3975,5.2736,5.2910,32126
2023-01-25,FXEPS,5.2875,5.3236,5.1989,5.2491,61608
2023-01-26,FXEPS,5.2458,5.2687,5.1990,5.2328,48672
2023-01-27,FXEPS,5.2191,5.3007,5.2153,5.2828,60569
2023-01-30,FXEPS,5.2843,5.3112,5.1604,5.2076,45277
2023-01-31,FXEPS,5.2087,5.2253,5.1466,5.1533,44141
2023-02-01,FXEPS,5.1652,5.1894,5.0850,5.0949,91944
2023-02-02,FXEPS,5.1134,5.1946,5.1083,5.1747,33053
2023-02-03,FXEPS,5.1456,5.3307,5.1379,5.3086,75235
2023-02-06,FXEPS,5.3014,5.3044,5.1858,5.1984,62668
2023-02-07,FXEPS,5.2240,5.2243,5.0955,5.0981,95516
2023-02-08,FXEPS,5.0718,5.0805,4.9163,4.9446,70916
2023-02-09,FXEPS,4.9640,4.9697,4.9190,4.9368,31864
2023-02-10,FXEPS,4.9500,4.9910,4.8226,4.8317,45026
2023-02-13,FXEPS,4.8354,4.9665,4.7950,4.9522,89496
2023-02-14,FXEPS,4.9958,5.0034,4.8066,4.8225,91103
2023-02-15,FXEPS,4.8203,4.8230,4.7876,4.7884,34027
2023-02-16,FXEPS,4.7541,4.7778,4.7261,4.7648,86386
2023-02-17,FXEPS,4.7918,4.8251,4.7315,4.7443,28372
2023-02-20,FXEPS,4.7526,4.8548,4.7433,4.8432,95231
2023-02-21,FXEPS,4.8346,4.9240,4.8280,4.9185,50179
2023-02-22,FXEPS,4.9164,5.0379,4.8878,5.0374,63558
2023-02-23,FXEPS,5.0095,5.0323,4.9669,4.9682,79729
2023-02-24,FXEPS,4.9810,4.9834,4.7621,4.7827,93683
2023-02-27,FXEPS,4.7618,4.8477,4.7548,4.8295,75759
2023-02-28,FXEPS,4.8547,4.8666,4.8244,4.8416,27981
2023-03-01,FXEPS,4.8472,4.8529,4.8364,4.8394,71964
2023-03-02,FXEPS,4.8556,4.8887,4.8386,4.8811,61905
2023-03-03,FXEPS,4.8940,4.9057,4.7432,4.7721,92210
2023-03-06,FXEPS,4.8185,4.8269,4.7664,4.7722,34219
2023-03-07,FXEPS,4.7554,4.8017,4.7519,4.7920,80904
2023-03-08,FXEPS,4.7750,4.9802,4.7546,4.9693,66792
2023-03-09,FXEPS,4.9451,5.0710,4.9403,5.0532,40338
2023-03-10,FXEPS,5.0288,5.0571,5.0141,5.0206,36840
2023-03-13,FXEPS,5.0182,5.0590,5.0029,5.0476,81827
2023-03-14,FXEPS,5.0503,5.0723,5.0459,5.0723,45489
2023-03-15,FXEPS,5.0780,5.1521,5.0759,5.1464,65854
2023-03-16,FXEPS,5.1133,5.2694,5.0718,5.2381,58605
2023-03-17,FXEPS,5.2432,5.2550,5.2023,5.2046,81170
2023-03-20,FXEPS,5.1710,5.1821,5.0037,5.0245,36432
2023-03-21,FXEPS,5.0149,5.0190,4.9935,5.0091,82744
2023-03-22,FXEPS,4.9931,5.0131,4.9033,4.9062,89623
2023-03-23,FXEPS,4.8815,4.8880,4.7940,4.8058,43965
2023-03-24,FXEPS,4.8307,4.8562,4.8206,4.8263,62237
2023-03-27,FXEPS,4.8615,4.9906,4.8537,4.9562,33354
2023-03-28,FXEPS,4.9547,4.9873,4.9522,4.9767,60977
2023-03-29,FXEPS,4.9811,4.9917,4.9444,4.9517,64724
2023-03-30,FXEPS,4.9506,5.0253,4.9456,4.9976,57036
2023-03-31,FXEPS,4.9936,5.1449,4.9682,5.1173,38840
2023-04-03,FXEPS,5.0972,5.1050,4.9294,4.9562,66923
2023-04-04,FXEPS,4.9730,5.1141,4.9292,5.1072,73806
2023-04-05,FXEPS,5.0937,5.1157,5.0011,5.0090,28554
2023-04-06,FXEPS,4.9670,4.9848,4.8703,4.8870,31217
2023-04-07,FXEPS,4.8783,5.0572,4.8672,5.0313,23150
2023-04-10,FXEPS,5.0058,5.0743,4.9800,5.0631,26022
2023-04-11,FXEPS,5.0677,5.2151,5.0332,5.1845,95028
2023-04-12,FXEPS,5.1703,5.2808,5.1454,5.2713,59593
2023-04-13,FXEPS,5.2928,5.3049,5.2529,5.2773,58811
2023-04-14,FXEPS,5.2402,5.2703,5.2298,5.2642,75397
2023-04-17,FXEPS,5.2539,5.2719,5.1803,5.1967,87011
2023-04-18,FXEPS,5.1992,5.2721,5.1833,5.2508,51880
2023-04-19,FXEPS,5.2554,5.2554,5.1966,5.2068,59355
2023-04-20,FXEPS,5.2289,5.2461,5.2193,5.2274,42391
2023-04-21,FXEPS,5.2594,5.2710,5.0853,5.0960,72611
2023-04-24,FXEPS,5.0723,5.1391,5.0401,5.1387,80604
2023-04-25,FXEPS,5.1312,5.1557,5.0177,5.0500,85736
2023-04-26,FXEPS,5.0379,5.0601,5.0184,5.0587,80362
2023-04-27,FXEPS,5.0528,5.1137,5.0255,5.0972,57382
2023-04-28,FXEPS,5.0897,5.2038,5.0843,5.2032,20455
2023-05-01,FXEPS,5.1938,5.3080,5.1837,5.2992,77184
2023-05-02,FXEPS,5.3049,5.3779,5.2859,5.3568,76462
2023-05-03,FXEPS,5.3758,5.3781,5.2629,5.2632,84988
2023-05-04,FXEPS,5.2699,5.4067,5.2404,5.3977,89802
2023-05-05,FXEPS,5.3802,5.4001,5.2495,5.2866,23564
2023-05-08,FXEPS,5.2759,5.3017,5.1276,5.1521,31142
2023-05-09,FXEPS,5.1959,5.2178,4.9381,4.9455,26107
2023-05-10,FXEPS,4.9382,4.9424,4.8810,4.8900,71061
2023-05-11,FXEPS,4.8939,5.0166,4.8827,4.9978,54217
2023-05-12,FXEPS,4.9965,5.0323,4.9655,4.9722,81068
2023-05-15,FXEPS,4.9338,4.9839,4.9281,4.9532,53408
2023-05-16,FXEPS,4.9476,4.9517,4.8437,4.8631,45303
2023-05-17,FXEPS,4.8374,4.9786,4.8135,4.9616,73713
2023-05-18,FXEPS,4.9388,5.0277,4.9129,4.9881,65748
2023-05-19,FXEPS,4.9822,5.0396,4.9808,5.0197,96339
2023-05-22,FXEPS,4.9958,5.0330,4.9881,5.0073,73401
2023-05-23,FXEPS,5.0261,5.0439,4.9953,4.9976,23233
2023-05-24,FXEPS,5.0136,5.0158,4.9259,4.9640,50838
2023-05-25,FXEPS,4.9411,5.0680,4.9054,5.0661,81298
2023-05-26,FXEPS,5.0720,5.1822,5.0407,5.1637,26044
2023-05-29,FXEPS,5.1646,5.1910,4.9833,4.9893,28198
2023-05-30,FXEPS,5.0081,5.0195,4.8590,4.8626,69243
2023-05-31,FXEPS,4.8721,4.8754,4.8042,4.8054,59339
2023-06-01,FXEPS,4.8087,4.8152,4.6883,4.7141,73643
2023-06-02,FXEPS,4.6963,4.7389,4.6894,4.7190,44730
2023-06-05,FXEPS,4.7264,4.7394,4.6488,4.6559,80323
2023-06-06,FXEPS,4.6354,4.6708,4.4806,4.4812,52899
2023-06-07,FXEPS,4.4860,4.5771,4.4833,4.5483,81724
2023-06-08,FXEPS,4.5735,4.6685,4.5669,4.6631,22002
2023-06-09,FXEPS,4.6243,4.6347,4.6206,4.6324,31629
2023-06-12,FXEPS,4.6098,4.6399,4.5717,4.5744,77416
2023-06-13,FXEPS,4.5433,4.5599,4.3571,4.3642,88621
2023-06-14,FXEPS,4.3585,4.3831,4.3478,4.3820,74133
2023-06-15,FXEPS,4.4113,4.4195,4.3122,4.3163,62997
2023-06-16,FXEPS,4.3097,4.3619,4.3003,4.3534,52963
2023-06-19,FXEPS,4.3594,4.4294,4.3264,4.4231,93257
2023-06-20,FXEPS,4.4113,4.4604,4.3967,4.4500,68793
2023-06-21,FXEPS,4.4601,4.5677,4.4575,4.5431,52805
2023-06-22,FXEPS,4.5578,4.5954,4.5524,4.5810,37885
2023-06-23,FXEPS,4.5671,4.5973,4.4944,4.5071,50677
2023-06-26,FXEPS,4.5093,4.5252,4.4622,4.4740,63737
2023-06-27,FXEPS,4.4757,4.5020,4.4310,4.4394,36152
2023-06-28,FXEPS,4.4351,4.4624,4.4124,4.4181,81028
2023-06-29,FXEPS,4.3995,4.5291,4.3837,4.5091,24456
2023-06-30,FXEPS,4.5154,4.6080,4.5021,4.5802,27696
2023-07-03,FXEPS,4.6074,4.6684,4.6069,4.6599,45805
2023-07-04,FXEPS,4.6609,4.8621,4.6562,4.8600,26906
2023-07-05,FXEPS,4.8534,4.8957,4.7583,4.7804,95503
2023-07-06,FXEPS,4.7870,4.8037,4.6377,4.6612,23619
2023-07-07,FXEPS,4.6752,4.7568,4.6715,4.7313,69594
2023-07-10,FXEPS,4.7171,4.7272,4.6125,4.6358,63850
2023-07-11,FXEPS,4.6217,4.6360,4.6154,4.6164,82138
2023-07-12,FXEPS,4.6190,4.7794,4.5864,4.7658,96174
2023-07-13,FXEPS,4.7388,4.8054,4.7247,4.7963,70558
2023-07-14,FXEPS,4.8229,4.8305,4.6926,4.7099,89525
2023-07-17,FXEPS,4.7271,4.7405,4.6409,4.6520,59111
2023-07-18,FXEPS,4.6867,4.7239,4.5802,4.6007,70355
2023-07-19,FXEPS,4.5576,4.6102,4.5224,4.6071,70676
2023-07-20,FXEPS,4.6192,4.6329,4.5438,4.5612,40398
2023-07-21,FXEPS,4.5748,4.5751,4.4279,4.4462,99846
2023-07-24,FXEPS,4.4163,4.4756,4.4026,4.4503,89536
2023-07-25,FXEPS,4.4532,4.4718,4.4188,4.4676,70715
2023-07-26,FXEPS,4.4769,4.5094,4.4653,4.4929,43188
2023-07-27,FXEPS,4.4700,4.4872,4.4543,4.4712,37615
2023-07-28,FXEPS,4.4838,4.4927,4.4529,4.4699,59797
2023-07-31,FXEPS,4.4283,4.6705,4.4160,4.6567,88989
2023-08-01,FXEPS,4.6682,4.6948,4.6545,4.6778,58821
2023-08-02,FXEPS,4.6653,4.6698,4.6417,4.6466,40962
2023-08-03,FXEPS,4.6322,4.6947,4.6118,4.6836,27675
2023-08-04,FXEPS,4.6665,4.7257,4.6609,4.7137,38386
2023-08-07,FXEPS,4.6997,4.7180,4.6035,4.6180,73329
2023-08-08,FXEPS,4.6038,4.6595,4.5923,4.6007,84510
2023-08-09,FXEPS,4.5749,4.6690,4.5384,4.6593,53144
2023-08-10,FXEPS,4.6614,4.6778,4.6293,4.6447,89672
2023-08-11,FXEPS,4.6440,4.7385,4.6432,4.7145,35963
2023-08-14,FXEPS,4.7141,4.7312,4.6997,4.7275,26834
2023-08-15,FXEPS,4.7489,4.7580,4.7430,4.7468,79951
2023-08-16,FXEPS,4.7559,4.7597,4.6834,4.6957,82916
2023-08-17,FXEPS,4.6656,4.7057,4.6592,4.6939,64546
2023-08-18,FXEPS,4.6863,4.6921,4.6403,4.6483,51744
2023-08-21,FXEPS,4.6481,4.6742,4.5788,4.6113,81813
2023-08-22,FXEPS,4.6027,4.6078,4.5842,4.5917,48256
2023-08-23,FXEPS,4.5558,4.5575,4.4505,4.4594,26403
2023-08-24,FXEPS,4.4776,4.5013,4.4718,4.4937,55888
2023-08-25,FXEPS,4.4570,4.5885,4.4415,4.5880,56779
2023-08-28,FXEPS,4.5869,4.6015,4.5665,4.5772,53190
2023-08-29,FXEPS,4.6019,4.7388,4.5964,4.7222,90260
2023-08-30,FXEPS,4.7526,4.8011,4.7339,4.7900,80234
2023-08-31,FXEPS,4.7894,4.7928,4.7492,4.7539,67384
2023-09-01,FXEPS,4.7361,4.7523,4.7352,4.7368,33304
2023-09-04,FXEPS,4.7282,4.7886,4.6984,4.7836,44093
2023-09-05,FXEPS,4.7630,4.9098,4.7496,4.8880,25121
2023-09-06,FXEPS,4.8791,4.9450,4.8344,4.9327,37044
2023-09-07,FXEPS,4.9336,4.9832,4.9314,4.9775,64522
2023-09-08,FXEPS,4.9681,5.0030,4.9482,4.9993,75945
2023-09-11,FXEPS,5.0136,5.0911,4.9986,5.0772,70276
2023-09-12,FXEPS,5.1046,5.2452,5.0879,5.2335,93022
2023-09-13,FXEPS,5.2207,5.2341,5.1000,5.1108,67617
2023-09-14,FXEPS,5.0982,5.1031,4.9501,4.9607,44232
2023-09-15,FXEPS,4.9509,4.9615,4.8897,4.8999,35065
2023-09-18,FXEPS,4.9090,4.9427,4.8015,4.8066,44292
2023-09-19,FXEPS,4.7765,4.8747,4.7753,4.8567,28795
2023-09-20,FXEPS,4.8726,4.9661,4.8625,4.9572,26182
2023-09-21,FXEPS,4.9274,4.9792,4.8981,4.9687,53286
2023-09-22,FXEPS,4.9716,5.1591,4.9673,5.1548,73788
2023-09-25,FXEPS,5.1548,5.2343,5.1254,5.2167,84936
2023-09-26,FXEPS,5.1835,5.1869,5.1103,5.1267,91409
2023-09-27,FXEPS,5.1244,5.1649,5.1116,5.1450,33074
2023-09-28,FXEPS,5.1865,5.2166,5.1684,5.2136,66774
2023-09-29,FXEPS,5.2277,5.2772,5.1980,5.2522,37927
2023-10-02,FXEPS,5.2476,5.2551,5.1104,5.1557,73770
2023-10-03,FXEPS,5.1344,5.1409,5.0973,5.1166,23524
2023-10-04,FXEPS,5.1069,5.1770,5.0882,5.1536,57332
2023-10-05,FXEPS,5.1471,5.1499,5.0815,5.1272,43310
2023-10-06,FXEPS,5.1168,5.3258,5.0893,5.3020,98718
2023-10-09,FXEPS,5.2707,5.2837,5.2144,5.2216,55065
2023-10-10,FXEPS,5.2260,5.3089,5.2258,5.3001,37184
2023-10-11,FXEPS,5.3007,5.3503,5.2730,5.2759,49716
2023-10-12,FXEPS,5.3068,5.3109,5.1899,5.1900,80181
2023-10-13,FXEPS,5.1593,5.1757,5.1468,5.1519,89248
2023-10-16,FXEPS,5.1249,5.1360,4.9232,4.9427,48181
2023-10-17,FXEPS,4.9278,4.9993,4.9171,4.9789,57895
2023-10-18,FXEPS,4.9802,5.0093,4.9446,4.9531,59573
2023-10-19,FXEPS,4.9592,4.9650,4.8676,4.8832,89872
2023-10-20,FXEPS,4.9092,4.9458,4.8864,4.9443,86764
2023-10-23,FXEPS,4.9460,5.0551,4.9264,5.0370,22399
2023-10-24,FXEPS,5.0041,5.0983,4.9980,5.0893,74464
2023-10-25,FXEPS,5.0815,5.1022,4.8745,4.8958,83935
2023-10-26,FXEPS,4.9266,4.9311,4.7496,4.7604,43820
2023-10-27,FXEPS,4.7710,4.7994,4.6872,4.6990,93796
2023-10-30,FXEPS,4.7050,4.7174,4.6143,4.6355,49201
2023-10-31,FXEPS,4.6399,4.6736,4.6366,4.6691,47531
2023-11-01,FXEPS,4.6882,4.6889,4.6477,4.6572,90393
2023-11-02,FXEPS,4.6438,4.6674,4.5702,4.5757,33114
2023-11-03,FXEPS,4.5910,4.5963,4.4721,4.4919,96131
2023-11-06,FXEPS,4.5007,4.5916,4.4624,4.5785,53214
2023-11-07,FXEPS,4.5581,4.5644,4.4151,4.4201,68186
2023-11-08,FXEPS,4.4219,4.5479,4.4116,4.5278,68136
2023-11-09,FXEPS,4.5393,4.5446,4.4831,4.5237,35528
2023-11-10,FXEPS,4.5186,4.5275,4.4722,4.4733,41789
2023-11-13,FXEPS,4.4767,4.5140,4.4677,4.5094,83739
2023-11-14,FXEPS,4.5428,4.5511,4.4469,4.4546,50177
2023-11-15,FXEPS,4.4701,4.4718,4.3499,4.3783,78696
2023-11-16,FXEPS,4.3642,4.3661,4.2861,4.2933,37858
2023-11-17,FXEPS,4.3109,4.3554,4.2964,4.3352,76763
2023-11-20,FXEPS,4.3372,4.3523,4.2954,4.3124,44922
2023-11-21,FXEPS,4.3070,4.3098,4.2406,4.2607,68374
2023-11-22,FXEPS,4.2507,4.3506,4.2388,4.3440,82706
2023-11-23,FXEPS,4.3254,4.3561,4.3080,4.3438,80999
2023-11-24,FXEPS,4.3433,4.3491,4.2653,4.2799,68306
2023-11-27,FXEPS,4.2755,4.3238,4.2696,4.3108,86740
2023-11-28,FXEPS,4.3105,4.4034,4.2945,4.3611,67217
2023-11-29,FXEPS,4.3647,4.3978,4.3096,4.3181,89891
2023-11-30,FXEPS,4.3110,4.3149,4.2858,4.2986,84065
2023-12-01,FXEPS,4.2886,4.3898,4.2698,4.3674,56823
2023-12-04,FXEPS,4.3696,4.3704,4.2563,4.2865,59495
2023-12-05,FXEPS,4.2850,4.3009,4.2196,4.2375,63260
2023-12-06,FXEPS,4.2274,4.3690,4.2000,4.3604,58113
2023-12-07,FXEPS,4.3650,4.3857,4.1693,4.1930,99065
2023-12-08,FXEPS,4.1772,4.2744,4.1676,4.2501,57428
2023-12-11,FXEPS,4.2523,4.3215,4.2439,4.3057,77626
2023-12-12,FXEPS,4.2807,4.3203,4.2756,4.2896,67058
2023-12-13,FXEPS,4.2657,4.2728,4.1634,4.1724,64508
2023-12-14,FXEPS,4.1682,4.3388,4.1323,4.3271,95041
2023-12-15,FXEPS,4.3081,4.3527,4.2904,4.3271,97359
2023-12-18,FXEPS,4.3456,4.4246,4.3078,4.4071,89683
2023-12-19,FXEPS,4.4293,4.4517,4.4159,4.4249,67588
2023-12-20,FXEPS,4.4115,4.4243,4.3723,4.3903,56378
2023-12-21,FXEPS,4.3824,4.3971,4.2266,4.2385,74515
2023-12-22,FXEPS,4.2251,4.2630,4.1921,4.2376,71773
2023-12-25,FXEPS,4.2542,4.2650,4.0779,4.0954,93641
2023-12-26,FXEPS,4.0881,4.2071,4.0761,4.2059,92723
2023-12-27,FXEPS,4.1953,4.2070,4.0171,4.0286,44806
2023-12-28,FXEPS,4.0092,4.0620,3.9956,4.0211,36543
2023-12-29,FXEPS,4.0191,4.0419,3.8799,3.9033,38459
2024-01-01,FXEPS,3.8972,3.9308,3.8830,3.9084,86411
2024-01-02,FXEPS,3.8915,3.9069,3.8676,3.9010,42547
2024-01-03,FXEPS,3.9125,3.9364,3.8498,3.8682,40659
2024-01-04,FXEPS,3.8839,3.8987,3.8599,3.8764,55192
2024-01-05,FXEPS,3.8970,3.9043,3.8304,3.8334,71751
2024-01-08,FXEPS,3.8165,3.9187,3.7824,3.9146,84972
2024-01-09,FXEPS,3.9159,3.9223,3.8264,3.8484,54975
2024-01-10,FXEPS,3.8341,3.8975,3.8119,3.8848,63051
2024-01-11,FXEPS,3.8705,3.8872,3.7996,3.8116,48966
2024-01-12,FXEPS,3.8142,3.8211,3.7510,3.7691,25568
2024-01-15,FXEPS,3.7564,3.8786,3.7357,3.8709,42937
2024-01-16,FXEPS,3.8752,3.9253,3.8711,3.9167,46769
2024-01-17,FXEPS,3.9034,3.9182,3.7636,3.7909,29530
2024-01-18,FXEPS,3.8188,3.8264,3.7614,3.7774,92625
2024-01-19,FXEPS,3.7456,3.7819,3.7348,3.7733,79605
2024-01-22,FXEPS,3.7509,3.7695,3.7407,3.7654,43708
2024-01-23,FXEPS,3.7837,3.7905,3.7282,3.7384,73472
2024-01-24,FXEPS,3.7523,3.7665,3.6332,3.6464,27810
2024-01-25,FXEPS,3.6555,3.6640,3.5612,3.5857,63518
2024-01-26,FXEPS,3.5763,3.5937,3.5226,3.5337,21884
2024-01-29,FXEPS,3.5296,3.5533,3.5178,3.5231,23100
2024-01-30,FXEPS,3.5073,3.6356,3.5007,3.6321,71728
2024-01-31,FXEPS,3.6439,3.6596,3.5616,3.5785,20642
2024-02-01,FXEPS,3.5552,3.6554,3.5479,3.6488,87044
2024-02-02,FXEPS,3.6686,3.6903,3.6486,3.6525,41163
2024-02-05,FXEPS,3.6312,3.7098,3.6245,3.6936,97362
2024-02-06,FXEPS,3.6966,3.7365,3.6825,3.7235,58865
2024-02-07,FXEPS,3.7224,3.7872,3.7094,3.7766,58735
2024-02-08,FXEPS,3.7876,3.8393,3.7269,3.7801,81677
2024-02-09,FXEPS,3.7731,3.8618,3.7639,3.8504,61813
2024-02-12,FXEPS,3.8796,3.8953,3.7268,3.7323,53870
2024-02-13,FXEPS,3.7343,3.7635,3.7237,3.7331,33353
2024-02-14,FXEPS,3.7126,3.8288,3.6893,3.8246,59544
2024-02-15,FXEPS,3.8289,3.8359,3.7189,3.7599,93793
2024-02-16,FXEPS,3.7511,3.7561,3.7129,3.7142,90428
2024-02-19,FXEPS,3.6990,3.7499,3.6704,3.7268,84787
2024-02-20,FXEPS,3.7429,3.7819,3.7328,3.7610,45056
2024-02-21,FXEPS,3.7532,3.8150,3.7364,3.8086,25739
2024-02-22,FXEPS,3.8199,3.8356,3.7349,3.7512,28966
2024-02-23,FXEPS,3.7618,3.8275,3.7460,3.8134,32166
2024-02-26,FXEPS,3.8114,3.8119,3.7645,3.7713,22728
2024-02-27,FXEPS,3.7724,3.8393,3.7475,3.8025,97107
2024-02-28,FXEPS,3.8090,3.8113,3.7751,3.7852,57129
2024-02-29,FXEPS,3.7738,3.7783,3.6670,3.6779,56781
2024-03-01,FXEPS,3.6706,3.7924,3.6508,3.7779,60505
2024-03-04,FXEPS,3.7806,3.8528,3.7750,3.8167,92769
2024-03-05,FXEPS,3.8305,3.8460,3.8169,3.8279,43128
2024-03-06,FXEPS,3.8035,3.8181,3.7323,3.7580,48600
2024-03-07,FXEPS,3.7695,3.8195,3.7650,3.8078,52953
2024-03-08,FXEPS,3.7944,3.8537,3.7768,3.8320,24203
2024-03-11,FXEPS,3.8253,3.8322,3.7189,3.7198,22761
2024-03-12,FXEPS,3.7278,3.7998,3.7126,3.7883,77294
2024-03-13,FXEPS,3.7982,3.8127,3.7100,3.7160,70466
2024-03-14,FXEPS,3.7074,3.7280,3.6177,3.6396,92824
2024-03-15,FXEPS,3.6488,3.6514,3.4947,3.5074,77619
2024-03-18,FXEPS,3.4888,3.6101,3.4809,3.6039,96710
2024-03-19,FXEPS,3.6223,3.6227,3.5918,3.5997,78138
2024-03-20,FXEPS,3.5911,3.6375,3.5799,3.6107,70894
2024-03-21,FXEPS,3.6252,3.6353,3.5733,3.6021,71680
2024-03-22,FXEPS,3.5988,3.6554,3.5927,3.6509,39336
2024-03-25,FXEPS,3.6378,3.7508,3.6285,3.7494,31855
2024-03-26,FXEPS,3.7560,3.8169,3.7450,3.8076,73100
2024-03-27,FXEPS,3.8242,4.0517,3.8009,4.0346,76986
2024-03-28,FXEPS,4.0395,4.0761,4.0226,4.0737,54928
2024-03-29,FXEPS,4.0780,4.2166,4.0604,4.1993,85673
2024-04-01,FXEPS,4.1716,4.1815,4.1436,4.1487,95156
2024-04-02,FXEPS,4.1570,4.1806,4.1347,4.1694,45123
2024-04-03,FXEPS,4.1475,4.2057,4.1431,4.1751,78979
2024-04-04,FXEPS,4.1715,4.2035,4.0345,4.0466,55349
2024-04-05,FXEPS,4.0492,4.0553,4.0273,4.0363,98542
2024-04-08,FXEPS,4.0209,4.0216,3.9595,3.9619,57083
2024-04-09,FXEPS,3.9816,4.0069,3.9547,3.9666,20704
2024-04-10,FXEPS,3.9507,3.9930,3.9457,3.9910,82634
2024-04-11,FXEPS,3.9877,4.0870,3.9728,4.0518,46165
2024-04-12,FXEPS,4.0471,4.0670,4.0203,4.0242,99642
2024-04-15,FXEPS,4.0378,4.0479,3.9732,3.9833,47944
2024-04-16,FXEPS,3.9915,4.0022,3.9340,3.9584,59400
2024-04-17,FXEPS,3.9610,3.9610,3.9222,3.9253,71193
2024-04-18,FXEPS,3.9546,4.0158,3.9311,4.0079,40536
2024-04-19,FXEPS,3.9718,4.1004,3.9578,4.0903,55216
2024-04-22,FXEPS,4.0818,4.1143,4.0797,4.1014,83796
2024-04-23,FXEPS,4.0663,4.0812,4.0159,4.0307,60356
2024-04-24,FXEPS,4.0361,4.0569,4.0096,4.0231,94430
2024-04-25,FXEPS,3.9890,4.0270,3.9712,4.0014,57934
2024-04-26,FXEPS,3.9956,4.0236,3.8818,3.8950,89886
2024-04-29,FXEPS,3.9061,3.9197,3.7682,3.8010,70859
2024-04-30,FXEPS,3.8227,3.8422,3.7856,3.8259,59130
2024-05-01,FXEPS,3.8057,3.8513,3.7957,3.8477,37519
2024-05-02,FXEPS,3.8293,4.0137,3.8252,4.0044,29623
2024-05-03,FXEPS,4.0239,4.0379,4.0220,4.0333,59490
2024-05-06,FXEPS,4.0596,4.1649,4.0542,4.1500,50201
2024-05-07,FXEPS,4.1489,4.1593,4.1431,4.1440,41845
2024-05-08,FXEPS,4.1190,4.1327,4.1037,4.1320,98377
2024-05-09,FXEPS,4.1574,4.1716,4.1501,4.1627,73318
2024-05-10,FXEPS,4.1608,4.1670,4.1266,4.1550,74980
2024-05-13,FXEPS,4.1540,4.2355,4.1184,4.2216,58439
2024-05-14,FXEPS,4.1980,4.2812,4.1774,4.2776,68900
2024-05-15,FXEPS,4.2645,4.2835,4.2483,4.2685,37661
2024-05-16,FXEPS,4.2672,4.3043,4.1738,4.1986,88471
2024-05-17,FXEPS,4.2038,4.2255,4.1934,4.2253,20233
2024-05-20,FXEPS,4.2171,4.2545,4.2157,4.2456,80398
2024-05-21,FXEPS,4.2523,4.3819,4.2414,4.3607,92607
2024-05-22,FXEPS,4.3492,4.3605,4.2707,4.2805,27551
2024-05-23,FXEPS,4.3033,4.3048,4.2228,4.2343,84024
2024-05-24,FXEPS,4.2332,4.2761,4.2133,4.2483,34137
2024-05-27,FXEPS,4.2500,4.2626,4.1921,4.2095,45032
2024-05-28,FXEPS,4.2169,4.2466,4.1763,4.2027,56751
2024-05-29,FXEPS,4.2073,4.3448,4.1886,4.3230,67938
2024-05-30,FXEPS,4.3147,4.3653,4.2974,4.3612,67523
2024-05-31,FXEPS,4.3604,4.4818,4.3338,4.4568,74918
2024-06-03,FXEPS,4.4450,4.5276,4.4329,4.5218,63139
2024-06-04,FXEPS,4.5175,4.5368,4.4958,4.5126,24243
2024-06-05,FXEPS,4.5318,4.5689,4.4502,4.4743,69715
2024-06-06,FXEPS,4.4704,4.4830,4.4605,4.4741,85940
2024-06-07,FXEPS,4.4842,4.4922,4.4351,4.4570,71596
2024-06-10,FXEPS,4.4590,4.5726,4.4558,4.5439,74202
2024-06-11,FXEPS,4.5391,4.5444,4.3962,4.4235,52435
2024-06-12,FXEPS,4.4343,4.4404,4.3816,4.4012,45462
2024-06-13,FXEPS,4.3894,4.4045,4.2905,4.3131,39040
2024-06-14,FXEPS,4.3065,4.3598,4.2997,4.3519,69472
2024-06-17,FXEPS,4.3702,4.4404,4.3589,4.4243,69947
2024-06-18,FXEPS,4.4233,4.4567,4.3992,4.4161,73786
2024-06-19,FXEPS,4.4056,4.4405,4.3957,4.4107,82159
2024-06-20,FXEPS,4.4012,4.4346,4.3648,4.4260,34133
2024-06-21,FXEPS,4.4304,4.5155,4.4299,4.5063,85720
2024-06-24,FXEPS,4.5167,4.5885,4.4832,4.5776,41950
2024-06-25,FXEPS,4.5636,4.6323,4.5494,4.6161,57131
2024-06-26,FXEPS,4.6199,4.6247,4.4699,4.4766,88532
2024-06-27,FXEPS,4.4872,4.4875,4.4270,4.4533,51492
2024-06-28,FXEPS,4.4448,4.6133,4.4390,4.6020,26692
2024-07-01,FXEPS,4.6361,4.6519,4.5096,4.5183,62196
2024-07-02,FXEPS,4.5008,4.5803,4.4888,4.5493,51789
2024-07-03,FXEPS,4.5412,4.5635,4.5244,4.5478,43401
2024-07-04,FXEPS,4.5372,4.5487,4.3891,4.4016,63613
2024-07-05,FXEPS,4.4035,4.5006,4.3998,4.4794,35012
2024-07-08,FXEPS,4.4939,4.4962,4.4518,4.4561,48821
2024-07-09,FXEPS,4.4541,4.4979,4.4332,4.4932,89520
2024-07-10,FXEPS,4.5012,4.5147,4.3615,4.3964,57228
2024-07-11,FXEPS,4.3824,4.4687,4.3576,4.4675,71722
2024-07-12,FXEPS,4.4747,4.4921,4.4054,4.4092,87865
2024-07-15,FXEPS,4.4178,4.4422,4.3897,4.4320,95569
2024-07-16,FXEPS,4.4417,4.4428,4.4191,4.4392,41162
2024-07-17,FXEPS,4.4305,4.4415,4.3291,4.3650,55642
2024-07-18,FXEPS,4.3766,4.3815,4.2712,4.2771,57252
2024-07-19,FXEPS,4.2548,4.3330,4.2537,4.3204,48789
2024-07-22,FXEPS,4.3184,4.3244,4.2924,4.2993,57776
2024-07-23,FXEPS,4.3262,4.3676,4.3057,4.3648,97687
2024-07-24,FXEPS,4.3570,4.4758,4.3402,4.4644,93292
2024-07-25,FXEPS,4.4891,4.5134,4.3828,4.3962,75771
2024-07-26,FXEPS,4.3909,4.5433,4.3755,4.5297,71838
2024-07-29,FXEPS,4.5117,4.5208,4.4357,4.4533,28146
2024-07-30,FXEPS,4.4604,4.4624,4.4370,4.4469,31184
2024-07-31,FXEPS,4.4360,4.5774,4.4072,4.5735,37111
2024-08-01,FXEPS,4.5542,4.5999,4.5347,4.5875,57627
2024-08-02,FXEPS,4.5482,4.7389,4.5477,4.7164,63222
2024-08-05,FXEPS,4.7108,4.7497,4.6745,4.7329,75463
2024-08-06,FXEPS,4.7252,4.7535,4.6259,4.6298,95213
2024-08-07,FXEPS,4.6398,4.6514,4.4634,4.4882,72606
2024-08-08,FXEPS,4.4887,4.5181,4.4849,4.5003,40543
2024-08-09,FXEPS,4.4876,4.5788,4.4802,4.5660,97195
2024-08-12,FXEPS,4.5371,4.6200,4.5158,4.5833,31700
2024-08-13,FXEPS,4.5914,4.6230,4.4896,4.4916,47741
2024-08-14,FXEPS,4.4704,4.4750,4.4234,4.4249,51455
2024-08-15,FXEPS,4.3808,4.4862,4.3368,4.4837,66175
2024-08-16,FXEPS,4.5051,4.5078,4.4820,4.4903,72835
2024-08-19,FXEPS,4.5004,4.5118,4.4298,4.4421,45933
2024-08-20,FXEPS,4.4237,4.4246,4.4185,4.4218,46907
2024-08-21,FXEPS,4.4265,4.4321,4.3985,4.4166,98008
2024-08-22,FXEPS,4.4127,4.4201,4.3550,4.3765,69607
2024-08-23,FXEPS,4.3722,4.4961,4.3467,4.4714,58646
2024-08-26,FXEPS,4.4993,4.4993,4.4658,4.4896,35608
2024-08-27,FXEPS,4.4938,4.6109,4.4761,4.5938,85457
2024-08-28,FXEPS,4.6361,4.6443,4.4742,4.4844,46542
2024-08-29,FXEPS,4.4939,4.5056,4.3201,4.3384,73265
2024-08-30,FXEPS,4.3251,4.3261,4.2340,4.2481,33199
2024-09-02,FXEPS,4.2390,4.2827,4.2243,4.2579,34598
2024-09-03,FXEPS,4.2780,4.2907,4.2513,4.2740,39968
2024-09-04,FXEPS,4.2838,4.2915,4.1565,4.1698,32697
2024-09-05,FXEPS,4.1722,4.1924,4.1297,4.1513,29087
2024-09-06,FXEPS,4.1703,4.1931,4.1601,4.1796,83301
2024-09-09,FXEPS,4.1584,4.1973,4.1423,4.1955,72011
2024-09-10,FXEPS,4.1758,4.2106,4.1505,4.2090,35593
2024-09-11,FXEPS,4.2058,4.2139,4.1067,4.1128,28503
2024-09-12,FXEPS,4.1083,4.2639,4.0992,4.2514,86661
2024-09-13,FXEPS,4.2621,4.4023,4.2269,4.3743,49599
2024-09-16,FXEPS,4.3516,4.3719,4.2665,4.2949,82717
2024-09-17,FXEPS,4.2859,4.2877,4.2208,4.2234,81879
2024-09-18,FXEPS,4.2474,4.2687,4.1497,4.1675,77519
2024-09-19,FXEPS,4.1667,4.2204,4.1340,4.2124,63248
2024-09-20,FXEPS,4.2252,4.2525,4.2245,4.2381,57355
2024-09-23,FXEPS,4.2529,4.2998,4.1439,4.1605,99937
2024-09-24,FXEPS,4.1611,4.1642,4.1516,4.1567,80795
2024-09-25,FXEPS,4.1404,4.2043,4.1202,4.1678,84820
2024-09-26,FXEPS,4.1716,4.1739,4.1197,4.1202,44475
2024-09-27,FXEPS,4.1070,4.1174,4.0900,4.0927,75993
2024-09-30,FXEPS,4.0754,4.0847,4.0599,4.0823,69116
2024-10-01,FXEPS,4.0921,4.0977,4.0300,4.0454,21155
2024-10-02,FXEPS,4.0371,4.0673,4.0312,4.0480,56706
2024-10-03,FXEPS,4.0472,4.0975,4.0306,4.0875,43767
2024-10-04,FXEPS,4.1022,4.1123,4.0581,4.0589,82153
2024-10-07,FXEPS,4.0500,4.0825,4.0241,4.0483,38976
2024-10-08,FXEPS,4.0392,4.0534,3.8964,3.9253,66495
2024-10-09,FXEPS,3.9060,3.9796,3.8931,3.9713,95440
2024-10-10,FXEPS,3.9729,4.0755,3.9655,4.0634,75105
2024-10-11,FXEPS,4.0694,4.0935,4.0358,4.0757,61350
2024-10-14,FXEPS,4.0890,4.1022,3.9868,4.0011,67638
2024-10-15,FXEPS,3.9838,3.9998,3.9581,3.9665,43077
2024-10-16,FXEPS,3.9403,4.0440,3.9362,4.0276,52863
2024-10-17,FXEPS,4.0311,4.0319,3.8528,3.8881,98879
2024-10-18,FXEPS,3.9027,3.9974,3.8764,3.9872,54851
2024-10-21,FXEPS,3.9446,3.9663,3.9226,3.9452,45491
2024-10-22,FXEPS,3.9470,4.0904,3.9176,4.0901,28226
2024-10-23,FXEPS,4.0945,4.1015,4.0396,4.0402,91440
2024-10-24,FXEPS,4.0465,4.1120,4.0320,4.0980,98876
2024-10-25,FXEPS,4.0820,4.1693,4.0487,4.1690,82555
2024-10-28,FXEPS,4.1914,4.2332,4.1512,4.2178,75678
2024-10-29,FXEPS,4.2568,4.2617,4.2547,4.2556,82040
2024-10-30,FXEPS,4.2386,4.2403,4.1681,4.1793,20586
2024-10-31,FXEPS,4.1753,4.1883,4.1517,4.1589,38371
2024-11-01,FXEPS,4.1627,4.2198,4.1549,4.2189,54180
2024-11-04,FXEPS,4.2142,4.2797,4.2073,4.2781,88606
2024-11-05,FXEPS,4.2658,4.2939,4.2549,4.2795,21080
2024-11-06,FXEPS,4.2520,4.2984,4.2495,4.2972,67790
2024-11-07,FXEPS,4.3165,4.3381,4.2932,4.3164,84482
2024-11-08,FXEPS,4.3165,4.4627,4.2958,4.4423,85944
2024-11-11,FXEPS,4.4303,4.4341,4.3528,4.3669,46582
2024-11-12,FXEPS,4.3830,4.3875,4.3322,4.3467,30247
2024-11-13,FXEPS,4.3513,4.3731,4.3295,4.3511,67871
2024-11-14,FXEPS,4.3647,4.3816,4.2985,4.3045,45688
2024-11-15,FXEPS,4.2989,4.3663,4.2964,4.3553,69307
2024-11-18,FXEPS,4.3351,4.4279,4.3280,4.4190,66503
2024-11-19,FXEPS,4.4365,4.4392,4.3270,4.3353,68668
2024-11-20,FXEPS,4.3480,4.3683,4.3442,4.3514,81711
2024-11-21,FXEPS,4.3490,4.3589,4.3387,4.3520,91289
2024-11-22,FXEPS,4.3767,4.4570,4.3739,4.4276,59015
2024-11-25,FXEPS,4.4132,4.4474,4.3744,4.4138,74093
2024-11-26,FXEPS,4.4267,4.6629,4.4101,4.6385,31844
2024-11-27,FXEPS,4.5992,4.6453,4.5793,4.6240,76435
2024-11-28,FXEPS,4.6044,4.6150,4.5910,4.6014,84209
2024-11-29,FXEPS,4.6171,4.7357,4.6142,4.7115,81794
2024-12-02,FXEPS,4.7371,4.7762,4.7205,4.7721,40450
2024-12-03,FXEPS,4.7566,4.7661,4.6831,4.6844,93930
2024-12-04,FXEPS,4.7026,4.7660,4.6966,4.7547,35361
2024-12-05,FXEPS,4.7600,4.7958,4.6657,4.6723,46702
2024-12-06,FXEPS,4.6972,4.7242,4.6871,4.6888,60743
2024-12-09,FXEPS,4.6753,4.7020,4.6683,4.6779,48485
2024-12-10,FXEPS,4.6610,4.8241,4.6482,4.8098,47366
2024-12-11,FXEPS,4.8248,4.8333,4.7590,4.7784,84978
2024-12-12,FXEPS,4.7818,4.8431,4.7801,4.8213,45518
2024-12-13,FXEPS,4.8143,4.9377,4.8082,4.8990,37126
2024-12-16,FXEPS,4.9057,5.0020,4.8932,5.0010,41775
2024-12-17,FXEPS,5.0174,5.0735,5.0082,5.0478,28141
2024-12-18,FXEPS,5.0163,5.1530,4.9879,5.1217,82682
2024-12-19,FXEPS,5.1162,5.1968,5.0396,5.1907,82894
2024-12-20,FXEPS,5.2047,5.2560,5.1848,5.2345,61590
2024-12-23,FXEPS,5.2093,5.2797,5.1770,5.2653,71286
2024-12-24,FXEPS,5.2545,5.3311,5.2281,5.3207,94807
2024-12-25,FXEPS,5.3238,5.3256,5.2356,5.2670,91055
2024-12-26,FXEPS,5.2276,5.2660,5.2158,5.2512,25517
2024-12-27,FXEPS,5.3024,5.3139,5.1181,5.1503,49022
2024-12-30,FXEPS,5.1277,5.2824,5.1076,5.2680,92211
2024-12-31,FXEPS,5.2516,5.4049,5.2374,5.3844,92663
2025-01-01,FXEPS,5.3634,5.4709,5.3460,5.4669,44738
2025-01-02,FXEPS,5.4847,5.5825,5.4720,5.5708,49538
2025-01-03,FXEPS,5.5526,5.8521,5.5439,5.8162,41513
2025-01-06,FXEPS,5.8184,5.8363,5.6615,5.7030,78360
2025-01-07,FXEPS,5.7239,5.7370,5.6172,5.6638,56838
2025-01-08,FXEPS,5.6792,5.7051,5.5466,5.5586,90328
2025-01-09,FXEPS,5.6073,5.6110,5.5279,5.5333,90931
2025-01-10,FXEPS,5.5747,5.5877,5.5100,5.5137,45684
2025-01-13,FXEPS,5.5135,5.5714,5.5133,5.5441,27387
2025-01-14,FXEPS,5.5451,5.5733,5.5091,5.5225,90309
2025-01-15,FXEPS,5.5044,5.7061,5.4566,5.6922,49773
2025-01-16,FXEPS,5.6881,5.7254,5.6498,5.7238,98440
2025-01-17,FXEPS,5.6880,5.6992,5.6391,5.6746,44503
2025-01-20,FXEPS,5.6819,5.7386,5.5686,5.5797,82947
2025-01-21,FXEPS,5.6029,5.6175,5.4638,5.4881,28745
2025-01-22,FXEPS,5.4682,5.4965,5.3896,5.4135,66622
2025-01-23,FXEPS,5.3945,5.4665,5.3941,5.4312,32624
2025-01-24,FXEPS,5.4094,5.6092,5.4053,5.5431,62949
2025-01-27,FXEPS,5.5501,5.6057,5.4997,5.5100,93300
2025-01-28,FXEPS,5.5274,5.6076,5.5129,5.5867,43828
2025-01-29,FXEPS,5.5874,5.8063,5.5764,5.7751,25187
2025-01-30,FXEPS,5.7554,5.7940,5.7495,5.7854,53958
2025-01-31,FXEPS,5.7687,5.8000,5.7267,5.7466,75814
2025-02-03,FXEPS,5.8129,5.8197,5.6828,5.6975,89711
2025-02-04,FXEPS,5.6808,5.8561,5.6604,5.8477,65961
2025-02-05,FXEPS,5.8261,5.9405,5.7568,5.9394,68470
2025-02-06,FXEPS,5.9256,5.9418,5.7220,5.7504,69481
2025-02-07,FXEPS,5.7435,5.7657,5.5907,5.6063,82857
2025-02-10,FXEPS,5.5576,5.8309,5.5255,5.8287,25430
2025-02-11,FXEPS,5.8598,5.9522,5.8484,5.9191,31819
2025-02-12,FXEPS,5.9487,5.9493,5.9068,5.9322,21033
2025-02-13,FXEPS,5.9485,5.9739,5.8392,5.8629,67688
2025-02-14,FXEPS,5.8651,5.8663,5.7755,5.7960,62542
2025-02-17,FXEPS,5.7956,5.8368,5.7611,5.7831,33318
2025-02-18,FXEPS,5.7924,5.8645,5.7783,5.8495,54410
2025-02-19,FXEPS,5.8482,5.8752,5.8119,5.8470,58054
2025-02-20,FXEPS,5.8601,6.0093,5.8552,6.0028,66778
2025-02-21,FXEPS,5.9937,6.0164,5.8396,5.8516,90973
2025-02-24,FXEPS,5.8489,5.8561,5.7311,5.7439,47716
2025-02-25,FXEPS,5.7072,5.7522,5.6689,5.7473,87872
2025-02-26,FXEPS,5.7583,5.7604,5.6237,5.6424,51496
2025-02-27,FXEPS,5.6428,5.6589,5.5498,5.5548,46993
2025-02-28,FXEPS,5.5322,5.5938,5.4840,5.5042,52511
2025-03-03,FXEPS,5.5057,5.5319,5.4840,5.5058,84552
2025-03-04,FXEPS,5.5179,5.5487,5.4024,5.4109,56153
2025-03-05,FXEPS,5.4193,5.5563,5.4052,5.5512,30373
2025-03-06,FXEPS,5.5376,5.5508,5.4612,5.4656,67085
2025-03-07,FXEPS,5.4813,5.5008,5.4713,5.4938,35000
2025-03-10,FXEPS,5.4673,5.4730,5.3560,5.3696,92311
2025-03-11,FXEPS,5.3784,5.4276,5.3759,5.4015,87136
2025-03-12,FXEPS,5.3976,5.4106,5.3306,5.3434,91413
2025-03-13,FXEPS,5.3432,5.3465,5.2779,5.3002,64853
2025-03-14,FXEPS,5.3114,5.4024,5.2965,5.3811,33154
2025-03-17,FXEPS,5.3891,5.4271,5.3826,5.4158,28574
2025-03-18,FXEPS,5.4009,5.4247,5.3986,5.4134,66330
2025-03-19,FXEPS,5.4363,5.4755,5.4255,5.4655,68525
2025-03-20,FXEPS,5.4563,5.5535,5.4286,5.5295,74469
2025-03-21,FXEPS,5.5353,5.6560,5.5101,5.6500,29455
2025-03-24,FXEPS,5.6382,5.6541,5.6271,5.6406,36727
2025-03-25,FXEPS,5.6681,5.6968,5.5661,5.5947,24161
2025-03-26,FXEPS,5.5894,5.6288,5.4679,5.4758,60516
2025-03-27,FXEPS,5.4780,5.4991,5.4555,5.4664,27983
2025-03-28,FXEPS,5.4353,5.6585,5.4128,5.6321,94032
2025-03-31,FXEPS,5.6330,5.7345,5.6163,5.7235,68914
2025-04-01,FXEPS,5.7701,5.7915,5.7474,5.7874,91579
2025-04-02,FXEPS,5.7779,5.7977,5.6946,5.7197,57256
2025-04-03,FXEPS,5.7353,5.7510,5.7164,5.7457,96150
2025-04-04,FXEPS,5.7517,5.7887,5.7156,5.7353,51653
2025-04-07,FXEPS,5.7430,5.8939,5.7391,5.8304,56600
2025-04-08,FXEPS,5.8416,6.0058,5.8372,5.9962,78989
2025-04-09,FXEPS,5.9742,6.0152,5.7972,5.8127,47046
2025-04-10,FXEPS,5.7942,5.8094,5.7388,5.7443,49993
2025-04-11,FXEPS,5.7425,5.7817,5.7246,5.7725,42574
2025-04-14,FXEPS,5.7649,5.8565,5.7382,5.8223,78461
2025-04-15,FXEPS,5.7976,5.8340,5.7906,5.8062,78256
2025-04-16,FXEPS,5.7996,5.8916,5.7652,5.8684,82396
2025-04-17,FXEPS,5.8824,5.9232,5.8488,5.9169,78772
2025-04-18,FXEPS,5.9394,5.9512,5.7623,5.7732,32502
2025-04-21,FXEPS,5.8127,5.8637,5.7450,5.7500,45678
2025-04-22,FXEPS,5.7575,5.7981,5.7307,5.7454,87756
2025-04-23,FXEPS,5.7244,5.7738,5.7117,5.7280,94462
2025-04-24,FXEPS,5.7716,5.9599,5.7645,5.9375,43089
2025-04-25,FXEPS,5.9254,6.1353,5.8903,6.1333,76083
2025-04-28,FXEPS,6.1584,6.1774,5.8863,5.8880,85862
2025-04-29,FXEPS,5.8759,5.9089,5.8566,5.8650,29055
2025-04-30,FXEPS,5.8619,6.0437,5.8598,5.9839,85534
2025-05-01,FXEPS,5.9723,6.2443,5.9177,6.2022,62642
2025-05-02,FXEPS,6.1668,6.3627,6.1528,6.3191,63259
2025-05-05,FXEPS,6.2686,6.3624,6.2348,6.3605,32232
2025-05-06,FXEPS,6.3539,6.3713,6.2536,6.2711,86225
2025-05-07,FXEPS,6.2914,6.3942,6.2840,6.3581,85829
2025-05-08,FXEPS,6.3531,6.5378,6.3307,6.5253,53661
2025-05-09,FXEPS,6.5064,6.5257,6.4451,6.4504,96798
2025-05-12,FXEPS,6.4253,6.5185,6.4218,6.4900,29286
2025-05-13,FXEPS,6.4907,6.5634,6.4570,6.5301,88991
2025-05-14,FXEPS,6.5547,6.6030,6.5407,6.5468,38955
2025-05-15,FXEPS,6.5754,6.6086,6.4863,6.5003,36244
2025-05-16,FXEPS,6.5010,6.5406,6.4801,6.5105,47799
2025-05-19,FXEPS,6.4868,6.6051,6.4429,6.5917,47039
2025-05-20,FXEPS,6.5870,6.6085,6.5798,6.6082,62321
2025-05-21,FXEPS,6.5516,6.5625,6.5076,6.5553,92931
2025-05-22,FXEPS,6.5609,6.6619,6.5457,6.6592,96444
2025-05-23,FXEPS,6.6706,6.6903,6.5701,6.6058,40244
2025-05-26,FXEPS,6.6205,6.6533,6.3074,6.3090,33246
2025-05-27,FXEPS,6.2813,6.2921,6.1323,6.1539,59779
2025-05-28,FXEPS,6.1971,6.2155,6.0109,6.0238,86073
2025-05-29,FXEPS,6.0030,6.0891,5.9896,6.0775,29338
2025-05-30,FXEPS,6.0899,6.1106,6.0577,6.0870,30867
2025-06-02,FXEPS,6.1008,6.1699,5.9827,6.0065,73527
2025-06-03,FXEPS,6.0317,6.0668,5.9754,5.9861,73753
2025-06-04,FXEPS,5.9931,6.0051,5.7900,5.8236,50867
2025-06-05,FXEPS,5.8123,5.8269,5.7739,5.7985,53163
2025-06-06,FXEPS,5.8245,5.8765,5.7856,5.8084,76761
2025-06-09,FXEPS,5.7664,5.7772,5.5647,5.5895,66600
2025-06-10,FXEPS,5.6280,5.6499,5.5733,5.5910,39188
2025-06-11,FXEPS,5.6316,5.6352,5.5949,5.6066,31208
2025-06-12,FXEPS,5.6308,5.6425,5.5181,5.5220,31390
2025-06-13,FXEPS,5.4979,5.5824,5.4632,5.5645,93768
2025-06-16,FXEPS,5.5329,5.5913,5.5114,5.5542,41813
2025-06-17,FXEPS,5.6232,5.6371,5.5836,5.6023,65785
2025-06-18,FXEPS,5.6001,5.6822,5.5622,5.6738,69164
2025-06-19,FXEPS,5.6695,5.7112,5.6607,5.6804,45519
2025-06-20,FXEPS,5.6596,5.6660,5.6304,5.6390,50457
2025-06-23,FXEPS,5.6194,5.8490,5.5966,5.8093,24642
2025-06-24,FXEPS,5.7783,5.8688,5.7516,5.8623,84747
2025-06-25,FXEPS,5.8518,6.0296,5.8447,6.0139,44881
2025-06-26,FXEPS,6.0091,6.1497,5.9969,6.1145,93874
2025-06-27,FXEPS,6.1179,6.1917,6.0889,6.1653,37033
2025-06-30,FXEPS,6.1530,6.1635,5.9587,5.9594,49833
2025-07-01,FXEPS,5.9289,6.0518,5.9025,6.0317,29520
2025-07-02,FXEPS,6.0271,6.0398,5.8901,5.9022,83679
2025-07-03,FXEPS,5.9213,5.9754,5.7924,5.8222,24038
2025-07-04,FXEPS,5.7889,5.9351,5.7398,5.8942,89953
2025-07-07,FXEPS,5.9177,5.9331,5.8383,5.8508,52601
2025-07-08,FXEPS,5.8701,5.9902,5.8515,5.9840,65981
2025-07-09,FXEPS,5.9834,5.9945,5.7589,5.7719,45564
2025-07-10,FXEPS,5.7251,5.8210,5.7250,5.8128,93987
2025-07-11,FXEPS,5.8252,5.9045,5.7983,5.9007,60566
2025-07-14,FXEPS,5.9098,5.9296,5.7973,5.8090,80044
2025-07-15,FXEPS,5.7679,5.7719,5.7394,5.7435,27548
2025-07-16,FXEPS,5.7836,5.8069,5.7743,5.7955,80891
2025-07-17,FXEPS,5.8204,5.8362,5.6067,5.6428,34487
2025-07-18,FXEPS,5.6380,5.6469,5.5397,5.5812,76653
2025-07-21,FXEPS,5.5708,5.6000,5.5359,5.5994,51773
2025-07-22,FXEPS,5.5717,5.6924,5.5683,5.6871,24350
2025-07-23,FXEPS,5.6710,5.7799,5.6584,5.7401,48928
2025-07-24,FXEPS,5.7547,5.7985,5.6427,5.6828,89422
2025-07-25,FXEPS,5.6759,5.7107,5.6421,5.6969,59190
2025-07-28,FXEPS,5.6818,5.8729,5.6507,5.8466,60620
2025-07-29,FXEPS,5.8777,5.8965,5.8099,5.8134,69081
2025-07-30,FXEPS,5.7866,5.9194,5.7712,5.9144,88037
2025-07-31,FXEPS,5.8750,5.8793,5.7876,5.8104,85682
2025-08-01,FXEPS,5.8287,5.9577,5.8147,5.9308,94513
2025-08-04,FXEPS,5.9580,5.9755,5.9282,5.9324,37044
2025-08-05,FXEPS,5.9441,6.2483,5.9394,6.1953,93141
2025-08-06,FXEPS,6.2432,6.2484,5.9101,5.9256,83417
2025-08-07,FXEPS,5.9050,5.9068,5.8627,5.8845,68017
2025-08-08,FXEPS,5.9093,5.9479,5.7978,5.8085,45944
2025-08-11,FXEPS,5.8155,5.8398,5.7320,5.7706,58777
2025-08-12,FXEPS,5.7925,5.8490,5.7566,5.8380,59480
2025-08-13,FXEPS,5.8645,5.9299,5.7007,5.7109,22634
2025-08-14,FXEPS,5.6740,5.7718,5.6473,5.7677,74589
2025-08-15,FXEPS,5.7623,5.8473,5.7339,5.8194,52411
2025-08-18,FXEPS,5.7997,5.8059,5.7952,5.7971,70596
2025-08-19,FXEPS,5.7724,5.7778,5.7628,5.7703,25349
2025-08-20,FXEPS,5.7431,5.7709,5.7242,5.7700,45353
2025-08-21,FXEPS,5.7771,5.8732,5.7704,5.8635,35133
2025-08-22,FXEPS,5.8996,5.9274,5.7913,5.8510,77890
2025-08-25,FXEPS,5.8152,5.9306,5.8117,5.9172,84279
2025-08-26,FXEPS,5.9257,5.9483,5.8731,5.9459,80146
2025-08-27,FXEPS,5.9538,6.0159,5.9237,5.9986,90070
2025-08-28,FXEPS,5.9541,6.0697,5.9007,6.0547,81662
2025-08-29,FXEPS,6.0716,6.1454,6.0540,6.1134,72674
2025-09-01,FXEPS,6.1293,6.1310,6.0650,6.0949,85806
2025-09-02,FXEPS,6.0921,6.1925,6.0865,6.1563,38001
2025-09-03,FXEPS,6.1186,6.4697,6.1047,6.4267,71743
2025-09-04,FXEPS,6.4368,6.4379,6.3338,6.3768,37172
2025-09-05,FXEPS,6.3755,6.5707,6.3556,6.5625,56595
2025-09-08,FXEPS,6.5163,6.5228,6.4266,6.4484,44824
2025-09-09,FXEPS,6.3981,6.4202,6.2408,6.2707,64924
2025-09-10,FXEPS,6.2493,6.4754,6.2410,6.4566,76498
2025-09-11,FXEPS,6.4473,6.4480,6.4124,6.4286,82970
2025-09-12,FXEPS,6.4185,6.5211,6.3866,6.5073,99106
2025-09-15,FXEPS,6.4907,6.5123,6.4080,6.4536,27329
2025-09-16,FXEPS,6.5112,6.5213,6.5003,6.5040,45353
2025-09-17,FXEPS,6.4980,6.5145,6.4106,6.4112,89755
2025-09-18,FXEPS,6.4192,6.4631,6.3063,6.3291,82769
2025-09-19,FXEPS,6.3425,6.3669,6.3392,6.3577,60774
2025-09-22,FXEPS,6.3521,6.3851,6.2268,6.2418,22451
2025-09-23,FXEPS,6.2167,6.2357,6.1256,6.1574,61816
2025-09-24,FXEPS,6.1610,6.2044,6.1568,6.1945,97823
2025-09-25,FXEPS,6.1807,6.2721,6.1715,6.2410,44994
2025-09-26,FXEPS,6.2548,6.2666,6.2127,6.2328,32792
2025-09-29,FXEPS,6.1998,6.2105,6.1427,6.1561,62666
2025-09-30,FXEPS,6.2245,6.2280,6.1390,6.1498,29720
2025-10-01,FXEPS,6.1689,6.1986,6.0545,6.0558,38652
2025-10-02,FXEPS,6.0479,6.1115,6.0286,6.0716,93721
2025-10-03,FXEPS,6.0752,6.2713,6.0415,6.2209,88509
2025-10-06,FXEPS,6.1738,6.2054,6.1724,6.2032,88893
2025-10-07,FXEPS,6.1725,6.2203,6.1595,6.1824,47786
2025-10-08,FXEPS,6.2226,6.2228,6.1078,6.1107,23670
2025-10-09,FXEPS,6.1373,6.1616,6.1275,6.1585,87273
2025-10-10,FXEPS,6.1339,6.1448,6.0558,6.0995,46924
2025-10-13,FXEPS,6.1138,6.1225,6.0363,6.0565,33774
2025-10-14,FXEPS,6.0774,6.2330,6.0637,6.2080,29596
2025-10-15,FXEPS,6.2093,6.2196,6.1298,6.1401,47118
2025-10-16,FXEPS,6.2088,6.2507,6.1442,6.1815,70072
2025-10-17,FXEPS,6.1874,6.2538,6.1749,6.2473,79600
2025-10-20,FXEPS,6.2047,6.2356,6.1675,6.2010,49772
2025-10-21,FXEPS,6.1968,6.2322,6.1411,6.1599,79952
2025-10-22,FXEPS,6.1716,6.1890,6.0644,6.0663,74594
2025-10-23,FXEPS,6.0863,6.1011,6.0781,6.0809,57859
2025-10-24,FXEPS,6.1218,6.1284,6.0248,6.0548,26779
2025-10-27,FXEPS,6.0431,6.0738,6.0424,6.0438,44282
2025-10-28,FXEPS,6.0608,6.1058,5.9966,6.0000,65321
2025-10-29,FXEPS,5.9966,6.0312,5.9391,5.9431,77770
2025-10-30,FXEPS,5.9538,6.0737,5.9330,6.0672,92543
2025-10-31,FXEPS,6.0292,6.0709,5.9350,5.9365,52054
2025-11-03,FXEPS,5.9320,5.9913,5.9314,5.9604,26779
2025-11-04,FXEPS,5.9347,6.1176,5.9203,6.1115,90355
2025-11-05,FXEPS,6.0830,6.3115,6.0654,6.2841,98065
2025-11-06,FXEPS,6.2748,6.2883,6.1863,6.2041,95917
2025-11-07,FXEPS,6.2280,6.2659,6.1875,6.1971,59506
2025-11-10,FXEPS,6.1768,6.1881,5.9997,6.0292,21823
2025-11-11,FXEPS,6.0485,6.1701,6.0481,6.1560,80745
2025-11-12,FXEPS,6.1781,6.1986,5.9968,6.0083,24196
2025-11-13,FXEPS,5.9534,6.1438,5.9331,6.1401,78339
2025-11-14,FXEPS,6.1242,6.2539,6.1193,6.2485,55064
2025-11-17,FXEPS,6.2210,6.2749,6.1860,6.2671,42895
2025-11-18,FXEPS,6.2966,6.3344,6.1555,6.1946,47862
2025-11-19,FXEPS,6.1959,6.2069,6.1472,6.1552,55291
2025-11-20,FXEPS,6.1841,6.2190,6.1721,6.2034,60797
2025-11-21,FXEPS,6.1850,6.2237,6.1465,6.1584,45168
2025-11-24,FXEPS,6.1904,6.2404,6.1840,6.2060,34863
2025-11-25,FXEPS,6.1659,6.1809,6.1263,6.1363,39967
2025-11-26,FXEPS,6.1016,6.1164,6.0399,6.0551,81982
2025-11-27,FXEPS,6.0645,6.0992,6.0328,6.0704,42056
2025-11-28,FXEPS,6.1243,6.1251,6.0172,6.0348,50360
2025-12-01,FXEPS,6.0333,6.0490,5.9057,5.9092,87031
2025-12-02,FXEPS,5.9240,5.9546,5.8102,5.8176,43876
2025-12-03,FXEPS,5.8349,5.8858,5.8296,5.8512,89421
2025-12-04,FXEPS,5.8319,5.8855,5.8057,5.8456,66772
2025-12-05,FXEPS,5.8011,5.9726,5.7729,5.9434,31893
2025-12-08,FXEPS,5.9590,5.9592,5.9000,5.9222,90866
2025-12-09,FXEPS,5.9257,5.9371,5.9190,5.9203,20950
2025-12-10,FXEPS,5.9467,6.0564,5.9248,6.0383,26025
2025-12-11,FXEPS,6.0594,6.2310,6.0271,6.1914,76818
2025-12-12,FXEPS,6.2074,6.2269,6.1579,6.2051,99163
2025-12-15,FXEPS,6.2281,6.2399,6.0736,6.0739,61094
2025-12-16,FXEPS,6.0779,6.0835,6.0587,6.0825,83230
2025-12-17,FXEPS,6.0488,6.0801,5.9235,5.9480,80337
2025-12-18,FXEPS,5.9117,5.9496,5.8854,5.9369,82003
2025-12-19,FXEPS,5.9495,5.9544,5.8863,5.8911,30352
2025-12-22,FXEPS,5.9148,5.9441,5.7993,5.7997,26881
2025-12-23,FXEPS,5.7779,5.8084,5.7568,5.7931,58933
2025-12-24,FXEPS,5.7944,5.8033,5.7837,5.7896,52632
2025-12-25,FXEPS,5.8208,5.8492,5.7203,5.7404,75875
2025-12-26,FXEPS,5.7501,5.7604,5.6964,5.7055,30950
2025-12-29,FXEPS,5.6833,5.7209,5.6815,5.7002,80913
2025-12-30,FXEPS,5.6900,5.7011,5.5439,5.5821,44575
2025-12-31,FXEPS,5.5939,5.7323,5.5706,5.7039,26705
2021-01-04,FXETA,26.9603,27.0565,26.8337,27.0122,34141
2021-01-05,FXETA,27.0312,27.0398,25.6706,25.7486,26666
2021-01-06,FXETA,25.6702,25.7954,25.3648,25.3670,84040
2021-01-07,FXETA,25.4738,25.5513,24.9478,24.9741,71504
2021-01-08,FXETA,25.0703,25.5918,25.0042,25.4495,92079
2021-01-11,FXETA,25.6303,26.2648,25.5816,26.1727,81064
2021-01-12,FXETA,26.0340,26.3712,26.0338,26.3525,96484
2021-01-13,FXETA,26.4230,26.4415,25.4114,25.4972,71127
2021-01-14,FXETA,25.4669,26.0516,25.2638,25.9780,86931
2021-01-15,FXETA,26.2107,26.3163,25.1231,25.1472,63507
2021-01-18,FXETA,25.2052,25.2869,24.8617,24.8709,97241
2021-01-19,FXETA,24.8858,24.9451,24.0672,24.1249,40953
2021-01-20,FXETA,24.2396,24.3722,24.1193,24.1268,22207
2021-01-21,FXETA,24.3025,24.3098,23.6026,23.8004,21683
2021-01-22,FXETA,23.4418,23.9310,23.3310,23.9027,24109
2021-01-25,FXETA,24.0670,24.0910,23.4122,23.4230,74843
2021-01-26,FXETA,23.3932,23.3955,22.8321,22.9776,44838
2021-01-27,FXETA,22.8800,23.0932,22.8548,23.0861,65112
2021-01-28,FXETA,22.9747,23.6715,22.8471,23.5841,23270
2021-01-29,FXETA,23.5498,23.5993,23.1305,23.2498,91054
2021-02-01,FXETA,23.4442,23.5147,23.3068,23.4271,52829
2021-02-02,FXETA,23.3697,23.6399,23.3550,23.5036,63460
2021-02-03,FXETA,23.3677,23.7433,23.3080,23.6564,48065
2021-02-04,FXETA,23.6408,23.6490,23.1648,23.1750,76434
2021-02-05,FXETA,23.1655,23.2175,22.7687,22.7743,66035
2021-02-08,FXETA,22.7428,22.8313,22.5244,22.6070,65071
2021-02-09,FXETA,22.6226,22.6812,22.3017,22.3209,73008
2021-02-10,FXETA,22.5451,22.8360,22.5325,22.7509,92270
2021-02-11,FXETA,22.8194,22.8725,22.2657,22.3740,42439
2021-02-12,FXETA,22.4730,22.5087,21.6202,21.7079,54279
2021-02-15,FXETA,21.5969,21.8266,21.5907,21.7080,41731
2021-02-16,FXETA,21.8430,21.8541,21.4424,21.5738,37967
2021-02-17,FXETA,21.5674,21.5727,21.4437,21.4488,62581
2021-02-18,FXETA,21.5549,21.5638,21.3007,21.3664,96137
2021-02-19,FXETA,21.3806,21.4947,21.1185,21.2038,79327
2021-02-22,FXETA,21.1906,21.2840,20.6609,20.6734,21864
2021-02-23,FXETA,20.6431,20.6677,20.4367,20.4665,91138
2021-02-24,FXETA,20.5225,20.6317,20.3659,20.3805,93351
2021-02-25,FXETA,20.3107,21.3734,20.2775,21.3136,37936
2021-02-26,FXETA,21.3463,21.4594,21.2466,21.4364,94798
2021-03-01,FXETA,21.4119,21.9186,21.3877,21.7688,44550
2021-03-02,FXETA,21.9968,22.1213,21.0697,21.2094,87453
2021-03-03,FXETA,21.1868,21.4421,21.0792,21.3554,74011
2021-03-04,FXETA,21.2901,21.4140,21.0535,21.0705,99775
2021-03-05,FXETA,21.0092,21.1055,20.8274,20.9036,98279
2021-03-08,FXETA,20.9799,20.9831,20.5601,20.5799,60354
2021-03-09,FXETA,20.6278,20.7168,20.2681,20.2876,69562
2021-03-10,FXETA,20.2561,20.5439,20.1200,20.4594,68318
2021-03-11,FXETA,20.5490,20.6766,20.5237,20.5247,36828
2021-03-12,FXETA,20.4760,20.8035,20.4622,20.7556,29245
2021-03-15,FXETA,20.8064,20.9108,20.6036,20.6269,81657
2021-03-16,FXETA,20.5755,20.8370,20.4713,20.7861,48390
2021-03-17,FXETA,20.7944,21.0063,20.6767,20.9181,64617
2021-03-18,FXETA,20.8926,20.9079,20.3434,20.3920,55706
2021-03-19,FXETA,20.2878,20.7313,20.1677,20.7132,41337
2021-03-22,FXETA,20.6665,21.2199,20.5781,21.0080,24070
2021-03-23,FXETA,21.0506,21.1458,20.8460,21.0343,45101
2021-03-24,FXETA,21.0859,21.1358,20.5472,20.6630,78018
2021-03-25,FXETA,20.7753,20.9167,20.7222,20.7433,99859
2021-03-26,FXETA,20.8060,20.8452,20.5364,20.6028,75068
2021-03-29,FXETA,20.5672,21.2997,20.5312,21.1708,54390
2021-03-30,FXETA,21.1195,21.1438,20.8276,20.8924,36895
2021-03-31,FXETA,20.9740,21.6135,20.9167,21.5687,57065
2021-04-01,FXETA,21.5653,21.8886,21.5543,21.8757,47740
2021-04-02,FXETA,21.9865,22.0484,21.5697,21.5732,41785
2021-04-05,FXETA,21.7491,22.1736,21.6517,21.9977,34344
2021-04-06,FXETA,21.9597,22.4020,21.8695,22.2111,75604
2021-04-07,FXETA,22.1233,22.7914,22.0387,22.6718,74645
2021-04-08,FXETA,22.7401,23.3207,22.6772,23.1800,69189
2021-04-09,FXETA,23.2607,23.3035,23.1842,23.2244,36721
2021-04-12,FXETA,23.0233,23.1330,22.9299,22.9765,94570
2021-04-13,FXETA,22.8993,23.0259,22.8750,23.0010,93464
2021-04-14,FXETA,22.9683,23.7542,22.9245,23.7290,65958
2021-04-15,FXETA,23.6218,23.6870,23.4547,23.4557,88678
2021-04-16,FXETA,23.3846,23.4597,22.7688,22.7854,88719
2021-04-19,FXETA,22.8200,22.8828,22.5063,22.5525,26316
2021-04-20,FXETA,22.5797,22.6711,22.2925,22.3471,27078
2021-04-21,FXETA,22.3855,22.3902,22.3152,22.3263,98403
2021-04-22,FXETA,22.2569,22.8914,22.0939,22.8614,68970
2021-04-23,FXETA,22.7679,22.8752,22.5828,22.6084,72475
2021-04-26,FXETA,22.6275,23.0278,22.5207,23.0026,59999
2021-04-27,FXETA,22.9223,23.0143,22.5908,22.6069,61365
2021-04-28,FXETA,22.6923,23.2308,22.5579,23.1024,84712
2021-04-29,FXETA,23.0842,23.1040,22.8005,22.9158,79877
2021-04-30,FXETA,22.8939,23.5074,22.7901,23.4318,56739
2021-05-03,FXETA,23.3842,24.3950,23.3015,24.2650,47828
2021-05-04,FXETA,24.3013,24.6288,24.1601,24.5957,66507
2021-05-05,FXETA,24.5154,24.9145,24.3715,24.9062,92625
2021-05-06,FXETA,24.9966,25.2416,24.7533,24.8318,30923
2021-05-07,FXETA,24.8095,25.7890,24.7506,25.7544,70427
2021-05-10,FXETA,25.7363,25.7675,25.4540,25.5132,49804
2021-05-11,FXETA,25.5119,25.6283,25.3700,25.3781,82425
2021-05-12,FXETA,25.5241,25.6330,25.0523,25.1090,29947
2021-05-13,FXETA,25.2848,25.3454,25.0541,25.2607,70897
2021-05-14,FXETA,25.2219,25.5029,25.1132,25.3700,77256
2021-05-17,FXETA,25.4811,25.8190,25.2890,25.7209,84333
2021-05-18,FXETA,25.6885,26.6713,25.6604,26.6329,88501
2021-05-19,FXETA,26.5843,26.9701,26.4761,26.7079,53655
2021-05-20,FXETA,26.6661,27.1836,26.4754,27.0152,49134
2021-05-21,FXETA,27.0650,27.0674,26.4078,26.4532,89933
2021-05-24,FXETA,26.3883,26.4722,25.6485,25.8030,74803
2021-05-25,FXETA,25.9114,26.3333,25.7848,26.2942,74548
2021-05-26,FXETA,26.4211,26.6088,26.3806,26.3939,50267
2021-05-27,FXETA,26.4229,26.9983,26.3194,26.8332,36546
2021-05-28,FXETA,26.7847,26.9503,26.3801,26.5280,78648
2021-05-31,FXETA,26.6659,26.8299,26.5325,26.6519,45836
2021-06-01,FXETA,26.6235,26.7661,26.3791,26.5476,23674
2021-06-02,FXETA,26.7578,26.8138,26.4555,26.4628,25694
2021-06-03,FXETA,26.4529,26.9591,26.3997,26.9086,76515
2021-06-04,FXETA,26.8852,26.9198,25.8112,25.8885,75140
2021-06-07,FXETA,25.8911,25.8948,25.7776,25.8619,99118
2021-06-08,FXETA,25.8807,26.0248,25.7947,26.0016,88211
2021-06-09,FXETA,25.9067,26.4549,25.8150,26.4285,64570
2021-06-10,FXETA,26.4149,26.4570,26.1400,26.2042,75883
2021-06-11,FXETA,25.9676,26.0487,25.2861,25.3336,89131
2021-06-14,FXETA,25.2644,26.2865,25.1185,26.1965,88769
2021-06-15,FXETA,26.1847,26.2360,25.5803,25.6908,36249
2021-06-16,FXETA,25.7801,25.9856,25.6676,25.8432,64774
2021-06-17,FXETA,25.7324,26.0353,25.6011,25.9832,45387
2021-06-18,FXETA,26.0980,26.1618,25.9514,26.1475,52779
2021-06-21,FXETA,26.2455,26.3952,25.4990,25.6164,54832
2021-06-22,FXETA,25.6898,26.3210,25.4512,26.3193,78378
2021-06-23,FXETA,26.3506,26.5029,26.2424,26.3748,55475
2021-06-24,FXETA,26.3794,26.5176,26.0034,26.0296,46995
2021-06-25,FXETA,25.9956,26.0581,25.8669,25.9330,56724
2021-06-28,FXETA,26.0437,26.1100,25.5149,25.6755,27474
2021-06-29,FXETA,25.6389,25.6630,25.5697,25.6197,79886
2021-06-30,FXETA,25.5106,25.6370,25.1150,25.1189,68752
2021-07-01,FXETA,25.1273,25.1409,25.0452,25.1171,59294
2021-07-02,FXETA,25.0605,25.9800,25.0364,25.9385,62761
2021-07-05,FXETA,26.1452,26.1709,25.5904,25.7090,92164
2021-07-06,FXETA,25.7626,25.8902,25.3695,25.4170,88864
2021-07-07,FXETA,25.4469,25.5712,24.5520,24.6143,67800
2021-07-08,FXETA,24.7505,25.3561,24.6319,25.2528,70583
2021-07-09,FXETA,25.0911,25.5968,25.0005,25.5849,61317
2021-07-12,FXETA,25.5097,25.6159,25.1737,25.2970,22482
2021-07-13,FXETA,25.4863,25.7153,24.7244,24.7818,48261
2021-07-14,FXETA,24.6091,25.2969,24.5281,25.1340,92712
2021-07-15,FXETA,25.0970,25.1112,24.9577,24.9941,81794
2021-07-16,FXETA,25.0498,25.1741,24.6248,24.6960,65667
2021-07-19,FXETA,24.7800,24.8498,24.7685,24.7916,81624
2021-07-20,FXETA,24.8234,25.0733,24.6702,24.9022,40690
2021-07-21,FXETA,24.9979,25.0404,24.5980,24.6165,59771
2021-07-22,FXETA,24.5887,24.6626,24.3827,24.3945,85737
2021-07-23,FXETA,24.3257,24.6584,24.2823,24.5251,47678
2021-07-26,FXETA,24.4524,24.9787,24.4191,24.9616,20882
2021-07-27,FXETA,24.9986,25.0680,24.8953,24.9068,37137
2021-07-28,FXETA,24.7569,24.8236,24.6775,24.6981,79849
2021-07-29,FXETA,24.7961,24.8330,24.2223,24.4102,47201
2021-07-30,FXETA,24.3207,24.3882,23.8728,24.0935,88357
2021-08-02,FXETA,24.2460,25.0799,24.0719,24.8918,24521
2021-08-03,FXETA,24.9456,24.9970,24.5564,24.6352,55346
2021-08-04,FXETA,24.6919,24.7882,24.2298,24.2354,77251
2021-08-05,FXETA,24.3524,24.4080,24.2132,24.3858,45687
2021-08-06,FXETA,24.3058,24.4973,24.2372,24.4718,40661
2021-08-09,FXETA,24.3434,24.3924,24.1005,24.1442,52310
2021-08-10,FXETA,24.2163,24.6382,24.1578,24.5806,42214
2021-08-11,FXETA,24.5620,24.5626,24.2751,24.4573,74630
2021-08-12,FXETA,24.5773,24.6768,24.3422,24.3818,69932
2021-08-13,FXETA,24.1829,24.1917,23.4381,23.4465,99996
2021-08-16,FXETA,23.5191,23.5323,23.3835,23.4714,40947
2021-08-17,FXETA,23.3804,23.5176,23.3608,23.4351,21633
2021-08-18,FXETA,23.3717,23.3732,23.1208,23.1975,97102
2021-08-19,FXETA,23.1725,23.2057,22.5116,22.5168,63745
2021-08-20,FXETA,22.4761,22.9433,22.4565,22.8565,74424
2021-08-23,FXETA,22.8226,23.0288,22.6766,22.6771,76544
2021-08-24,FXETA,22.5743,22.9375,22.5632,22.8513,31784
2021-08-25,FXETA,22.8330,22.8746,22.7676,22.8404,43222
2021-08-26,FXETA,22.6656,22.8145,22.5842,22.7418,64515
2021-08-27,FXETA,22.8863,22.8917,22.5501,22.7214,21438
2021-08-30,FXETA,22.6075,23.4618,22.5307,23.3194,41801
2021-08-31,FXETA,23.2792,23.3263,23.2583,23.2867,41764
2021-09-01,FXETA,23.3848,23.4792,22.8747,23.0599,54883
2021-09-02,FXETA,22.9812,23.0900,22.8720,23.0120,38307
2021-09-03,FXETA,22.9359,23.3746,22.8782,23.1500,42757
2021-09-06,FXETA,23.3219,23.3650,22.6267,22.7067,32813
2021-09-07,FXETA,22.5409,22.6150,22.1764,22.3286,62631
2021-09-08,FXETA,22.4234,22.6700,22.3600,22.6364,98380
2021-09-09,FXETA,22.8408,22.9409,22.2994,22.4565,53604
2021-09-10,FXETA,22.4303,22.4995,22.2544,22.3154,97841
2021-09-13,FXETA,22.3070,22.4590,22.2755,22.3611,61859
2021-09-14,FXETA,22.2883,22.4238,22.0116,22.0678,39467
2021-09-15,FXETA,22.0606,22.5399,22.0393,22.5352,41659
2021-09-16,FXETA,22.4231,22.6692,22.2167,22.6110,68350
2021-09-17,FXETA,22.4698,22.5698,22.2148,22.2603,98092
2021-09-20,FXETA,22.3736,22.5087,22.0585,22.1450,62889
2021-09-21,FXETA,22.0217,22.2579,21.9268,22.1664,84398
2021-09-22,FXETA,22.3201,22.5929,22.2126,22.5378,42325
2021-09-23,FXETA,22.4039,22.4678,21.8604,21.8883,91371
2021-09-24,FXETA,21.9835,22.2444,21.3612,21.4038,32600
2021-09-27,FXETA,21.4478,21.7391,21.4299,21.7292,65038
2021-09-28,FXETA,21.7639,21.8373,21.1121,21.2096,58346
2021-09-29,FXETA,21.3067,21.4288,21.2904,21.3788,85809
2021-09-30,FXETA,21.3786,21.5996,21.0558,21.1089,81674
2021-10-01,FXETA,21.1284,21.1700,21.0268,21.0387,21310
2021-10-04,FXETA,21.1605,21.2395,21.0123,21.0836,25961
2021-10-05,FXETA,21.0617,21.2698,20.8945,20.9359,53506
2021-10-06,FXETA,21.0648,21.0945,20.7458,20.7845,68113
2021-10-07,FXETA,20.8293,20.8515,20.7011,20.7391,94994
2021-10-08,FXETA,20.6385,20.7457,20.5604,20.5841,31830
2021-10-11,FXETA,20.6032,20.6773,20.2862,20.3443,25378
2021-10-12,FXETA,20.3848,20.3970,19.8287,19.8664,51989
2021-10-13,FXETA,19.8102,20.3646,19.7700,20.3499,47578
2021-10-14,FXETA,20.2898,21.0306,20.2864,20.8690,54724
2021-10-15,FXETA,20.9427,21.0219,20.6283,20.6509,80356
2021-10-18,FXETA,20.6214,21.0440,20.6145,20.8158,49586
2021-10-19,FXETA,20.8635,21.0698,20.7756,20.9126,74698
2021-10-20,FXETA,20.9404,21.1835,20.8732,21.1457,64855
2021-10-21,FXETA,21.2792,21.3388,20.8456,20.9081,94494
2021-10-22,FXETA,20.8585,21.0058,20.3689,20.5301,89873
2021-10-25,FXETA,20.5406,20.6060,20.3303,20.4018,94944
2021-10-26,FXETA,20.4267,20.4619,20.0893,20.2299,79125
2021-10-27,FXETA,20.1973,20.2894,20.1807,20.2742,74180
2021-10-28,FXETA,20.2410,20.2544,20.1733,20.2281,79902
2021-10-29,FXETA,20.3680,20.5807,20.3540,20.4254,85891
2021-11-01,FXETA,20.4315,20.4805,19.9433,20.0677,79834
2021-11-02,FXETA,20.0859,20.1170,19.9855,20.0404,96781
2021-11-03,FXETA,19.9889,20.7728,19.9507,20.7707,71993
2021-11-04,FXETA,20.8750,21.0041,20.8579,20.9614,98956
2021-11-05,FXETA,20.8335,21.0065,20.2702,20.3060,93646
2021-11-08,FXETA,20.3923,20.4674,20.0168,20.0858,71836
2021-11-09,FXETA,20.0990,20.3208,20.0467,20.2488,86954
2021-11-10,FXETA,20.2351,20.3558,20.1718,20.3371,29851
2021-11-11,FXETA,20.2911,20.3292,20.1223,20.1756,87705
2021-11-12,FXETA,20.2215,20.2451,19.8476,19.9166,73119
2021-11-15,FXETA,19.9327,20.0097,19.8534,19.8893,79738
2021-11-16,FXETA,19.9161,20.5352,19.9070,20.4348,46084
2021-11-17,FXETA,20.4158,20.5181,20.3273,20.4050,82846
2021-11-18,FXETA,20.4985,20.9331,20.4439,20.8848,66014
2021-11-19,FXETA,20.8969,20.9390,20.7986,20.7999,69704
2021-11-22,FXETA,20.7042,20.8540,20.6438,20.8457,30118
2021-11-23,FXETA,20.6467,20.7008,20.3062,20.3341,93006
2021-11-24,FXETA,20.2682,20.9004,20.1989,20.8012,85929
2021-11-25,FXETA,20.6829,20.8077,20.5349,20.7410,97703
2021-11-26,FXETA,20.7809,20.9781,20.5601,20.5678,70041
2021-11-29,FXETA,20.4607,20.5662,20.3310,20.3471,56793
2021-11-30,FXETA,20.3579,20.5664,20.3478,20.5620,36301
2021-12-01,FXETA,20.6440,20.7543,20.0907,20.1359,66684
2021-12-02,FXETA,20.1739,20.6074,20.1512,20.6057,79123
2021-12-03,FXETA,20.6784,20.9352,20.4956,20.8876,23849
2021-12-06,FXETA,20.9199,20.9784,20.5723,20.6547,65569
2021-12-07,FXETA,20.6975,20.9387,20.6390,20.8542,65405
2021-12-08,FXETA,20.9238,21.0177,20.7129,20.8909,46944
2021-12-09,FXETA,20.9101,20.9890,20.7911,20.8484,78670
2021-12-10,FXETA,20.8093,21.3744,20.7170,21.2583,67163
2021-12-13,FXETA,21.1952,21.2751,20.9357,20.9892,62889
2021-12-14,FXETA,20.9477,21.2416,20.9211,21.1931,38596
2021-12-15,FXETA,21.1489,21.4492,21.0006,21.3780,27373
2021-12-16,FXETA,21.4432,21.5022,21.0510,21.1035,45547
2021-12-17,FXETA,20.9977,21.3168,20.9864,21.2582,94580
2021-12-20,FXETA,21.2327,21.6968,21.1940,21.6424,60368
2021-12-21,FXETA,21.7208,21.7217,21.6944,21.7095,86376
2021-12-22,FXETA,21.6010,21.6866,21.5402,21.6548,26124
2021-12-23,FXETA,21.7299,21.8682,21.7178,21.8011,94901
2021-12-24,FXETA,21.8210,22.1388,21.7786,22.0967,80447
2021-12-27,FXETA,22.1706,22.4633,22.0497,22.3727,76048
2021-12-28,FXETA,22.3956,22.4347,22.2903,22.3626,27796
2021-12-29,FXETA,22.5152,23.3755,22.4080,23.3117,72435
2021-12-30,FXETA,23.3330,23.3731,22.8912,23.0916,60485
2021-12-31,FXETA,23.2813,23.7465,23.1904,23.7346,50217
2022-01-03,FXETA,23.8128,23.9247,23.4926,23.4935,51886
2022-01-04,FXETA,23.3691,23.3737,23.1681,23.2160,87407
2022-01-05,FXETA,23.1846,23.2473,22.1059,22.1312,30183
2022-01-06,FXETA,22.0241,22.2804,21.9697,22.2783,90252
2022-01-07,FXETA,22.1698,23.0527,22.1536,22.9541,39117
2022-01-10,FXETA,22.9498,23.1855,22.3949,22.4883,64685
2022-01-11,FXETA,22.3262,23.0723,22.1831,23.0105,39502
2022-01-12,FXETA,23.2165,23.3006,22.3692,22.3899,52451
2022-01-13,FXETA,22.3605,22.3788,22.1132,22.1677,33759
2022-01-14,FXETA,22.1327,22.3284,22.0792,22.2846,75629
2022-01-17,FXETA,22.4693,22.5543,22.4175,22.5143,77143
2022-01-18,FXETA,22.5780,22.6021,21.9180,21.9631,40301
2022-01-19,FXETA,21.9617,22.2651,21.8857,22.1900,74322
2022-01-20,FXETA,22.1809,22.2528,22.1596,22.2453,67567
2022-01-21,FXETA,22.2988,22.3163,21.6906,21.8620,88874
2022-01-24,FXETA,21.7179,21.9131,21.7156,21.8768,51086
2022-01-25,FXETA,21.9046,22.3374,21.7795,22.3050,68527
2022-01-26,FXETA,22.4471,22.5362,22.3592,22.5276,39052
2022-01-27,FXETA,22.5253,22.5802,21.6805,21.8791,35328
2022-01-28,FXETA,21.7845,22.0508,21.7569,22.0306,72893
2022-01-31,FXETA,22.0557,22.0839,21.6021,21.6261,83164
2022-02-01,FXETA,21.6916,21.7673,21.4847,21.4916,29330
2022-02-02,FXETA,21.5430,21.6023,21.2667,21.3694,64560
2022-02-03,FXETA,21.4180,21.4826,21.1255,21.2116,20242
2022-02-04,FXETA,21.3236,21.4411,20.5120,20.5475,28388
2022-02-07,FXETA,20.6587,20.6870,20.0467,20.0998,22565
2022-02-08,FXETA,20.1222,20.3147,20.1162,20.2344,74132
2022-02-09,FXETA,20.1411,20.1596,19.7391,19.8903,96148
2022-02-10,FXETA,19.8008,19.8439,19.7457,19.7669,83508
2022-02-11,FXETA,19.8349,19.8803,19.2189,19.2508,49262
2022-02-14,FXETA,19.2509,20.0014,19.1122,19.9629,46784
2022-02-15,FXETA,19.9329,20.2314,19.8796,20.1395,71582
2022-02-16,FXETA,20.1182,20.4421,20.0698,20.3585,99550
2022-02-17,FXETA,20.2718,20.2954,19.4560,19.6331,59271
2022-02-18,FXETA,19.7207,19.8295,19.6924,19.7399,56871
2022-02-21,FXETA,19.6046,19.6171,19.1978,19.2519,27180
2022-02-22,FXETA,19.1654,19.5026,19.0108,19.4625,21470
2022-02-23,FXETA,19.4600,19.4826,18.4351,18.5667,77618
2022-02-24,FXETA,18.6093,18.6153,17.9986,18.1096,33315
2022-02-25,FXETA,18.0782,18.1020,17.8410,18.0686,50989
2022-02-28,FXETA,18.2026,18.2656,18.1639,18.2566,79923
2022-03-01,FXETA,18.2207,18.2421,17.6980,17.8022,39364
2022-03-02,FXETA,17.7294,17.7564,17.3579,17.3868,50296
2022-03-03,FXETA,17.4153,17.4762,17.3181,17.4081,56662
2022-03-04,FXETA,17.5105,17.5287,17.1453,17.1743,96760
2022-03-07,FXETA,17.1832,17.2316,16.8102,16.8607,42414
2022-03-08,FXETA,16.9231,16.9642,16.8289,16.8773,20737
2022-03-09,FXETA,16.8904,16.9199,16.5497,16.6022,30337
2022-03-10,FXETA,16.4175,16.8887,16.3024,16.7582,83342
2022-03-11,FXETA,16.7128,16.7475,16.5827,16.6502,34220
2022-03-14,FXETA,16.6537,16.7754,16.5967,16.6597,37032
2022-03-15,FXETA,16.6743,16.8790,16.6344,16.7460,21426
2022-03-16,FXETA,16.6182,16.8171,16.5697,16.7791,86605
2022-03-17,FXETA,16.8029,16.8241,16.7986,16.8157,94759
2022-03-18,FXETA,16.7256,16.7258,16.4142,16.4260,28509
2022-03-21,FXETA,16.4112,16.5034,16.3783,16.4891,37488
2022-03-22,FXETA,16.4511,16.5176,16.3485,16.4828,29435
2022-03-23,FXETA,16.5530,16.6265,16.4981,16.5763,28517
2022-03-24,FXETA,16.4455,16.4529,16.1964,16.2346,89410
2022-03-25,FXETA,16.2632,16.3007,16.1548,16.1703,38782
2022-03-28,FXETA,16.2589,16.3243,16.0353,16.1875,97587
2022-03-29,FXETA,16.2725,16.6554,16.2014,16.6396,28769
2022-03-30,FXETA,16.7293,16.8485,16.5879,16.6509,37437
2022-03-31,FXETA,16.7212,16.8070,16.6090,16.7325,77389
2022-04-01,FXETA,16.6900,16.7452,16.6655,16.7344,83327
2022-04-04,FXETA,16.7603,16.8847,16.4232,16.5321,39311
2022-04-05,FXETA,16.5167,16.7050,16.4992,16.6886,73509
2022-04-06,FXETA,16.7043,17.2930,16.6400,17.1811,97811
2022-04-07,FXETA,17.1603,17.2904,17.1284,17.2322,70015
2022-04-08,FXETA,17.1890,17.2357,16.7608,16.8014,35673
2022-04-11,FXETA,16.8035,16.8304,16.6169,16.7462,58250
2022-04-12,FXETA,16.7665,16.7916,16.5751,16.6768,51924
2022-04-13,FXETA,16.6570,16.7687,16.5847,16.7517,95369
2022-04-14,FXETA,16.7075,16.7771,16.4291,16.5080,44729
2022-04-15,FXETA,16.5746,16.6289,16.1803,16.2611,23557
2022-04-18,FXETA,16.2299,16.4658,16.2143,16.4546,52315
2022-04-19,FXETA,16.4874,16.4969,16.1679,16.2210,94879
2022-04-20,FXETA,16.1959,16.3718,16.1647,16.2880,79601
2022-04-21,FXETA,16.3477,16.4130,16.3427,16.4101,57000
2022-04-22,FXETA,16.4682,16.4760,15.9737,16.0437,86854
2022-04-25,FXETA,16.0849,16.1569,15.8863,15.9873,71295
2022-04-26,FXETA,15.9574,15.9985,15.7461,15.7756,83269
2022-04-27,FXETA,15.7758,15.8388,15.6676,15.7130,93556
2022-04-28,FXETA,15.7220,16.0553,15.6599,16.0196,67799
2022-04-29,FXETA,16.0133,16.0231,15.8098,15.8839,85373
2022-05-02,FXETA,15.8501,15.9842,15.7428,15.9295,48013
2022-05-03,FXETA,15.8941,15.9682,15.5955,15.6378,30235
2022-05-04,FXETA,15.5521,16.0071,15.5388,15.9182,26968
2022-05-05,FXETA,15.9057,16.0641,15.8648,16.0020,38312
2022-05-06,FXETA,16.0123,16.1137,15.8318,15.9196,93216
2022-05-09,FXETA,15.8227,15.9286,15.7727,15.7973,41478
2022-05-10,FXETA,15.7944,15.9835,15.7885,15.9759,59589
2022-05-11,FXETA,15.9468,15.9673,15.8139,15.9216,60665
2022-05-12,FXETA,15.9634,15.9815,15.4900,15.6804,58990
2022-05-13,FXETA,15.5774,15.5834,15.3686,15.3780,67183
2022-05-16,FXETA,15.4771,15.5482,15.3137,15.3964,39324
2022-05-17,FXETA,15.5368,15.5459,15.0698,15.0819,62665
2022-05-18,FXETA,15.0271,15.1328,14.9080,14.9989,91895
2022-05-19,FXETA,14.9767,14.9881,14.6646,14.6816,94992
2022-05-20,FXETA,14.7363,14.8603,14.4134,14.4628,68618
2022-05-23,FXETA,14.4640,14.4866,14.3886,14.4411,77448
2022-05-24,FXETA,14.4844,14.4936,14.3879,14.4178,51308
2022-05-25,FXETA,14.4490,14.6050,14.3956,14.5962,21539
2022-05-26,FXETA,14.5573,14.6126,14.5476,14.5587,35106
2022-05-27,FXETA,14.6109,14.9133,14.5965,14.8998,57060
2022-05-30,FXETA,14.9527,15.0539,14.9069,15.0070,95415
2022-05-31,FXETA,15.0256,15.1799,15.0236,15.1405,37936
2022-06-01,FXETA,15.0662,15.2591,15.0285,15.2232,81562
2022-06-02,FXETA,15.2850,15.3465,15.2112,15.3117,80759
2022-06-03,FXETA,15.3257,15.4148,14.6182,14.7066,74095
2022-06-06,FXETA,14.5487,14.5488,14.4243,14.5019,23785
2022-06-07,FXETA,14.5033,14.5157,14.2544,14.2561,23226
2022-06-08,FXETA,14.2329,14.4708,14.1562,14.4226,48808
2022-06-09,FXETA,14.4823,14.8186,14.4747,14.7043,36048
2022-06-10,FXETA,14.6956,14.7245,14.1453,14.1652,27021
2022-06-13,FXETA,14.1776,14.1806,13.7383,13.7584,56265
2022-06-14,FXETA,13.7127,13.7759,13.6572,13.7471,27796
2022-06-15,FXETA,13.7586,13.8012,13.5912,13.6032,79956
2022-06-16,FXETA,13.6201,13.6439,13.6005,13.6012,85311
2022-06-17,FXETA,13.6624,13.7105,13.4800,13.4906,65026
2022-06-20,FXETA,13.5796,13.6984,13.5089,13.6850,50483
2022-06-21,FXETA,13.5902,13.6558,13.4824,13.5503,63415
2022-06-22,FXETA,13.4875,14.0007,13.4824,13.9332,49200
2022-06-23,FXETA,13.9052,13.9235,13.8626,13.8642,28866
2022-06-24,FXETA,13.8670,13.8764,13.6467,13.6754,72854
2022-06-27,FXETA,13.6689,13.7614,13.6272,13.7424,79887
2022-06-28,FXETA,13.6435,14.2686,13.6339,14.2675,62854
2022-06-29,FXETA,14.2573,14.4932,14.2207,14.4461,98036
2022-06-30,FXETA,14.4742,14.5074,14.2483,14.3060,48160
2022-07-01,FXETA,14.2897,14.5837,14.2893,14.5457,36883
2022-07-04,FXETA,14.6309,14.6649,14.5339,14.5401,55947
2022-07-05,FXETA,14.5057,14.6166,14.3918,14.4387,34110
2022-07-06,FXETA,14.4319,14.4936,14.0966,14.2151,77964
2022-07-07,FXETA,14.2388,14.2704,13.9496,13.9524,83943
2022-07-08,FXETA,13.8602,14.1412,13.7986,14.1120,58077
2022-07-11,FXETA,14.1063,14.4542,14.0822,14.3830,72558
2022-07-12,FXETA,14.3443,14.4022,14.2614,14.3246,98224
2022-07-13,FXETA,14.3427,14.4106,14.3355,14.3391,74316
2022-07-14,FXETA,14.3030,14.5411,14.2434,14.5155,70365
2022-07-15,FXETA,14.5357,14.6141,14.3545,14.4308,36431
2022-07-18,FXETA,14.3596,14.5880,14.3439,14.5160,96610
2022-07-19,FXETA,14.5703,14.6378,14.3180,14.3337,63137
2022-07-20,FXETA,14.3505,14.5806,14.2384,14.5340,64238
2022-07-21,FXETA,14.5939,14.6515,14.4193,14.6234,79765
2022-07-22,FXETA,14.6357,14.6607,14.5522,14.5825,32723
2022-07-25,FXETA,14.5290,14.7546,14.4856,14.7406,48044
2022-07-26,FXETA,14.7397,14.8855,14.6490,14.6579,38892
2022-07-27,FXETA,14.6636,14.7762,14.6033,14.6155,20429
2022-07-28,FXETA,14.5519,14.5975,14.4890,14.5358,95905
2022-07-29,FXETA,14.5488,14.6102,14.4423,14.4997,40575
2022-08-01,FXETA,14.4942,14.5063,14.2417,14.2922,86945
2022-08-02,FXETA,14.2771,14.3121,14.0472,14.1128,77120
2022-08-03,FXETA,14.1002,14.5567,14.0224,14.5213,59529
2022-08-04,FXETA,14.4808,14.4835,14.3599,14.3859,57131
2022-08-05,FXETA,14.4149,14.4399,14.0654,14.1034,92813
2022-08-08,FXETA,14.1137,14.1168,13.7830,13.8240,75512
2022-08-09,FXETA,13.8110,13.9842,13.7888,13.9428,29879
2022-08-10,FXETA,13.9546,14.0182,13.8264,13.9157,96070
2022-08-11,FXETA,13.8312,13.8776,13.6901,13.7347,45824
2022-08-12,FXETA,13.7296,13.9085,13.7022,13.8930,91687
2022-08-15,FXETA,13.9562,13.9789,13.7752,13.8049,97779
2022-08-16,FXETA,13.7757,13.9911,13.7240,13.8956,31345
2022-08-17,FXETA,13.8260,13.9221,13.7819,13.9096,93044
2022-08-18,FXETA,13.9398,13.9811,13.6183,13.6950,20872
2022-08-19,FXETA,13.6476,13.6597,13.4590,13.4936,43866
2022-08-22,FXETA,13.3830,13.4259,13.3243,13.3910,33169
2022-08-23,FXETA,13.3902,13.4801,13.1469,13.1686,37295
2022-08-24,FXETA,13.2670,13.3518,12.9346,12.9620,46566
2022-08-25,FXETA,12.9305,12.9982,12.6828,12.7516,96006
2022-08-26,FXETA,12.7309,12.8035,12.5815,12.6493,56217
2022-08-29,FXETA,12.6153,12.8170,12.5145,12.7581,97129
2022-08-30,FXETA,12.7479,12.7743,12.5243,12.6007,53390
2022-08-31,FXETA,12.5510,12.5576,12.5241,12.5462,66269
2022-09-01,FXETA,12.5083,12.6354,12.4225,12.5794,51374
2022-09-02,FXETA,12.5079,12.5330,12.4080,12.4567,46732
2022-09-05,FXETA,12.4181,12.5888,12.4071,12.5287,41037
2022-09-06,FXETA,12.5094,12.5269,12.3586,12.3912,43325
2022-09-07,FXETA,12.4177,12.5220,11.9092,11.9349,77558
2022-09-08,FXETA,11.9757,12.1148,11.9497,12.0059,28592
2022-09-09,FXETA,12.0367,12.0857,11.9585,12.0229,28751
2022-09-12,FXETA,12.0696,12.1571,12.0559,12.1154,22536
2022-09-13,FXETA,12.1238,12.2301,12.1056,12.2227,58658
2022-09-14,FXETA,12.2333,12.4446,12.2230,12.3668,32638
2022-09-15,FXETA,12.3059,12.4173,12.1041,12.1298,53248
2022-09-16,FXETA,12.1691,12.1695,11.8107,11.8499,76828
2022-09-19,FXETA,11.8537,12.2734,11.7870,12.2430,63222
2022-09-20,FXETA,12.3325,12.4412,12.3281,12.4208,99271
2022-09-21,FXETA,12.4553,12.4779,12.3667,12.4304,51548
2022-09-22,FXETA,12.3573,12.7122,12.3569,12.6682,31566
2022-09-23,FXETA,12.6421,12.6957,12.4971,12.5842,95091
2022-09-26,FXETA,12.5336,12.5438,12.3806,12.3855,77921
2022-09-27,FXETA,12.3498,12.3938,12.3281,12.3513,79622
2022-09-28,FXETA,12.3733,12.4813,12.3427,12.4569,71671
2022-09-29,FXETA,12.4979,12.6013,12.2352,12.3117,61122
2022-09-30,FXETA,12.3018,12.5479,12.2759,12.4748,22054
2022-10-03,FXETA,12.4491,12.4797,12.2966,12.3801,55942
2022-10-04,FXETA,12.3807,12.4708,12.3698,12.4373,92252
2022-10-05,FXETA,12.5005,12.6826,12.4768,12.6471,49683
2022-10-06,FXETA,12.6223,12.7538,12.6095,12.7533,65612
2022-10-07,FXETA,12.8017,12.8643,12.4892,12.5697,83091
2022-10-10,FXETA,12.5900,12.5998,12.1951,12.2048,77176
2022-10-11,FXETA,12.2272,12.2660,12.1798,12.2024,58272
2022-10-12,FXETA,12.2332,12.3278,12.2020,12.3060,43706
2022-10-13,FXETA,12.2905,12.3394,11.9654,12.0541,75131
2022-10-14,FXETA,12.1130,12.1408,11.9325,11.9990,82597
2022-10-17,FXETA,12.0356,12.1143,12.0277,12.0929,21279
2022-10-18,FXETA,12.1254,12.1322,11.8963,11.9087,57690
2022-10-19,FXETA,11.9732,12.0458,11.8991,11.9959,58363
2022-10-20,FXETA,11.9528,12.0131,11.9457,11.9961,91446
2022-10-21,FXETA,11.9836,12.0197,11.8679,11.9852,74130
2022-10-24,FXETA,12.0083,12.0345,11.9092,11.9525,23087
2022-10-25,FXETA,11.8134,12.1245,11.8039,12.0600,99462
2022-10-26,FXETA,11.9764,12.0048,11.9695,11.9724,47893
2022-10-27,FXETA,12.0602,12.0853,11.7376,11.7798,48085
2022-10-28,FXETA,11.9211,11.9607,11.8674,11.9173,43848
2022-10-31,FXETA,11.8843,11.9457,11.8492,11.9384,69235
2022-11-01,FXETA,11.9472,11.9626,11.8181,11.9407,34692
2022-11-02,FXETA,12.0099,12.0402,11.7091,11.7343,54592
2022-11-03,FXETA,11.6914,11.7332,11.6411,11.7113,43648
2022-11-04,FXETA,11.7147,11.8661,11.6802,11.7719,63494
2022-11-07,FXETA,11.7537,12.1018,11.7246,12.0694,96772
2022-11-08,FXETA,12.0843,12.0952,11.9599,11.9818,20951
2022-11-09,FXETA,11.9684,12.1199,11.9124,12.1041,48882
2022-11-10,FXETA,12.1270,12.2091,11.9626,11.9908,97252
2022-11-11,FXETA,11.9418,12.0201,11.6232,11.6297,89837
2022-11-14,FXETA,11.6033,11.6090,11.4297,11.4327,62769
2022-11-15,FXETA,11.4020,11.4455,11.2989,11.4394,72424
2022-11-16,FXETA,11.4073,11.5722,11.3430,11.5370,95282
2022-11-17,FXETA,11.5605,11.5767,11.3141,11.3149,26229
2022-11-18,FXETA,11.3243,11.3691,11.2859,11.3315,94826
2022-11-21,FXETA,11.3446,11.3915,11.2770,11.3144,80581
2022-11-22,FXETA,11.3434,11.3910,11.2477,11.3136,67538
2022-11-23,FXETA,11.3195,11.4379,11.2803,11.4180,47507
2022-11-24,FXETA,11.4711,11.4731,11.3834,11.3913,99001
2022-11-25,FXETA,11.4214,11.4465,11.3021,11.3759,36318
2022-11-28,FXETA,11.3668,11.5503,11.2800,11.5171,25701
2022-11-29,FXETA,11.5121,11.5535,11.2639,11.2646,93937
2022-11-30,FXETA,11.2506,11.2566,11.0698,11.0929,67429
2022-12-01,FXETA,11.0794,11.0922,10.5691,10.6117,40203
2022-12-02,FXETA,10.5589,10.6959,10.5586,10.6250,44288
2022-12-05,FXETA,10.5930,10.6536,10.5703,10.6411,80386
2022-12-06,FXETA,10.6193,10.6301,10.5394,10.6086,29996
2022-12-07,FXETA,10.6289,10.6912,10.4686,10.4772,31393
2022-12-08,FXETA,10.4236,10.4604,10.1668,10.1822,60523
2022-12-09,FXETA,10.1189,10.1730,10.0579,10.1047,28533
2022-12-12,FXETA,10.0495,10.2853,10.0399,10.2709,31921
2022-12-13,FXETA,10.2127,10.2895,10.1754,10.2254,92417
2022-12-14,FXETA,10.2756,10.2898,10.0796,10.1835,48033
2022-12-15,FXETA,10.1843,10.4706,10.1460,10.4623,61952
2022-12-16,FXETA,10.4443,10.5996,10.3808,10.5708,97928
2022-12-19,FXETA,10.5761,10.6475,10.3758,10.3917,80513
2022-12-20,FXETA,10.4394,10.5777,10.4020,10.4941,27252
2022-12-21,FXETA,10.5221,10.5495,10.4962,10.5296,21358
2022-12-22,FXETA,10.5513,10.5928,10.3898,10.4841,41306
2022-12-23,FXETA,10.4404,10.5229,10.4035,10.4820,56745
2022-12-26,FXETA,10.4994,10.5069,10.3750,10.3962,50734
2022-12-27,FXETA,10.4610,10.5292,10.3350,10.4186,95700
2022-12-28,FXETA,10.3987,10.4756,10.1703,10.2278,71221
2022-12-29,FXETA,10.1854,10.2779,10.1659,10.2097,45496
2022-12-30,FXETA,10.2261,10.4728,10.2022,10.4442,32309
2023-01-02,FXETA,10.4363,10.4478,10.2904,10.3123,80295
2023-01-03,FXETA,10.3211,10.3358,10.0655,10.0962,27250
2023-01-04,FXETA,10.1042,10.2425,10.0698,10.2398,65380
2023-01-05,FXETA,10.2829,10.2880,10.2028,10.2252,85854
2023-01-06,FXETA,10.2549,10.4112,10.2147,10.3264,59978
2023-01-09,FXETA,10.4139,10.4536,9.9389,9.9444,62718
2023-01-10,FXETA,9.9385,10.0189,9.9266,10.0125,33175
2023-01-11,FXETA,9.9804,9.9975,9.7515,9.7545,44709
2023-01-12,FXETA,9.7431,9.8458,9.7308,9.8307,66567
2023-01-13,FXETA,9.7520,9.7607,9.7430,9.7496,84788
2023-01-16,FXETA,9.7593,9.8439,9.7312,9.8360,76614
2023-01-17,FXETA,9.8912,9.9148,9.5168,9.5506,62962
2023-01-18,FXETA,9.5092,9.6499,9.4802,9.5776,70401
2023-01-19,FXETA,9.5892,9.8237,9.5750,9.8075,34622
2023-01-20,FXETA,9.7992,9.8193,9.7846,9.8175,87588
2023-01-23,FXETA,9.8574,9.9651,9.7768,9.9425,25724
2023-01-24,FXETA,9.9361,9.9886,9.5836,9.5894,92979
2023-01-25,FXETA,9.5294,9.5806,9.4191,9.4614,21405
2023-01-26,FXETA,9.5248,9.5823,9.3510,9.3852,80309
2023-01-27,FXETA,9.3952,9.4518,9.2086,9.2382,35447
2023-01-30,FXETA,9.2972,9.3017,9.2543,9.2714,71526
2023-01-31,FXETA,9.3636,9.4348,9.0440,9.0731,82687
2023-02-01,FXETA,9.0322,9.1311,8.9927,9.1296,74544
2023-02-02,FXETA,9.0947,9.0981,8.9861,9.0144,58739
2023-02-03,FXETA,9.0495,9.2767,9.0240,9.2698,94591
2023-02-06,FXETA,9.2202,9.3256,8.8496,8.8981,97545
2023-02-07,FXETA,8.9329,9.0381,8.8942,8.9907,72417
2023-02-08,FXETA,9.0181,9.0316,8.7469,8.7691,78777
2023-02-09,FXETA,8.7458,8.7530,8.7078,8.7349,47726
2023-02-10,FXETA,8.6825,8.7422,8.4516,8.4864,71891
2023-02-13,FXETA,8.4293,8.4485,8.3121,8.4139,48902
2023-02-14,FXETA,8.4074,8.4125,8.3411,8.3487,68159
2023-02-15,FXETA,8.3700,8.3791,8.3543,8.3636,42434
2023-02-16,FXETA,8.3125,8.3580,8.2379,8.3462,44507
2023-02-17,FXETA,8.2886,8.4262,8.2610,8.4126,40628
2023-02-20,FXETA,8.4306,8.7015,8.3913,8.6568,51730
2023-02-21,FXETA,8.7069,8.7913,8.7031,8.7872,75523
2023-02-22,FXETA,8.7683,8.8816,8.7524,8.8437,56468
2023-02-23,FXETA,8.8237,9.0450,8.7861,9.0024,58475
2023-02-24,FXETA,9.0811,9.1140,8.8826,8.8849,80735
2023-02-27,FXETA,8.8498,8.9988,8.8486,8.9367,67348
2023-02-28,FXETA,8.9330,9.2085,8.9292,9.1957,94275
2023-03-01,FXETA,9.1274,9.3301,9.1025,9.2691,55607
2023-03-02,FXETA,9.2611,9.6032,9.2342,9.5889,53833
2023-03-03,FXETA,9.6809,9.6912,9.4696,9.4743,69119
2023-03-06,FXETA,9.4698,9.4945,9.3465,9.3554,88290
2023-03-07,FXETA,9.3367,9.6329,9.2938,9.5627,95793
2023-03-08,FXETA,9.5288,9.8901,9.5146,9.8810,91591
2023-03-09,FXETA,9.9211,10.2341,9.9013,10.1840,25185
2023-03-10,FXETA,10.1916,10.2246,10.1796,10.1811,97581
2023-03-13,FXETA,10.1680,10.2063,10.0702,10.0967,56952
2023-03-14,FXETA,10.1025,10.1222,10.0055,10.0361,25431
2023-03-15,FXETA,10.0765,10.2061,10.0575,10.1929,58590
2023-03-16,FXETA,10.1404,10.1731,10.0713,10.1019,51428
2023-03-17,FXETA,10.1677,10.2553,10.1655,10.2461,92142
2023-03-20,FXETA,10.2059,10.2889,10.1235,10.2701,56636
2023-03-21,FXETA,10.3065,10.3427,10.2617,10.2685,71077
2023-03-22,FXETA,10.2811,10.3007,10.0034,10.0532,43357
2023-03-23,FXETA,10.0688,10.0967,9.7951,9.8523,49413
2023-03-24,FXETA,9.8543,9.8641,9.7808,9.8272,31051
2023-03-27,FXETA,9.8361,9.9782,9.8210,9.9380,48123
2023-03-28,FXETA,9.9098,9.9278,9.8648,9.9159,21635
2023-03-29,FXETA,9.9198,9.9566,9.8701,9.8898,38033
2023-03-30,FXETA,9.9475,10.3143,9.8796,10.2694,62196
2023-03-31,FXETA,10.3101,10.3616,10.1912,10.1913,95337
2023-04-03,FXETA,10.1601,10.1622,9.9973,10.0324,21791
2023-04-04,FXETA,10.0281,10.3980,9.9928,10.3251,20301
2023-04-05,FXETA,10.3709,10.4153,10.3580,10.4120,41251
2023-04-06,FXETA,10.4583,10.4995,10.2123,10.2387,64175
2023-04-07,FXETA,10.2056,10.4194,10.1980,10.3987,28825
2023-04-10,FXETA,10.3224,10.3555,10.2659,10.3513,81834
2023-04-11,FXETA,10.3803,10.5048,10.3703,10.4912,25988
2023-04-12,FXETA,10.4842,10.6733,10.4589,10.6327,95109
2023-04-13,FXETA,10.6300,10.7030,10.5971,10.6179,93077
2023-04-14,FXETA,10.5588,10.6991,10.5194,10.6959,77956
2023-04-17,FXETA,10.6965,10.7437,10.6803,10.7248,80758
2023-04-18,FXETA,10.7034,10.7152,10.5371,10.6101,97218
2023-04-19,FXETA,10.5894,10.7281,10.5774,10.6819,41082
2023-04-20,FXETA,10.7066,10.7158,10.5533,10.5894,43778
2023-04-21,FXETA,10.6223,10.6462,10.4705,10.4971,50358
2023-04-24,FXETA,10.5605,10.6082,10.4862,10.4883,31598
2023-04-25,FXETA,10.4698,10.5463,10.2540,10.2903,51423
2023-04-26,FXETA,10.2644,10.3187,10.2025,10.2424,72803
2023-04-27,FXETA,10.2398,10.3942,10.2162,10.3265,30353
2023-04-28,FXETA,10.1942,10.5416,10.1675,10.5261,23513
2023-05-01,FXETA,10.5346,10.5506,10.4230,10.4741,62661
2023-05-02,FXETA,10.4998,10.7025,10.4831,10.6871,88827
2023-05-03,FXETA,10.7235,10.7440,10.4638,10.5521,92484
2023-05-04,FXETA,10.5068,10.5310,10.3967,10.4122,63380
2023-05-05,FXETA,10.4153,10.4610,10.2012,10.2618,81613
2023-05-08,FXETA,10.2689,10.2959,10.0082,10.0208,63868
2023-05-09,FXETA,10.0600,10.0636,9.9187,9.9934,49441
2023-05-10,FXETA,10.0631,10.0922,9.9290,9.9876,58121
2023-05-11,FXETA,9.9395,10.1831,9.9098,10.1475,54242
2023-05-12,FXETA,10.0742,10.1594,9.9499,10.0076,74172
2023-05-15,FXETA,10.1091,10.1616,9.8964,9.9053,43504
2023-05-16,FXETA,9.8574,9.9192,9.8166,9.8940,32355
2023-05-17,FXETA,9.8852,9.9089,9.7460,9.7750,45369
2023-05-18,FXETA,9.7402,9.9048,9.6493,9.8830,66409
2023-05-19,FXETA,9.9146,10.0372,9.8700,10.0076,21240
2023-05-22,FXETA,10.0294,10.0780,9.8790,9.9203,35908
2023-05-23,FXETA,9.9742,9.9885,9.7336,9.7852,50919
2023-05-24,FXETA,9.7600,10.0352,9.7308,10.0117,27222
2023-05-25,FXETA,9.9585,9.9827,9.8529,9.8571,99390
2023-05-26,FXETA,9.8542,9.9299,9.7300,9.7580,86390
2023-05-29,FXETA,9.7361,9.7923,9.4368,9.4591,96637
2023-05-30,FXETA,9.4608,9.5018,9.3503,9.3623,69394
2023-05-31,FXETA,9.3039,9.3518,9.2321,9.2963,52332
2023-06-01,FXETA,9.2956,9.4785,9.2718,9.4319,64410
2023-06-02,FXETA,9.3857,9.7600,9.3444,9.7324,71940
2023-06-05,FXETA,9.6780,9.7135,9.6405,9.6663,41342
2023-06-06,FXETA,9.6450,9.6528,9.6134,9.6301,34141
2023-06-07,FXETA,9.7140,9.7966,9.5886,9.5959,98262
2023-06-08,FXETA,9.5776,9.7435,9.5502,9.7266,75548
2023-06-09,FXETA,9.7024,9.7209,9.6796,9.6905,61064
2023-06-12,FXETA,9.7685,9.8070,9.4729,9.5147,76871
2023-06-13,FXETA,9.5191,9.5265,9.4564,9.4961,59081
2023-06-14,FXETA,9.4937,9.6640,9.4522,9.6469,24799
2023-06-15,FXETA,9.6655,9.6806,9.5264,9.5629,29339
2023-06-16,FXETA,9.5355,9.5843,9.3888,9.4724,71575
2023-06-19,FXETA,9.4687,9.5328,9.4594,9.5017,84132
2023-06-20,FXETA,9.4896,9.6430,9.4703,9.6271,24523
2023-06-21,FXETA,9.6870,9.7175,9.6428,9.6603,61956
2023-06-22,FXETA,9.6588,9.6976,9.4475,9.4545,41573
2023-06-23,FXETA,9.4143,9.4648,9.3518,9.3750,99349
2023-06-26,FXETA,9.4151,9.4501,9.2433,9.2932,59204
2023-06-27,FXETA,9.3144,9.3259,9.1173,9.1427,65527
2023-06-28,FXETA,9.1360,9.2210,9.0854,9.1477,32336
2023-06-29,FXETA,9.1779,9.3958,9.1634,9.3644,59605
2023-06-30,FXETA,9.4141,9.4305,9.3807,9.3992,44456
2023-07-03,FXETA,9.3989,9.4735,9.3714,9.4142,25954
2023-07-04,FXETA,9.4062,9.4496,9.3706,9.4079,20141
2023-07-05,FXETA,9.3763,9.4250,9.0333,9.0768,41845
2023-07-06,FXETA,9.1497,9.1788,8.8479,8.9069,45225
2023-07-07,FXETA,8.8999,8.9559,8.8051,8.8454,39559
2023-07-10,FXETA,8.8300,8.9324,8.8170,8.9084,37368
2023-07-11,FXETA,8.9402,8.9496,8.9028,8.9035,90285
2023-07-12,FXETA,8.8782,9.1124,8.8717,9.0863,40575
2023-07-13,FXETA,9.0447,9.1188,9.0248,9.0873,46681
2023-07-14,FXETA,9.0609,9.0909,9.0097,9.0183,49310
2023-07-17,FXETA,8.9924,9.0707,8.8325,8.8385,59880
2023-07-18,FXETA,8.8522,8.8568,8.7151,8.7172,26129
2023-07-19,FXETA,8.6204,9.0318,8.5878,9.0100,65039
2023-07-20,FXETA,9.0011,9.1240,8.9414,9.1226,21413
2023-07-21,FXETA,9.0960,9.1914,9.0426,9.1682,97664
2023-07-24,FXETA,9.1900,9.2077,9.0962,9.1201,61909
2023-07-25,FXETA,9.1312,9.1812,8.9980,9.0217,69387
2023-07-26,FXETA,8.9339,9.0036,8.8631,8.8659,70950
2023-07-27,FXETA,8.8291,8.8318,8.7489,8.7881,60428
2023-07-28,FXETA,8.7688,8.7913,8.5531,8.6174,32849
2023-07-31,FXETA,8.6258,8.8588,8.5863,8.8279,95121
2023-08-01,FXETA,8.8672,8.8909,8.7938,8.8058,57116
2023-08-02,FXETA,8.7864,8.8167,8.6595,8.6923,45187
2023-08-03,FXETA,8.7023,8.8138,8.6825,8.7959,66785
2023-08-04,FXETA,8.8361,8.9295,8.8216,8.9249,40331
2023-08-07,FXETA,8.8988,8.9032,8.6854,8.7989,77903
2023-08-08,FXETA,8.7683,8.8091,8.5022,8.5323,49969
2023-08-09,FXETA,8.5560,8.6736,8.5478,8.6552,60368
2023-08-10,FXETA,8.6561,8.8879,8.6511,8.8796,72411
2023-08-11,FXETA,8.8428,9.0815,8.7947,9.0368,42613
2023-08-14,FXETA,9.0394,9.0774,8.8175,8.8320,41416
2023-08-15,FXETA,8.8492,8.9542,8.7900,8.8883,20445
2023-08-16,FXETA,8.8999,8.9055,8.7470,8.8091,64854
2023-08-17,FXETA,8.7487,8.8013,8.6576,8.6778,29493
2023-08-18,FXETA,8.6485,8.8021,8.5976,8.7847,89954
2023-08-21,FXETA,8.8048,8.8388,8.5560,8.5960,87293
2023-08-22,FXETA,8.5789,8.6053,8.5581,8.5761,79363
2023-08-23,FXETA,8.5858,8.5911,8.5101,8.5588,51473
2023-08-24,FXETA,8.5221,8.6524,8.4816,8.6313,73354
2023-08-25,FXETA,8.6447,9.0125,8.6174,9.0105,35717
2023-08-28,FXETA,8.9624,9.0619,8.9611,9.0347,27465
2023-08-29,FXETA,9.0390,9.4399,9.0368,9.4147,99460
2023-08-30,FXETA,9.4000,9.5217,9.3659,9.4711,63368
2023-08-31,FXETA,9.4756,9.6477,9.4707,9.6405,23993
2023-09-01,FXETA,9.6930,9.6993,9.5265,9.5285,57727
2023-09-04,FXETA,9.4845,9.6307,9.4812,9.5892,92326
2023-09-05,FXETA,9.6002,9.8567,9.5806,9.8044,96807
2023-09-06,FXETA,9.8443,10.0335,9.8322,10.0039,95124
2023-09-07,FXETA,10.0681,10.2254,10.0398,10.1319,27790
2023-09-08,FXETA,10.1227,10.1808,10.0957,10.1758,36054
2023-09-11,FXETA,10.1800,10.3837,10.1646,10.3537,43407
2023-09-12,FXETA,10.3150,10.4181,10.2767,10.3743,34033
2023-09-13,FXETA,10.3206,10.4084,10.2140,10.2322,32191
2023-09-14,FXETA,10.1983,10.2053,9.9063,9.9192,25964
2023-09-15,FXETA,9.8872,9.8893,9.8398,9.8644,47745
2023-09-18,FXETA,9.7806,9.8490,9.5829,9.6003,32401
2023-09-19,FXETA,9.5955,9.6125,9.5462,9.5696,69744
2023-09-20,FXETA,9.6031,9.6484,9.5754,9.6331,28479
2023-09-21,FXETA,9.6512,9.7010,9.5630,9.5970,92283
2023-09-22,FXETA,9.5664,9.8108,9.4928,9.8004,61337
2023-09-25,FXETA,9.8367,9.8482,9.6837,9.7808,20372
2023-09-26,FXETA,9.6795,9.7891,9.6153,9.7829,83932
2023-09-27,FXETA,9.7852,9.9206,9.7664,9.8531,65319
2023-09-28,FXETA,9.8688,10.0822,9.8514,10.0281,60632
2023-09-29,FXETA,9.9753,10.1066,9.9713,10.0512,72146
2023-10-02,FXETA,10.0701,10.1065,9.7943,9.8139,95525
2023-10-03,FXETA,9.7936,9.8873,9.7353,9.8532,86993
2023-10-04,FXETA,9.8136,9.9244,9.8114,9.9110,52776
2023-10-05,FXETA,9.8995,9.9384,9.8931,9.9286,29888
2023-10-06,FXETA,9.9171,10.0592,9.8425,9.9847,74650
2023-10-09,FXETA,9.9246,9.9650,9.9087,9.9300,38928
2023-10-10,FXETA,9.9686,9.9875,9.8726,9.8968,79383
2023-10-11,FXETA,9.8831,9.8910,9.7330,9.7748,66436
2023-10-12,FXETA,9.7614,9.9751,9.7515,9.9535,55202
2023-10-13,FXETA,9.9224,9.9445,9.7193,9.7318,69125
2023-10-16,FXETA,9.7223,9.7467,9.7101,9.7326,54757
2023-10-17,FXETA,9.7015,9.8082,9.6931,9.7821,51877
2023-10-18,FXETA,9.7904,9.9075,9.7626,9.8771,36955
2023-10-19,FXETA,9.8532,9.9000,9.8459,9.8615,35303
2023-10-20,FXETA,9.8560,10.0481,9.8325,9.9834,50905
2023-10-23,FXETA,9.9541,10.0134,9.8382,9.8741,25940
2023-10-24,FXETA,9.8297,10.0006,9.8271,9.9855,37347
2023-10-25,FXETA,9.9567,9.9796,9.7355,9.7644,87525
2023-10-26,FXETA,9.7852,9.8283,9.6277,9.6678,78881
2023-10-27,FXETA,9.6825,9.6931,9.5848,9.6650,33140
2023-10-30,FXETA,9.6920,9.7040,9.5025,9.5132,73556
2023-10-31,FXETA,9.4835,9.5372,9.4440,9.5357,35788
2023-11-01,FXETA,9.5691,9.6143,9.5625,9.5653,82587
2023-11-02,FXETA,9.5321,9.6296,9.4743,9.5637,88124
2023-11-03,FXETA,9.4932,9.5620,9.4220,9.4635,60847
2023-11-06,FXETA,9.4133,9.5655,9.4023,9.5478,41395
2023-11-07,FXETA,9.6158,9.6601,9.2634,9.2814,33854
2023-11-08,FXETA,9.2481,9.3568,9.2007,9.3406,28542
2023-11-09,FXETA,9.3407,9.3661,9.0946,9.1257,34693
2023-11-10,FXETA,9.1144,9.1294,8.9150,9.0129,27493
2023-11-13,FXETA,9.0009,9.1163,8.8870,8.9101,64826
2023-11-14,FXETA,8.9162,8.9192,8.7729,8.8337,52194
2023-11-15,FXETA,8.8260,8.9533,8.8104,8.9514,84343
2023-11-16,FXETA,8.9238,8.9602,8.8539,8.8726,76695
2023-11-17,FXETA,8.8231,9.1729,8.8181,9.1215,92643
2023-11-20,FXETA,9.1158,9.3078,9.0684,9.2362,38204
2023-11-21,FXETA,9.2279,9.5402,9.1975,9.4882,73985
2023-11-22,FXETA,9.4963,9.5660,9.4786,9.5625,67122
2023-11-23,FXETA,9.5637,9.7039,9.5203,9.6926,73180
2023-11-24,FXETA,9.7366,9.8465,9.7276,9.8016,50417
2023-11-27,FXETA,9.6941,9.8071,9.6650,9.7830,89074
2023-11-28,FXETA,9.8000,9.8992,9.7512,9.8547,44795
2023-11-29,FXETA,9.8584,9.9277,9.8309,9.8547,42636
2023-11-30,FXETA,9.8967,9.9190,9.7886,9.7949,73036
2023-12-01,FXETA,9.8204,9.8995,9.7715,9.8562,23391
2023-12-04,FXETA,9.8189,9.8469,9.7406,9.7727,75633
2023-12-05,FXETA,9.7248,9.8305,9.7155,9.7671,24673
2023-12-06,FXETA,9.8340,9.8714,9.7353,9.7570,74687
2023-12-07,FXETA,9.7329,9.8632,9.6955,9.8463,39977
2023-12-08,FXETA,9.8064,10.0429,9.7864,9.9935,61055
2023-12-11,FXETA,9.9829,10.0474,9.7297,9.7337,80907
2023-12-12,FXETA,9.7542,9.7599,9.5126,9.5632,67339
2023-12-13,FXETA,9.5546,9.6690,9.5074,9.6221,65013
2023-12-14,FXETA,9.6298,10.0057,9.6074,9.9690,27496
2023-12-15,FXETA,9.9552,10.0084,9.7338,9.7630,53576
2023-12-18,FXETA,9.7779,9.7942,9.6802,9.7099,58596
2023-12-19,FXETA,9.6722,9.8386,9.6592,9.8120,99585
2023-12-20,FXETA,9.8073,9.9275,9.7257,9.9104,89092
2023-12-21,FXETA,9.9578,9.9807,9.6107,9.6493,37081
2023-12-22,FXETA,9.6415,9.7182,9.6003,9.6983,93347
2023-12-25,FXETA,9.7006,9.7045,9.5009,9.5333,83695
2023-12-26,FXETA,9.4781,9.5696,9.4637,9.5651,29091
2023-12-27,FXETA,9.5149,9.5640,9.4642,9.5505,74591
2023-12-28,FXETA,9.5852,9.7351,9.5431,9.6820,71808
2023-12-29,FXETA,9.6748,9.7860,9.2329,9.2834,54806
2024-01-01,FXETA,9.2451,9.2524,9.1933,9.2146,27149
2024-01-02,FXETA,9.2002,9.4587,9.1686,9.4194,74762
2024-01-03,FXETA,9.4812,9.5360,9.1809,9.1967,27712
2024-01-04,FXETA,9.2507,9.2635,8.8939,8.9386,85962
2024-01-05,FXETA,8.9380,9.0929,8.9023,9.0481,87231
2024-01-08,FXETA,9.0127,9.1573,8.9792,9.1530,78428
2024-01-09,FXETA,9.1881,9.2005,9.1873,9.1917,48160
2024-01-10,FXETA,9.2174,9.4793,9.2071,9.4397,25824
2024-01-11,FXETA,9.4893,9.5271,9.3765,9.4093,68124
2024-01-12,FXETA,9.4321,9.4591,9.2907,9.3752,57416
2024-01-15,FXETA,9.3461,9.4995,9.3185,9.4797,56360
2024-01-16,FXETA,9.5156,9.6529,9.4697,9.6202,47166
2024-01-17,FXETA,9.6215,9.6428,9.5305,9.5413,82903
2024-01-18,FXETA,9.5888,9.6542,9.5115,9.5180,25205
2024-01-19,FXETA,9.5338,9.5573,9.4010,9.4131,72011
2024-01-22,FXETA,9.4395,9.4903,9.2924,9.3261,88803
2024-01-23,FXETA,9.3227,9.3231,9.1999,9.2334,69508
2024-01-24,FXETA,9.2054,9.2633,9.0975,9.1013,31625
2024-01-25,FXETA,9.1269,9.1492,8.7404,8.7529,51631
2024-01-26,FXETA,8.7313,8.7692,8.5635,8.5655,89689
2024-01-29,FXETA,8.5525,8.6553,8.5438,8.5815,71001
2024-01-30,FXETA,8.6082,8.6126,8.5841,8.5978,33235
2024-01-31,FXETA,8.6039,8.6358,8.5740,8.5879,60101
2024-02-01,FXETA,8.5305,8.5590,8.5229,8.5243,66455
2024-02-02,FXETA,8.5242,8.6178,8.4603,8.5478,58740
2024-02-05,FXETA,8.5099,8.5798,8.4834,8.5328,80962
2024-02-06,FXETA,8.4821,8.6246,8.4773,8.5947,80506
2024-02-07,FXETA,8.5001,8.5419,8.3129,8.3623,66780
2024-02-08,FXETA,8.4190,8.4332,8.4156,8.4227,34053
2024-02-09,FXETA,8.4461,8.6703,8.4415,8.6288,77388
2024-02-12,FXETA,8.6189,8.6314,8.5984,8.6287,26137
2024-02-13,FXETA,8.6431,8.8818,8.6179,8.8456,93917
2024-02-14,FXETA,8.9021,9.0411,8.8690,8.9823,30146
2024-02-15,FXETA,8.9449,8.9726,8.8738,8.9017,27027
2024-02-16,FXETA,8.8644,8.9395,8.8072,8.8351,59772
2024-02-19,FXETA,8.7755,9.0601,8.7754,9.0461,84258
2024-02-20,FXETA,9.0842,9.1214,9.0251,9.0976,60549
2024-02-21,FXETA,9.0798,9.1510,9.0415,9.0477,95091
2024-02-22,FXETA,9.0749,9.1017,8.9386,8.9442,48516
2024-02-23,FXETA,8.9319,9.0873,8.8987,9.0144,42388
2024-02-26,FXETA,8.9878,9.1582,8.9542,9.1494,20984
2024-02-27,FXETA,9.1715,9.1952,9.0040,9.0249,30578
2024-02-28,FXETA,8.9896,9.0174,8.9347,8.9447,37967
2024-02-29,FXETA,8.9585,8.9741,8.7646,8.8208,72030
2024-03-01,FXETA,8.8528,9.1014,8.8104,9.0875,56536
2024-03-04,FXETA,9.1288,9.1629,9.1212,9.1416,93446
2024-03-05,FXETA,9.1540,9.2483,9.1267,9.1635,53780
2024-03-06,FXETA,9.1737,9.2057,9.0966,9.1453,79483
2024-03-07,FXETA,9.2005,9.2033,9.1325,9.1634,79557
2024-03-08,FXETA,9.1873,9.2111,9.1516,9.1930,71116
2024-03-11,FXETA,9.1995,9.2663,9.0398,9.0618,82706
2024-03-12,FXETA,9.0096,9.0458,8.9661,9.0180,57183
2024-03-13,FXETA,9.0061,9.0086,8.9102,8.9504,94073
2024-03-14,FXETA,8.9866,9.0422,8.7432,8.7712,59387
2024-03-15,FXETA,8.7431,8.7759,8.6644,8.7041,26170
2024-03-18,FXETA,8.6716,8.9057,8.6583,8.8806,79880
2024-03-19,FXETA,8.8755,8.9073,8.8131,8.9047,54077
2024-03-20,FXETA,8.9219,8.9667,8.9038,8.9123,51738
2024-03-21,FXETA,8.8396,9.0623,8.8061,9.0069,21904
2024-03-22,FXETA,9.0220,9.0358,8.8914,8.9028,88504
2024-03-25,FXETA,8.9085,9.2069,8.8827,9.1856,98941
2024-03-26,FXETA,9.2261,9.3751,9.2079,9.3694,79961
2024-03-27,FXETA,9.3449,9.4659,9.2878,9.4487,72915
2024-03-28,FXETA,9.3776,9.6238,9.3601,9.5670,31403
2024-03-29,FXETA,9.5761,9.8604,9.5353,9.8555,53569
2024-04-01,FXETA,9.8222,9.8514,9.6363,9.6953,94920
2024-04-02,FXETA,9.6849,9.8017,9.6567,9.8004,30356
2024-04-03,FXETA,9.7941,9.9170,9.7652,9.9070,77781
2024-04-04,FXETA,9.8859,9.9660,9.7077,9.8009,58510
2024-04-05,FXETA,9.8114,9.8288,9.7969,9.8143,65097
2024-04-08,FXETA,9.8386,10.1153,9.7971,10.1069,50845
2024-04-09,FXETA,10.1069,10.3732,10.1068,10.3696,45976
2024-04-10,FXETA,10.3153,10.6174,10.2777,10.6149,79647
2024-04-11,FXETA,10.6414,10.6853,10.3974,10.4032,71750
2024-04-12,FXETA,10.4032,10.5308,10.3294,10.4925,80755
2024-04-15,FXETA,10.4988,10.7872,10.4887,10.7143,67160
2024-04-16,FXETA,10.7550,10.8320,10.5463,10.5823,36661
2024-04-17,FXETA,10.6108,10.7054,10.5466,10.6689,27479
2024-04-18,FXETA,10.6325,10.8392,10.6172,10.8020,60396
2024-04-19,FXETA,10.8294,10.8663,10.7704,10.7725,77592
2024-04-22,FXETA,10.8179,11.0766,10.7971,11.0402,51411
2024-04-23,FXETA,11.0143,11.0798,10.9208,11.0630,29994
2024-04-24,FXETA,11.1398,11.2413,11.0872,11.2071,98925
2024-04-25,FXETA,11.2054,11.3086,10.8876,10.8936,36448
2024-04-26,FXETA,10.8659,10.9290,10.6857,10.7023,69357
2024-04-29,FXETA,10.7221,10.8043,10.4438,10.4695,59073
2024-04-30,FXETA,10.4018,10.6390,10.3752,10.5789,81855
2024-05-01,FXETA,10.6008,10.7531,10.5219,10.7135,27570
2024-05-02,FXETA,10.7773,11.1783,10.7746,11.1605,88096
2024-05-03,FXETA,11.1468,11.1625,11.1321,11.1569,76174
2024-05-06,FXETA,11.1637,11.2943,11.1611,11.2866,24889
2024-05-07,FXETA,11.2631,11.2659,11.2421,11.2535,70264
2024-05-08,FXETA,11.2198,11.4778,11.1355,11.4230,34214
2024-05-09,FXETA,11.4187,11.6669,11.4125,11.6350,67613
2024-05-10,FXETA,11.7145,11.7961,11.5985,11.6185,69932
2024-05-13,FXETA,11.6204,11.6272,11.4882,11.5018,49256
2024-05-14,FXETA,11.4444,11.7386,11.3279,11.6827,95982
2024-05-15,FXETA,11.6890,11.8219,11.6718,11.8192,81116
2024-05-16,FXETA,11.7528,11.8074,11.7245,11.7781,61865
2024-05-17,FXETA,11.7899,11.8733,11.5388,11.5689,96228
2024-05-20,FXETA,11.5762,11.7685,11.5444,11.6964,21650
2024-05-21,FXETA,11.6943,11.8218,11.6579,11.7526,37920
2024-05-22,FXETA,11.7143,11.7387,11.4814,11.5093,98684
2024-05-23,FXETA,11.5153,11.6100,11.2962,11.3717,84211
2024-05-24,FXETA,11.3815,11.5631,11.3151,11.4356,20255
2024-05-27,FXETA,11.4002,11.4267,11.3364,11.3861,58759
2024-05-28,FXETA,11.4945,11.5724,11.4496,11.5660,40044
2024-05-29,FXETA,11.6429,11.8112,11.6195,11.7509,85195
2024-05-30,FXETA,11.7248,11.9585,11.6708,11.9102,36404
2024-05-31,FXETA,11.8889,11.9222,11.7256,11.8035,33492
2024-06-03,FXETA,11.7899,11.9842,11.7514,11.9550,69279
2024-06-04,FXETA,11.9688,12.0362,11.8641,11.8867,76475
2024-06-05,FXETA,11.8873,12.1278,11.8366,12.0798,75227
2024-06-06,FXETA,11.9700,12.1194,11.9489,12.1150,98467
2024-06-07,FXETA,12.0797,12.2157,12.0154,12.1977,51990
2024-06-10,FXETA,12.1831,12.3253,12.1450,12.3032,57721
2024-06-11,FXETA,12.2703,12.3929,12.2274,12.3137,86113
2024-06-12,FXETA,12.2825,12.3257,11.8211,11.8435,56818
2024-06-13,FXETA,11.8567,11.8583,11.6045,11.6818,95907
2024-06-14,FXETA,11.6482,11.9225,11.6345,11.9207,98674
2024-06-17,FXETA,11.8599,12.0857,11.8519,12.0244,21024
2024-06-18,FXETA,12.0025,12.0292,11.9003,12.0206,59337
2024-06-19,FXETA,12.0159,12.1082,11.9786,12.0847,93916
2024-06-20,FXETA,12.0563,12.1158,11.9361,11.9943,23849
2024-06-21,FXETA,11.9606,12.1116,11.9035,12.0907,89358
2024-06-24,FXETA,12.0518,12.2424,12.0201,12.1794,23796
2024-06-25,FXETA,12.2075,12.3169,12.1887,12.2857,41909
2024-06-26,FXETA,12.2060,12.2246,12.1708,12.1952,53192
2024-06-27,FXETA,12.1911,12.2753,12.1445,12.1648,83716
2024-06-28,FXETA,12.0708,12.4052,12.0699,12.3470,88578
2024-07-01,FXETA,12.3669,12.4434,11.9826,12.0159,33433
2024-07-02,FXETA,12.1313,12.3848,12.1049,12.3181,60516
2024-07-03,FXETA,12.3101,12.3314,12.0249,12.0492,20639
2024-07-04,FXETA,12.0042,12.0166,11.9564,11.9631,27973
2024-07-05,FXETA,11.9470,12.0909,11.9126,12.0605,84883
2024-07-08,FXETA,12.0698,12.1851,12.0109,12.1654,26387
2024-07-09,FXETA,12.1946,12.2505,12.1720,12.2148,70992
2024-07-10,FXETA,12.2093,12.2100,11.9836,11.9956,85811
2024-07-11,FXETA,11.9988,12.0191,11.8915,11.9293,29478
2024-07-12,FXETA,12.0627,12.0945,11.9062,11.9088,80815
2024-07-15,FXETA,11.8229,11.8436,11.7123,11.7172,58389
2024-07-16,FXETA,11.5688,12.0472,11.4879,12.0432,84680
2024-07-17,FXETA,12.1139,12.1220,11.6659,11.7163,91455
2024-07-18,FXETA,11.6821,11.7075,11.4582,11.4769,79182
2024-07-19,FXETA,11.4403,11.5594,11.3215,11.3600,39938
2024-07-22,FXETA,11.3828,11.6747,11.3505,11.6697,37848
2024-07-23,FXETA,11.6492,11.7109,11.5920,11.7082,60179
2024-07-24,FXETA,11.7394,11.8004,11.7273,11.7997,98616
2024-07-25,FXETA,11.8370,11.8438,11.6911,11.7492,90082
2024-07-26,FXETA,11.7688,11.8170,11.7442,11.7759,44781
2024-07-29,FXETA,11.7881,11.7949,11.3867,11.4154,35000
2024-07-30,FXETA,11.3683,11.3762,11.1741,11.2196,35934
2024-07-31,FXETA,11.2246,11.5322,11.2107,11.4846,23661
2024-08-01,FXETA,11.5064,11.5491,11.4836,11.4903,95946
2024-08-02,FXETA,11.5326,11.7362,11.4443,11.6994,54638
2024-08-05,FXETA,11.7747,11.9953,11.7386,11.9517,38119
2024-08-06,FXETA,11.9566,12.2091,11.9159,12.1555,20895
2024-08-07,FXETA,12.1387,12.1716,11.7724,11.7881,61483
2024-08-08,FXETA,11.8738,12.1829,11.8596,12.1761,83260
2024-08-09,FXETA,12.2529,12.2731,12.1454,12.1580,26420
2024-08-12,FXETA,12.1240,12.2882,12.0670,12.2730,76271
2024-08-13,FXETA,12.1741,12.2135,12.1391,12.1664,65731
2024-08-14,FXETA,12.1660,12.1965,11.7721,11.8180,92465
2024-08-15,FXETA,11.7552,12.2631,11.6650,12.2286,52699
2024-08-16,FXETA,12.2731,12.2952,12.2085,12.2855,36595
2024-08-19,FXETA,12.2808,12.3080,12.0169,12.0243,65311
2024-08-20,FXETA,11.9772,12.0451,11.4988,11.5004,35466
2024-08-21,FXETA,11.4278,11.5257,11.4024,11.5063,56341
2024-08-22,FXETA,11.5754,11.6228,11.0816,11.1280,50714
2024-08-23,FXETA,11.1827,11.3016,11.1658,11.2268,77864
2024-08-26,FXETA,11.2942,11.3473,11.2694,11.3154,87852
2024-08-27,FXETA,11.3123,11.3968,11.3049,11.3811,68348
2024-08-28,FXETA,11.4027,11.4342,11.1420,11.1858,32339
2024-08-29,FXETA,11.2218,11.2804,11.0583,11.0990,93810
2024-08-30,FXETA,11.1519,11.4728,11.0937,11.4525,87661
2024-09-02,FXETA,11.5020,11.5300,11.2982,11.3124,58642
2024-09-03,FXETA,11.2392,11.2908,11.2268,11.2364,64708
2024-09-04,FXETA,11.2010,11.2025,11.1572,11.1829,78314
2024-09-05,FXETA,11.1328,11.1916,10.9590,11.0145,78155
2024-09-06,FXETA,10.9809,11.0586,10.7933,10.8251,85802
2024-09-09,FXETA,10.8302,10.8598,10.7460,10.7519,32014
2024-09-10,FXETA,10.7036,10.7830,10.6982,10.7717,72226
2024-09-11,FXETA,10.7746,10.7985,10.6700,10.7177,31899
2024-09-12,FXETA,10.7479,10.9201,10.7056,10.8588,67909
2024-09-13,FXETA,10.9281,11.1973,10.8888,11.1476,82857
2024-09-16,FXETA,11.0561,11.2508,11.0442,11.2183,42235
2024-09-17,FXETA,11.1865,11.1978,11.0905,11.1524,64165
2024-09-18,FXETA,11.0540,11.0621,10.9966,11.0173,60729
2024-09-19,FXETA,10.9963,11.3972,10.8978,11.3707,21991
2024-09-20,FXETA,11.3896,11.4100,11.3725,11.4059,78045
2024-09-23,FXETA,11.3030,11.3769,11.1618,11.2406,31586
2024-09-24,FXETA,11.2240,11.2404,11.1200,11.1495,88821
2024-09-25,FXETA,11.1304,11.2636,11.1112,11.1956,25648
2024-09-26,FXETA,11.1636,11.2211,11.1497,11.1942,81360
2024-09-27,FXETA,11.1959,11.3366,11.1746,11.2920,25829
2024-09-30,FXETA,11.1743,11.3910,11.1030,11.3709,24806
2024-10-01,FXETA,11.3462,11.3912,11.3205,11.3461,44012
2024-10-02,FXETA,11.3541,11.6351,11.2735,11.6155,57733
2024-10-03,FXETA,11.7523,11.9579,11.7439,11.9287,92265
2024-10-04,FXETA,12.0212,12.0377,11.8402,11.8463,47951
2024-10-07,FXETA,11.8507,11.9092,11.6234,11.6664,23043
2024-10-08,FXETA,11.6274,11.6291,11.1608,11.1692,53152
2024-10-09,FXETA,11.1822,11.2267,10.9959,11.1034,74880
2024-10-10,FXETA,11.0888,11.6182,11.0623,11.5102,95750
2024-10-11,FXETA,11.5013,11.5631,11.3601,11.3951,49022
2024-10-14,FXETA,11.4708,11.5251,11.3540,11.3587,83382
2024-10-15,FXETA,11.3452,11.4616,11.3074,11.4064,73749
2024-10-16,FXETA,11.3990,11.7239,11.3316,11.7212,52322
2024-10-17,FXETA,11.7199,11.7640,11.6469,11.6505,82217
2024-10-18,FXETA,11.6755,11.7748,11.6312,11.7190,73209
2024-10-21,FXETA,11.7181,11.7701,11.6213,11.6302,92818
2024-10-22,FXETA,11.5850,11.7910,11.5109,11.7453,60341
2024-10-23,FXETA,11.7595,11.8768,11.7469,11.8678,54128
2024-10-24,FXETA,11.8885,12.2172,11.7948,12.1661,96217
2024-10-25,FXETA,12.1571,12.5043,12.1528,12.4952,54397
2024-10-28,FXETA,12.5671,12.6281,12.1209,12.1820,21319
2024-10-29,FXETA,12.1194,12.1863,12.0991,12.1392,28519
2024-10-30,FXETA,12.1490,12.2096,12.0812,12.1177,89534
2024-10-31,FXETA,12.0241,12.1656,11.9696,12.1295,56546
2024-11-01,FXETA,12.0710,12.4041,12.0023,12.3408,22304
2024-11-04,FXETA,12.3075,12.3485,12.2729,12.3252,88344
2024-11-05,FXETA,12.3255,12.3506,12.2763,12.3091,97369
2024-11-06,FXETA,12.2376,12.2769,12.2309,12.2571,92024
2024-11-07,FXETA,12.2779,12.3659,12.2476,12.3563,67775
2024-11-08,FXETA,12.3737,12.5573,12.3490,12.5422,51201
2024-11-11,FXETA,12.4572,12.4850,12.4424,12.4528,91315
2024-11-12,FXETA,12.4242,12.7527,12.4224,12.6922,51636
2024-11-13,FXETA,12.7781,12.8726,12.7183,12.7436,63236
2024-11-14,FXETA,12.8595,12.9274,12.6549,12.7026,46052
2024-11-15,FXETA,12.7071,13.1018,12.6377,13.0336,39110
2024-11-18,FXETA,13.0096,13.1818,12.9451,13.1593,82869
2024-11-19,FXETA,13.2119,13.2253,12.9417,12.9521,34224
2024-11-20,FXETA,12.9072,13.0356,12.9066,12.9115,87151
2024-11-21,FXETA,12.9016,13.1227,12.7996,13.1187,77267
2024-11-22,FXETA,13.1568,13.6223,13.1522,13.6156,85070
2024-11-25,FXETA,13.6247,13.6315,13.3143,13.3342,35004
2024-11-26,FXETA,13.3598,13.4247,13.2780,13.4117,84605
2024-11-27,FXETA,13.4736,13.8172,13.4101,13.7191,49094
2024-11-28,FXETA,13.6596,13.7924,13.6586,13.7472,54196
2024-11-29,FXETA,13.7769,13.9454,13.7492,13.9343,48293
2024-12-02,FXETA,13.9846,14.0516,13.9196,14.0090,77243
2024-12-03,FXETA,13.9316,13.9525,13.8729,13.9424,88729
2024-12-04,FXETA,13.9967,14.0684,13.7885,13.8200,45182
2024-12-05,FXETA,13.8819,13.9028,13.8394,13.8966,55182
2024-12-06,FXETA,13.9179,13.9971,13.9072,13.9077,60331
2024-12-09,FXETA,13.8632,13.9873,13.8064,13.9818,51810
2024-12-10,FXETA,14.0662,14.0910,13.9072,13.9670,29272
2024-12-11,FXETA,13.8907,14.3474,13.8681,14.2976,88127
2024-12-12,FXETA,14.2932,14.7821,14.2881,14.7772,80672
2024-12-13,FXETA,14.7501,14.7724,14.5948,14.6406,76287
2024-12-16,FXETA,14.6422,14.7938,14.6069,14.6974,74774
2024-12-17,FXETA,14.8392,14.9418,14.6332,14.7588,93042
2024-12-18,FXETA,14.8397,14.8643,14.8045,14.8348,77220
2024-12-19,FXETA,14.8576,15.1587,14.8315,15.1141,94656
2024-12-20,FXETA,15.0589,15.3852,15.0189,15.3690,55418
2024-12-23,FXETA,15.3003,15.3880,15.2098,15.3866,92712
2024-12-24,FXETA,15.4309,15.6819,15.4153,15.6527,20963
2024-12-25,FXETA,15.6287,15.6638,15.5681,15.6609,64131
2024-12-26,FXETA,15.7448,15.8197,15.7123,15.7259,85304
2024-12-27,FXETA,15.6964,15.7438,15.5960,15.6013,78299
2024-12-30,FXETA,15.5797,15.9520,15.5783,15.9252,67317
2024-12-31,FXETA,15.9342,16.3644,15.8959,16.3552,53338
2025-01-01,FXETA,16.4847,16.8176,16.4454,16.7024,81069
2025-01-02,FXETA,16.6569,16.8862,16.6492,16.7970,57032
2025-01-03,FXETA,16.7633,17.4993,16.7608,17.4576,86352
2025-01-06,FXETA,17.4876,17.4899,17.3400,17.3920,67451
2025-01-07,FXETA,17.4666,17.5020,16.9516,17.0713,95279
2025-01-08,FXETA,17.1552,17.2282,16.4854,16.5447,46570
2025-01-09,FXETA,16.4196,16.7630,16.3740,16.7179,50285
2025-01-10,FXETA,16.7247,16.8358,16.4272,16.5159,31726
2025-01-13,FXETA,16.4847,16.9639,16.4804,16.9489,68189
2025-01-14,FXETA,16.9348,17.2933,16.8126,17.2069,74674
2025-01-15,FXETA,17.1799,17.4412,17.1535,17.3790,51163
2025-01-16,FXETA,17.4435,17.5260,17.4388,17.4702,75338
2025-01-17,FXETA,17.5042,17.6571,17.4075,17.4183,97903
2025-01-20,FXETA,17.4389,17.5528,17.4147,17.4418,80570
2025-01-21,FXETA,17.5158,17.5828,17.2134,17.2453,74486
2025-01-22,FXETA,17.1886,17.2582,17.0029,17.0855,77164
2025-01-23,FXETA,17.0772,17.5287,17.0731,17.4486,21196
2025-01-24,FXETA,17.3547,17.5188,17.2286,17.5023,80057
2025-01-27,FXETA,17.5560,17.6059,17.1186,17.3564,68103
2025-01-28,FXETA,17.3474,17.6484,17.2746,17.6293,71940
2025-01-29,FXETA,17.7478,17.7792,17.4833,17.5618,70498
2025-01-30,FXETA,17.5320,17.6894,17.5232,17.5314,69973
2025-01-31,FXETA,17.5732,17.6395,17.4925,17.5102,25897
2025-02-03,FXETA,17.5392,17.8404,17.5294,17.7228,75325
2025-02-04,FXETA,17.6504,17.6954,17.6454,17.6926,71288
2025-02-05,FXETA,17.7235,17.8519,17.6676,17.7059,88278
2025-02-06,FXETA,17.6014,17.6845,17.1532,17.1851,75939
2025-02-07,FXETA,17.1432,17.1837,16.7389,16.8507,68664
2025-02-10,FXETA,16.8773,17.1109,16.8104,17.0945,68200
2025-02-11,FXETA,17.0040,17.0415,16.8406,16.9632,39929
2025-02-12,FXETA,16.9748,17.3842,16.7943,17.1835,59091
2025-02-13,FXETA,17.2515,17.3272,17.1182,17.1342,91817
2025-02-14,FXETA,17.0055,17.2686,16.9195,17.2657,66871
2025-02-17,FXETA,17.1706,17.4069,17.0998,17.3934,86467
2025-02-18,FXETA,17.4134,17.5867,17.3400,17.5379,44802
2025-02-19,FXETA,17.4787,17.4798,17.4692,17.4698,78119
2025-02-20,FXETA,17.4310,17.8579,17.3938,17.7842,71094
2025-02-21,FXETA,17.7468,17.8201,17.1269,17.1505,74585
2025-02-24,FXETA,17.1337,17.1723,16.7921,16.8893,60067
2025-02-25,FXETA,16.8841,16.9612,16.8148,16.9541,52876
2025-02-26,FXETA,16.9656,16.9685,16.6773,16.7529,42540
2025-02-27,FXETA,16.7900,16.8325,16.6978,16.7612,41134
2025-02-28,FXETA,16.7871,16.7940,16.5586,16.5620,28996
2025-03-03,FXETA,16.6828,16.9479,16.6620,16.8889,34191
2025-03-04,FXETA,17.0091,17.0337,16.7607,16.7974,23713
2025-03-05,FXETA,16.8479,17.2800,16.7841,17.2211,85033
2025-03-06,FXETA,17.3560,17.3573,17.2027,17.2768,26709
2025-03-07,FXETA,17.2450,17.6021,17.1882,17.5760,74123
2025-03-10,FXETA,17.5290,17.5439,17.4282,17.4627,32985
2025-03-11,FXETA,17.4339,17.7757,17.4260,17.7619,68498
2025-03-12,FXETA,17.7147,17.8039,17.5739,17.5920,31473
2025-03-13,FXETA,17.6226,17.7265,17.3272,17.3882,48965
2025-03-14,FXETA,17.3907,17.6761,17.3903,17.6706,28801
2025-03-17,FXETA,17.6824,17.7488,17.5561,17.6391,63832
2025-03-18,FXETA,17.6208,17.6987,17.2869,17.4730,39417
2025-03-19,FXETA,17.4425,17.7765,17.4203,17.7669,61131
2025-03-20,FXETA,17.7424,17.9341,17.6174,17.9156,70259
2025-03-21,FXETA,17.8747,18.1854,17.7621,18.1783,30064
2025-03-24,FXETA,18.2543,18.5714,18.2457,18.5674,83707
2025-03-25,FXETA,18.5776,18.5823,18.4522,18.4881,32213
2025-03-26,FXETA,18.5962,18.6403,18.1055,18.1291,57272
2025-03-27,FXETA,18.1037,18.5332,18.0520,18.4358,80174
2025-03-28,FXETA,18.3757,18.5541,18.3001,18.5522,74248
2025-03-31,FXETA,18.6445,18.6453,18.5396,18.5710,77549
2025-04-01,FXETA,18.5452,18.7038,18.5274,18.6980,21254
2025-04-02,FXETA,18.8471,18.8542,18.5854,18.5986,81495
2025-04-03,FXETA,18.6213,18.7215,18.4351,18.4548,59763
2025-04-04,FXETA,18.3976,18.7687,18.3775,18.5902,41531
2025-04-07,FXETA,18.3990,18.4607,18.1155,18.1727,23512
2025-04-08,FXETA,18.1214,18.9888,18.0453,18.8780,52470
2025-04-09,FXETA,18.7980,18.9720,18.3205,18.3865,55358
2025-04-10,FXETA,18.4276,18.4986,18.2351,18.2380,87578
2025-04-11,FXETA,18.3327,18.7061,18.2918,18.6738,22401
2025-04-14,FXETA,18.6989,19.3600,18.5981,19.2604,25663
2025-04-15,FXETA,19.2293,19.2397,18.9219,19.0183,66518
2025-04-16,FXETA,19.0174,19.5079,18.9614,19.3625,89496
2025-04-17,FXETA,19.3850,19.6041,19.2751,19.5284,86689
2025-04-18,FXETA,19.5622,19.5638,19.4029,19.5027,43002
2025-04-21,FXETA,19.5260,19.8320,19.5192,19.7550,81681
2025-04-22,FXETA,19.6627,19.8023,19.6273,19.7602,56351
2025-04-23,FXETA,19.7354,19.8524,19.4819,19.5161,67687
2025-04-24,FXETA,19.3876,19.6339,19.3760,19.6255,21748
2025-04-25,FXETA,19.5387,20.0036,19.5294,19.9014,94655
2025-04-28,FXETA,19.8018,19.8706,19.3768,19.4127,21379
2025-04-29,FXETA,19.3305,19.8028,19.2930,19.7762,81134
2025-04-30,FXETA,19.6829,19.8166,19.6109,19.6352,65560
2025-05-01,FXETA,19.7362,20.0920,19.5870,20.0044,72340
2025-05-02,FXETA,20.0943,20.1763,20.0376,20.1020,50666
2025-05-05,FXETA,20.0781,20.3083,20.0171,20.2289,90341
2025-05-06,FXETA,20.2213,20.2917,19.8835,19.9445,59488
2025-05-07,FXETA,19.8851,20.1519,19.8760,20.0935,62289
2025-05-08,FXETA,20.0648,20.4387,20.0373,20.3905,28921
2025-05-09,FXETA,20.4603,20.6063,19.9569,20.0099,84698
2025-05-12,FXETA,19.9190,20.6842,19.7999,20.6432,99919
2025-05-13,FXETA,20.6602,20.7026,20.1252,20.1986,89993
2025-05-14,FXETA,20.2072,20.2591,19.9751,20.0302,56804
2025-05-15,FXETA,19.9056,20.6473,19.8707,20.4946,65793
2025-05-16,FXETA,20.4308,20.9680,20.4120,20.8842,81781
2025-05-19,FXETA,20.9377,20.9390,20.5627,20.6269,92389
2025-05-20,FXETA,20.5730,20.8236,20.4313,20.4947,87873
2025-05-21,FXETA,20.4368,20.5391,20.2691,20.3514,89263
2025-05-22,FXETA,20.2966,20.4095,20.2565,20.2741,85219
2025-05-23,FXETA,20.2264,20.6181,20.2142,20.5329,22452
2025-05-26,FXETA,20.5783,20.6115,20.3150,20.3705,27626
2025-05-27,FXETA,20.3565,20.4993,20.3053,20.4118,29184
2025-05-28,FXETA,20.3804,20.4414,19.4072,19.4760,70935
2025-05-29,FXETA,19.4052,19.4461,19.1665,19.1932,20140
2025-05-30,FXETA,19.2429,19.4231,19.0004,19.0489,24323
2025-06-02,FXETA,19.0367,19.1974,19.0086,19.1911,96482
2025-06-03,FXETA,19.2253,19.2680,18.3914,18.4154,35494
2025-06-04,FXETA,18.4780,18.4887,17.8501,17.9370,21109
2025-06-05,FXETA,17.8526,17.9455,17.6021,17.6227,90146
2025-06-06,FXETA,17.6564,17.8254,17.5726,17.6999,86248
2025-06-09,FXETA,17.6646,17.7318,17.1955,17.3194,90686
2025-06-10,FXETA,17.3645,17.5939,17.3218,17.5044,37888
2025-06-11,FXETA,17.5111,17.5850,17.3433,17.3497,44503
2025-06-12,FXETA,17.1591,17.1780,17.0325,17.0330,95152
2025-06-13,FXETA,16.9218,17.0832,16.9120,16.9851,65534
2025-06-16,FXETA,17.0036,17.1325,16.4796,16.5243,31238
2025-06-17,FXETA,16.5943,16.6216,16.4074,16.4886,75447
2025-06-18,FXETA,16.5577,16.8691,16.4508,16.7567,46988
2025-06-19,FXETA,16.7261,17.3782,16.6455,17.2682,87543
2025-06-20,FXETA,17.2786,17.7324,17.1984,17.6518,57305
2025-06-23,FXETA,17.6068,17.7837,17.5519,17.6766,23726
2025-06-24,FXETA,17.7185,17.7836,17.4531,17.5034,54504
2025-06-25,FXETA,17.5568,18.1044,17.5144,18.0359,71194
2025-06-26,FXETA,18.0228,18.4243,17.9237,18.3918,20303
2025-06-27,FXETA,18.4091,19.0654,18.3323,19.0520,26523
2025-06-30,FXETA,19.0029,19.0376,18.5316,18.6702,22262
2025-07-01,FXETA,18.6193,18.8712,18.5474,18.8101,51768
2025-07-02,FXETA,18.7586,18.8433,18.2176,18.2865,73650
2025-07-03,FXETA,18.3351,18.3457,18.0552,18.1061,44842
2025-07-04,FXETA,18.1571,18.3989,18.1056,18.3135,76421
2025-07-07,FXETA,18.2131,18.2690,18.1058,18.1451,64737
2025-07-08,FXETA,18.1920,18.3936,18.1573,18.3756,94910
2025-07-09,FXETA,18.4671,18.5497,17.9196,18.0042,88109
2025-07-10,FXETA,18.0255,18.2932,17.9973,18.2244,22392
2025-07-11,FXETA,18.2690,18.3710,18.1144,18.3353,76940
2025-07-14,FXETA,18.2835,18.2851,18.0144,18.0745,44769
2025-07-15,FXETA,17.9134,18.0894,17.7895,17.8467,30221
2025-07-16,FXETA,17.8257,17.8631,17.5990,17.6464,91219
2025-07-17,FXETA,17.6532,17.6540,17.5089,17.5519,43028
2025-07-18,FXETA,17.5887,17.7509,17.5094,17.6260,87026
2025-07-21,FXETA,17.7030,18.0171,17.6060,17.9013,25462
2025-07-22,FXETA,17.9303,17.9743,17.5949,17.6062,93331
2025-07-23,FXETA,17.6312,17.6956,17.4375,17.4906,37324
2025-07-24,FXETA,17.3887,17.5052,17.2877,17.4990,65577
2025-07-25,FXETA,17.6162,17.6483,17.0779,17.2416,97533
2025-07-28,FXETA,17.2662,17.6094,17.2236,17.5991,48832
2025-07-29,FXETA,17.4936,17.5679,17.2905,17.3112,66996
2025-07-30,FXETA,17.2854,17.6181,17.2270,17.5128,44023
2025-07-31,FXETA,17.5566,17.6330,17.3331,17.4208,36970
2025-08-01,FXETA,17.4025,18.0282,17.3416,17.9175,33219
2025-08-04,FXETA,17.9747,18.0283,17.5706,17.6784,29246
2025-08-05,FXETA,17.7477,18.1532,17.6450,18.0835,48607
2025-08-06,FXETA,18.1686,18.2097,17.8211,17.8468,67283
2025-08-07,FXETA,17.7775,17.8290,17.5644,17.6191,56758
2025-08-08,FXETA,17.6060,17.8046,17.5546,17.6614,33303
2025-08-11,FXETA,17.7694,17.7695,17.6796,17.7197,98714
2025-08-12,FXETA,17.7008,18.1437,17.6641,18.1277,22894
2025-08-13,FXETA,18.1190,18.1699,17.7221,17.7967,29790
2025-08-14,FXETA,17.8256,17.8945,17.4298,17.4965,78660
2025-08-15,FXETA,17.5491,17.5616,17.1508,17.2114,32943
2025-08-18,FXETA,17.1605,17.3334,17.0504,17.1326,20107
2025-08-19,FXETA,17.1979,17.6127,17.1955,17.5584,83366
2025-08-20,FXETA,17.5752,17.6166,17.4744,17.5122,65490
2025-08-21,FXETA,17.4408,17.8518,17.3884,17.7880,39538
2025-08-22,FXETA,17.7636,17.8333,17.3176,17.3807,57055
2025-08-25,FXETA,17.4368,17.8058,17.4167,17.6695,31940
2025-08-26,FXETA,17.5984,17.9045,17.5925,17.7983,39490
2025-08-27,FXETA,17.7802,18.3538,17.7012,18.3074,33607
2025-08-28,FXETA,18.3680,18.3902,18.1464,18.1997,75668
2025-08-29,FXETA,18.1970,18.2489,18.1399,18.1480,74486
2025-09-01,FXETA,18.2382,18.2955,18.1078,18.1188,93651
2025-09-02,FXETA,18.1011,18.8766,18.0424,18.7971,98657
2025-09-03,FXETA,18.8491,19.0780,18.7757,19.0133,54990
2025-09-04,FXETA,19.1485,19.2540,18.5258,18.5313,80867
2025-09-05,FXETA,18.5812,19.1048,18.4774,18.9529,80935
2025-09-08,FXETA,19.0223,19.0607,18.5033,18.5694,35819
2025-09-09,FXETA,18.4829,18.4939,18.4039,18.4235,85988
2025-09-10,FXETA,18.4512,18.5493,18.2553,18.2718,60663
2025-09-11,FXETA,18.2992,18.5552,18.1523,18.4664,56757
2025-09-12,FXETA,18.5088,18.7269,18.3792,18.6226,87631
2025-09-15,FXETA,18.6169,18.6528,18.5058,18.5645,40229
2025-09-16,FXETA,18.7067,19.2375,18.6860,19.1456,41177
2025-09-17,FXETA,19.2375,19.4927,19.1899,19.4408,27190
2025-09-18,FXETA,19.4840,19.4978,19.4137,19.4319,32621
2025-09-19,FXETA,19.4880,19.5712,19.2073,19.2167,49419
2025-09-22,FXETA,19.2701,19.3075,19.1119,19.1249,69814
2025-09-23,FXETA,19.1800,19.2877,19.0452,19.0619,43401
2025-09-24,FXETA,19.0525,19.1724,18.8913,18.9095,89129
2025-09-25,FXETA,18.9855,19.2851,18.9297,19.2242,97370
2025-09-26,FXETA,19.2318,19.5068,19.0469,19.4406,30539
2025-09-29,FXETA,19.4331,19.4386,18.9897,19.1195,89628
2025-09-30,FXETA,19.1286,19.4349,19.0567,19.1946,53234
2025-10-01,FXETA,19.1645,19.1901,19.0921,19.1443,24642
2025-10-02,FXETA,19.1133,19.6651,19.0571,19.5550,40005
2025-10-03,FXETA,19.5229,19.9100,19.4246,19.8097,25166
2025-10-06,FXETA,19.7871,20.1511,19.7269,20.1007,93535
2025-10-07,FXETA,20.0706,20.1336,19.8434,19.8489,55105
2025-10-08,FXETA,19.8873,20.1179,19.7794,20.0370,79767
2025-10-09,FXETA,20.0322,20.5644,19.9605,20.4330,98220
2025-10-10,FXETA,20.4681,20.5523,20.2541,20.2904,95933
2025-10-13,FXETA,20.0932,20.5645,19.9976,20.5516,71043
2025-10-14,FXETA,20.4806,20.5959,20.2497,20.4547,75691
2025-10-15,FXETA,20.4428,20.4725,20.3279,20.4618,21742
2025-10-16,FXETA,20.4555,20.5703,20.1454,20.2676,70099
2025-10-17,FXETA,20.2944,20.5120,20.2706,20.3899,75518
2025-10-20,FXETA,20.4771,20.5974,20.4443,20.5425,21696
2025-10-21,FXETA,20.5202,20.7991,20.5026,20.7621,54643
2025-10-22,FXETA,20.6722,20.7505,20.5349,20.5756,76663
2025-10-23,FXETA,20.5376,20.8198,20.4769,20.7829,20597
2025-10-24,FXETA,20.8052,20.8783,20.4521,20.4778,25680
2025-10-27,FXETA,20.3457,20.4031,19.8786,19.9532,60578
2025-10-28,FXETA,19.9164,20.0055,19.6526,19.6539,30987
2025-10-29,FXETA,19.6541,19.8907,19.5675,19.8612,77348
2025-10-30,FXETA,20.0137,20.1735,19.7655,19.8577,62347
2025-10-31,FXETA,19.8778,19.9151,19.3906,19.4342,64905
2025-11-03,FXETA,19.6364,19.7205,19.4440,19.5848,91691
2025-11-04,FXETA,19.6690,19.7356,19.3458,19.4647,37851
2025-11-05,FXETA,19.4455,19.4881,19.2692,19.3754,85734
2025-11-06,FXETA,19.3432,19.4849,18.9796,19.1526,65086
2025-11-07,FXETA,19.2176,19.2498,18.5558,18.6503,35836
2025-11-10,FXETA,18.6841,18.7167,18.4841,18.5523,71285
2025-11-11,FXETA,18.4753,18.9434,18.4502,18.7472,81204
2025-11-12,FXETA,18.7939,18.8613,18.3744,18.4221,22602
2025-11-13,FXETA,18.5435,18.5662,18.3396,18.4036,63846
2025-11-14,FXETA,18.3182,19.0724,18.2881,19.0609,67061
2025-11-17,FXETA,19.1162,19.4246,18.9950,19.3650,78593
2025-11-18,FXETA,19.3173,19.4122,19.2264,19.2416,35067
2025-11-19,FXETA,19.1938,19.3069,19.1359,19.1378,87105
2025-11-20,FXETA,19.1592,19.7668,19.1261,19.6676,96611
2025-11-21,FXETA,19.5945,20.0936,19.5417,20.0584,65657
2025-11-24,FXETA,20.2160,20.5240,20.2096,20.3871,70032
2025-11-25,FXETA,20.3241,20.3864,20.2218,20.2234,52690
2025-11-26,FXETA,20.3133,20.3322,19.8601,19.8883,87310
2025-11-27,FXETA,19.9140,20.0064,19.8609,19.9973,79020
2025-11-28,FXETA,20.0265,20.0982,19.6918,19.7212,59585
2025-12-01,FXETA,19.7552,19.8471,18.8860,18.9026,38151
2025-12-02,FXETA,18.8110,18.9002,18.5225,18.5450,20629
2025-12-03,FXETA,18.5924,18.6315,18.4238,18.4654,32132
2025-12-04,FXETA,18.5547,18.6491,18.2790,18.3168,38785
2025-12-05,FXETA,18.0941,18.4701,17.9790,18.4321,27735
2025-12-08,FXETA,18.3995,18.4817,18.3210,18.4481,93525
2025-12-09,FXETA,18.4038,18.4841,18.1653,18.2607,72309
2025-12-10,FXETA,18.2713,18.4418,18.2586,18.3496,59969
2025-12-11,FXETA,18.4487,18.7008,18.4026,18.6652,66860
2025-12-12,FXETA,18.6796,18.7506,18.6488,18.7044,76302
2025-12-15,FXETA,18.7045,18.7233,17.8901,18.0322,51902
2025-12-16,FXETA,18.1017,18.1241,17.6632,17.7130,63848
2025-12-17,FXETA,17.7283,17.8133,17.3966,17.4158,52480
2025-12-18,FXETA,17.4131,17.8106,17.3360,17.7316,42722
2025-12-19,FXETA,17.7073,17.7840,17.3912,17.4234,24657
2025-12-22,FXETA,17.4823,17.5108,17.0702,17.1335,28670
2025-12-23,FXETA,17.1951,17.2146,16.9620,16.9922,49657
2025-12-24,FXETA,16.9758,17.1231,16.7698,16.8737,95930
2025-12-25,FXETA,16.9099,17.0571,16.8077,17.0002,95610
2025-12-26,FXETA,16.9837,17.0191,16.4583,16.5843,65156
2025-12-29,FXETA,16.5443,16.8825,16.4731,16.8032,93813
2025-12-30,FXETA,16.8339,16.9333,16.7540,16.8069,87222
2025-12-31,FXETA,16.8015,17.4547,16.6165,17.3853,21037
2021-01-04,FXTHE,45.8705,46.1103,45.3167,45.4014,51865
2021-01-05,FXTHE,45.5698,45.7767,43.9099,44.0435,34425
2021-01-06,FXTHE,43.9983,44.9870,43.9795,44.7813,52764
2021-01-07,FXTHE,44.8687,45.0743,43.2015,43.4473,57856
2021-01-08,FXTHE,43.4556,45.2462,43.4228,45.1592,89132
2021-01-11,FXTHE,45.6035,46.0689,45.2347,45.7825,21079
2021-01-12,FXTHE,45.6204,45.8048,45.3489,45.3529,35894
2021-01-13,FXTHE,45.4271,45.5522,44.3123,44.4514,26635
2021-01-14,FXTHE,44.3104,45.1693,43.9104,45.0183,44383
2021-01-15,FXTHE,44.9772,45.1571,44.6752,44.7050,69150
2021-01-18,FXTHE,44.6495,44.8614,44.1062,44.2593,72385
2021-01-19,FXTHE,44.2467,44.4343,43.8616,43.9267,64906
2021-01-20,FXTHE,43.8301,44.0092,42.6583,42.9120,55029
2021-01-21,FXTHE,42.9748,43.1744,42.4721,42.5112,68466
2021-01-22,FXTHE,42.3636,43.0803,42.3065,43.0278,88151
2021-01-25,FXTHE,43.1206,43.3228,42.3414,42.5911,55885
2021-01-26,FXTHE,42.7804,42.8258,41.4993,41.7969,31612
2021-01-27,FXTHE,42.1227,42.3827,41.4728,41.5107,87469
2021-01-28,FXTHE,41.2500,42.3695,41.1162,42.2681,25411
2021-01-29,FXTHE,41.9458,42.1547,41.8638,42.0017,56347
2021-02-01,FXTHE,42.0610,42.1121,41.4662,41.7266,24156
2021-02-02,FXTHE,41.4360,41.5026,41.2102,41.4165,34751
2021-02-03,FXTHE,41.2183,41.4879,41.0596,41.2317,76036
2021-02-04,FXTHE,41.2515,41.3279,41.1402,41.2786,74290
2021-02-05,FXTHE,41.4914,42.5442,41.1776,42.4225,34715
2021-02-08,FXTHE,42.6424,43.1238,42.6345,42.9082,21576
2021-02-09,FXTHE,42.5465,43.5149,42.4959,43.4444,91891
2021-02-10,FXTHE,43.2892,44.0107,43.2296,43.7288,91912
2021-02-11,FXTHE,43.9034,43.9166,43.6584,43.8270,38303
2021-02-12,FXTHE,43.9026,43.9780,43.0966,43.4681,54700
2021-02-15,FXTHE,43.6161,44.1442,43.4742,43.9153,72220
2021-02-16,FXTHE,43.9936,44.1621,43.7369,43.9890,61352
2021-02-17,FXTHE,44.3013,44.8377,44.2589,44.6167,87935
2021-02-18,FXTHE,44.7956,45.0039,44.7148,44.9902,95855
2021-02-19,FXTHE,45.1613,45.3233,44.6469,44.7220,73206
2021-02-22,FXTHE,44.5469,44.7114,43.9457,44.2426,32082
2021-02-23,FXTHE,44.4105,44.6599,43.7082,43.7861,52618
2021-02-24,FXTHE,43.8946,45.0635,43.8257,44.7334,46482
2021-02-25,FXTHE,44.7427,45.9014,44.6448,45.6209,49383
2021-02-26,FXTHE,45.7919,45.8807,45.1248,45.2312,51721
2021-03-01,FXTHE,45.1974,46.5240,44.9874,46.3869,59790
2021-03-02,FXTHE,46.4287,46.4390,46.2087,46.2559,41197
2021-03-03,FXTHE,46.3092,46.4808,45.9809,46.1720,99508
2021-03-04,FXTHE,46.5428,46.7758,45.7508,45.8267,20062
2021-03-05,FXTHE,45.7194,46.0353,45.0770,45.3737,79318
2021-03-08,FXTHE,45.2425,45.3139,44.8028,44.9010,54957
2021-03-09,FXTHE,44.7264,44.8318,44.6045,44.7388,42699
2021-03-10,FXTHE,44.6558,45.5719,44.5991,45.5316,87712
2021-03-11,FXTHE,45.5446,46.8220,45.4577,46.7572,71793
2021-03-12,FXTHE,46.7898,47.0676,46.7533,47.0207,69085
2021-03-15,FXTHE,46.9212,47.1702,46.0348,46.0357,41369
2021-03-16,FXTHE,45.8926,46.1977,45.3077,46.1006,81365
2021-03-17,FXTHE,45.9603,46.5748,45.7979,46.5383,79253
2021-03-18,FXTHE,46.4026,47.0665,46.3589,46.8152,41816
2021-03-19,FXTHE,46.9554,47.7069,46.7150,47.6533,94526
2021-03-22,FXTHE,47.3955,47.5060,47.2167,47.2843,87578
2021-03-23,FXTHE,47.3514,48.1043,47.2096,48.0664,92710
2021-03-24,FXTHE,48.1866,48.7919,47.7549,48.6709,40549
2021-03-25,FXTHE,48.4809,49.0938,48.3518,48.9937,73608
2021-03-26,FXTHE,48.8936,49.1241,48.3908,48.4237,42542
2021-03-29,FXTHE,48.5814,49.1054,48.4958,49.0792,59173
2021-03-30,FXTHE,49.2957,49.4041,49.1948,49.2855,53718
2021-03-31,FXTHE,49.3734,49.4863,49.1198,49.2717,62259
2021-04-01,FXTHE,49.0731,50.4718,48.8096,50.2231,84826
2021-04-02,FXTHE,49.9915,50.3882,49.5701,49.9166,91688
2021-04-05,FXTHE,49.8621,50.5402,49.8416,50.3678,42185
2021-04-06,FXTHE,50.3030,51.0323,50.1560,51.0049,32770
2021-04-07,FXTHE,51.2414,51.4670,51.2302,51.4596,72123
2021-04-08,FXTHE,51.0921,51.2465,51.0870,51.1962,86507
2021-04-09,FXTHE,51.4583,51.7227,50.5321,50.6682,45226
2021-04-12,FXTHE,50.6091,51.5697,50.5084,51.2411,24934
2021-04-13,FXTHE,51.3337,51.3523,49.7513,50.1397,84236
2021-04-14,FXTHE,49.6455,49.6508,48.7051,48.7547,28158
2021-04-15,FXTHE,48.8043,48.9346,48.4241,48.5142,30142
2021-04-16,FXTHE,48.3641,48.3677,47.0361,47.2270,67851
2021-04-19,FXTHE,47.3646,47.5296,46.6280,46.7989,65581
2021-04-20,FXTHE,46.7268,47.7221,46.6550,47.3283,87504
2021-04-21,FXTHE,47.6111,47.8838,47.1333,47.2459,51265
2021-04-22,FXTHE,47.1090,47.4570,47.0218,47.3598,87366
2021-04-23,FXTHE,47.5121,47.6154,46.8569,47.0947,68465
2021-04-26,FXTHE,47.1226,47.4016,46.0888,46.2660,59487
2021-04-27,FXTHE,46.2547,46.4494,45.6794,45.8110,30556
2021-04-28,FXTHE,46.1365,46.8999,45.7764,46.7243,59433
2021-04-29,FXTHE,46.6730,46.6896,46.0611,46.0906,65366
2021-04-30,FXTHE,46.1216,47.5434,45.7796,47.5333,63837
2021-05-03,FXTHE,47.3197,48.1158,47.2246,48.0500,22135
2021-05-04,FXTHE,47.9511,48.5397,47.9052,48.4938,25713
2021-05-05,FXTHE,48.3133,48.9957,48.2525,48.8654,29489
2021-05-06,FXTHE,48.7270,50.5950,48.2791,50.3444,30568
2021-05-07,FXTHE,50.2103,50.5284,50.1942,50.4721,83690
2021-05-10,FXTHE,50.0294,50.3049,50.0265,50.1978,37281
2021-05-11,FXTHE,50.3824,51.7983,50.3240,51.3964,25499
2021-05-12,FXTHE,51.0103,51.2828,50.7565,51.0900,97202
2021-05-13,FXTHE,50.9835,52.4723,50.8974,52.2522,88570
2021-05-14,FXTHE,52.5063,53.2544,52.3348,52.9978,32721
2021-05-17,FXTHE,53.0809,53.3575,51.6959,51.9704,76063
2021-05-18,FXTHE,51.8678,52.5546,51.7217,52.4691,84197
2021-05-19,FXTHE,52.1562,52.3200,52.1137,52.2639,70637
2021-05-20,FXTHE,52.1586,52.3522,51.9186,52.2342,27464
2021-05-21,FXTHE,52.0488,52.5079,51.8611,52.4397,72861
2021-05-24,FXTHE,51.9985,52.2148,51.5500,51.6334,54272
2021-05-25,FXTHE,51.9309,52.3945,51.9086,52.2734,32461
2021-05-26,FXTHE,52.3722,52.3908,51.3453,51.7341,35414
2021-05-27,FXTHE,51.9144,52.8596,51.6738,52.7826,28237
2021-05-28,FXTHE,52.8298,53.0544,52.3886,52.6689,73051
2021-05-31,FXTHE,52.6557,52.7321,52.5788,52.6538,87288
2021-06-01,FXTHE,52.7433,52.7822,52.2141,52.2999,81748
2021-06-02,FXTHE,52.4921,52.9572,52.2817,52.8525,31984
2021-06-03,FXTHE,53.0511,53.2482,53.0486,53.1320,72442
2021-06-04,FXTHE,52.7054,52.9520,51.5245,51.5276,91984
2021-06-07,FXTHE,51.5004,51.9577,51.3066,51.8565,36413
2021-06-08,FXTHE,51.7273,52.4110,51.4598,52.3397,86198
2021-06-09,FXTHE,52.4261,52.5296,51.1976,51.4560,92019
2021-06-10,FXTHE,51.6335,51.7817,51.0374,51.4244,73895
2021-06-11,FXTHE,51.3425,51.6625,50.4428,50.4549,53239
2021-06-14,FXTHE,50.5367,51.0398,49.5247,49.6175,45540
2021-06-15,FXTHE,49.4278,49.4861,48.3115,48.4363,97728
2021-06-16,FXTHE,48.4807,49.2234,48.4506,49.1396,55828
2021-06-17,FXTHE,49.2406,49.3001,48.1803,48.3510,98306
2021-06-18,FXTHE,48.2874,48.6279,48.1117,48.5457,28805
2021-06-21,FXTHE,48.6885,48.9326,48.6427,48.9274,57586
2021-06-22,FXTHE,48.9609,49.3609,48.7956,49.1458,82447
2021-06-23,FXTHE,49.0798,49.2903,48.8576,48.9521,67685
2021-06-24,FXTHE,48.7219,48.9145,48.2469,48.3366,72130
2021-06-25,FXTHE,48.1592,48.3668,47.8557,47.9414,97605
2021-06-28,FXTHE,48.1272,49.0206,48.1164,48.6697,77282
2021-06-29,FXTHE,48.6253,48.7286,48.2378,48.3177,48734
2021-06-30,FXTHE,48.1106,49.0821,48.0672,48.8311,48723
2021-07-01,FXTHE,49.1724,49.5178,48.9916,49.3344,91179
2021-07-02,FXTHE,49.3179,50.4529,49.2562,50.1433,24568
2021-07-05,FXTHE,50.3523,50.7253,49.7069,49.7792,41968
2021-07-06,FXTHE,49.8579,50.4598,49.7238,50.1657,54382
2021-07-07,FXTHE,50.3633,51.2015,50.3233,51.0749,43916
2021-07-08,FXTHE,51.2128,51.6743,51.1774,51.5840,32066
2021-07-09,FXTHE,51.8294,52.1883,51.7467,52.0847,85781
2021-07-12,FXTHE,52.1105,53.2605,51.9987,53.1468,71847
2021-07-13,FXTHE,52.8685,53.3307,52.7941,53.2175,47647
2021-07-14,FXTHE,53.3361,54.3694,53.3280,54.2512,80195
2021-07-15,FXTHE,54.4804,54.6520,54.3874,54.4603,66481
2021-07-16,FXTHE,54.6227,54.8422,54.4104,54.6428,83182
2021-07-19,FXTHE,54.8254,55.4850,54.6680,55.1576,78512
2021-07-20,FXTHE,55.1836,55.3883,54.6744,54.8558,57094
2021-07-21,FXTHE,54.9718,55.1111,54.6464,54.7237,60659
2021-07-22,FXTHE,54.5810,54.6241,54.3719,54.3924,99396
2021-07-23,FXTHE,54.5757,55.2775,54.3404,55.0039,97209
2021-07-26,FXTHE,55.2646,55.6419,54.6182,55.0063,94041
2021-07-27,FXTHE,55.1034,55.2191,54.8888,54.9175,75619
2021-07-28,FXTHE,54.7762,54.8375,52.8759,53.0000,33188
2021-07-29,FXTHE,53.3395,53.7870,53.2150,53.2890,50094
2021-07-30,FXTHE,53.1666,53.8460,52.8689,53.7327,71435
2021-08-02,FXTHE,54.0113,54.2171,53.2701,53.7639,43237
2021-08-03,FXTHE,53.7610,54.1793,52.4276,52.6157,90552
2021-08-04,FXTHE,52.2830,53.0173,52.0516,52.7334,44948
2021-08-05,FXTHE,52.8098,53.7929,52.7338,53.7057,49501
2021-08-06,FXTHE,53.3309,54.3278,52.9431,54.2070,30692
2021-08-09,FXTHE,54.0620,54.9025,53.8692,53.8920,42056
2021-08-10,FXTHE,54.0780,54.3470,53.2049,53.2329,80580
2021-08-11,FXTHE,53.2580,53.6900,52.8035,53.1695,32573
2021-08-12,FXTHE,53.4070,53.9760,52.3782,52.5254,22561
2021-08-13,FXTHE,52.5115,52.9307,52.3741,52.8481,58455
2021-08-16,FXTHE,53.0464,53.2768,51.3301,51.7125,69549
2021-08-17,FXTHE,51.4158,51.4319,51.1864,51.2288,34755
2021-08-18,FXTHE,51.4071,52.0324,51.3064,51.9530,23248
2021-08-19,FXTHE,52.0101,52.2978,51.4067,51.4962,26179
2021-08-20,FXTHE,51.6269,52.7118,51.3178,52.5439,72990
2021-08-23,FXTHE,52.5925,52.9361,52.4483,52.6068,45807
2021-08-24,FXTHE,52.6888,52.7464,52.0306,52.0955,86691
2021-08-25,FXTHE,52.1142,52.5176,51.3349,51.5733,35946
2021-08-26,FXTHE,51.5104,52.1749,51.3689,52.0071,22155
2021-08-27,FXTHE,51.8094,51.8233,51.6171,51.7708,23445
2021-08-30,FXTHE,51.7980,52.4567,51.4875,52.3985,64369
2021-08-31,FXTHE,52.3201,53.2257,52.1618,52.9850,63264
2021-09-01,FXTHE,52.9666,53.1564,52.8699,53.0935,72784
2021-09-02,FXTHE,52.8088,52.8263,50.5480,50.8964,40655
2021-09-03,FXTHE,50.8802,51.8550,50.7413,51.7080,90943
2021-09-06,FXTHE,51.7322,51.9464,51.1748,51.2727,56429
2021-09-07,FXTHE,51.5886,51.8463,51.2401,51.4747,55151
2021-09-08,FXTHE,51.5950,52.6302,51.2760,52.3082,44907
2021-09-09,FXTHE,52.7969,53.0401,51.5128,51.5199,33682
2021-09-10,FXTHE,51.4238,51.4489,50.5773,50.8094,82971
2021-09-13,FXTHE,50.3952,51.2129,50.2374,51.0707,94020
2021-09-14,FXTHE,50.8051,50.8652,50.7819,50.8445,84133
2021-09-15,FXTHE,51.0057,51.3206,50.7325,50.7368,95600
2021-09-16,FXTHE,50.4554,51.8966,50.3533,51.5642,33831
2021-09-17,FXTHE,51.6797,51.7002,51.2434,51.3439,88973
2021-09-20,FXTHE,51.2435,51.3765,51.2049,51.2354,36926
2021-09-21,FXTHE,51.3392,52.1204,51.1961,51.9734,26525
2021-09-22,FXTHE,52.0600,52.2026,50.7007,51.0163,72606
2021-09-23,FXTHE,51.2306,51.2431,50.8986,50.9988,20022
2021-09-24,FXTHE,50.8458,51.0260,49.7281,49.8763,27794
2021-09-27,FXTHE,49.8511,50.1921,49.7669,50.0811,20471
2021-09-28,FXTHE,49.8828,49.9795,49.7960,49.8833,92356
2021-09-29,FXTHE,49.9547,50.6546,49.8114,50.4698,47713
2021-09-30,FXTHE,50.6932,50.9638,50.4383,50.4627,72705
2021-10-01,FXTHE,50.4389,51.1779,50.1852,51.1739,40253
2021-10-04,FXTHE,51.6842,51.7078,50.5733,50.9319,82258
2021-10-05,FXTHE,51.0447,51.1361,48.6019,48.8253,62824
2021-10-06,FXTHE,48.6093,49.4758,48.4783,49.4220,98384
2021-10-07,FXTHE,49.4654,50.3330,49.3459,50.1033,72168
2021-10-08,FXTHE,50.2524,50.5557,48.8443,48.9273,55242
2021-10-11,FXTHE,49.0103,49.1557,48.3877,48.5742,20563
2021-10-12,FXTHE,48.3197,48.4667,47.9620,48.1347,65711
2021-10-13,FXTHE,47.9912,48.9649,47.6187,48.9252,63703
2021-10-14,FXTHE,49.2817,49.2895,48.4641,48.7429,60240
2021-10-15,FXTHE,48.7872,48.9526,48.0957,48.1462,58190
2021-10-18,FXTHE,48.3716,48.9141,48.0930,48.8986,80801
2021-10-19,FXTHE,48.6824,48.9678,47.9048,48.0031,80236
2021-10-20,FXTHE,48.3148,48.5946,47.0254,47.1622,80490
2021-10-21,FXTHE,47.2931,47.6251,46.2127,46.3976,93977
2021-10-22,FXTHE,46.5170,46.6192,46.2860,46.5719,97086
2021-10-25,FXTHE,46.5735,47.1124,46.4815,46.9025,31864
2021-10-26,FXTHE,46.7798,48.0198,46.6581,47.8757,87312
2021-10-27,FXTHE,47.8511,48.2069,47.8438,48.0220,77433
2021-10-28,FXTHE,47.9231,48.5576,47.7400,48.3942,29720
2021-10-29,FXTHE,48.4026,49.2937,48.2621,49.1014,26506
2021-11-01,FXTHE,49.0779,49.2914,48.7326,48.8285,44129
2021-11-02,FXTHE,49.1486,49.9373,49.0580,49.8552,30622
2021-11-03,FXTHE,49.7480,50.0526,49.6382,49.8818,47097
2021-11-04,FXTHE,49.7033,50.2251,49.6352,50.1588,23233
2021-11-05,FXTHE,49.8896,50.1442,49.4508,49.6067,52300
2021-11-08,FXTHE,49.5065,49.5746,48.5533,48.5573,48342
2021-11-09,FXTHE,48.6955,48.7166,48.2741,48.4298,70571
2021-11-10,FXTHE,48.5561,48.6769,48.1585,48.2607,78201
2021-11-11,FXTHE,48.2604,48.5798,48.1026,48.4962,95339
2021-11-12,FXTHE,48.6654,48.8019,48.5956,48.7796,76889
2021-11-15,FXTHE,48.5224,49.1315,48.5080,49.0491,44835
2021-11-16,FXTHE,49.3857,49.4563,48.5898,48.6818,32946
2021-11-17,FXTHE,48.5766,48.6524,47.7480,47.8799,78752
2021-11-18,FXTHE,47.9934,48.0620,47.2510,47.5601,47255
2021-11-19,FXTHE,47.6583,48.4396,47.6293,48.3258,42224
2021-11-22,FXTHE,48.6395,48.8753,47.9884,48.1491,73551
2021-11-23,FXTHE,48.3193,48.6373,47.1172,47.3709,82911
2021-11-24,FXTHE,47.4191,47.5441,46.5588,46.8334,91286
2021-11-25,FXTHE,46.5901,47.0353,46.4777,46.4902,74732
2021-11-26,FXTHE,46.4082,46.6619,46.2095,46.5836,71940
2021-11-29,FXTHE,46.3669,46.5863,45.9557,46.1147,79324
2021-11-30,FXTHE,46.1612,46.4523,45.8619,46.0924,22912
2021-12-01,FXTHE,46.2047,46.4845,45.7806,46.0352,68496
2021-12-02,FXTHE,46.2697,47.0740,46.1566,46.9952,95836
2021-12-03,FXTHE,46.9505,47.8015,46.7075,47.6470,99575
2021-12-06,FXTHE,47.8061,48.0104,47.4557,47.5178,92378
2021-12-07,FXTHE,47.6175,47.7320,47.0649,47.2668,38661
2021-12-08,FXTHE,47.3363,48.1659,47.1255,48.1549,35001
2021-12-09,FXTHE,48.0032,48.0351,46.3496,46.7534,44451
2021-12-10,FXTHE,46.6289,48.2163,46.6208,48.2074,65012
2021-12-13,FXTHE,48.3834,48.5157,47.0696,47.4494,33395
2021-12-14,FXTHE,47.3753,47.8232,47.2774,47.7727,63148
2021-12-15,FXTHE,47.6771,48.1921,47.5729,48.0612,61714
2021-12-16,FXTHE,48.1647,48.1893,47.5871,47.7414,95099
2021-12-17,FXTHE,47.8017,47.8560,47.5768,47.7270,39736
2021-12-20,FXTHE,47.9632,48.0989,46.9375,47.2056,34437
2021-12-21,FXTHE,47.2828,47.4939,46.3249,46.3798,86224
2021-12-22,FXTHE,46.1707,47.1688,45.9807,47.1149,75155
2021-12-23,FXTHE,46.7661,47.3093,46.4415,47.0083,20090
2021-12-24,FXTHE,47.2970,47.3902,46.7681,46.9209,42370
2021-12-27,FXTHE,46.8666,47.8912,46.6186,47.4360,80085
2021-12-28,FXTHE,47.4444,47.6392,47.0072,47.3318,48926
2021-12-29,FXTHE,47.3537,48.5195,47.2249,48.2422,37156
2021-12-30,FXTHE,48.3361,48.7325,48.1953,48.6171,52057
2021-12-31,FXTHE,48.7225,48.7323,48.3172,48.3684,82462
2022-01-03,FXTHE,47.9039,48.0020,47.8052,47.9571,29624
2022-01-04,FXTHE,47.9022,48.6549,47.8896,48.5750,99680
2022-01-05,FXTHE,48.5009,48.5083,47.4937,47.7586,72858
2022-01-06,FXTHE,47.6128,47.9591,46.9667,47.2353,71172
2022-01-07,FXTHE,47.3345,47.4964,46.4748,46.5754,35216
2022-01-10,FXTHE,46.4860,46.8381,45.9899,46.1834,70785
2022-01-11,FXTHE,46.0103,47.7416,45.8613,47.7019,74321
2022-01-12,FXTHE,47.7359,48.2863,47.7331,48.1560,38600
2022-01-13,FXTHE,48.3031,48.5072,47.6793,47.8054,96736
2022-01-14,FXTHE,47.4064,47.5757,46.7297,46.7717,68289
2022-01-17,FXTHE,46.8111,46.8747,46.2847,46.4227,25593
2022-01-18,FXTHE,46.5565,46.8915,46.2761,46.6990,61884
2022-01-19,FXTHE,46.6990,47.3487,46.6207,47.1077,35246
2022-01-20,FXTHE,47.2074,47.4365,46.9810,47.1487,83480
2022-01-21,FXTHE,47.1331,47.2357,46.7091,46.8308,81069
2022-01-24,FXTHE,47.0283,47.1033,46.4561,46.5601,77314
2022-01-25,FXTHE,46.4077,47.1642,46.2593,47.1445,63386
2022-01-26,FXTHE,47.3140,47.4332,46.7476,46.7769,83385
2022-01-27,FXTHE,47.1235,47.7883,47.0900,47.2988,40430
2022-01-28,FXTHE,47.1169,47.2504,46.6096,46.7599,84814
2022-01-31,FXTHE,47.0362,47.2493,46.2330,46.3370,45710
2022-02-01,FXTHE,46.6307,46.7404,46.0927,46.2646,56535
2022-02-02,FXTHE,46.3713,46.8999,46.0611,46.6484,28174
2022-02-03,FXTHE,46.6936,47.0805,45.6870,45.8771,75083
2022-02-04,FXTHE,46.0741,46.1216,45.4454,45.5522,25373
2022-02-07,FXTHE,45.3769,45.6096,45.0268,45.0402,48217
2022-02-08,FXTHE,45.5040,45.6883,44.9382,45.1556,53674
2022-02-09,FXTHE,45.4296,45.4810,44.0708,44.3760,43328
2022-02-10,FXTHE,44.0737,44.2401,43.4772,43.6779,37055
2022-02-11,FXTHE,43.2442,44.0298,43.2332,43.8627,74897
2022-02-14,FXTHE,43.8562,44.1884,43.6986,44.0643,85926
2022-02-15,FXTHE,44.1051,44.6994,44.0473,44.3489,84946
2022-02-16,FXTHE,44.4144,44.7879,44.3561,44.4702,74482
2022-02-17,FXTHE,44.5213,44.5851,44.1589,44.3015,51522
2022-02-18,FXTHE,44.4434,44.7049,44.2293,44.4917,38661
2022-02-21,FXTHE,44.6440,44.7261,44.5334,44.6204,78835
2022-02-22,FXTHE,44.7710,45.1014,44.7622,45.0144,88903
2022-02-23,FXTHE,45.1475,45.1843,44.4148,44.5336,27001
2022-02-24,FXTHE,44.1363,44.4609,43.8103,44.3616,65904
2022-02-25,FXTHE,44.2996,44.9245,44.0083,44.8921,45319
2022-02-28,FXTHE,44.8005,44.9255,44.3039,44.8837,69481
2022-03-01,FXTHE,44.8682,44.9600,43.7331,43.8515,24307
2022-03-02,FXTHE,43.9466,44.1349,42.9506,42.9957,83684
2022-03-03,FXTHE,42.8299,43.3125,42.7368,43.0869,70058
2022-03-04,FXTHE,43.1605,43.6865,43.0537,43.6090,26554
2022-03-07,FXTHE,43.7321,44.0314,43.4012,43.5359,36020
2022-03-08,FXTHE,43.8088,43.8441,42.9506,43.1057,58559
2022-03-09,FXTHE,43.0153,43.2401,42.3399,42.3988,99214
2022-03-10,FXTHE,42.1230,43.2605,41.9431,43.0224,70078
2022-03-11,FXTHE,42.7960,43.9588,42.7133,43.7792,81937
2022-03-14,FXTHE,44.0045,44.1986,43.5580,44.1580,28294
2022-03-15,FXTHE,44.1080,44.3164,43.5816,43.5852,22495
2022-03-16,FXTHE,43.4770,44.4209,43.3812,44.1900,94786
2022-03-17,FXTHE,43.9664,44.3719,43.9154,44.3061,63778
2022-03-18,FXTHE,43.9839,44.6933,43.9129,44.5992,98912
2022-03-21,FXTHE,44.4107,45.8948,44.2379,45.6027,39735
2022-03-22,FXTHE,45.6018,47.0278,45.4461,46.8877,30800
2022-03-23,FXTHE,46.9069,47.5541,46.5787,47.3487,42596
2022-03-24,FXTHE,47.4350,47.4381,47.1245,47.1929,78638
2022-03-25,FXTHE,47.3737,47.4278,46.7356,47.0306,48444
2022-03-28,FXTHE,47.1441,47.1558,45.9781,46.1865,48520
2022-03-29,FXTHE,46.1825,47.8041,45.8033,47.7385,79286
2022-03-30,FXTHE,47.7306,47.7727,46.6998,47.0128,39590
2022-03-31,FXTHE,46.8233,46.9371,46.3382,46.5092,60611
2022-04-01,FXTHE,46.5520,46.6910,45.9199,45.9786,40627
2022-04-04,FXTHE,46.1014,46.1729,45.3734,45.5959,90462
2022-04-05,FXTHE,45.6112,45.6694,44.8195,44.9758,56543
2022-04-06,FXTHE,45.0420,45.9146,44.9560,45.7554,75693
2022-04-07,FXTHE,45.5749,45.9695,44.9888,45.2014,82957
2022-04-08,FXTHE,45.1788,45.3283,44.0163,44.1589,43678
2022-04-11,FXTHE,44.5139,44.5260,44.0526,44.0668,32992
2022-04-12,FXTHE,43.9300,44.2469,43.5417,44.1905,65286
2022-04-13,FXTHE,44.0273,44.1038,43.7301,43.8154,84797
2022-04-14,FXTHE,43.8209,44.4860,43.3901,44.3718,65462
2022-04-15,FXTHE,44.4056,44.4086,44.0945,44.1242,31900
2022-04-18,FXTHE,44.0753,44.1670,43.8091,44.0845,66359
2022-04-19,FXTHE,44.0286,44.3819,42.9423,43.1203,98355
2022-04-20,FXTHE,43.2304,43.4180,43.1993,43.2795,87462
2022-04-21,FXTHE,43.4585,43.5730,42.7121,42.8732,32918
2022-04-22,FXTHE,42.9957,43.2315,42.0733,42.3772,42111
2022-04-25,FXTHE,42.4391,42.4735,42.0334,42.1329,25098
2022-04-26,FXTHE,41.9598,42.2099,41.7962,41.8121,40202
2022-04-27,FXTHE,42.0137,42.0219,41.9039,41.9182,80569
2022-04-28,FXTHE,41.6549,42.3572,41.5915,42.0294,45721
2022-04-29,FXTHE,41.8751,42.0037,40.9283,41.1348,41310
2022-05-02,FXTHE,41.1020,41.1649,41.0063,41.1352,45555
2022-05-03,FXTHE,41.0688,41.2661,40.4485,40.4583,70657
2022-05-04,FXTHE,40.6958,40.9548,40.5417,40.7917,95438
2022-05-05,FXTHE,40.8227,40.8666,39.5247,39.6100,99495
2022-05-06,FXTHE,39.7241,40.6117,39.4586,40.4091,98387
2022-05-09,FXTHE,40.5047,41.2982,40.3464,40.9062,76188
2022-05-10,FXTHE,40.8094,41.8909,40.6585,41.7570,89379
2022-05-11,FXTHE,42.0181,42.1006,40.3682,40.4669,96258
2022-05-12,FXTHE,40.6500,40.8462,40.4551,40.5973,59398
2022-05-13,FXTHE,40.6655,40.6832,40.5759,40.6477,45201
2022-05-16,FXTHE,40.4482,40.7481,40.0115,40.0828,95454
2022-05-17,FXTHE,40.1038,40.1803,39.7561,39.9055,63497
2022-05-18,FXTHE,39.3292,39.4504,38.9706,39.1182,90440
2022-05-19,FXTHE,39.1766,39.2874,38.2359,38.2928,48015
2022-05-20,FXTHE,38.2314,38.2423,37.7562,37.7825,25038
2022-05-23,FXTHE,37.7539,37.8558,36.9603,37.1559,92384
2022-05-24,FXTHE,37.1996,37.3510,36.5662,36.6652,32283
2022-05-25,FXTHE,36.6128,37.2999,36.4863,37.2732,33113
2022-05-26,FXTHE,37.4938,37.7207,36.5374,36.6378,57002
2022-05-27,FXTHE,36.6492,37.1790,36.5844,36.9070,49883
2022-05-30,FXTHE,36.8402,37.1700,36.6526,36.8793,62461
2022-05-31,FXTHE,36.6558,36.9844,36.0469,36.1406,36151
2022-06-01,FXTHE,36.0719,36.1717,35.9427,36.1387,50802
2022-06-02,FXTHE,36.2702,36.4864,35.6455,35.8066,84949
2022-06-03,FXTHE,36.0011,36.1947,34.8265,34.8971,93888
2022-06-06,FXTHE,35.2601,35.3683,34.6619,34.9465,95000
2022-06-07,FXTHE,35.1534,35.2633,34.5318,34.6659,21933
2022-06-08,FXTHE,34.5427,34.8462,34.4642,34.6503,93119
2022-06-09,FXTHE,34.6708,35.2105,34.6084,35.1689,47861
2022-06-10,FXTHE,35.0556,35.4670,34.9947,35.2836,94017
2022-06-13,FXTHE,35.3873,35.5588,35.2730,35.4239,26821
2022-06-14,FXTHE,35.6548,36.2222,35.5919,36.0550,30887
2022-06-15,FXTHE,36.2054,36.2168,35.8551,35.8962,36833
2022-06-16,FXTHE,35.7688,35.9074,35.7388,35.8886,79446
2022-06-17,FXTHE,35.6124,36.0143,35.4050,35.8115,44867
2022-06-20,FXTHE,35.6012,35.6408,35.4892,35.6296,72987
2022-06-21,FXTHE,35.7378,35.8360,34.9217,35.0306,43552
2022-06-22,FXTHE,34.9589,35.3887,34.8119,35.0899,90356
2022-06-23,FXTHE,35.0015,35.6577,34.8298,35.4637,96443
2022-06-24,FXTHE,35.4415,35.5206,35.3510,35.3766,90828
2022-06-27,FXTHE,35.1335,35.6443,35.1225,35.5981,41435
2022-06-28,FXTHE,35.7013,37.1212,35.5653,36.9916,71918
2022-06-29,FXTHE,37.0843,37.2743,36.8438,37.2460,38817
2022-06-30,FXTHE,37.0638,37.0960,36.4936,36.8022,62622
2022-07-01,FXTHE,36.6951,37.5704,36.6806,37.5003,99901
2022-07-04,FXTHE,37.7588,37.9034,36.5571,36.5808,32582
2022-07-05,FXTHE,36.5833,37.4599,36.4496,37.4295,79718
2022-07-06,FXTHE,37.4992,37.5274,37.2882,37.4075,84294
2022-07-07,FXTHE,37.4492,37.5971,37.0568,37.2538,31677
2022-07-08,FXTHE,37.3314,37.5146,36.4886,36.6426,28079
2022-07-11,FXTHE,36.9722,37.2752,36.5828,37.1697,62941
2022-07-12,FXTHE,37.4654,37.6538,36.8280,37.0910,41369
2022-07-13,FXTHE,36.8636,36.8761,36.5122,36.5238,24620
2022-07-14,FXTHE,36.4989,36.5460,35.6914,35.7901,61301
2022-07-15,FXTHE,35.6740,35.7923,35.4780,35.7801,75237
2022-07-18,FXTHE,35.7873,35.9412,34.8805,34.9032,66064
2022-07-19,FXTHE,35.0236,35.1659,34.9961,35.1037,71473
2022-07-20,FXTHE,35.2988,35.5313,35.0278,35.3727,59545
2022-07-21,FXTHE,35.3657,35.4073,35.0240,35.1461,83948
2022-07-22,FXTHE,35.3739,35.5979,35.3695,35.4777,93176
2022-07-25,FXTHE,35.4070,35.9024,35.3510,35.7187,81787
2022-07-26,FXTHE,35.7469,36.0340,35.4698,35.7504,51665
2022-07-27,FXTHE,35.9866,36.1128,35.6219,35.6932,73115
2022-07-28,FXTHE,35.7354,35.8294,34.9863,35.2586,56750
2022-07-29,FXTHE,35.3302,35.3735,34.7075,34.7143,94013
2022-08-01,FXTHE,34.8573,35.0780,34.0443,34.1128,24512
2022-08-02,FXTHE,34.2375,34.3018,34.1435,34.1475,60085
2022-08-03,FXTHE,34.2250,34.7220,34.1376,34.4524,81504
2022-08-04,FXTHE,34.1926,34.7522,34.0600,34.6898,43899
2022-08-05,FXTHE,34.7710,34.7950,34.0064,34.0874,62314
2022-08-08,FXTHE,33.9350,34.3069,33.8398,34.2575,66306
2022-08-09,FXTHE,34.3928,34.5241,33.9314,33.9975,41604
2022-08-10,FXTHE,34.0711,34.2912,33.1931,33.2439,47836
2022-08-11,FXTHE,33.1758,33.2633,32.9767,33.0371,85889
2022-08-12,FXTHE,32.8929,33.0254,32.2991,32.3686,58939
2022-08-15,FXTHE,32.4183,33.0960,32.3443,32.9301,35004
2022-08-16,FXTHE,33.0815,33.1398,32.9590,33.0691,71041
2022-08-17,FXTHE,33.1930,33.2610,33.1066,33.1176,57643
2022-08-18,FXTHE,33.0995,33.1874,32.4580,32.6671,74421
2022-08-19,FXTHE,32.8202,33.2858,32.6080,33.2204,92497
2022-08-22,FXTHE,33.1382,33.2726,32.6651,32.7638,63484
2022-08-23,FXTHE,32.8175,33.3176,32.7986,33.2904,99200
2022-08-24,FXTHE,33.1793,33.3314,33.1315,33.2799,96050
2022-08-25,FXTHE,33.2781,33.3749,32.7504,32.7536,54023
2022-08-26,FXTHE,32.6539,33.0554,32.5644,32.8354,57480
2022-08-29,FXTHE,32.9616,32.9620,32.3702,32.6252,20024
2022-08-30,FXTHE,32.8026,33.1446,32.7901,33.0252,79627
2022-08-31,FXTHE,33.1031,33.4980,33.1003,33.4079,87656
2022-09-01,FXTHE,33.6692,34.2650,33.5784,34.1782,81123
2022-09-02,FXTHE,34.3943,34.4655,34.0663,34.1760,25971
2022-09-05,FXTHE,33.8738,34.1852,33.8299,34.0440,71828
2022-09-06,FXTHE,34.2611,34.3339,34.1049,34.1917,38824
2022-09-07,FXTHE,34.1404,34.2243,33.2491,33.5919,88973
2022-09-08,FXTHE,33.6061,34.2277,33.5712,34.1426,37075
2022-09-09,FXTHE,34.1683,34.1810,33.7021,33.8617,72375
2022-09-12,FXTHE,33.9010,33.9559,33.6148,33.6796,91128
2022-09-13,FXTHE,33.6386,34.3871,33.3812,34.1207,87993
2022-09-14,FXTHE,34.3914,34.8666,34.1955,34.7150,63691
2022-09-15,FXTHE,34.5925,34.6836,34.5686,34.5691,60866
2022-09-16,FXTHE,34.5084,34.8085,34.4470,34.6532,81156
2022-09-19,FXTHE,34.5018,34.6118,34.3769,34.5625,73616
2022-09-20,FXTHE,34.5501,35.2794,34.4602,35.0522,32511
2022-09-21,FXTHE,34.9891,35.5562,34.8027,35.3035,33641
2022-09-22,FXTHE,35.3388,35.8330,35.2191,35.6601,21446
2022-09-23,FXTHE,35.5546,35.6100,35.4172,35.5422,97966
2022-09-26,FXTHE,35.4831,35.6309,34.4866,34.6093,41548
2022-09-27,FXTHE,34.7080,34.7263,33.8493,34.0065,73521
2022-09-28,FXTHE,34.2253,34.2956,34.1787,34.2419,25935
2022-09-29,FXTHE,34.2135,34.3602,33.8997,34.2030,90533
2022-09-30,FXTHE,34.2703,34.3815,33.8132,34.0268,99191
2022-10-03,FXTHE,33.9983,34.1291,33.9468,34.1279,50521
2022-10-04,FXTHE,33.9111,34.3702,33.7699,34.3494,28332
2022-10-05,FXTHE,34.3523,34.4178,33.7602,34.0031,61619
2022-10-06,FXTHE,34.1033,34.1650,34.0521,34.1579,41161
2022-10-07,FXTHE,34.1359,34.2970,33.2165,33.2935,27606
2022-10-10,FXTHE,33.5023,33.5755,33.2797,33.3030,44400
2022-10-11,FXTHE,33.2207,33.2815,32.7191,32.7890,28539
2022-10-12,FXTHE,32.5523,33.1986,32.4762,33.1501,88522
2022-10-13,FXTHE,32.8961,33.2177,32.8181,33.0758,43781
2022-10-14,FXTHE,33.0473,33.1786,32.6053,32.7894,98215
2022-10-17,FXTHE,32.8199,33.2188,32.7212,33.1695,35282
2022-10-18,FXTHE,33.0499,33.0849,32.4031,32.7578,92061
2022-10-19,FXTHE,32.6775,33.8633,32.6593,33.5714,85956
2022-10-20,FXTHE,33.6682,33.6895,33.2819,33.3392,38297
2022-10-21,FXTHE,33.3845,33.4666,33.0141,33.2894,53522
2022-10-24,FXTHE,33.2784,33.5130,33.1319,33.4588,72889
2022-10-25,FXTHE,33.4597,33.5725,33.3347,33.3929,96653
2022-10-26,FXTHE,33.4813,33.9979,33.3947,33.9513,65471
2022-10-27,FXTHE,34.1434,34.2158,33.6280,33.6890,21597
2022-10-28,FXTHE,33.5121,33.6717,33.3725,33.6574,48780
2022-10-31,FXTHE,33.5789,33.7856,33.3357,33.5765,53529
2022-11-01,FXTHE,33.6210,33.8439,33.4920,33.7535,72448
2022-11-02,FXTHE,33.6235,33.6787,33.1821,33.3166,55615
2022-11-03,FXTHE,33.3382,33.5131,33.2586,33.5027,33101
2022-11-04,FXTHE,33.6643,34.1527,33.5966,34.0227,24522
2022-11-07,FXTHE,34.0198,34.6641,33.8201,34.4760,33086
2022-11-08,FXTHE,34.3113,34.3506,33.8900,33.9751,33640
2022-11-09,FXTHE,33.9759,34.0745,33.9496,34.0669,50056
2022-11-10,FXTHE,33.9644,34.1686,33.7986,34.0424,71458
2022-11-11,FXTHE,34.0645,34.1900,33.4243,33.5651,35541
2022-11-14,FXTHE,33.5796,33.7691,33.3445,33.7271,91820
2022-11-15,FXTHE,33.6690,33.7840,33.1138,33.2511,57980
2022-11-16,FXTHE,33.2191,33.2447,32.9271,32.9854,99277
2022-11-17,FXTHE,32.8479,32.9269,32.8082,32.8992,27387
2022-11-18,FXTHE,32.8464,33.0761,32.7929,32.9001,50356
2022-11-21,FXTHE,32.9094,33.5799,32.5207,33.5272,36784
2022-11-22,FXTHE,33.6236,33.6565,33.4043,33.4571,36590
2022-11-23,FXTHE,33.5143,33.5946,33.0198,33.1094,85612
2022-11-24,FXTHE,33.1431,33.2176,32.7604,32.7900,54241
2022-11-25,FXTHE,32.9280,33.4027,32.8798,33.2464,36844
2022-11-28,FXTHE,33.2475,34.3056,33.2128,34.3018,57700
2022-11-29,FXTHE,34.5225,34.6593,34.0046,34.3361,57865
2022-11-30,FXTHE,34.0649,34.2224,33.5861,33.6275,61488
2022-12-01,FXTHE,33.6435,33.7529,32.7003,32.7534,45380
2022-12-02,FXTHE,32.7256,32.8153,32.6087,32.7039,49492
2022-12-05,FXTHE,32.4651,32.9148,32.3266,32.7747,48067
2022-12-06,FXTHE,32.7901,32.7974,32.4870,32.5645,25416
2022-12-07,FXTHE,32.6810,33.0492,32.5733,32.7878,85013
2022-12-08,FXTHE,32.6265,32.8809,32.2048,32.3871,30815
2022-12-09,FXTHE,32.3964,32.6921,31.9511,32.1608,66685
2022-12-12,FXTHE,32.1403,32.2247,31.8929,32.0393,69208
2022-12-13,FXTHE,32.0980,32.4123,31.9064,32.3709,86095
2022-12-14,FXTHE,32.2539,32.2636,32.1601,32.2527,24253
2022-12-15,FXTHE,32.4526,32.5245,32.0032,32.1242,42159
2022-12-16,FXTHE,31.9986,32.0363,31.6728,31.8409,41250
2022-12-19,FXTHE,31.7850,32.5372,31.4910,32.3120,60019
2022-12-20,FXTHE,32.4912,32.5628,32.3030,32.3371,80767
2022-12-21,FXTHE,32.4222,32.5509,31.8535,32.0820,50907
2022-12-22,FXTHE,31.9832,32.4152,31.9810,32.4054,54394
2022-12-23,FXTHE,32.5432,32.6062,32.2919,32.4253,93132
2022-12-26,FXTHE,32.3602,32.6907,32.3482,32.6218,55530
2022-12-27,FXTHE,32.5106,32.6650,31.5684,31.8723,30313
2022-12-28,FXTHE,31.9269,32.5386,31.7696,32.3802,57275
2022-12-29,FXTHE,32.2935,32.3732,31.9098,32.0560,39713
2022-12-30,FXTHE,32.0932,32.2679,32.0792,32.1427,71173
2023-01-02,FXTHE,32.0505,32.0656,31.5477,31.5729,45494
2023-01-03,FXTHE,31.6841,31.9583,31.2952,31.3461,89981
2023-01-04,FXTHE,31.4141,31.6757,31.2750,31.5210,78469
2023-01-05,FXTHE,31.4906,32.0032,31.3988,31.9309,98174
2023-01-06,FXTHE,32.1100,32.3002,31.4718,31.7506,49837
2023-01-09,FXTHE,31.5492,31.8844,31.4201,31.6790,70935
2023-01-10,FXTHE,31.7726,31.8586,31.3334,31.3495,35256
2023-01-11,FXTHE,31.4419,31.4421,30.5427,30.6212,30055
2023-01-12,FXTHE,30.5059,31.1350,30.3931,31.0509,59763
2023-01-13,FXTHE,31.2714,31.3386,31.1403,31.1955,29068
2023-01-16,FXTHE,31.1954,31.6412,31.1798,31.5172,31315
2023-01-17,FXTHE,31.4247,31.7871,31.3376,31.6602,99231
2023-01-18,FXTHE,31.5168,31.5494,30.6455,30.7168,84111
2023-01-19,FXTHE,30.5760,30.7085,29.9121,30.2338,36888
2023-01-20,FXTHE,30.1513,30.6042,30.0422,30.5512,93937
2023-01-23,FXTHE,30.6491,30.9318,30.4888,30.6713,44728
2023-01-24,FXTHE,30.7680,30.8729,30.6670,30.7580,31269
2023-01-25,FXTHE,30.6839,30.9098,30.6574,30.8085,85560
2023-01-26,FXTHE,30.8032,30.9897,30.6372,30.7429,61143
2023-01-27,FXTHE,30.6247,30.8527,30.5296,30.7541,22501
2023-01-30,FXTHE,30.6496,31.1465,30.5746,30.9229,73865
2023-01-31,FXTHE,30.7508,30.7998,30.2792,30.3113,55365
2023-02-01,FXTHE,30.1731,30.3816,29.9431,30.0181,39238
2023-02-02,FXTHE,30.2239,30.3477,29.7236,29.9881,87939
2023-02-03,FXTHE,30.2330,30.8020,30.2198,30.5458,71367
2023-02-06,FXTHE,30.7182,30.7420,30.2151,30.5715,22069
2023-02-07,FXTHE,30.6642,30.8079,30.2975,30.5660,58484
2023-02-08,FXTHE,30.6017,30.7984,30.1783,30.2151,41568
2023-02-09,FXTHE,30.0202,30.0325,29.8034,30.0286,72110
2023-02-10,FXTHE,30.0001,30.4189,29.9535,30.3755,30785
2023-02-13,FXTHE,30.4895,30.5870,30.0828,30.1446,24305
2023-02-14,FXTHE,30.2434,30.3142,30.1013,30.1380,44210
2023-02-15,FXTHE,30.2422,30.2965,30.0945,30.1542,21195
2023-02-16,FXTHE,30.3608,30.3724,29.8829,30.0768,85207
2023-02-17,FXTHE,30.0798,30.0811,29.5536,29.5754,98801
2023-02-20,FXTHE,29.5904,29.7844,29.4452,29.6162,93219
2023-02-21,FXTHE,29.7009,29.7198,29.2396,29.5392,61661
2023-02-22,FXTHE,29.2666,29.9288,29.2298,29.8628,62767
2023-02-23,FXTHE,29.8603,30.7289,29.7048,30.4626,97697
2023-02-24,FXTHE,30.6780,30.6842,29.9062,29.9332,32833
2023-02-27,FXTHE,30.0319,30.3839,29.9525,30.3540,21155
2023-02-28,FXTHE,30.5429,31.3268,30.4692,31.0567,28290
2023-03-01,FXTHE,31.1329,31.1847,30.9472,30.9496,62027
2023-03-02,FXTHE,30.9399,31.2210,30.8496,31.2171,94061
2023-03-03,FXTHE,31.1778,31.2304,30.3052,30.6027,32114
2023-03-06,FXTHE,30.4190,30.4399,30.3641,30.3725,65031
2023-03-07,FXTHE,30.0988,30.8497,29.9766,30.7698,68381
2023-03-08,FXTHE,30.9262,30.9863,30.7617,30.9091,89146
2023-03-09,FXTHE,30.8203,31.5077,30.7477,31.3868,20904
2023-03-10,FXTHE,31.4862,31.6388,31.1343,31.2266,49606
2023-03-13,FXTHE,31.2758,31.3008,31.0753,31.0810,20496
2023-03-14,FXTHE,30.9649,31.0024,30.7745,30.9455,63072
2023-03-15,FXTHE,30.9374,31.3552,30.8947,31.2041,95808
2023-03-16,FXTHE,31.1264,32.4558,31.0224,32.3309,68660
2023-03-17,FXTHE,32.1306,32.4696,32.0170,32.1156,47777
2023-03-20,FXTHE,32.3890,32.4072,31.7349,31.8338,25022
2023-03-21,FXTHE,31.8472,31.9153,31.7506,31.8344,29140
2023-03-22,FXTHE,31.7724,31.9967,31.6971,31.7717,78148
2023-03-23,FXTHE,31.7545,31.7888,30.7368,30.9871,20733
2023-03-24,FXTHE,31.0262,31.2068,30.8302,30.9260,33904
2023-03-27,FXTHE,30.8601,31.0615,30.7763,31.0226,51957
2023-03-28,FXTHE,30.9085,30.9703,30.5734,30.7769,81063
2023-03-29,FXTHE,30.8749,30.8999,30.4225,30.5069,66972
2023-03-30,FXTHE,30.5662,30.6111,30.2532,30.3894,68810
2023-03-31,FXTHE,30.5301,30.7745,30.3043,30.6464,34499
2023-04-03,FXTHE,30.6230,30.9856,30.3268,30.8376,72412
2023-04-04,FXTHE,30.7109,31.6056,30.6895,31.5345,22153
2023-04-05,FXTHE,31.4565,31.4746,31.2060,31.2129,72867
2023-04-06,FXTHE,31.1206,31.3022,30.6326,30.6752,29661
2023-04-07,FXTHE,30.7051,30.7936,30.6278,30.6703,45808
2023-04-10,FXTHE,30.5786,31.6101,30.5415,31.4329,43884
2023-04-11,FXTHE,31.6491,32.2204,31.5513,32.1243,88881
2023-04-12,FXTHE,32.2390,32.9284,32.0137,32.7695,99135
2023-04-13,FXTHE,32.7793,33.3471,32.6664,33.2322,60775
2023-04-14,FXTHE,33.0530,33.8734,33.0269,33.8658,29977
2023-04-17,FXTHE,33.8317,33.9946,33.4313,33.7641,98472
2023-04-18,FXTHE,33.8290,34.0156,33.5314,33.7044,71956
2023-04-19,FXTHE,33.6618,34.0198,33.5345,33.9542,20198
2023-04-20,FXTHE,33.9664,34.1153,33.4337,33.4819,57435
2023-04-21,FXTHE,33.7133,34.0246,33.6811,34.0011,49507
2023-04-24,FXTHE,34.1730,34.2554,33.3004,33.3110,58427
2023-04-25,FXTHE,33.5108,33.5167,32.8739,33.0423,99599
2023-04-26,FXTHE,32.9321,33.3064,32.7152,33.0643,82483
2023-04-27,FXTHE,33.2662,34.4076,33.2176,34.3685,48144
2023-04-28,FXTHE,34.5992,35.1627,34.4885,35.1002,80428
2023-05-01,FXTHE,34.9740,35.7935,34.8675,35.6367,56360
2023-05-02,FXTHE,35.6515,35.8473,35.5931,35.7044,74055
2023-05-03,FXTHE,35.6237,35.6479,35.1497,35.1641,80018
2023-05-04,FXTHE,35.2986,35.5077,34.6497,34.8797,37347
2023-05-05,FXTHE,34.8866,35.1428,34.8601,35.1267,73553
2023-05-08,FXTHE,35.1755,35.4803,34.7457,34.7591,81995
2023-05-09,FXTHE,34.7559,34.7836,34.7025,34.7692,80197
2023-05-10,FXTHE,34.8286,34.8576,34.1370,34.3849,26061
2023-05-11,FXTHE,34.4939,34.7438,34.4773,34.6584,41098
2023-05-12,FXTHE,34.6814,34.9041,34.6451,34.8218,61616
2023-05-15,FXTHE,34.7936,34.9423,34.3143,34.4225,67275
2023-05-16,FXTHE,34.3849,34.5913,34.0371,34.5486,69581
2023-05-17,FXTHE,34.6629,35.6408,34.6217,35.4534,93131
2023-05-18,FXTHE,35.3257,35.4125,34.9616,35.1822,86998
2023-05-19,FXTHE,35.4452,35.9117,35.1355,35.7772,75825
2023-05-22,FXTHE,35.9422,35.9953,35.6798,35.7497,33539
2023-05-23,FXTHE,35.5346,35.7424,35.4665,35.6479,67987
2023-05-24,FXTHE,35.5313,36.5093,35.3025,36.4440,83572
2023-05-25,FXTHE,36.4264,37.8542,36.3860,37.3184,71193
2023-05-26,FXTHE,37.3973,37.8023,37.2572,37.7349,96021
2023-05-29,FXTHE,37.8639,37.9699,37.1324,37.1852,97689
2023-05-30,FXTHE,36.9188,37.7843,36.9079,37.7201,51089
2023-05-31,FXTHE,37.7098,38.0814,37.6534,37.9498,49675
2023-06-01,FXTHE,37.9828,38.0295,37.0401,37.2461,71272
2023-06-02,FXTHE,37.1727,37.3380,36.9988,37.3062,94874
2023-06-05,FXTHE,37.2337,37.3295,37.1181,37.1708,89259
2023-06-06,FXTHE,37.0647,37.2247,36.6167,36.6183,20720
2023-06-07,FXTHE,36.9210,37.3533,36.8831,37.1581,46013
2023-06-08,FXTHE,37.2115,38.1803,37.0212,38.1431,31767
2023-06-09,FXTHE,38.1702,38.2968,36.4279,36.4733,78015
2023-06-12,FXTHE,36.7201,37.3403,36.6383,37.2582,26515
2023-06-13,FXTHE,37.2416,37.5229,36.6114,36.6561,97588
2023-06-14,FXTHE,36.5216,36.7731,36.0846,36.7237,77218
2023-06-15,FXTHE,36.7901,37.2328,36.6780,36.9960,73368
2023-06-16,FXTHE,37.3437,37.3893,36.5781,36.7828,82767
2023-06-19,FXTHE,36.7124,36.7361,36.5010,36.6711,66702
2023-06-20,FXTHE,36.5222,36.5819,36.3260,36.5004,37226
2023-06-21,FXTHE,36.3941,36.4551,36.2533,36.4365,26289
2023-06-22,FXTHE,36.2602,37.4662,35.9326,37.3520,88204
2023-06-23,FXTHE,37.1610,37.5406,37.0974,37.2088,31055
2023-06-26,FXTHE,37.0345,37.0623,35.8123,35.9216,27026
2023-06-27,FXTHE,36.1734,36.4042,35.7401,35.7490,35058
2023-06-28,FXTHE,35.8219,36.1995,35.7401,36.1067,47712
2023-06-29,FXTHE,36.3305,36.9470,36.3237,36.8654,21678
2023-06-30,FXTHE,36.9389,36.9942,36.6909,36.8236,82549
2023-07-03,FXTHE,36.9562,38.0966,36.9206,37.9353,90207
2023-07-04,FXTHE,37.8042,38.5636,37.6756,38.4615,72718
2023-07-05,FXTHE,38.5028,38.8066,37.8422,38.0551,98362
2023-07-06,FXTHE,38.0617,38.0647,37.7994,37.8156,48588
2023-07-07,FXTHE,37.9854,38.2005,37.7093,37.7413,58587
2023-07-10,FXTHE,37.7808,37.9004,37.2789,37.4808,78801
2023-07-11,FXTHE,37.6081,38.0140,37.1918,37.9360,68836
2023-07-12,FXTHE,37.8765,37.9454,37.6858,37.8875,67831
2023-07-13,FXTHE,38.0275,38.2549,37.7766,37.8031,30286
2023-07-14,FXTHE,37.5978,38.2728,37.3787,38.0889,78665
2023-07-17,FXTHE,38.1502,38.7760,38.1068,38.7497,50990
2023-07-18,FXTHE,38.5380,39.3502,38.3990,39.1760,41210
2023-07-19,FXTHE,38.9689,39.2757,38.8433,39.1916,59513
2023-07-20,FXTHE,39.2216,39.5492,39.1591,39.5047,59447
2023-07-21,FXTHE,39.5810,39.7066,38.9032,38.9540,57462
2023-07-24,FXTHE,39.2173,39.3554,38.9141,38.9954,41787
2023-07-25,FXTHE,38.7033,39.5000,38.6886,39.2343,77153
2023-07-26,FXTHE,39.3892,39.7268,39.1071,39.1247,32040
2023-07-27,FXTHE,38.8784,39.1861,38.7855,39.1135,73322
2023-07-28,FXTHE,38.9571,39.0126,38.0184,38.1018,29858
2023-07-31,FXTHE,37.8925,38.6218,37.8036,38.4730,78459
2023-08-01,FXTHE,38.2389,38.2723,38.1751,38.2071,45363
2023-08-02,FXTHE,38.0032,38.4801,37.8506,38.2594,92849
2023-08-03,FXTHE,38.1496,39.0309,38.0500,39.0142,79634
2023-08-04,FXTHE,39.1765,39.3261,38.6496,38.8500,36568
2023-08-07,FXTHE,38.9026,39.0273,38.8903,38.9485,35703
2023-08-08,FXTHE,38.7115,39.8792,38.4399,39.6659,43061
2023-08-09,FXTHE,39.4744,39.7533,39.4478,39.7114,71135
2023-08-10,FXTHE,39.3490,40.1934,39.2986,39.9705,37396
2023-08-11,FXTHE,39.9437,40.6730,39.9118,40.6406,49561
2023-08-14,FXTHE,40.5843,41.0403,40.4101,40.8037,45615
2023-08-15,FXTHE,41.1379,41.7447,41.0070,41.6346,75028
2023-08-16,FXTHE,41.6854,41.8670,41.2818,41.5921,74015
2023-08-17,FXTHE,41.3716,41.5720,41.0423,41.4408,41610
2023-08-18,FXTHE,41.5529,41.7262,41.0567,41.0744,32162
2023-08-21,FXTHE,41.0541,41.2512,40.6551,40.6664,69937
2023-08-22,FXTHE,40.6153,40.6224,40.0207,40.3226,39263
2023-08-23,FXTHE,40.1462,40.6735,39.9471,40.5120,78671
2023-08-24,FXTHE,40.6571,40.7248,40.2026,40.2338,52673
2023-08-25,FXTHE,40.3093,40.8376,40.0726,40.7581,61449
2023-08-28,FXTHE,40.9470,41.3368,40.8671,41.1235,82207
2023-08-29,FXTHE,41.3239,41.6717,41.1346,41.5986,37060
2023-08-30,FXTHE,41.7498,42.4376,41.6890,42.2675,74661
2023-08-31,FXTHE,42.5099,42.7140,41.9660,42.0369,26447
2023-09-01,FXTHE,42.0319,42.0355,41.6011,41.6426,25241
2023-09-04,FXTHE,41.8081,42.6272,41.7894,42.5307,46643
2023-09-05,FXTHE,42.2538,42.9156,42.2058,42.8673,90199
2023-09-06,FXTHE,42.8361,43.0725,42.7067,43.0522,51830
2023-09-07,FXTHE,43.2051,43.9642,42.9988,43.7708,51384
2023-09-08,FXTHE,43.9816,44.2170,43.9318,44.0326,26316
2023-09-11,FXTHE,43.8988,45.0534,43.6844,44.7022,87407
2023-09-12,FXTHE,44.7780,45.8684,44.6089,45.6543,52061
2023-09-13,FXTHE,45.5034,45.6786,44.6369,45.0028,58447
2023-09-14,FXTHE,45.1924,45.6609,45.1084,45.6055,71689
2023-09-15,FXTHE,45.9083,46.1023,44.9848,45.2297,99536
2023-09-18,FXTHE,45.2374,45.3839,45.1363,45.1463,68633
2023-09-19,FXTHE,45.0362,45.0797,44.9009,44.9684,27775
2023-09-20,FXTHE,44.9793,45.7053,44.6777,45.7001,83132
2023-09-21,FXTHE,45.6432,45.6707,45.3555,45.5224,36671
2023-09-22,FXTHE,45.3499,45.5570,45.1649,45.4518,27462
2023-09-25,FXTHE,45.6105,45.8140,44.8533,45.2854,60194
2023-09-26,FXTHE,45.2300,45.3048,44.5337,44.7052,30382
2023-09-27,FXTHE,44.9415,44.9790,43.9387,44.0020,31562
2023-09-28,FXTHE,44.0019,44.1313,43.9286,43.9525,55778
2023-09-29,FXTHE,43.9776,45.1584,43.8693,45.0231,23081
2023-10-02,FXTHE,44.7109,45.3911,44.7064,45.2329,60750
2023-10-03,FXTHE,45.4396,45.4619,44.8157,45.1874,49567
2023-10-04,FXTHE,45.1646,45.1830,44.7429,44.7537,84741
2023-10-05,FXTHE,44.5988,44.8220,43.8942,43.9401,29512
2023-10-06,FXTHE,44.0896,44.4824,43.8373,44.4813,29920
2023-10-09,FXTHE,44.5848,44.7348,43.9987,44.0766,52309
2023-10-10,FXTHE,44.0284,45.0182,43.8441,44.8171,93457
2023-10-11,FXTHE,44.7199,44.8443,43.6163,43.7333,33605
2023-10-12,FXTHE,43.7240,43.7439,43.1658,43.2742,85975
2023-10-13,FXTHE,43.3195,43.5339,42.5265,42.6365,94263
2023-10-16,FXTHE,42.6499,42.7165,42.5052,42.5536,58582
2023-10-17,FXTHE,42.4658,42.6730,42.2175,42.3916,74357
2023-10-18,FXTHE,42.2700,42.5607,42.2240,42.4691,47608
2023-10-19,FXTHE,42.5380,42.6704,41.8491,41.9009,97826
2023-10-20,FXTHE,41.9189,42.6198,41.8435,42.4788,95833
2023-10-23,FXTHE,42.4062,42.4653,42.0674,42.1819,97482
2023-10-24,FXTHE,41.9690,42.6822,41.7311,42.5935,39814
2023-10-25,FXTHE,42.6034,42.6125,41.9434,42.1929,89773
2023-10-26,FXTHE,42.5977,42.7753,42.1595,42.1751,53566
2023-10-27,FXTHE,42.3480,42.4821,42.2279,42.3975,35829
2023-10-30,FXTHE,42.3849,42.3868,41.9465,41.9644,85967
2023-10-31,FXTHE,42.0273,42.0985,41.9371,42.0364,66634
2023-11-01,FXTHE,42.1407,42.2009,41.8234,41.8348,26055
2023-11-02,FXTHE,41.9832,42.0849,41.4952,41.5786,32769
2023-11-03,FXTHE,41.3410,41.9680,41.2761,41.8156,88787
2023-11-06,FXTHE,42.0307,42.2726,41.8554,42.0204,36892
2023-11-07,FXTHE,41.9358,42.4752,41.4239,41.9961,58975
2023-11-08,FXTHE,41.9293,43.2411,41.7583,43.1184,25629
2023-11-09,FXTHE,43.3171,43.6322,42.4018,42.6570,29229
2023-11-10,FXTHE,42.4139,42.6608,42.3176,42.5401,46426
2023-11-13,FXTHE,42.9836,43.1727,41.8852,42.1995,94889
2023-11-14,FXTHE,42.1120,42.5212,42.0849,42.3575,83797
2023-11-15,FXTHE,42.5705,42.6081,41.7682,41.8421,67559
2023-11-16,FXTHE,41.9680,42.6992,41.8464,42.2803,78047
2023-11-17,FXTHE,42.2994,43.1467,42.2390,43.0872,22133
2023-11-20,FXTHE,43.1505,43.3674,42.3056,42.3298,38751
2023-11-21,FXTHE,42.2196,43.3135,42.1832,42.9931,93175
2023-11-22,FXTHE,43.1278,43.6980,42.8736,43.6790,93869
2023-11-23,FXTHE,43.6824,43.7737,43.1752,43.4589,95008
2023-11-24,FXTHE,43.3790,43.3844,43.0104,43.2085,68026
2023-11-27,FXTHE,43.0657,43.3468,42.9499,43.2940,83329
2023-11-28,FXTHE,42.9859,43.0026,42.7252,42.9812,78587
2023-11-29,FXTHE,43.1357,43.1559,42.4613,42.6965,42869
2023-11-30,FXTHE,42.7341,42.7480,42.6740,42.6970,94779
2023-12-01,FXTHE,42.6063,42.6436,41.7797,42.0461,27303
2023-12-04,FXTHE,42.0283,42.0559,41.1647,41.2058,81802
2023-12-05,FXTHE,41.2978,41.3228,40.8232,41.0571,27334
2023-12-06,FXTHE,41.2892,42.0689,40.9309,41.8059,73037
2023-12-07,FXTHE,41.9859,42.1417,40.6537,40.7970,72901
2023-12-08,FXTHE,40.8696,41.0109,40.3343,40.5561,68054
2023-12-11,FXTHE,40.4598,40.8487,40.2409,40.7492,56164
2023-12-12,FXTHE,40.7674,41.2815,40.5214,41.1570,53832
2023-12-13,FXTHE,40.8634,41.3879,40.7927,41.0378,72897
2023-12-14,FXTHE,40.9395,42.4594,40.9335,42.3807,20321
2023-12-15,FXTHE,42.5775,42.6990,42.4684,42.6810,30358
2023-12-18,FXTHE,42.7861,42.8009,41.6269,41.7854,72972
2023-12-19,FXTHE,41.6371,41.8953,40.7576,40.8618,62157
2023-12-20,FXTHE,40.6701,40.7861,40.1408,40.3064,63687
2023-12-21,FXTHE,40.1451,40.3286,39.3851,39.3868,47367
2023-12-22,FXTHE,39.3661,39.4426,38.7197,38.9502,90911
2023-12-25,FXTHE,38.9183,39.2263,38.4137,38.4596,94062
2023-12-26,FXTHE,38.6584,38.8324,38.2025,38.2507,91548
2023-12-27,FXTHE,38.1134,38.3067,37.4385,37.4752,34755
2023-12-28,FXTHE,37.4025,38.2810,37.2535,38.2424,88598
2023-12-29,FXTHE,38.4577,38.5561,37.2349,37.2508,29853
2024-01-01,FXTHE,37.0922,37.8242,36.9861,37.7830,38710
2024-01-02,FXTHE,37.5871,38.0694,37.4820,38.0303,44752
2024-01-03,FXTHE,37.8958,37.9390,37.8454,37.8498,66816
2024-01-04,FXTHE,37.7595,38.3787,37.7385,38.3680,53468
2024-01-05,FXTHE,38.2503,38.9877,37.9853,38.8526,72120
2024-01-08,FXTHE,38.7935,38.9907,38.1087,38.4335,74090
2024-01-09,FXTHE,38.6816,38.8636,38.4205,38.4607,23263
2024-01-10,FXTHE,38.5376,38.6861,38.3267,38.4399,56499
2024-01-11,FXTHE,38.6186,38.6803,38.4190,38.5660,89263
2024-01-12,FXTHE,38.5050,38.8347,37.7299,37.7389,86394
2024-01-15,FXTHE,37.5884,37.7978,37.5572,37.7790,32591
2024-01-16,FXTHE,37.5919,37.8475,37.5434,37.7949,23944
2024-01-17,FXTHE,37.5580,38.2928,37.3495,38.2753,30871
2024-01-18,FXTHE,38.3501,38.3682,38.1623,38.1788,77439
2024-01-19,FXTHE,38.6290,38.7614,38.1127,38.2110,46676
2024-01-22,FXTHE,38.1735,38.2825,38.1198,38.2781,79164
2024-01-23,FXTHE,38.2267,38.2670,37.4557,37.6279,23646
2024-01-24,FXTHE,37.5558,39.0154,37.4539,38.9005,68736
2024-01-25,FXTHE,38.8654,39.2730,37.9165,38.0925,41894
2024-01-26,FXTHE,37.8614,38.1347,37.5876,38.0105,62549
2024-01-29,FXTHE,37.8121,38.4129,37.6827,38.3495,76560
2024-01-30,FXTHE,38.7567,38.9289,38.1706,38.4089,37032
2024-01-31,FXTHE,38.4254,38.4327,36.8898,36.9496,93172
2024-02-01,FXTHE,37.2653,37.3312,36.8491,37.0849,73173
2024-02-02,FXTHE,37.3441,37.9273,37.2967,37.7480,60041
2024-02-05,FXTHE,37.6378,37.7401,36.7785,36.7975,58040
2024-02-06,FXTHE,36.8936,37.5600,36.8368,37.5082,45075
2024-02-07,FXTHE,37.4330,37.9979,37.2479,37.7179,57624
2024-02-08,FXTHE,37.8086,38.3371,37.7733,38.1232,30945
2024-02-09,FXTHE,38.1943,38.4303,38.0186,38.4115,61493
2024-02-12,FXTHE,38.3503,38.4214,37.9644,38.0196,73947
2024-02-13,FXTHE,38.2449,38.6507,38.1932,38.5569,79202
2024-02-14,FXTHE,38.5567,38.6750,38.4023,38.4612,51671
2024-02-15,FXTHE,38.2256,38.3215,37.2229,37.2786,25617
2024-02-16,FXTHE,37.3320,37.4054,37.2016,37.3014,34305
2024-02-19,FXTHE,37.2787,37.2936,36.0724,36.0966,39958
2024-02-20,FXTHE,36.0903,36.5881,36.0896,36.5111,65947
2024-02-21,FXTHE,36.3220,36.4396,36.0148,36.2935,51261
2024-02-22,FXTHE,36.5045,36.8316,35.4655,35.5489,73261
2024-02-23,FXTHE,35.6325,36.6421,35.6275,36.4484,59207
2024-02-26,FXTHE,36.3260,36.5390,36.2806,36.3111,84016
2024-02-27,FXTHE,36.3091,36.5860,36.0944,36.5314,50986
2024-02-28,FXTHE,36.6997,36.8098,36.4486,36.4553,35177
2024-02-29,FXTHE,36.3188,36.3752,35.9905,36.0189,97109
2024-03-01,FXTHE,36.1756,37.3755,36.0445,37.3221,62133
2024-03-04,FXTHE,37.4710,37.5777,37.3694,37.4466,26920
2024-03-05,FXTHE,37.2268,37.5063,36.9431,37.4189,53041
2024-03-06,FXTHE,37.6601,37.7837,36.9554,37.0153,54508
2024-03-07,FXTHE,36.8374,36.9944,36.6824,36.7853,89835
2024-03-08,FXTHE,36.9237,37.2461,36.7999,37.1729,70474
2024-03-11,FXTHE,37.2796,37.5840,37.2124,37.3205,40809
2024-03-12,FXTHE,37.2567,37.9406,37.2469,37.8062,76624
2024-03-13,FXTHE,37.8396,38.2800,37.6672,37.9708,72457
2024-03-14,FXTHE,38.0188,38.0891,37.5866,37.7632,94180
2024-03-15,FXTHE,37.7233,37.9733,36.9829,37.0494,80837
2024-03-18,FXTHE,36.9613,37.9356,36.6721,37.7758,69972
2024-03-19,FXTHE,37.8094,37.8726,37.6465,37.8369,63276
2024-03-20,FXTHE,37.6020,37.6120,37.3083,37.5337,91858
2024-03-21,FXTHE,37.6178,38.2774,37.4346,37.9702,89993
2024-03-22,FXTHE,38.0324,38.2265,37.9171,38.2222,29039
2024-03-25,FXTHE,38.2670,38.5682,38.1777,38.5502,34133
2024-03-26,FXTHE,38.6769,40.0200,38.6760,39.8462,33307
2024-03-27,FXTHE,39.8574,40.3110,39.7998,39.9692,62778
2024-03-28,FXTHE,39.6682,40.1308,39.3548,40.0505,48383
2024-03-29,FXTHE,39.9339,41.5451,39.5937,41.4199,27098
2024-04-01,FXTHE,41.3837,41.7679,41.2392,41.6261,78785
2024-04-02,FXTHE,41.4317,41.7672,41.3924,41.5794,36090
2024-04-03,FXTHE,41.6060,41.6123,40.1747,40.3271,28438
2024-04-04,FXTHE,40.3105,40.4176,39.6545,39.8816,84062
2024-04-05,FXTHE,39.9488,39.9700,39.5944,39.9275,36046
2024-04-08,FXTHE,39.8017,39.8092,39.2098,39.3185,49118
2024-04-09,FXTHE,39.3615,40.3554,39.3169,40.2863,91535
2024-04-10,FXTHE,40.0565,41.1127,40.0106,40.7752,83358
2024-04-11,FXTHE,40.7540,40.7742,40.6010,40.6807,70026
2024-04-12,FXTHE,40.9975,41.2282,39.7022,39.8609,77412
2024-04-15,FXTHE,39.9795,40.8312,39.6952,40.8172,66839
2024-04-16,FXTHE,40.8695,40.9025,40.3820,40.5540,31844
2024-04-17,FXTHE,40.6596,40.9304,40.4283,40.7429,75514
2024-04-18,FXTHE,40.7536,40.8085,40.5712,40.7386,85722
2024-04-19,FXTHE,40.5757,40.9826,40.5031,40.5383,89148
2024-04-22,FXTHE,40.4705,40.6346,40.0953,40.2238,36478
2024-04-23,FXTHE,40.2869,40.6998,39.8068,39.8650,73489
2024-04-24,FXTHE,39.7872,41.1228,39.7172,40.9146,71120
2024-04-25,FXTHE,40.8829,40.9934,40.2695,40.3298,99755
2024-04-26,FXTHE,40.2012,40.4864,40.1311,40.3272,27712
2024-04-29,FXTHE,40.2767,40.4400,40.0674,40.1279,69021
2024-04-30,FXTHE,40.1065,40.2477,40.0024,40.1118,98688
2024-05-01,FXTHE,39.8615,39.8867,39.7863,39.8009,64268
2024-05-02,FXTHE,39.8848,40.4754,39.6977,40.4460,43663
2024-05-03,FXTHE,40.5620,40.7594,40.1592,40.3278,92747
2024-05-06,FXTHE,40.5096,41.0535,40.4492,40.9961,47293
2024-05-07,FXTHE,40.9071,40.9439,40.1496,40.3249,68810
2024-05-08,FXTHE,40.3949,40.4340,39.8839,40.1053,90381
2024-05-09,FXTHE,40.0193,40.1562,39.7442,39.9747,89097
2024-05-10,FXTHE,39.9051,40.3568,39.6254,40.3125,46757
2024-05-13,FXTHE,40.1973,40.2091,39.7885,39.7923,35716
2024-05-14,FXTHE,39.7154,40.1704,39.7127,40.0373,68810
2024-05-15,FXTHE,39.9789,40.2597,39.7836,39.9461,46761
2024-05-16,FXTHE,40.0746,40.0776,39.7229,39.7898,23630
2024-05-17,FXTHE,39.8514,39.8889,39.4624,39.5061,47699
2024-05-20,FXTHE,39.3742,41.1757,39.3347,40.7644,85094
2024-05-21,FXTHE,41.0077,41.1400,40.9180,41.0806,96026
2024-05-22,FXTHE,41.3660,41.5979,40.9494,41.1839,87306
2024-05-23,FXTHE,41.4580,41.7224,40.4479,40.5208,32346
2024-05-24,FXTHE,40.5461,41.0064,40.5404,40.7566,96719
2024-05-27,FXTHE,40.7733,40.7851,40.6059,40.7315,78349
2024-05-28,FXTHE,40.5278,40.8216,40.4892,40.7795,80692
2024-05-29,FXTHE,40.8144,40.9694,40.1455,40.2681,28111
2024-05-30,FXTHE,40.2892,40.9928,40.2360,40.8327,60743
2024-05-31,FXTHE,41.1439,41.3048,40.7009,40.7658,20932
2024-06-03,FXTHE,40.8125,40.8542,40.5991,40.6360,54733
2024-06-04,FXTHE,40.4736,41.1847,40.4404,40.8055,86583
2024-06-05,FXTHE,40.8080,41.0277,40.6252,40.6527,75906
2024-06-06,FXTHE,40.6336,40.9112,40.2544,40.3396,61207
2024-06-07,FXTHE,40.3499,40.4620,39.7228,39.8504,76745
2024-06-10,FXTHE,40.0434,40.5051,39.9777,40.2867,21435
2024-06-11,FXTHE,40.6062,40.6752,39.7649,40.3889,87603
2024-06-12,FXTHE,40.3874,40.9038,40.3387,40.5935,33583
2024-06-13,FXTHE,40.5928,40.7351,39.5796,39.7883,76146
2024-06-14,FXTHE,39.8255,39.9428,39.4838,39.6404,20140
2024-06-17,FXTHE,39.3957,40.2463,39.2933,40.1524,89588
2024-06-18,FXTHE,40.2698,40.2811,39.6023,39.8896,42066
2024-06-19,FXTHE,39.9137,39.9365,39.4630,39.7235,59122
2024-06-20,FXTHE,39.9036,40.0381,39.4416,39.4519,88951
2024-06-21,FXTHE,39.4180,39.7954,39.1552,39.6678,24569
2024-06-24,FXTHE,39.9139,40.1241,39.2763,39.4713,48499
2024-06-25,FXTHE,39.2914,39.8719,39.1389,39.6827,43297
2024-06-26,FXTHE,39.7562,39.8161,39.6793,39.7301,92883
2024-06-27,FXTHE,39.7336,39.8054,39.2906,39.3676,35904
2024-06-28,FXTHE,39.4045,39.6205,39.1049,39.5627,51325
2024-07-01,FXTHE,39.4643,39.5523,39.1991,39.3096,89941
2024-07-02,FXTHE,39.5503,39.6457,38.1593,38.4627,62752
2024-07-03,FXTHE,38.3348,38.4194,37.4770,37.6276,59800
2024-07-04,FXTHE,37.7253,38.2169,37.6339,38.1871,23921
2024-07-05,FXTHE,38.2167,38.5495,38.1204,38.4555,97456
2024-07-08,FXTHE,38.5924,39.2494,38.5091,39.1354,52216
2024-07-09,FXTHE,39.2227,40.2845,39.0966,39.9423,39398
2024-07-10,FXTHE,40.1083,40.4057,39.9558,40.1680,39144
2024-07-11,FXTHE,40.1630,40.6767,40.1445,40.4351,68615
2024-07-12,FXTHE,40.6623,40.7486,40.6124,40.6983,54347
2024-07-15,FXTHE,40.7261,40.7793,40.5871,40.6914,38956
2024-07-16,FXTHE,40.5435,40.7811,40.5344,40.6650,62375
2024-07-17,FXTHE,40.6278,40.9025,40.6149,40.7934,43190
2024-07-18,FXTHE,41.0621,41.1636,40.2835,40.3549,86759
2024-07-19,FXTHE,40.2099,40.2375,40.0852,40.1109,43292
2024-07-22,FXTHE,39.8256,39.9737,39.7249,39.9014,35067
2024-07-23,FXTHE,39.9359,40.0215,39.6218,39.8495,87790
2024-07-24,FXTHE,39.8825,40.6233,39.5525,40.4980,88358
2024-07-25,FXTHE,40.5621,40.7441,39.0275,39.2844,45593
2024-07-26,FXTHE,39.2136,40.1815,39.1491,40.1043,22971
2024-07-29,FXTHE,39.9948,40.0408,39.4616,39.4883,58605
2024-07-30,FXTHE,39.5300,39.6962,38.7437,38.8367,93729
2024-07-31,FXTHE,39.0265,39.5706,38.9427,39.4812,20377
2024-08-01,FXTHE,39.2540,39.7531,39.0606,39.7213,85293
2024-08-02,FXTHE,39.7724,39.7929,39.3721,39.5536,88940
2024-08-05,FXTHE,39.5955,40.1661,39.4791,40.0780,47077
2024-08-06,FXTHE,40.2026,40.3449,39.8407,39.9134,29177
2024-08-07,FXTHE,39.9010,40.0519,39.7787,40.0300,47746
2024-08-08,FXTHE,39.8919,40.3268,39.5284,40.0229,61641
2024-08-09,FXTHE,40.1353,40.2306,39.8955,40.0296,48955
2024-08-12,FXTHE,40.1302,40.2334,39.6851,39.7802,25085
2024-08-13,FXTHE,39.7713,39.9280,39.3211,39.3248,20579
2024-08-14,FXTHE,39.6009,40.1047,39.5245,40.0009,74281
2024-08-15,FXTHE,40.0183,40.9684,39.8379,40.8780,43060
2024-08-16,FXTHE,40.8563,40.9855,40.5776,40.7648,83797
2024-08-19,FXTHE,40.8944,41.2138,40.8886,41.1204,49809
2024-08-20,FXTHE,41.1358,41.7401,41.1111,41.6924,65268
2024-08-21,FXTHE,41.6703,41.7279,41.0606,41.3365,67822
2024-08-22,FXTHE,41.4957,41.6054,40.5712,40.7293,25551
2024-08-23,FXTHE,40.6401,41.0399,40.4759,40.8436,87234
2024-08-26,FXTHE,40.9317,41.0624,40.7513,40.7888,95094
2024-08-27,FXTHE,40.8452,41.2747,40.8313,41.2388,35474
2024-08-28,FXTHE,40.8451,40.9113,40.6914,40.6977,61511
2024-08-29,FXTHE,40.6438,40.8607,40.4194,40.4966,43293
2024-08-30,FXTHE,40.6741,41.1919,40.5071,41.1639,47781
2024-09-02,FXTHE,41.0562,41.1509,40.0276,40.1530,51735
2024-09-03,FXTHE,40.0053,40.1753,39.7241,39.7256,25175
2024-09-04,FXTHE,39.3730,39.6656,39.1221,39.6206,53399
2024-09-05,FXTHE,39.3865,39.6696,39.2503,39.5407,95292
2024-09-06,FXTHE,39.6698,39.7214,38.7693,38.9701,23903
2024-09-09,FXTHE,39.2519,39.4513,38.4177,38.4716,46922
2024-09-10,FXTHE,38.1987,39.5513,37.9566,39.4186,59662
2024-09-11,FXTHE,39.6002,39.8480,39.1320,39.1859,67900
2024-09-12,FXTHE,38.9172,39.0223,38.2161,38.3765,78277
2024-09-13,FXTHE,37.9803,38.9212,37.9558,38.8203,96852
2024-09-16,FXTHE,38.7713,39.0511,38.7555,38.8752,22143
2024-09-17,FXTHE,39.0320,39.4304,38.3539,38.6774,70289
2024-09-18,FXTHE,38.6444,39.6866,38.4490,39.5931,69092
2024-09-19,FXTHE,39.7064,39.9397,38.9538,39.1728,83229
2024-09-20,FXTHE,39.0703,39.3265,38.7266,38.8872,36115
2024-09-23,FXTHE,39.2020,39.2601,38.6062,38.7586,35660
2024-09-24,FXTHE,38.7756,38.9284,37.6183,37.9061,57454
2024-09-25,FXTHE,37.7157,37.8845,37.6614,37.7563,57963
2024-09-26,FXTHE,37.7263,37.8211,36.6571,36.8123,50539
2024-09-27,FXTHE,36.7374,37.5382,36.6657,37.4865,48300
2024-09-30,FXTHE,37.4128,37.4677,37.2495,37.3286,22291
2024-10-01,FXTHE,37.4148,37.6854,37.0212,37.0317,61645
2024-10-02,FXTHE,37.1543,37.3093,37.0104,37.1864,39280
2024-10-03,FXTHE,37.6168,37.7957,37.5578,37.6971,58967
2024-10-04,FXTHE,37.7312,38.0863,37.5495,38.0195,30265
2024-10-07,FXTHE,37.9862,38.0047,37.4856,37.4966,64320
2024-10-08,FXTHE,37.6804,37.8197,35.5886,35.7710,24485
2024-10-09,FXTHE,35.6345,35.8653,35.4250,35.8358,78506
2024-10-10,FXTHE,35.8868,36.4927,35.8271,36.3552,91123
2024-10-11,FXTHE,36.5605,36.8651,36.3888,36.4026,33819
2024-10-14,FXTHE,36.3810,36.7267,35.9509,35.9895,55771
2024-10-15,FXTHE,36.1362,37.0462,36.1138,36.9778,64611
2024-10-16,FXTHE,37.1972,37.2657,36.3556,36.5939,41827
2024-10-17,FXTHE,36.7545,36.7899,36.0329,36.1012,62053
2024-10-18,FXTHE,36.2090,36.8246,36.0980,36.5248,37939
2024-10-21,FXTHE,36.6822,37.1013,36.5652,37.0217,55325
2024-10-22,FXTHE,37.0005,37.2611,36.9765,37.2510,35746
2024-10-23,FXTHE,37.2527,37.3220,37.1281,37.2127,84822
2024-10-24,FXTHE,37.1499,37.8174,37.1285,37.5666,99676
2024-10-25,FXTHE,37.5664,38.3248,37.3548,38.3105,26488
2024-10-28,FXTHE,38.2682,38.6642,38.1827,38.3506,70427
2024-10-29,FXTHE,38.2362,39.3122,38.1823,39.0619,85264
2024-10-30,FXTHE,38.9264,39.6345,38.7820,39.3890,37047
2024-10-31,FXTHE,39.5684,39.7901,39.3373,39.7572,54081
2024-11-01,FXTHE,39.5722,40.8194,39.5427,40.4947,97367
2024-11-04,FXTHE,40.3855,40.5104,39.9355,40.2140,66136
2024-11-05,FXTHE,40.1327,40.5934,40.0824,40.5610,73678
2024-11-06,FXTHE,40.6706,40.7154,40.3693,40.3730,34951
2024-11-07,FXTHE,40.2977,40.4287,39.6052,39.6597,61970
2024-11-08,FXTHE,39.8180,40.6452,39.6731,40.4891,70737
2024-11-11,FXTHE,40.6132,40.8766,39.8062,39.9835,41950
2024-11-12,FXTHE,39.8699,40.4622,39.7175,40.3205,54072
2024-11-13,FXTHE,40.2718,41.2070,40.1975,41.0769,62508
2024-11-14,FXTHE,41.5261,41.5464,41.1384,41.2040,90007
2024-11-15,FXTHE,41.3295,41.3539,40.8902,41.1714,53475
2024-11-18,FXTHE,40.8714,40.9144,40.8023,40.8287,63228
2024-11-19,FXTHE,40.7137,40.8060,40.4267,40.4450,47761
2024-11-20,FXTHE,40.3412,40.6135,39.2508,39.7520,74521
2024-11-21,FXTHE,39.9551,40.1428,39.9504,40.0199,64162
2024-11-22,FXTHE,39.6921,40.6763,39.4745,40.5632,28365
2024-11-25,FXTHE,40.6608,40.6732,39.8338,39.9235,54552
2024-11-26,FXTHE,39.8817,40.0229,39.8073,39.9213,46524
2024-11-27,FXTHE,39.6835,39.9622,39.5199,39.7456,94470
2024-11-28,FXTHE,39.9394,40.1185,39.6487,39.8148,70604
2024-11-29,FXTHE,39.8375,39.8386,39.6560,39.7616,88135
2024-12-02,FXTHE,39.6903,39.8776,39.2973,39.6386,77261
2024-12-03,FXTHE,39.7008,39.9477,39.6232,39.8366,99241
2024-12-04,FXTHE,39.9998,40.1314,39.5367,39.7756,70691
2024-12-05,FXTHE,40.0728,40.1050,39.4400,39.5255,48395
2024-12-06,FXTHE,39.1640,39.5311,39.0324,39.3847,27614
2024-12-09,FXTHE,39.2963,39.4871,39.0350,39.0607,87931
2024-12-10,FXTHE,38.8767,39.0330,38.8685,38.9900,89389
2024-12-11,FXTHE,39.1997,39.5376,38.9723,39.4617,96083
2024-12-12,FXTHE,39.3564,40.7220,38.9901,40.5176,70761
2024-12-13,FXTHE,40.7697,40.9138,40.2740,40.4631,57234
2024-12-16,FXTHE,40.1958,40.6312,40.0745,40.4664,54193
2024-12-17,FXTHE,40.2865,40.7935,40.2114,40.7268,32639
2024-12-18,FXTHE,40.4171,40.5786,40.2787,40.4390,61708
2024-12-19,FXTHE,40.6125,40.6339,40.1895,40.3412,51981
2024-12-20,FXTHE,40.3890,40.4165,39.8216,40.1198,39609
2024-12-23,FXTHE,40.2387,41.1937,40.1104,40.9875,24749
2024-12-24,FXTHE,40.5441,41.5236,40.5224,41.3081,95020
2024-12-25,FXTHE,41.2067,41.3574,41.1295,41.2384,71960
2024-12-26,FXTHE,41.1427,41.4766,40.8625,41.4273,54297
2024-12-27,FXTHE,41.5178,41.6502,40.5590,40.6443,20233
2024-12-30,FXTHE,40.7435,40.9659,40.2694,40.3638,74951
2024-12-31,FXTHE,40.4133,41.2804,40.2842,41.2610,51992
2025-01-01,FXTHE,41.5159,41.5499,40.9003,41.1252,76818
2025-01-02,FXTHE,41.1977,41.5789,41.0381,41.5010,39288
2025-01-03,FXTHE,41.3036,41.7904,41.0495,41.6591,30126
2025-01-06,FXTHE,41.6516,41.9407,41.4676,41.9383,85141
2025-01-07,FXTHE,41.6518,42.0201,41.0924,41.1830,91833
2025-01-08,FXTHE,41.1874,41.5370,41.1590,41.3937,55128
2025-01-09,FXTHE,41.5410,42.3466,41.2602,42.2523,76277
2025-01-10,FXTHE,42.2019,43.4276,42.0793,43.3101,83670
2025-01-13,FXTHE,43.0620,43.2094,42.9157,43.1211,41373
2025-01-14,FXTHE,42.9582,43.0253,42.8043,42.9570,71992
2025-01-15,FXTHE,43.0369,43.3915,42.8007,43.3690,94500
2025-01-16,FXTHE,43.2614,43.6391,43.1227,43.4552,22920
2025-01-17,FXTHE,43.3552,43.7004,43.1567,43.6191,27416
2025-01-20,FXTHE,43.7582,43.8552,42.5665,42.6184,25712
2025-01-21,FXTHE,42.7461,43.2725,42.5661,43.0605,70575
2025-01-22,FXTHE,43.2355,43.2519,42.7906,42.7956,46261
2025-01-23,FXTHE,42.7923,42.8844,42.3564,42.5316,78367
2025-01-24,FXTHE,42.3309,42.8504,41.9219,42.2331,44142
2025-01-27,FXTHE,42.2938,42.4020,41.7744,42.0827,60351
2025-01-28,FXTHE,42.0749,43.3042,42.0489,43.2591,93227
2025-01-29,FXTHE,43.3948,43.7893,43.3648,43.5503,61635
2025-01-30,FXTHE,43.7047,44.1678,43.3975,43.9226,77754
2025-01-31,FXTHE,43.6342,43.8959,43.6201,43.8103,60642
2025-02-03,FXTHE,43.8998,43.9331,43.0921,43.1902,29067
2025-02-04,FXTHE,43.0988,43.3266,43.0249,43.3175,80986
2025-02-05,FXTHE,43.2373,44.1680,43.2236,44.1415,32562
2025-02-06,FXTHE,44.0269,44.2591,43.2120,43.2423,85895
2025-02-07,FXTHE,43.3640,43.4915,42.9857,43.1111,23572
2025-02-10,FXTHE,43.3461,43.4844,43.0174,43.2128,85491
2025-02-11,FXTHE,43.2559,43.5407,43.1198,43.3685,59680
2025-02-12,FXTHE,43.3483,43.7207,43.1995,43.5760,48127
2025-02-13,FXTHE,43.7401,43.8615,43.5810,43.5835,44108
2025-02-14,FXTHE,43.6834,43.7047,43.1923,43.2773,99842
2025-02-17,FXTHE,43.0815,44.3029,42.7936,44.0395,80635
2025-02-18,FXTHE,43.8911,44.3646,43.8578,44.0864,70434
2025-02-19,FXTHE,43.8922,44.6708,43.7387,44.4277,39045
2025-02-20,FXTHE,44.4051,45.2587,44.2016,45.0702,37546
2025-02-21,FXTHE,44.8963,44.9040,44.5314,44.5867,78104
2025-02-24,FXTHE,44.6214,44.6672,43.7139,43.7965,26130
2025-02-25,FXTHE,43.8987,44.9274,43.8948,44.8564,34019
2025-02-26,FXTHE,44.7073,45.3644,44.6466,45.2478,52200
2025-02-27,FXTHE,45.2356,45.3699,44.0226,44.2511,70081
2025-02-28,FXTHE,43.9226,44.1768,43.8349,44.0494,77686
2025-03-03,FXTHE,43.8890,45.8581,43.8492,45.8446,70635
2025-03-04,FXTHE,45.9366,46.0944,45.6108,45.6485,28724
2025-03-05,FXTHE,45.7005,46.9793,45.6652,46.6384,97239
2025-03-06,FXTHE,46.6711,47.0903,45.9152,46.1956,95004
2025-03-07,FXTHE,45.9134,47.1049,45.7963,46.8837,83015
2025-03-10,FXTHE,46.9826,47.0570,45.9875,46.0145,48691
2025-03-11,FXTHE,46.0254,46.1105,45.6554,45.7633,78766
2025-03-12,FXTHE,45.6512,46.1276,45.6490,46.0951,75983
2025-03-13,FXTHE,45.9856,46.8108,45.8910,46.8000,61357
2025-03-14,FXTHE,46.8526,47.2982,46.7479,47.1540,25998
2025-03-17,FXTHE,47.2301,48.9047,46.9349,48.6065,23284
2025-03-18,FXTHE,48.6128,48.8522,48.4804,48.5570,89731
2025-03-19,FXTHE,48.4093,48.5166,48.0729,48.4062,78064
2025-03-20,FXTHE,48.3046,48.5473,48.2642,48.4252,40558
2025-03-21,FXTHE,48.5209,48.7950,48.2611,48.6584,42613
2025-03-24,FXTHE,48.5178,48.6528,47.5470,47.8180,92912
2025-03-25,FXTHE,47.8968,48.0126,47.5971,47.6115,48429
2025-03-26,FXTHE,47.1160,47.2320,46.3683,46.6636,95880
2025-03-27,FXTHE,46.3863,46.5873,46.1210,46.4007,91285
2025-03-28,FXTHE,46.4992,46.9918,46.0862,46.8064,96104
2025-03-31,FXTHE,46.7356,47.9370,46.6555,47.8153,91453
2025-04-01,FXTHE,48.0744,48.3759,46.9390,47.0540,93464
2025-04-02,FXTHE,47.1759,47.4712,46.9013,46.9856,31293
2025-04-03,FXTHE,46.7828,47.8864,46.7258,47.8196,66074
2025-04-04,FXTHE,47.8171,48.0562,47.4794,47.8763,98882
2025-04-07,FXTHE,47.7920,48.9611,47.6251,48.7159,41069
2025-04-08,FXTHE,48.4101,50.3437,48.2441,50.3090,94400
2025-04-09,FXTHE,49.9381,50.2148,49.6389,50.0709,63188
2025-04-10,FXTHE,49.7046,50.9495,49.6761,50.7425,39665
2025-04-11,FXTHE,50.7811,51.1960,50.6247,51.0524,41013
2025-04-14,FXTHE,51.2845,52.1887,51.1844,51.7103,94136
2025-04-15,FXTHE,51.8226,52.7772,51.4919,52.6267,51060
2025-04-16,FXTHE,52.4752,52.5071,52.3738,52.4146,66169
2025-04-17,FXTHE,52.3080,52.4124,52.1416,52.1650,43648
2025-04-18,FXTHE,52.3447,52.4317,51.7022,52.0171,68466
2025-04-21,FXTHE,51.7697,52.0257,51.2938,51.4495,82962
2025-04-22,FXTHE,51.6954,52.0953,51.4888,51.8675,88361
2025-04-23,FXTHE,52.0217,52.2221,50.2950,50.4570,72371
2025-04-24,FXTHE,50.5274,50.8750,49.6026,49.8989,47417
2025-04-25,FXTHE,49.6252,50.4850,49.5886,50.4296,82230
2025-04-28,FXTHE,50.3053,50.5789,50.2568,50.4497,41992
2025-04-29,FXTHE,50.3837,50.4411,50.1856,50.2250,87464
2025-04-30,FXTHE,50.3400,51.1531,50.3385,51.1274,31233
2025-05-01,FXTHE,51.4120,51.5028,50.1351,50.3605,44627
2025-05-02,FXTHE,50.3173,50.5146,50.1564,50.2880,42756
2025-05-05,FXTHE,50.1275,50.7421,50.1219,50.6742,30942
2025-05-06,FXTHE,50.7139,51.1002,50.6852,50.7181,62239
2025-05-07,FXTHE,50.8550,51.4230,50.6965,51.4223,59430
2025-05-08,FXTHE,51.3905,51.4681,51.1017,51.1607,69950
2025-05-09,FXTHE,50.8607,51.1447,50.7591,50.8213,31430
2025-05-12,FXTHE,51.0150,51.4362,50.6117,51.1463,94543
2025-05-13,FXTHE,51.0007,51.1455,50.4144,50.4781,57619
2025-05-14,FXTHE,50.6235,50.8464,48.6970,48.7080,48959
2025-05-15,FXTHE,48.8797,48.8940,48.2714,48.3807,90630
2025-05-16,FXTHE,48.7173,49.3318,48.5730,48.7851,74717
2025-05-19,FXTHE,48.6378,49.6963,48.4744,49.2354,98502
2025-05-20,FXTHE,49.3950,49.4905,48.9653,49.0238,28481
2025-05-21,FXTHE,48.9967,49.8226,48.9170,49.7877,78624
2025-05-22,FXTHE,49.5831,50.9565,49.2236,50.8907,30390
2025-05-23,FXTHE,50.7550,51.7525,50.6588,51.4588,79324
2025-05-26,FXTHE,51.4116,52.0605,51.3804,51.8833,70732
2025-05-27,FXTHE,52.2444,52.4183,50.6454,50.8540,28049
2025-05-28,FXTHE,51.0383,51.3024,50.2115,50.2665,70184
2025-05-29,FXTHE,49.9342,50.2442,49.8761,50.1278,72452
2025-05-30,FXTHE,50.1067,50.5304,50.1061,50.5119,42792
2025-06-02,FXTHE,50.4301,51.9497,50.3600,51.9235,39378
2025-06-03,FXTHE,51.9620,52.5717,51.6128,51.7627,72015
2025-06-04,FXTHE,51.8341,52.3595,51.7178,52.1492,52798
2025-06-05,FXTHE,52.1235,52.2758,52.0027,52.0218,56239
2025-06-06,FXTHE,52.1215,52.2967,51.8637,52.2909,59749
2025-06-09,FXTHE,52.4056,52.6824,51.3824,51.5310,23703
2025-06-10,FXTHE,51.8575,52.1134,50.5540,50.7373,20725
2025-06-11,FXTHE,50.8133,51.8456,50.5081,51.7105,33861
2025-06-12,FXTHE,51.7002,52.1085,51.3174,51.4581,43943
2025-06-13,FXTHE,51.3433,51.5665,51.1013,51.5295,41766
2025-06-16,FXTHE,51.7927,52.5645,51.7875,52.3193,37480
2025-06-17,FXTHE,52.2772,53.6100,52.1445,53.4468,71846
2025-06-18,FXTHE,53.2140,53.6762,53.0936,53.5341,31931
2025-06-19,FXTHE,53.6708,54.0513,53.2044,53.2609,75944
2025-06-20,FXTHE,53.3920,53.5644,53.0704,53.1505,41780
2025-06-23,FXTHE,52.6964,53.8543,52.6020,53.8455,38010
2025-06-24,FXTHE,53.8800,54.0761,52.7744,53.0050,87459
2025-06-25,FXTHE,53.0701,53.0737,52.2231,52.7104,39459
2025-06-26,FXTHE,52.5238,54.3608,52.5223,54.3557,35440
2025-06-27,FXTHE,54.3184,56.3561,54.2079,56.0390,20577
2025-06-30,FXTHE,55.9430,56.3356,54.2569,54.4788,49813
2025-07-01,FXTHE,54.5050,54.7451,54.4812,54.7299,33639
2025-07-02,FXTHE,54.8094,55.5828,54.3974,55.5804,57401
2025-07-03,FXTHE,55.7541,55.7781,55.4310,55.6107,67954
2025-07-04,FXTHE,55.7024,56.9920,55.5350,56.5555,86059
2025-07-07,FXTHE,56.6398,56.7380,55.5008,55.9258,68762
2025-07-08,FXTHE,56.0277,56.3751,55.9601,56.2351,92578
2025-07-09,FXTHE,56.0812,56.6409,55.8552,56.2448,22762
2025-07-10,FXTHE,56.5561,56.8361,56.2986,56.8061,90747
2025-07-11,FXTHE,56.8570,56.8938,56.3576,56.5001,44798
2025-07-14,FXTHE,56.3952,56.5357,55.5154,55.6638,58930
2025-07-15,FXTHE,55.6606,56.7191,55.5326,56.4090,54579
2025-07-16,FXTHE,55.9761,57.2366,55.7723,56.9632,41360
2025-07-17,FXTHE,56.9995,57.0542,56.7905,56.8185,69795
2025-07-18,FXTHE,56.7741,57.1269,56.7146,57.1173,97656
2025-07-21,FXTHE,57.1298,57.6699,56.5804,57.4990,96130
2025-07-22,FXTHE,57.0493,57.1058,56.7658,56.8083,55666
2025-07-23,FXTHE,56.8932,57.2689,56.7737,57.0881,28259
2025-07-24,FXTHE,57.0549,57.6150,55.9232,56.2299,79055
2025-07-25,FXTHE,55.7963,56.2598,55.0692,55.2937,98449
2025-07-28,FXTHE,55.3823,55.5138,54.2284,54.4701,42989
2025-07-29,FXTHE,54.4452,54.8619,53.9378,54.7299,94299
2025-07-30,FXTHE,54.2177,55.6024,53.9131,55.5636,26076
2025-07-31,FXTHE,55.6317,55.8975,55.4013,55.7524,64166
2025-08-01,FXTHE,55.3533,56.7033,54.9183,56.4720,85808
2025-08-04,FXTHE,56.6209,57.3546,56.5468,57.0481,32252
2025-08-05,FXTHE,57.1166,57.2392,56.1788,56.6685,89289
2025-08-06,FXTHE,56.1340,56.7063,55.8032,55.8984,88892
2025-08-07,FXTHE,55.9092,56.9523,55.7319,56.9178,73891
2025-08-08,FXTHE,56.7269,56.8521,56.6293,56.7652,97860
2025-08-11,FXTHE,56.8792,57.3402,56.5630,56.6989,71548
2025-08-12,FXTHE,56.7827,57.1936,56.3186,57.1187,31030
2025-08-13,FXTHE,56.9187,57.1102,56.8903,57.0822,98674
2025-08-14,FXTHE,57.0604,57.5540,56.5629,57.0326,85622
2025-08-15,FXTHE,56.9742,57.7386,56.8511,57.7000,74641
2025-08-18,FXTHE,57.7246,58.6693,57.4142,58.5211,54447
2025-08-19,FXTHE,58.4518,58.6659,58.0236,58.1450,98184
2025-08-20,FXTHE,57.8862,58.0950,57.3157,57.5943,46378
2025-08-21,FXTHE,57.3912,58.0425,56.9558,57.8743,73915
2025-08-22,FXTHE,57.5806,57.7490,56.2037,56.4677,75540
2025-08-25,FXTHE,56.4433,56.4435,55.6232,55.7742,24392
2025-08-26,FXTHE,55.6070,56.1085,55.5833,55.7781,89230
2025-08-27,FXTHE,55.4005,56.5945,55.2778,56.4262,84448
2025-08-28,FXTHE,56.1500,56.5926,56.0732,56.5654,32880
2025-08-29,FXTHE,56.6133,56.7752,56.2431,56.3159,29863
2025-09-01,FXTHE,56.3187,57.2370,56.0675,57.0135,78254
2025-09-02,FXTHE,56.8971,57.7399,56.8734,57.5616,23557
2025-09-03,FXTHE,57.9565,58.6430,57.9474,58.4438,55540
2025-09-04,FXTHE,58.1609,58.1637,57.5892,57.7082,22190
2025-09-05,FXTHE,57.4283,57.8086,57.2817,57.7697,77439
2025-09-08,FXTHE,57.9903,58.5418,57.5954,58.3458,93545
2025-09-09,FXTHE,58.5233,58.8714,57.9459,58.2932,92644
2025-09-10,FXTHE,58.1756,59.0124,57.9372,58.7067,54434
2025-09-11,FXTHE,58.7377,58.8060,57.9895,58.3011,96067
2025-09-12,FXTHE,57.9270,58.8137,57.7365,58.6818,40345
2025-09-15,FXTHE,59.2772,59.4157,57.4402,57.9679,22183
2025-09-16,FXTHE,58.1169,58.7513,58.0204,58.6183,37750
2025-09-17,FXTHE,58.2653,59.0671,58.0730,58.9432,38376
2025-09-18,FXTHE,58.7589,58.7955,57.9671,58.3894,84521
2025-09-19,FXTHE,58.5938,58.8877,58.3849,58.5630,35554
2025-09-22,FXTHE,58.8758,59.2377,58.0625,58.2502,69313
2025-09-23,FXTHE,58.5018,58.6640,58.0752,58.3888,93093
2025-09-24,FXTHE,58.4596,58.5456,58.3308,58.3337,38636
2025-09-25,FXTHE,58.4280,58.5935,57.5569,57.9620,79984
2025-09-26,FXTHE,58.2035,58.3468,57.6120,57.6943,31363
2025-09-29,FXTHE,57.5292,57.7452,56.0969,56.3857,81209
2025-09-30,FXTHE,55.9000,57.2347,55.8840,56.8040,48751
2025-10-01,FXTHE,56.5234,58.8516,56.4426,58.4408,94916
2025-10-02,FXTHE,58.1479,58.8600,57.8599,58.8022,91748
2025-10-03,FXTHE,58.5169,59.9267,58.4296,59.8527,27472
2025-10-06,FXTHE,59.8546,60.8970,59.3767,60.2137,87695
2025-10-07,FXTHE,60.3996,60.6324,59.7055,59.7115,29613
2025-10-08,FXTHE,59.9364,60.0644,59.1600,59.2600,68380
2025-10-09,FXTHE,59.3261,61.4263,59.3233,60.8294,64616
2025-10-10,FXTHE,60.9478,60.9608,60.2182,60.3426,75906
2025-10-13,FXTHE,60.4263,60.5561,59.5656,59.9308,75341
2025-10-14,FXTHE,60.0267,60.1391,58.8370,58.9796,71723
2025-10-15,FXTHE,58.8998,59.1915,57.1894,57.6088,71134
2025-10-16,FXTHE,57.7613,57.7930,57.0607,57.0791,94365
2025-10-17,FXTHE,57.0782,57.2977,56.2057,56.2338,90182
2025-10-20,FXTHE,56.1275,56.2785,55.8677,56.2119,54104
2025-10-21,FXTHE,56.2807,56.6460,55.9658,56.6338,42206
2025-10-22,FXTHE,56.4891,56.8279,56.2947,56.6008,60081
2025-10-23,FXTHE,56.9509,57.2044,56.2059,56.3321,52088
2025-10-24,FXTHE,56.4200,56.4985,56.0850,56.1125,60398
2025-10-27,FXTHE,56.3139,57.2460,56.1579,56.5847,20232
2025-10-28,FXTHE,56.7242,57.0331,56.2946,56.8341,87005
2025-10-29,FXTHE,56.9537,57.0909,55.5227,55.8440,89556
2025-10-30,FXTHE,56.1334,56.5144,56.1260,56.2868,20995
2025-10-31,FXTHE,56.4699,56.9837,56.2618,56.7190,62538
2025-11-03,FXTHE,56.8465,58.5926,56.6441,58.1166,47308
2025-11-04,FXTHE,58.4176,58.8368,58.2889,58.5900,44345
2025-11-05,FXTHE,58.9154,60.1055,58.8412,59.7811,81220
2025-11-06,FXTHE,59.7024,60.1401,59.6293,59.9069,73279
2025-11-07,FXTHE,60.1884,60.2711,59.6840,59.8709,62817
2025-11-10,FXTHE,59.9448,59.9891,59.7450,59.8380,85497
2025-11-11,FXTHE,60.1505,61.8398,60.1124,61.8005,66720
2025-11-12,FXTHE,61.6677,61.6961,61.3012,61.4672,40636
2025-11-13,FXTHE,60.9414,61.7535,60.7817,61.6013,28495
2025-11-14,FXTHE,61.0136,62.7302,60.9494,62.1255,95144
2025-11-17,FXTHE,61.9812,63.3689,61.9625,63.1202,29696
2025-11-18,FXTHE,63.0203,63.1023,62.6308,62.7890,92414
2025-11-19,FXTHE,62.4742,64.6340,62.2563,64.1419,65903
2025-11-20,FXTHE,64.3358,64.9250,64.2971,64.5696,76013
2025-11-21,FXTHE,64.6569,65.0359,64.2209,64.5395,20517
2025-11-24,FXTHE,64.7629,65.0284,63.5904,63.7058,32492
2025-11-25,FXTHE,63.6517,63.8503,63.2427,63.3877,56512
2025-11-26,FXTHE,63.3017,63.3219,62.7026,63.1139,40142
2025-11-27,FXTHE,63.0865,63.4887,62.9004,62.9607,55945
2025-11-28,FXTHE,63.3120,63.5713,61.8780,61.9999,70836
2025-12-01,FXTHE,61.7534,62.0005,60.3553,60.5107,57474
2025-12-02,FXTHE,60.4842,61.6707,60.4570,61.5248,72123
2025-12-03,FXTHE,61.5451,61.7017,60.7532,61.0425,89123
2025-12-04,FXTHE,60.9872,61.8636,60.4899,61.7365,83006
2025-12-05,FXTHE,61.5902,62.0960,61.1749,61.9285,70535
2025-12-08,FXTHE,62.4186,63.6437,62.3622,63.4972,48198
2025-12-09,FXTHE,63.5317,64.3513,63.5233,63.8647,83213
2025-12-10,FXTHE,63.5762,64.7689,63.5720,64.5178,27738
2025-12-11,FXTHE,64.2918,64.4778,63.5070,63.7622,76859
2025-12-12,FXTHE,63.7677,63.8413,61.9971,62.0137,74612
2025-12-15,FXTHE,61.8266,62.4047,60.7901,60.9192,89861
2025-12-16,FXTHE,60.6768,61.7272,60.3235,61.4640,80707
2025-12-17,FXTHE,61.3712,61.7143,59.7978,60.1364,79075
2025-12-18,FXTHE,60.1793,61.7279,60.1201,61.6319,27865
2025-12-19,FXTHE,61.5864,62.1276,61.2366,61.9474,78073
2025-12-22,FXTHE,61.9238,62.2655,60.0729,60.3829,98311
2025-12-23,FXTHE,60.5340,61.2676,60.4622,61.1725,51024
2025-12-24,FXTHE,61.1856,61.5832,60.6308,60.7722,37948
2025-12-25,FXTHE,60.6615,60.7747,59.3789,59.7127,60452
2025-12-26,FXTHE,60.0722,60.3585,58.8753,59.0166,43635
2025-12-29,FXTHE,59.1534,59.3559,58.4441,58.8455,88801
2025-12-30,FXTHE,58.6875,59.0732,58.6133,58.9132,66554
2025-12-31,FXTHE,59.2278,60.3927,59.2119,60.3620,72842
2021-01-04,FXOBL,100.4589,100.8068,99.2633,99.5285,67740
2021-01-05,FXOBL,99.8767,100.0642,99.2076,99.4898,36317
2021-01-06,FXOBL,99.7200,100.9365,99.1930,99.7915,85661
2021-01-07,FXOBL,99.9675,100.0124,99.6471,99.8127,98587
2021-01-08,FXOBL,100.2238,100.2261,99.3922,99.9324,86745
2021-01-11,FXOBL,100.2968,100.3312,99.8896,99.9595,78915
2021-01-12,FXOBL,99.2368,100.0261,99.0367,99.8872,88208
2021-01-13,FXOBL,99.4956,100.1564,98.8358,99.8632,89574
2021-01-14,FXOBL,100.5418,100.8324,99.4972,99.7976,68684
2021-01-15,FXOBL,99.9429,100.2332,99.4145,99.7442,28695
2021-01-18,FXOBL,100.3141,100.6522,99.8857,99.9372,20801
2021-01-19,FXOBL,100.2174,100.5458,99.9813,100.0633,78357
2021-01-20,FXOBL,99.8604,99.9367,99.1268,99.8720,72137
2021-01-21,FXOBL,100.1949,101.1124,99.7210,99.8885,72280
2021-01-22,FXOBL,100.6239,100.9794,99.3364,99.7739,76466
2021-01-25,FXOBL,99.5993,100.5639,98.7229,99.6671,27978
2021-01-26,FXOBL,99.2332,100.0962,99.0195,99.8424,91148
2021-01-27,FXOBL,100.3912,100.5494,99.0456,99.4419,78937
2021-01-28,FXOBL,99.4626,99.8194,99.1042,99.7310,40872
2021-01-29,FXOBL,100.2219,100.4081,99.0208,99.5281,63051
2021-02-01,FXOBL,99.9210,100.3747,99.2070,99.4745,84357
2021-02-02,FXOBL,100.5160,100.6223,99.0478,99.4088,82354
2021-02-03,FXOBL,100.0604,100.1411,99.5626,99.5667,36656
2021-02-04,FXOBL,99.7910,99.9105,98.9286,99.6832,34214
2021-02-05,FXOBL,99.1230,100.0601,98.7841,99.8707,49261
2021-02-08,FXOBL,99.7408,100.1769,99.4672,99.6571,91143
2021-02-09,FXOBL,99.4198,99.8742,99.2383,99.6028,93351
2021-02-10,FXOBL,99.1541,100.2114,98.4332,99.9431,54678
2021-02-11,FXOBL,100.1351,100.1507,100.0379,100.0844,70902
2021-02-12,FXOBL,100.3460,100.6504,99.2448,99.6709,81737
2021-02-15,FXOBL,99.8790,99.9374,98.9566,99.6250,21555
2021-02-16,FXOBL,100.1890,100.4185,99.5285,99.8311,41044
2021-02-17,FXOBL,100.6791,101.1960,99.6254,99.9487,39414
2021-02-18,FXOBL,100.2065,100.5186,99.9078,100.1630,53220
2021-02-19,FXOBL,100.0300,100.0987,99.4651,100.0429,39834
2021-02-22,FXOBL,100.0649,100.6953,99.8946,100.3353,42734
2021-02-23,FXOBL,99.5649,100.1609,99.3768,100.1069,68518
2021-02-24,FXOBL,100.2352,100.5124,99.6102,99.9984,35554
2021-02-25,FXOBL,100.5412,100.6245,99.7836,100.0453,21841
2021-02-26,FXOBL,99.3058,100.3313,99.0056,99.9444,22658
2021-03-01,FXOBL,99.7990,100.5339,99.4955,99.9231,74837
2021-03-02,FXOBL,99.5668,100.0823,99.4916,99.8821,48821
2021-03-03,FXOBL,101.0902,101.5460,99.4534,100.0048,79438
2021-03-04,FXOBL,99.9054,100.5651,99.6698,100.0132,75583
2021-03-05,FXOBL,99.9355,100.5154,98.9808,99.9688,24685
2021-03-08,FXOBL,99.9341,100.6043,99.5228,100.0252,77723
2021-03-09,FXOBL,99.8668,100.0902,99.3160,100.0539,35369
2021-03-10,FXOBL,100.2424,100.7964,100.2056,100.5624,57565
2021-03-11,FXOBL,100.6529,100.8449,100.2693,100.3518,45710
2021-03-12,FXOBL,100.2754,100.6689,99.9396,100.2231,71464
2021-03-15,FXOBL,100.2458,100.4683,99.9408,100.2900,66304
2021-03-16,FXOBL,100.8250,100.9333,100.1163,100.2996,57921
2021-03-17,FXOBL,100.5159,100.9270,100.2275,100.3207,63150
2021-03-18,FXOBL,99.7370,100.2970,99.5877,100.2576,37245
2021-03-19,FXOBL,99.5551,100.5820,99.2142,100.3626,65131
2021-03-22,FXOBL,100.8622,101.4149,100.3179,100.3769,51172
2021-03-23,FXOBL,100.9435,101.4168,100.3765,100.6125,84114
2021-03-24,FXOBL,100.4404,100.9202,99.7023,100.8377,80758
2021-03-25,FXOBL,100.6504,101.8972,100.3966,100.9196,40341
2021-03-26,FXOBL,100.3884,100.9525,99.9757,100.9194,39787
2021-03-29,FXOBL,100.8780,101.1222,100.3533,100.7275,25343
2021-03-30,FXOBL,100.6347,101.5076,100.1116,100.7534,74967
2021-03-31,FXOBL,100.7046,101.0991,100.3474,100.9901,56096
2021-04-01,FXOBL,100.7763,101.7296,100.2495,101.1166,32634
2021-04-02,FXOBL,100.4663,101.3328,100.1381,100.9666,70716
2021-04-05,FXOBL,100.4754,101.1703,99.9636,101.1124,27695
2021-04-06,FXOBL,100.7951,101.6121,100.4014,101.3470,64992
2021-04-07,FXOBL,101.0367,101.3689,101.0138,101.1914,96757
2021-04-08,FXOBL,101.2874,101.3830,100.6763,101.1590,41941
2021-04-09,FXOBL,101.1664,101.2483,100.4770,101.0802,23373
2021-04-12,FXOBL,100.4459,101.5354,99.8543,100.8256,67235
2021-04-13,FXOBL,100.7310,100.9308,99.7253,100.5716,52764
2021-04-14,FXOBL,100.6046,100.8889,100.4977,100.6569,37482
2021-04-15,FXOBL,101.0131,101.6125,100.6902,100.7325,39766
2021-04-16,FXOBL,100.7477,101.1809,99.9577,100.3245,75176
2021-04-19,FXOBL,100.3480,100.4789,99.9502,99.9657,39335
2021-04-20,FXOBL,99.7169,100.3880,99.6493,99.8308,76462
2021-04-21,FXOBL,99.4462,100.4220,99.4315,99.8136,90144
2021-04-22,FXOBL,100.1519,100.5414,99.4303,99.7843,37253
2021-04-23,FXOBL,100.1213,100.4568,99.5716,99.6353,49372
2021-04-26,FXOBL,99.2239,99.8174,99.0389,99.6730,75057
2021-04-27,FXOBL,99.3694,99.9606,99.2540,99.8078,28270
2021-04-28,FXOBL,100.0073,100.0573,99.5344,99.6065,25456
2021-04-29,FXOBL,99.0053,99.8732,98.7297,99.5851,22076
2021-04-30,FXOBL,99.9871,100.1157,99.4549,99.6438,73415
2021-05-03,FXOBL,98.6467,100.7109,98.3525,100.0133,29466
2021-05-04,FXOBL,100.5587,101.0359,99.6002,100.0101,22669
2021-05-05,FXOBL,100.4727,100.5969,99.6507,99.9007,33566
2021-05-06,FXOBL,99.7596,100.1330,99.7469,99.9136,47175
2021-05-07,FXOBL,99.5675,100.0338,99.1322,99.9631,37008
2021-05-10,FXOBL,99.7887,100.2258,99.0667,99.5007,39736
2021-05-11,FXOBL,99.0974,100.1053,99.0921,99.6673,79714
2021-05-12,FXOBL,99.9006,100.2679,99.2907,99.6752,65640
2021-05-13,FXOBL,99.2636,100.1470,99.1925,99.7373,76322
2021-05-14,FXOBL,100.1765,100.1870,99.2188,99.7650,31002
2021-05-17,FXOBL,99.5107,99.7343,99.1196,99.5829,53072
2021-05-18,FXOBL,99.1798,100.1941,98.6036,99.8010,49335
2021-05-19,FXOBL,99.3069,100.4795,98.8716,99.9884,95022
2021-05-20,FXOBL,100.2330,100.7630,99.8389,100.1560,72177
2021-05-21,FXOBL,99.4959,100.7990,99.0757,100.5053,30746
2021-05-24,FXOBL,100.3112,100.6407,100.1634,100.2791,43919
2021-05-25,FXOBL,100.8990,101.2998,99.9313,100.0731,56081
2021-05-26,FXOBL,99.3998,100.4438,99.0711,100.0877,98416
2021-05-27,FXOBL,99.7840,100.1841,99.6463,100.1144,95200
2021-05-28,FXOBL,100.1133,100.4591,99.6059,100.1058,67839
2021-05-31,FXOBL,99.6357,100.2441,99.5882,100.1089,78341
2021-06-01,FXOBL,100.6298,101.3200,100.2632,100.5701,29357
2021-06-02,FXOBL,100.7308,100.8555,99.9512,100.6452,91873
2021-06-03,FXOBL,100.2952,100.7934,100.1426,100.7271,56173
2021-06-04,FXOBL,101.1417,101.2430,100.6165,100.6680,52328
2021-06-07,FXOBL,100.8753,101.0735,100.8505,101.0180,45481
2021-06-08,FXOBL,101.0808,101.6611,100.6457,101.0237,92588
2021-06-09,FXOBL,100.8043,101.2865,100.6378,101.0004,78270
2021-06-10,FXOBL,100.1512,101.1323,100.1285,100.9451,90281
2021-06-11,FXOBL,101.2225,101.6016,100.2785,101.1053,61230
2021-06-14,FXOBL,101.7235,102.7169,100.6999,101.0023,83752
2021-06-15,FXOBL,101.3031,101.3150,100.8305,101.1116,54100
2021-06-16,FXOBL,100.7542,101.3523,100.5950,101.1073,53325
2021-06-17,FXOBL,101.8513,101.8990,100.9253,101.1835,59185
2021-06-18,FXOBL,101.1403,102.0849,100.9249,101.4640,94223
2021-06-21,FXOBL,101.3959,101.7373,101.3900,101.4141,39789
2021-06-22,FXOBL,101.1774,101.5464,100.8175,101.3629,67934
2021-06-23,FXOBL,101.2796,101.6159,101.1068,101.2824,50301
2021-06-24,FXOBL,101.9687,102.6843,100.9858,101.1884,46630
2021-06-25,FXOBL,101.0999,101.9389,100.7602,101.5481,49762
2021-06-28,FXOBL,101.3384,101.5248,101.1541,101.3268,47601
2021-06-29,FXOBL,101.5393,101.7973,100.7941,101.2114,54207
2021-06-30,FXOBL,101.1919,101.7907,100.9852,101.0594,85638
2021-07-01,FXOBL,101.3486,101.5013,100.5244,101.0190,25678
2021-07-02,FXOBL,100.8023,101.4861,100.6635,100.9910,38283
2021-07-05,FXOBL,101.1000,101.5389,100.8282,100.9294,64868
2021-07-06,FXOBL,101.1884,101.3972,101.0064,101.0978,26625
2021-07-07,FXOBL,101.2423,101.3677,100.7870,100.9551,82797
2021-07-08,FXOBL,101.2412,101.5887,100.3278,101.1707,51368
2021-07-09,FXOBL,101.0127,101.6675,100.8603,101.3192,95230
2021-07-12,FXOBL,101.1233,101.6071,100.8277,101.2945,24518
2021-07-13,FXOBL,101.5279,102.3891,101.1896,101.2198,78164
2021-07-14,FXOBL,101.5731,101.7269,100.5112,101.2104,98414
2021-07-15,FXOBL,101.5130,101.8516,100.3862,101.6152,45470
2021-07-16,FXOBL,101.5288,102.7405,101.3213,101.7319,78023
2021-07-19,FXOBL,101.5917,101.8872,101.3168,101.5453,58999
2021-07-20,FXOBL,101.9099,101.9531,100.8155,101.3975,78216
2021-07-21,FXOBL,101.2465,101.9726,100.9758,101.5416,62945
2021-07-22,FXOBL,101.7563,101.9269,101.1659,101.5558,65718
2021-07-23,FXOBL,101.1295,102.0221,100.8139,101.6348,87687
2021-07-26,FXOBL,101.5690,101.7833,101.1369,101.4173,99321
2021-07-27,FXOBL,101.4926,101.6491,101.3280,101.4182,61315
2021-07-28,FXOBL,101.8831,102.1611,100.7051,101.2203,39519
2021-07-29,FXOBL,101.1655,101.3413,100.8344,101.2428,49588
2021-07-30,FXOBL,101.5945,101.6484,100.2911,101.0156,84588
2021-08-02,FXOBL,100.9174,101.6218,100.6301,101.4345,22546
2021-08-03,FXOBL,101.6648,101.7907,100.5847,101.2171,22834
2021-08-04,FXOBL,100.9459,101.4759,100.7797,101.1523,62381
2021-08-05,FXOBL,100.7581,101.2079,100.4045,101.0691,31639
2021-08-06,FXOBL,100.6063,101.9310,100.2294,101.2478,25401
2021-08-09,FXOBL,102.0484,102.7198,100.5862,101.0858,71927
2021-08-10,FXOBL,101.2891,101.5205,100.6146,100.9770,53014
2021-08-11,FXOBL,100.1664,100.8115,100.1292,100.6930,58323
2021-08-12,FXOBL,100.9866,101.6692,100.3748,100.7778,59900
2021-08-13,FXOBL,100.6582,101.4931,100.1184,100.6317,23911
2021-08-16,FXOBL,101.1447,101.1968,100.2530,100.4768,72850
2021-08-17,FXOBL,100.1387,100.2879,99.4954,99.8265,84157
2021-08-18,FXOBL,99.7244,99.8287,99.0802,99.4240,62563
2021-08-19,FXOBL,99.9259,100.0773,99.8285,99.8785,41614
2021-08-20,FXOBL,99.6360,100.2195,99.4406,99.4924,56697
2021-08-23,FXOBL,99.1951,99.6166,98.6835,99.4421,71799
2021-08-24,FXOBL,99.1169,100.1516,98.9728,99.8574,87686
2021-08-25,FXOBL,100.0154,100.1208,99.8862,99.9530,27184
2021-08-26,FXOBL,100.4487,100.5790,99.2468,99.9031,39694
2021-08-27,FXOBL,100.8956,101.2347,99.7742,99.8920,74574
2021-08-30,FXOBL,99.3278,100.2209,99.1184,100.1004,77468
2021-08-31,FXOBL,99.8444,100.7346,99.4661,100.1755,89901
2021-09-01,FXOBL,100.2575,100.2616,99.9809,100.2093,73367
2021-09-02,FXOBL,100.2822,100.5312,99.5361,99.5972,58932
2021-09-03,FXOBL,99.1579,99.5983,98.6088,99.2930,32561
2021-09-06,FXOBL,99.4758,99.7753,99.0853,99.3531,96708
2021-09-07,FXOBL,99.2094,99.7895,99.0557,99.4346,95697
2021-09-08,FXOBL,98.8732,100.0183,98.6563,99.4111,40394
2021-09-09,FXOBL,99.9795,100.5223,99.1273,99.3642,66697
2021-09-10,FXOBL,99.3935,100.0442,99.2214,99.5877,95138
2021-09-13,FXOBL,99.6060,99.6495,99.1980,99.5653,93468
2021-09-14,FXOBL,99.3608,100.0921,98.9644,99.5630,53893
2021-09-15,FXOBL,99.1595,99.5516,98.8277,99.4663,68137
2021-09-16,FXOBL,98.9866,100.2010,98.2958,99.4194,40896
2021-09-17,FXOBL,99.4288,100.5822,98.2430,99.4499,30698
2021-09-20,FXOBL,99.5851,99.7142,99.2662,99.5838,47719
2021-09-21,FXOBL,99.9356,100.2525,99.0629,99.5202,35209
2021-09-22,FXOBL,98.9219,100.3598,98.6373,99.9604,85850
2021-09-23,FXOBL,100.5449,100.8360,99.6789,99.8112,77648
2021-09-24,FXOBL,99.4956,100.7005,99.4559,100.0893,41982
2021-09-27,FXOBL,99.9981,100.6179,99.7791,100.3465,93324
2021-09-28,FXOBL,100.3139,100.8393,99.2563,100.4661,68321
2021-09-29,FXOBL,100.2378,101.3646,99.7792,100.7583,59387
2021-09-30,FXOBL,100.3619,101.2316,100.0107,100.7119,99487
2021-10-01,FXOBL,100.0607,100.9607,100.0468,100.8192,32065
2021-10-04,FXOBL,101.0232,101.6378,100.6807,100.7917,61793
2021-10-05,FXOBL,100.8418,101.1740,100.5903,101.0111,56667
2021-10-06,FXOBL,101.3291,101.4062,100.2030,100.7400,30187
2021-10-07,FXOBL,100.7818,101.4300,100.3970,100.9046,72891
2021-10-08,FXOBL,100.3735,101.1831,100.1220,100.7396,45902
2021-10-11,FXOBL,100.2919,101.6515,100.2439,100.7350,64985
2021-10-12,FXOBL,100.9051,101.1463,100.5884,100.7775,76490
2021-10-13,FXOBL,100.6459,102.0200,100.5025,101.4841,89318
2021-10-14,FXOBL,101.5162,102.2480,100.9418,101.3278,87086
2021-10-15,FXOBL,101.1716,101.6840,101.0577,101.2765,23838
2021-10-18,FXOBL,102.0618,102.1528,100.7745,101.1723,23843
2021-10-19,FXOBL,100.7074,101.7523,100.5392,101.3531,48179
2021-10-20,FXOBL,101.6051,101.6884,100.2855,100.9287,98098
2021-10-21,FXOBL,101.3159,102.1700,100.6012,100.9520,30720
2021-10-22,FXOBL,101.1164,101.2103,100.8311,101.0265,87768
2021-10-25,FXOBL,101.0061,101.2513,100.9989,101.0730,88806
2021-10-26,FXOBL,101.0197,101.4483,100.9902,101.0347,76528
2021-10-27,FXOBL,100.6276,101.2792,100.1038,101.1716,92422
2021-10-28,FXOBL,100.7354,101.4079,100.3764,101.2962,86473
2021-10-29,FXOBL,101.5745,101.7668,100.9165,101.1014,45287
2021-11-01,FXOBL,101.2419,101.3346,100.2187,100.9007,93243
2021-11-02,FXOBL,100.8745,101.1143,100.7528,101.0809,44799
2021-11-03,FXOBL,101.4403,102.1323,100.5015,100.9996,53640
2021-11-04,FXOBL,101.4462,101.5555,100.7556,100.8840,28099
2021-11-05,FXOBL,101.1410,101.2205,100.4992,100.8213,77498
2021-11-08,FXOBL,100.3118,101.8886,100.2357,100.8945,34598
2021-11-09,FXOBL,100.7064,100.8253,100.5782,100.8245,61316
2021-11-10,FXOBL,100.3276,101.0317,99.4941,100.9941,82529
2021-11-11,FXOBL,101.1447,101.3136,100.3975,100.5156,51483
2021-11-12,FXOBL,100.6760,100.8779,100.2867,100.3762,64710
2021-11-15,FXOBL,100.3520,100.8328,99.9302,100.2088,39634
2021-11-16,FXOBL,100.8044,101.3051,100.1552,100.7878,69029
2021-11-17,FXOBL,100.9662,101.0652,100.5633,100.6893,34224
2021-11-18,FXOBL,100.5512,100.9138,100.3001,100.7693,48233
2021-11-19,FXOBL,100.9866,101.1098,100.7154,100.7951,34292
2021-11-22,FXOBL,101.3611,101.8848,100.3408,100.7304,71078
2021-11-23,FXOBL,101.0387,101.4338,100.8804,100.9867,98451
2021-11-24,FXOBL,100.7374,101.1560,100.5736,100.8675,85864
2021-11-25,FXOBL,100.4654,101.2076,100.3395,100.8629,40785
2021-11-26,FXOBL,100.9627,101.6472,100.4256,100.4901,66407
2021-11-29,FXOBL,100.2859,100.4019,99.7417,100.2805,78002
2021-11-30,FXOBL,100.4909,100.8463,99.9712,100.4784,39443
2021-12-01,FXOBL,101.0099,101.5021,100.3162,100.3398,34746
2021-12-02,FXOBL,100.5477,100.9193,99.8293,100.2726,31909
2021-12-03,FXOBL,100.5484,100.7100,99.8560,100.2313,89638
2021-12-06,FXOBL,99.5309,100.4978,99.4642,100.0212,55098
2021-12-07,FXOBL,99.9291,100.4212,99.4663,100.1453,58568
2021-12-08,FXOBL,100.2388,100.4476,100.0063,100.1322,64316
2021-12-09,FXOBL,99.9747,100.3583,99.7108,99.9233,62219
2021-12-10,FXOBL,99.6033,100.3675,99.0811,100.0095,33332
2021-12-13,FXOBL,100.1177,100.2050,99.6831,99.9293,65838
2021-12-14,FXOBL,100.1827,100.2366,99.4117,99.8420,95273
2021-12-15,FXOBL,100.0056,100.5080,99.9077,99.9801,38538
2021-12-16,FXOBL,100.1198,100.6647,99.8136,99.9594,88367
2021-12-17,FXOBL,100.3995,100.7280,100.1373,100.6711,72712
2021-12-20,FXOBL,100.5762,101.4866,99.8137,100.2790,79203
2021-12-21,FXOBL,99.5539,100.6328,99.2218,100.1373,88786
2021-12-22,FXOBL,99.4230,100.1195,99.0127,99.9400,30709
2021-12-23,FXOBL,100.0843,100.7192,99.3829,99.8545,42707
2021-12-24,FXOBL,100.3362,100.5586,99.4237,99.6625,80016
2021-12-27,FXOBL,99.3435,100.0037,99.1942,99.6832,88925
2021-12-28,FXOBL,99.5687,100.0790,99.2618,99.4778,62573
2021-12-29,FXOBL,99.3914,99.8944,99.0837,99.7453,40805
2021-12-30,FXOBL,99.8331,100.5581,99.2038,99.6188,60279
2021-12-31,FXOBL,100.0626,100.3723,99.2342,99.5382,28523
2022-01-03,FXOBL,99.6978,100.3433,99.1524,99.3804,99496
2022-01-04,FXOBL,99.3468,99.7717,98.6855,99.6605,79148
2022-01-05,FXOBL,99.8263,99.8950,99.0242,99.5744,39208
2022-01-06,FXOBL,99.3792,99.9263,99.3263,99.6134,61450
2022-01-07,FXOBL,99.4031,99.9480,99.3264,99.8249,78476
2022-01-10,FXOBL,100.2097,100.4921,99.7942,99.8865,59167
2022-01-11,FXOBL,99.9705,100.6545,99.2192,99.8939,78948
2022-01-12,FXOBL,100.1093,100.7175,99.5356,99.6138,24329
2022-01-13,FXOBL,99.6132,99.8008,99.6051,99.7752,35776
2022-01-14,FXOBL,99.9411,100.2813,99.2967,99.4877,86907
2022-01-17,FXOBL,98.8851,100.4335,98.2106,99.8118,31143
2022-01-18,FXOBL,99.5241,99.5922,99.2069,99.4798,39758
2022-01-19,FXOBL,98.9902,99.8858,98.2652,99.8792,44376
2022-01-20,FXOBL,99.4318,100.1476,98.8227,99.8250,52923
2022-01-21,FXOBL,99.6400,100.2344,98.9708,99.9221,40274
2022-01-24,FXOBL,100.0351,100.1259,99.4838,99.7219,48251
2022-01-25,FXOBL,99.8996,100.2197,99.3534,99.6833,37541
2022-01-26,FXOBL,98.9503,100.0670,98.8668,99.9010,36639
2022-01-27,FXOBL,100.3374,100.3415,99.1709,99.8438,83119
2022-01-28,FXOBL,99.7509,100.6070,99.6261,99.9069,59615
2022-01-31,FXOBL,100.2232,100.3218,99.3755,99.7470,35592
2022-02-01,FXOBL,99.5064,99.6435,99.4528,99.5037,82820
2022-02-02,FXOBL,99.1791,99.4796,99.0659,99.3456,96746
2022-02-03,FXOBL,99.2643,99.6326,98.8719,99.5146,96768
2022-02-04,FXOBL,99.0243,99.8834,98.9288,99.4348,72302
2022-02-07,FXOBL,99.4153,99.5498,98.9652,99.1278,21684
2022-02-08,FXOBL,99.4558,99.4854,98.8675,99.3801,25448
2022-02-09,FXOBL,100.2827,100.6917,99.4809,99.5265,26568
2022-02-10,FXOBL,99.0895,99.7316,98.9209,99.6743,95774
2022-02-11,FXOBL,99.0038,99.8576,98.2033,99.7551,33025
2022-02-14,FXOBL,99.3987,100.3472,99.0398,99.8467,76493
2022-02-15,FXOBL,99.6891,99.7197,99.5558,99.6422,66195
2022-02-16,FXOBL,99.1721,100.0538,98.6366,99.8780,57651
2022-02-17,FXOBL,98.7807,100.2133,98.4418,100.0070,90812
2022-02-18,FXOBL,100.1728,100.2414,99.8263,99.9729,55524
2022-02-21,FXOBL,100.3956,100.7330,99.6381,99.7142,56240
2022-02-22,FXOBL,99.5019,100.0515,99.3241,99.9570,74149
2022-02-23,FXOBL,99.9494,100.2882,99.8494,100.1875,70825
2022-02-24,FXOBL,99.4383,100.4260,98.8365,100.1114,34975
2022-02-25,FXOBL,100.2237,100.6548,100.1499,100.3532,22865
2022-02-28,FXOBL,100.5578,101.3947,100.5097,100.7941,82639
2022-03-01,FXOBL,100.4702,101.5231,100.2048,101.3768,64796
2022-03-02,FXOBL,102.0877,102.2197,101.2130,101.2571,68000
2022-03-03,FXOBL,101.1334,101.4431,100.7858,101.2004,93568
2022-03-04,FXOBL,101.6018,101.9449,100.9662,101.0115,39965
2022-03-07,FXOBL,100.3640,101.4371,100.1878,101.0249,27663
2022-03-08,FXOBL,100.6526,101.6650,100.5403,101.2974,29241
2022-03-09,FXOBL,101.0282,101.5184,100.9782,101.4231,94329
2022-03-10,FXOBL,100.9823,101.3985,100.4134,101.2127,27236
2022-03-11,FXOBL,101.0699,101.6240,100.9958,101.4257,46322
2022-03-14,FXOBL,101.6844,102.0179,101.2418,101.6872,52037
2022-03-15,FXOBL,102.0124,102.1941,101.1498,101.4726,65063
2022-03-16,FXOBL,101.1819,102.0491,101.0879,101.7423,23152
2022-03-17,FXOBL,102.2899,102.7576,101.8769,101.8795,43158
2022-03-18,FXOBL,101.7888,102.1697,101.5342,101.9071,22287
2022-03-21,FXOBL,101.8363,102.2565,101.7476,102.0697,37705
2022-03-22,FXOBL,102.0182,102.2671,101.8140,102.0459,98589
2022-03-23,FXOBL,101.8180,102.5319,101.8176,102.0448,21225
2022-03-24,FXOBL,102.1661,102.3307,101.8369,101.8928,35807
2022-03-25,FXOBL,102.2495,103.2222,102.2377,102.2852,20789
2022-03-28,FXOBL,102.0671,102.9064,101.9488,102.4159,86490
2022-03-29,FXOBL,102.4545,103.1151,102.1916,102.4501,86397
2022-03-30,FXOBL,102.1042,103.3866,102.0841,102.4837,77511
2022-03-31,FXOBL,102.2192,102.6766,101.5699,102.6548,71597
2022-04-01,FXOBL,102.6125,102.7476,102.3652,102.5575,39666
2022-04-04,FXOBL,102.0880,102.5163,101.8424,102.3461,40083
2022-04-05,FXOBL,101.9790,102.3249,101.7815,102.2474,66119
2022-04-06,FXOBL,102.4841,102.7854,102.3482,102.5468,57231
2022-04-07,FXOBL,102.7530,103.4802,101.5956,102.3691,48302
2022-04-08,FXOBL,102.3452,102.6080,102.2200,102.4246,48010
2022-04-11,FXOBL,101.2008,102.7700,100.7888,102.4595,90043
2022-04-12,FXOBL,102.3032,103.0613,102.1890,102.7818,39372
2022-04-13,FXOBL,103.0977,103.4570,102.0978,102.3822,53102
2022-04-14,FXOBL,102.4028,102.4723,101.7219,102.4301,56140
2022-04-15,FXOBL,102.4760,102.9178,101.9579,102.4467,69320
2022-04-18,FXOBL,102.6471,103.2083,101.9787,102.4406,55142
2022-04-19,FXOBL,102.4119,103.0401,102.4090,103.0041,75247
2022-04-20,FXOBL,103.0331,103.2223,102.6604,102.7045,76367
2022-04-21,FXOBL,102.0877,103.1945,101.3137,102.7597,20925
2022-04-22,FXOBL,103.3629,104.2335,102.0592,102.7732,81061
2022-04-25,FXOBL,102.8467,103.6281,102.5571,103.0799,51918
2022-04-26,FXOBL,103.1022,104.1778,102.4437,103.2062,75655
2022-04-27,FXOBL,103.7237,104.1591,103.0804,103.4199,84773
2022-04-28,FXOBL,103.6489,104.5878,103.5164,103.5793,96933
2022-04-29,FXOBL,103.4674,103.7263,103.1819,103.3915,24900
2022-05-02,FXOBL,103.4808,104.0315,103.1717,103.3446,60615
2022-05-03,FXOBL,103.1061,103.4265,102.9576,103.4258,67631
2022-05-04,FXOBL,103.4803,103.7069,102.6295,103.6949,70673
2022-05-05,FXOBL,103.9674,104.1404,103.1356,103.6800,55377
2022-05-06,FXOBL,104.1791,104.4465,102.9222,103.3201,70128
2022-05-09,FXOBL,103.2998,103.3016,102.0992,103.2369,42315
2022-05-10,FXOBL,102.7397,103.3452,102.3417,103.1678,68606
2022-05-11,FXOBL,102.4221,103.4966,101.2490,102.8064,65392
2022-05-12,FXOBL,102.3985,102.7542,102.1521,102.2226,54973
2022-05-13,FXOBL,102.4276,102.5542,102.0346,102.1069,93832
2022-05-16,FXOBL,102.3793,102.9816,100.9096,101.8265,74429
2022-05-17,FXOBL,101.5927,102.6332,101.4511,101.6317,61799
2022-05-18,FXOBL,101.4804,102.0957,100.7397,101.8595,20449
2022-05-19,FXOBL,102.0224,102.0668,101.8879,101.9842,93872
2022-05-20,FXOBL,102.2216,102.3862,101.5026,101.8897,24587
2022-05-23,FXOBL,101.7741,102.4389,101.3013,101.4802,51264
2022-05-24,FXOBL,100.7327,101.9535,100.4477,101.2301,45939
2022-05-25,FXOBL,101.3556,101.3628,100.9093,101.1736,46998
2022-05-26,FXOBL,101.1965,101.6798,100.1855,101.1794,51495
2022-05-27,FXOBL,100.9771,101.4964,100.9649,101.1586,29492
2022-05-30,FXOBL,100.7042,101.2940,100.4142,101.1422,54619
2022-05-31,FXOBL,101.5518,101.6084,101.2705,101.3503,83388
2022-06-01,FXOBL,101.1567,101.7861,100.9780,101.2793,40188
2022-06-02,FXOBL,101.3062,101.5558,101.0562,101.1968,72453
2022-06-03,FXOBL,101.4074,101.7913,100.6090,101.1402,37715
2022-06-06,FXOBL,101.5665,101.9293,100.4606,100.8162,97307
2022-06-07,FXOBL,100.6920,101.2657,100.3915,100.6522,52802
2022-06-08,FXOBL,101.1320,101.3943,100.4582,100.5411,92949
2022-06-09,FXOBL,100.2316,101.3464,99.4022,100.7011,98487
2022-06-10,FXOBL,101.0379,101.0632,100.1641,100.4420,30861
2022-06-13,FXOBL,100.7993,101.0055,100.1140,100.6150,59955
2022-06-14,FXOBL,100.7979,101.3324,100.5133,100.8257,69828
2022-06-15,FXOBL,100.6566,101.4049,100.6423,100.9066,96189
2022-06-16,FXOBL,101.7022,102.0200,100.0746,100.6164,61121
2022-06-17,FXOBL,100.9057,101.0781,100.5717,100.7166,67976
2022-06-20,FXOBL,101.1660,101.2334,100.3419,100.8719,80098
2022-06-21,FXOBL,100.7309,100.9350,100.0343,100.5207,54923
2022-06-22,FXOBL,100.7175,101.4726,100.1976,100.6906,95705
2022-06-23,FXOBL,100.4306,100.5364,100.1194,100.1333,20710
2022-06-24,FXOBL,100.1069,100.7750,99.7685,100.0801,45238
2022-06-27,FXOBL,100.2788,100.5981,99.5530,99.7130,74556
2022-06-28,FXOBL,99.7413,100.5034,99.4066,100.4352,42118
2022-06-29,FXOBL,100.9461,101.7355,100.2442,100.3427,42398
2022-06-30,FXOBL,100.0009,100.0077,99.2602,99.7849,59184
2022-07-01,FXOBL,99.9474,100.0278,99.4526,99.8931,20158
2022-07-04,FXOBL,99.2286,99.8108,99.0319,99.6932,83620
2022-07-05,FXOBL,99.9049,100.3591,99.5967,99.7224,56907
2022-07-06,FXOBL,100.1502,100.6513,99.2989,99.8544,73915
2022-07-07,FXOBL,99.5780,100.2663,99.3666,99.7157,83897
2022-07-08,FXOBL,99.4801,100.3687,99.4667,99.8548,48859
2022-07-11,FXOBL,100.0469,100.4051,99.8331,100.1469,83938
2022-07-12,FXOBL,99.9336,100.7785,99.3796,100.2378,38166
2022-07-13,FXOBL,100.1565,100.5926,99.5389,100.2354,62695
2022-07-14,FXOBL,100.3044,100.6562,99.6377,100.2726,26533
2022-07-15,FXOBL,100.5751,100.7443,99.5636,100.1649,94583
2022-07-18,FXOBL,99.5914,100.7651,99.5707,100.3189,39157
2022-07-19,FXOBL,100.5128,100.8402,100.3327,100.4024,68394
2022-07-20,FXOBL,100.4061,100.7491,100.3381,100.3590,50850
2022-07-21,FXOBL,100.2313,100.7113,100.0140,100.4322,24945
2022-07-22,FXOBL,100.8063,100.8985,99.9654,100.3962,50887
2022-07-25,FXOBL,100.6560,101.1181,100.3075,100.7841,37517
2022-07-26,FXOBL,100.3351,101.5813,100.3128,100.7141,41670
2022-07-27,FXOBL,100.6538,101.2484,100.2572,100.4560,36957
2022-07-28,FXOBL,99.9849,100.6221,99.8291,100.4687,92716
2022-07-29,FXOBL,100.9868,101.0061,99.9504,100.0857,24997
2022-08-01,FXOBL,100.2312,100.3475,99.6693,99.9560,66799
2022-08-02,FXOBL,99.5096,100.1604,99.4162,99.9658,78041
2022-08-03,FXOBL,100.3759,100.6133,100.2753,100.3035,92911
2022-08-04,FXOBL,100.5744,100.7507,100.2976,100.6845,61116
2022-08-05,FXOBL,101.1650,101.4785,100.2789,100.4180,89360
2022-08-08,FXOBL,100.6030,101.0218,99.8865,100.1261,41777
2022-08-09,FXOBL,99.7455,100.0090,99.7397,99.9478,88321
2022-08-10,FXOBL,99.7398,100.2987,99.1896,100.2724,27787
2022-08-11,FXOBL,100.5254,101.3280,100.1400,100.5204,24937
2022-08-12,FXOBL,100.6823,101.3653,100.2567,100.3316,85232
2022-08-15,FXOBL,100.7354,101.0033,99.1798,99.8497,64182
2022-08-16,FXOBL,99.7810,99.7951,99.1137,99.4788,89893
2022-08-17,FXOBL,98.9624,100.1561,98.6120,99.9891,73082
2022-08-18,FXOBL,100.2872,100.9764,99.8740,99.9569,74012
2022-08-19,FXOBL,99.8613,100.6375,99.6759,100.1268,22957
2022-08-22,FXOBL,100.6968,100.8557,100.2123,100.3285,33817
2022-08-23,FXOBL,100.6153,100.9638,99.3927,99.8879,68430
2022-08-24,FXOBL,99.5177,100.1977,99.2209,99.9409,51494
2022-08-25,FXOBL,100.4251,100.7333,99.3902,99.6159,35977
2022-08-26,FXOBL,99.0675,99.8320,98.1230,99.4730,86917
2022-08-29,FXOBL,99.4786,99.6004,99.1974,99.2573,26843
2022-08-30,FXOBL,100.1699,100.4874,99.0288,99.0751,51104
2022-08-31,FXOBL,98.8288,98.8898,98.7589,98.7801,86704
2022-09-01,FXOBL,99.0664,99.2991,98.7463,98.8900,55049
2022-09-02,FXOBL,99.0141,99.7098,98.5758,98.9899,99623
2022-09-05,FXOBL,99.3340,99.9855,98.3542,98.5771,66860
2022-09-06,FXOBL,99.3496,99.4104,98.3977,98.4678,28223
2022-09-07,FXOBL,97.8646,98.7965,97.3475,98.4756,68382
2022-09-08,FXOBL,98.2321,99.1750,98.0049,98.5343,67951
2022-09-09,FXOBL,98.6976,98.7253,98.2618,98.4951,55639
2022-09-12,FXOBL,98.1047,98.6128,97.7774,98.0010,71824
2022-09-13,FXOBL,98.3439,98.6418,97.8335,98.1931,56551
2022-09-14,FXOBL,98.6169,99.1959,98.1322,98.2980,42251
2022-09-15,FXOBL,98.1111,98.2635,97.6927,97.7840,40024
2022-09-16,FXOBL,97.4119,98.2208,96.9196,97.9715,34569
2022-09-19,FXOBL,97.6353,98.0352,97.5561,97.7626,78279
2022-09-20,FXOBL,97.9193,98.1136,97.6481,97.7434,81062
2022-09-21,FXOBL,98.0789,98.1713,97.0842,97.7592,99043
2022-09-22,FXOBL,98.4354,98.9594,97.6801,97.9271,56295
2022-09-23,FXOBL,98.0186,98.3629,97.8220,97.8476,80501
2022-09-26,FXOBL,97.7270,98.2046,96.8900,97.9937,81131
2022-09-27,FXOBL,96.9400,97.9533,96.7039,97.9048,70582
2022-09-28,FXOBL,97.8937,98.7349,97.6765,98.2648,91109
2022-09-29,FXOBL,98.5521,98.9733,97.5273,97.6683,84666
2022-09-30,FXOBL,97.6549,97.9289,97.5795,97.8001,53163
2022-10-03,FXOBL,97.7256,98.0400,97.4567,97.8000,65208
2022-10-04,FXOBL,97.7489,98.1430,97.1615,97.8419,96190
2022-10-05,FXOBL,97.8396,98.0340,96.8609,97.4922,67886
2022-10-06,FXOBL,97.6588,98.0766,96.5296,97.1972,72835
2022-10-07,FXOBL,96.7145,98.0188,96.5764,96.9948,81519
2022-10-10,FXOBL,97.0007,97.3672,96.9844,97.1706,54174
2022-10-11,FXOBL,97.2216,97.4729,97.1015,97.3895,32416
2022-10-12,FXOBL,97.6985,97.7798,97.2826,97.5205,45718
2022-10-13,FXOBL,97.5507,98.0379,97.4044,97.5635,96030
2022-10-14,FXOBL,97.5842,97.7704,96.7188,97.5451,71167
2022-10-17,FXOBL,96.5420,98.5474,96.4769,97.3943,24359
2022-10-18,FXOBL,98.2138,98.3174,97.0610,97.2337,75102
2022-10-19,FXOBL,96.3998,97.6095,95.8636,97.2153,43226
2022-10-20,FXOBL,97.2278,97.9234,97.0207,97.4388,66122
2022-10-21,FXOBL,98.2670,98.5159,97.3715,97.6715,99275
2022-10-24,FXOBL,97.5217,97.7550,97.0701,97.3035,98644
2022-10-25,FXOBL,97.3002,97.6016,96.8819,97.5482,69468
2022-10-26,FXOBL,97.1325,97.7953,97.0089,97.4278,77176
2022-10-27,FXOBL,97.6512,97.9283,96.9831,97.1534,65872
2022-10-28,FXOBL,96.7229,97.2586,96.4568,97.0106,63552
2022-10-31,FXOBL,97.4126,97.6636,96.6592,96.9020,30618
2022-11-01,FXOBL,96.2296,96.7689,96.1972,96.7200,56955
2022-11-02,FXOBL,97.1115,97.5514,96.2011,96.3619,28661
2022-11-03,FXOBL,96.5346,96.7055,95.8717,96.2735,97821
2022-11-04,FXOBL,96.5330,96.8013,96.1599,96.4440,21893
2022-11-07,FXOBL,96.2894,96.6462,96.0744,96.3359,41933
2022-11-08,FXOBL,96.2993,97.1082,96.0102,96.6484,30336
2022-11-09,FXOBL,96.6707,96.7990,96.1885,96.7625,70241
2022-11-10,FXOBL,97.1301,97.1536,96.9465,97.0398,72887
2022-11-11,FXOBL,97.3400,97.7148,96.9841,97.0348,62627
2022-11-14,FXOBL,97.7101,98.5427,96.4493,97.0148,35041
2022-11-15,FXOBL,97.4277,97.4394,96.7096,97.0300,32502
2022-11-16,FXOBL,96.6647,97.2788,95.7591,96.8460,69878
2022-11-17,FXOBL,96.4821,97.2023,96.4471,96.9363,86957
2022-11-18,FXOBL,97.0156,97.0315,96.5899,96.9234,38613
2022-11-21,FXOBL,97.6226,97.9741,96.5811,96.7826,34158
2022-11-22,FXOBL,96.6153,97.0714,96.0042,96.5074,78072
2022-11-23,FXOBL,96.4006,96.7988,96.3244,96.7811,93127
2022-11-24,FXOBL,96.6974,97.3299,96.0221,96.7104,87928
2022-11-25,FXOBL,97.6087,97.6621,96.5968,96.6999,56755
2022-11-28,FXOBL,96.8125,97.3273,96.0379,96.6249,98203
2022-11-29,FXOBL,96.6117,96.9524,96.3001,96.8306,22936
2022-11-30,FXOBL,96.9173,97.3579,96.6949,97.1093,89551
2022-12-01,FXOBL,97.4254,97.4841,96.6515,97.0995,77735
2022-12-02,FXOBL,97.3614,97.3844,97.0366,97.0526,66590
2022-12-05,FXOBL,98.0798,98.4912,96.8629,97.1236,52821
2022-12-06,FXOBL,95.6562,97.1189,94.8512,96.9541,63705
2022-12-07,FXOBL,97.1125,97.2363,96.7638,96.8601,21873
2022-12-08,FXOBL,96.9004,96.9832,96.6700,96.9634,64038
2022-12-09,FXOBL,96.9580,97.0382,95.9838,96.5447,32539
2022-12-12,FXOBL,96.3276,96.5354,96.0836,96.5047,83128
2022-12-13,FXOBL,95.6614,97.3191,95.4653,96.7085,33544
2022-12-14,FXOBL,96.9657,97.1901,96.7334,96.9353,81207
2022-12-15,FXOBL,97.0362,97.5479,96.9337,97.1957,56577
2022-12-16,FXOBL,97.6799,97.9423,97.0867,97.3887,46372
2022-12-19,FXOBL,97.4573,98.2169,96.9700,97.4293,84520
2022-12-20,FXOBL,97.1703,97.9424,96.7998,97.5532,90466
2022-12-21,FXOBL,97.6947,97.8617,97.5865,97.6726,71952
2022-12-22,FXOBL,97.9246,98.4733,97.5085,97.5443,82975
2022-12-23,FXOBL,97.1689,97.6458,96.3790,97.4667,44050
2022-12-26,FXOBL,97.2177,97.7048,96.3457,97.0972,75193
2022-12-27,FXOBL,97.4706,97.9963,96.3859,96.8816,21635
2022-12-28,FXOBL,96.5562,96.8226,96.3264,96.6044,70187
2022-12-29,FXOBL,96.6655,97.1369,96.3114,96.7132,75995
2022-12-30,FXOBL,96.6373,96.9776,96.1389,96.6470,24946
2023-01-02,FXOBL,96.2949,97.4292,96.2302,97.1318,38796
2023-01-03,FXOBL,98.0336,98.3294,96.6563,97.1836,44319
2023-01-04,FXOBL,96.6910,97.2568,96.5451,97.1158,98635
2023-01-05,FXOBL,97.1354,97.4568,96.1853,97.1373,42565
2023-01-06,FXOBL,97.5243,97.5577,96.7376,97.1089,43045
2023-01-09,FXOBL,96.6359,97.1361,96.4356,96.9316,97955
2023-01-10,FXOBL,96.8875,97.6378,96.0453,96.6845,86799
2023-01-11,FXOBL,96.4919,97.0127,96.2965,96.5882,37867
2023-01-12,FXOBL,96.4173,97.1286,95.6273,96.5910,56716
2023-01-13,FXOBL,95.9192,97.1993,95.2915,96.7604,65717
2023-01-16,FXOBL,96.6775,97.3383,96.3457,96.8087,63518
2023-01-17,FXOBL,97.0880,97.5046,96.3454,97.1056,93164
2023-01-18,FXOBL,96.6494,97.6875,96.0330,97.3672,64656
2023-01-19,FXOBL,97.9002,98.0771,96.9128,97.3002,68942
2023-01-20,FXOBL,97.2415,97.7484,97.1048,97.6665,68844
2023-01-23,FXOBL,97.6531,98.2854,97.4988,98.0334,72242
2023-01-24,FXOBL,98.1599,98.9291,97.5274,98.1063,60217
2023-01-25,FXOBL,97.7519,98.3422,97.6444,97.8880,54709
2023-01-26,FXOBL,97.8944,98.5659,97.2510,98.0097,28406
2023-01-27,FXOBL,98.5031,98.6174,98.0200,98.1688,55985
2023-01-30,FXOBL,97.6732,98.5114,97.5669,98.2582,21337
2023-01-31,FXOBL,98.4292,98.4753,97.8410,98.3202,94703
2023-02-01,FXOBL,98.5963,98.8892,97.9335,98.1278,24889
2023-02-02,FXOBL,98.3501,98.4169,97.9074,97.9647,70481
2023-02-03,FXOBL,97.9482,98.4357,97.3835,97.8076,98614
2023-02-06,FXOBL,97.6112,97.8906,96.6763,97.4088,87722
2023-02-07,FXOBL,97.3682,97.6450,97.3551,97.3679,67212
2023-02-08,FXOBL,97.3913,97.8015,97.1846,97.3164,94051
2023-02-09,FXOBL,96.6539,97.4238,96.5303,97.1920,54363
2023-02-10,FXOBL,97.0114,97.4230,96.3666,96.9084,57319
2023-02-13,FXOBL,97.0256,97.2715,96.0399,96.3040,42928
2023-02-14,FXOBL,96.9854,97.1233,95.9617,96.1365,54127
2023-02-15,FXOBL,96.1432,96.5648,95.8612,96.2527,54473
2023-02-16,FXOBL,96.2973,96.9576,96.2679,96.3487,42437
2023-02-17,FXOBL,96.1781,96.5546,96.1364,96.4953,74293
2023-02-20,FXOBL,96.6114,96.7203,96.0269,96.6047,25364
2023-02-21,FXOBL,96.6783,97.0380,96.3887,96.8821,79957
2023-02-22,FXOBL,97.0166,97.8309,96.5190,97.2658,91418
2023-02-23,FXOBL,96.7913,97.8642,96.5740,97.5511,71432
2023-02-24,FXOBL,96.9789,97.4939,96.7026,97.4871,51419
2023-02-27,FXOBL,97.6599,97.7920,96.9163,97.4017,35922
2023-02-28,FXOBL,96.9809,97.6320,96.6744,97.4115,77063
2023-03-01,FXOBL,97.7516,97.8415,97.1437,97.3667,78290
2023-03-02,FXOBL,97.5530,97.7371,97.2279,97.2345,32658
2023-03-03,FXOBL,97.9320,98.2364,97.7605,97.7706,57782
2023-03-06,FXOBL,97.1737,98.2638,97.0406,97.6920,90631
2023-03-07,FXOBL,98.0279,98.3328,97.4973,97.5505,61184
2023-03-08,FXOBL,97.1829,97.8267,96.6933,97.6134,71061
2023-03-09,FXOBL,97.2182,97.9686,96.9081,97.6849,33701
2023-03-10,FXOBL,98.1140,98.7733,97.5461,97.6298,20276
2023-03-13,FXOBL,97.1648,97.9021,96.7797,97.6872,81631
2023-03-14,FXOBL,97.7248,98.0524,97.1586,97.8692,49883
2023-03-15,FXOBL,97.0685,97.8932,96.9078,97.7468,47817
2023-03-16,FXOBL,97.3797,98.9228,97.0397,98.1126,94667
2023-03-17,FXOBL,98.2133,98.8432,97.8458,97.8620,85850
2023-03-20,FXOBL,97.8000,98.0311,97.3847,97.6881,44329
2023-03-21,FXOBL,97.4814,98.4875,97.0897,98.0016,97809
2023-03-22,FXOBL,97.9301,98.0956,97.2800,97.4911,68532
2023-03-23,FXOBL,98.1041,98.4715,97.3989,97.5586,45942
2023-03-24,FXOBL,97.8369,98.7109,97.0552,97.4682,83350
2023-03-27,FXOBL,97.6806,98.3579,97.5120,97.6000,52921
2023-03-28,FXOBL,98.3565,98.5347,97.6486,97.7819,61931
2023-03-29,FXOBL,96.7191,97.8254,96.6564,97.7461,64394
2023-03-30,FXOBL,97.6892,97.8965,96.9543,97.7470,43731
2023-03-31,FXOBL,98.2263,98.5083,97.3872,97.8161,21347
2023-04-03,FXOBL,97.4446,98.7123,97.4108,97.8547,51861
2023-04-04,FXOBL,97.7107,98.1701,96.9726,97.4831,83669
2023-04-05,FXOBL,97.2051,97.5109,97.0959,97.3152,39129
2023-04-06,FXOBL,97.9704,98.3339,97.1019,97.5380,64338
2023-04-07,FXOBL,97.5651,97.9993,97.2408,97.9555,98106
2023-04-10,FXOBL,97.5250,98.2479,97.2466,98.0338,67099
2023-04-11,FXOBL,97.0241,98.4182,96.8599,98.1046,32660
2023-04-12,FXOBL,98.1152,98.2138,97.9383,98.0048,91059
2023-04-13,FXOBL,98.5104,98.6453,97.5171,97.6526,93418
2023-04-14,FXOBL,98.6041,98.7495,97.3696,97.8561,58786
2023-04-17,FXOBL,97.8300,98.3117,97.0413,97.6603,98731
2023-04-18,FXOBL,97.5084,97.8479,97.1688,97.4725,23476
2023-04-19,FXOBL,97.4629,97.9715,97.0269,97.0347,53167
2023-04-20,FXOBL,96.2186,97.3597,95.7165,97.1630,20954
2023-04-21,FXOBL,97.3134,97.5038,96.8839,97.1110,66778
2023-04-24,FXOBL,97.2243,97.5188,96.5031,97.0459,62692
2023-04-25,FXOBL,97.3607,97.8301,96.8987,96.9463,27932
2023-04-26,FXOBL,96.8136,97.5236,96.3819,97.0899,38191
2023-04-27,FXOBL,97.0664,98.0387,97.0231,97.1829,23616
2023-04-28,FXOBL,96.9661,97.8006,96.8720,97.6018,40558
2023-05-01,FXOBL,96.7620,97.9188,96.5822,97.7950,99310
2023-05-02,FXOBL,97.7557,98.1278,97.5617,98.0241,30290
2023-05-03,FXOBL,97.8264,98.8867,97.5819,98.2684,89827
2023-05-04,FXOBL,98.7531,99.2853,98.4608,98.5826,33048
2023-05-05,FXOBL,99.0225,99.3873,98.1316,98.2222,29097
2023-05-08,FXOBL,98.4861,98.7542,97.5985,98.3103,60872
2023-05-09,FXOBL,98.3915,98.9542,97.5152,98.1962,51529
2023-05-10,FXOBL,98.7111,98.7220,97.7321,98.1841,30606
2023-05-11,FXOBL,96.8908,98.6341,96.5290,98.3280,26359
2023-05-12,FXOBL,99.3866,100.1700,98.2148,98.3727,69225
2023-05-15,FXOBL,98.4039,99.0305,98.0429,98.2423,31962
2023-05-16,FXOBL,97.6898,98.4196,97.1942,97.9738,58779
2023-05-17,FXOBL,98.0072,98.2856,96.7574,97.6596,54237
2023-05-18,FXOBL,97.8045,97.9163,97.4521,97.5375,50539
2023-05-19,FXOBL,97.2345,97.7807,97.1006,97.6379,64627
2023-05-22,FXOBL,97.4215,97.8017,97.2826,97.4624,32855
2023-05-23,FXOBL,97.5630,97.7677,97.1158,97.3726,98216
2023-05-24,FXOBL,97.0407,97.7258,96.7048,97.5184,35817
2023-05-25,FXOBL,97.4108,97.8411,96.9420,97.5422,24215
2023-05-26,FXOBL,97.5456,98.1747,97.1981,97.6625,29432
2023-05-29,FXOBL,97.6674,98.3053,96.9979,97.4519,72869
2023-05-30,FXOBL,97.4448,97.7786,96.8342,97.4980,91880
2023-05-31,FXOBL,97.5016,97.9737,96.5493,97.7300,25241
2023-06-01,FXOBL,97.0265,97.7997,96.1585,97.3926,88822
2023-06-02,FXOBL,97.9040,98.2936,97.1076,97.4457,37616
2023-06-05,FXOBL,97.0811,98.0945,97.0431,97.4020,37808
2023-06-06,FXOBL,97.6992,97.8741,97.1118,97.1306,56874
2023-06-07,FXOBL,97.1070,97.5689,96.8502,97.2313,87167
2023-06-08,FXOBL,96.5847,97.7263,96.0619,97.6569,73412
2023-06-09,FXOBL,97.9289,98.2367,97.5089,97.7412,38949
2023-06-12,FXOBL,98.2166,98.4231,97.7798,97.8928,96413
2023-06-13,FXOBL,97.5378,98.3650,97.2634,97.8836,85281
2023-06-14,FXOBL,97.0806,97.8401,96.3057,97.6113,56347
2023-06-15,FXOBL,97.4586,97.6049,96.6049,97.3613,80704
2023-06-16,FXOBL,96.9621,97.9606,96.4673,97.4518,74276
2023-06-19,FXOBL,97.4345,97.4611,96.7739,97.2588,94209
2023-06-20,FXOBL,96.9179,97.6312,96.0800,96.9347,55076
2023-06-21,FXOBL,97.1255,97.7126,96.8104,96.8481,85654
2023-06-22,FXOBL,97.1261,98.0103,96.6052,97.0229,56947
2023-06-23,FXOBL,97.0414,97.8204,96.8198,97.1131,44594
2023-06-26,FXOBL,96.8316,97.1562,96.3711,96.8733,62908
2023-06-27,FXOBL,96.6414,96.9945,96.0410,96.8988,38750
2023-06-28,FXOBL,95.7377,96.9656,95.3156,96.6464,87977
2023-06-29,FXOBL,96.8071,96.9598,96.5577,96.7764,71805
2023-06-30,FXOBL,97.1747,97.4320,96.4891,96.9175,59690
2023-07-03,FXOBL,96.5252,97.1019,95.9848,96.8235,27917
2023-07-04,FXOBL,96.7476,96.9543,96.6877,96.8123,74038
2023-07-05,FXOBL,96.5787,97.0690,96.3431,96.8838,21791
2023-07-06,FXOBL,96.6399,96.9585,96.2098,96.8358,48224
2023-07-07,FXOBL,97.1721,97.3757,96.6124,96.8337,51438
2023-07-10,FXOBL,96.5214,97.6564,95.9478,96.7370,23493
2023-07-11,FXOBL,96.8470,97.2278,96.4832,96.9448,61329
2023-07-12,FXOBL,97.1396,97.7500,96.6468,96.9128,35500
2023-07-13,FXOBL,97.1378,97.4026,96.1478,96.9235,98735
2023-07-14,FXOBL,96.5427,97.2253,96.2303,97.1619,38942
2023-07-17,FXOBL,97.3218,97.3497,96.9180,97.0649,50089
2023-07-18,FXOBL,97.1069,97.4407,96.9346,97.0441,27982
2023-07-19,FXOBL,97.3088,97.8850,96.9926,97.3041,38833
2023-07-20,FXOBL,96.9181,97.4069,96.4993,97.3554,94521
2023-07-21,FXOBL,97.3468,97.3700,96.8672,97.2496,33912
2023-07-24,FXOBL,97.0622,97.1221,96.4763,97.0999,87038
2023-07-25,FXOBL,97.5415,97.6569,96.9356,97.3417,52534
2023-07-26,FXOBL,97.5923,98.0102,96.7959,97.3270,24006
2023-07-27,FXOBL,97.5655,98.0636,96.1206,97.1435,81367
2023-07-28,FXOBL,97.1198,97.6357,96.8681,97.2345,74122
2023-07-31,FXOBL,96.8309,97.1773,96.7160,97.1199,21789
2023-08-01,FXOBL,96.6801,97.7373,95.7481,97.2741,20838
2023-08-02,FXOBL,96.3834,97.3982,96.0338,97.3635,39603
2023-08-03,FXOBL,97.5892,97.8627,97.0339,97.2688,40544
2023-08-04,FXOBL,96.9986,97.0869,96.5183,96.8379,31663
2023-08-07,FXOBL,96.6505,97.3054,96.5074,96.8575,29572
2023-08-08,FXOBL,95.7591,96.9764,95.4539,96.7974,83520
2023-08-09,FXOBL,96.8157,97.1457,96.6909,96.9476,46573
2023-08-10,FXOBL,96.3244,98.0483,96.2199,97.2517,78783
2023-08-11,FXOBL,97.4856,97.9026,97.0755,97.1304,77841
2023-08-14,FXOBL,97.1373,97.5271,96.5928,97.3045,77323
2023-08-15,FXOBL,97.2794,97.5975,96.5913,97.2525,83189
2023-08-16,FXOBL,97.2655,97.5949,96.7029,97.1911,28478
2023-08-17,FXOBL,96.7050,97.2172,96.0887,96.8261,83372
2023-08-18,FXOBL,97.1544,97.3702,96.6886,96.9113,90382
2023-08-21,FXOBL,96.7742,97.3345,96.4429,97.0854,92473
2023-08-22,FXOBL,96.9605,97.5548,96.8316,97.3521,45839
2023-08-23,FXOBL,97.1696,97.6085,96.6120,97.5153,83318
2023-08-24,FXOBL,97.5429,98.0506,97.2396,97.7566,50064
2023-08-25,FXOBL,97.6740,98.1553,96.9524,98.0265,88379
2023-08-28,FXOBL,97.6899,98.2133,97.4170,98.0875,59674
2023-08-29,FXOBL,97.8870,98.1170,97.7623,98.0374,81741
2023-08-30,FXOBL,97.8886,98.0911,97.4861,98.0618,22144
2023-08-31,FXOBL,97.9663,98.5423,96.7252,97.5455,79570
2023-09-01,FXOBL,97.3576,97.7491,96.9893,97.4800,35543
2023-09-04,FXOBL,97.2102,97.4200,97.0301,97.3948,47100
2023-09-05,FXOBL,97.0754,97.8427,96.7322,97.2222,95280
2023-09-06,FXOBL,96.9190,97.7676,96.8727,97.4282,23259
2023-09-07,FXOBL,97.4412,97.4723,96.8841,97.4658,42288
2023-09-08,FXOBL,97.6392,97.9574,96.8884,97.7636,76994
2023-09-11,FXOBL,97.5329,97.8479,97.4091,97.4185,80200
2023-09-12,FXOBL,98.2501,98.8506,97.3961,97.5219,51498
2023-09-13,FXOBL,97.1026,97.9857,96.7885,97.4581,74377
2023-09-14,FXOBL,97.0924,98.1397,96.4311,97.2295,94687
2023-09-15,FXOBL,97.3711,97.6500,96.8334,97.0125,20366
2023-09-18,FXOBL,96.1738,97.3707,95.9745,97.3226,81660
2023-09-19,FXOBL,96.7211,97.5263,96.3738,97.4617,53308
2023-09-20,FXOBL,97.2755,98.3482,96.8411,97.4669,82009
2023-09-21,FXOBL,97.9829,98.4175,95.9785,96.9634,65354
2023-09-22,FXOBL,96.8716,97.3055,96.1511,96.9425,86097
2023-09-25,FXOBL,96.2854,97.1911,96.0031,96.7586,31551
2023-09-26,FXOBL,96.4622,96.9344,96.2805,96.5450,71952
2023-09-27,FXOBL,96.7895,97.4392,96.4513,96.4626,73572
2023-09-28,FXOBL,96.9879,97.1162,95.8930,96.4619,56392
2023-09-29,FXOBL,96.9385,97.3789,96.0368,96.4901,94188
2023-10-02,FXOBL,96.9021,97.2129,96.1496,96.4814,38206
2023-10-03,FXOBL,96.3450,96.6953,96.2344,96.4479,68931
2023-10-04,FXOBL,96.4639,96.5644,96.0262,96.2663,56542
2023-10-05,FXOBL,96.4901,96.5902,96.0759,96.2438,76078
2023-10-06,FXOBL,96.0862,96.6006,95.3277,96.4058,80773
2023-10-09,FXOBL,96.8985,97.1463,96.3812,96.5023,88152
2023-10-10,FXOBL,96.1247,96.5488,95.8499,96.2436,49342
2023-10-11,FXOBL,96.2644,96.8914,95.7078,96.1083,84238
2023-10-12,FXOBL,96.0469,96.4539,95.8149,96.0518,39912
2023-10-13,FXOBL,95.5772,96.1323,95.0982,96.1047,77848
2023-10-16,FXOBL,95.8804,96.1416,95.7348,96.0487,78638
2023-10-17,FXOBL,96.1321,96.2369,95.5139,96.1885,66401
2023-10-18,FXOBL,96.6196,97.1265,95.4679,95.6859,74353
2023-10-19,FXOBL,95.6913,95.7412,95.1822,95.7215,68324
2023-10-20,FXOBL,95.1876,96.3848,95.1842,96.2982,55657
2023-10-23,FXOBL,96.0385,96.5244,95.9286,96.3357,49066
2023-10-24,FXOBL,96.1692,96.5053,95.9567,96.3033,39839
2023-10-25,FXOBL,95.7222,95.8379,95.1206,95.6488,60070
2023-10-26,FXOBL,95.9072,96.0473,95.5228,95.9970,60176
2023-10-27,FXOBL,96.2955,96.3120,95.7027,95.7770,26846
2023-10-30,FXOBL,95.5951,96.1875,95.4987,95.7860,21905
2023-10-31,FXOBL,95.7114,96.4031,95.1974,95.7741,76739
2023-11-01,FXOBL,96.3545,97.1664,95.3906,95.6905,99232
2023-11-02,FXOBL,95.4312,96.2764,95.4099,95.8611,57033
2023-11-03,FXOBL,95.9426,96.2975,95.5895,96.0666,67910
2023-11-06,FXOBL,95.9901,96.2366,95.8292,96.1572,58946
2023-11-07,FXOBL,96.6076,96.8019,95.5763,96.0154,82526
2023-11-08,FXOBL,96.1351,96.3528,95.7853,95.8700,22337
2023-11-09,FXOBL,96.0679,96.2048,95.1978,95.6968,94876
2023-11-10,FXOBL,95.5314,95.6964,95.2635,95.4001,60232
2023-11-13,FXOBL,95.6334,95.9098,95.4500,95.6436,70688
2023-11-14,FXOBL,95.6412,95.7098,94.8372,95.6155,38169
2023-11-15,FXOBL,95.7960,96.0745,95.5126,95.6307,49212
2023-11-16,FXOBL,95.5143,95.5296,94.8250,95.3854,84904
2023-11-17,FXOBL,95.4758,95.6481,94.9468,95.3690,64611
2023-11-20,FXOBL,95.3060,95.7521,95.1537,95.2227,70901
2023-11-21,FXOBL,95.1948,95.7125,94.9028,95.4062,53902
2023-11-22,FXOBL,95.9942,96.2330,95.3517,95.4572,94127
2023-11-23,FXOBL,95.2566,96.0213,94.8573,95.3858,41406
2023-11-24,FXOBL,95.0632,95.5833,93.7695,95.5041,44384
2023-11-27,FXOBL,95.3570,96.0343,95.2465,95.4498,71599
2023-11-28,FXOBL,95.4658,95.5186,95.1661,95.4756,90075
2023-11-29,FXOBL,95.2500,96.0647,94.5420,95.6082,57494
2023-11-30,FXOBL,95.6290,96.1079,94.1082,95.3367,98466
2023-12-01,FXOBL,95.6241,95.7591,95.6160,95.6245,86517
2023-12-04,FXOBL,95.6206,96.1890,95.4196,95.8859,70360
2023-12-05,FXOBL,95.6750,96.7828,95.4631,96.2587,53260
2023-12-06,FXOBL,96.7362,96.9535,95.6619,96.0844,66980
2023-12-07,FXOBL,95.9729,96.1779,95.4224,96.0338,23010
2023-12-08,FXOBL,96.0793,96.3010,95.8108,95.8195,86798
2023-12-11,FXOBL,95.5510,96.2229,95.2532,96.1698,80726
2023-12-12,FXOBL,96.7350,96.7529,95.9604,96.4332,24430
2023-12-13,FXOBL,96.3088,96.4772,96.1384,96.1584,98222
2023-12-14,FXOBL,96.7196,96.8211,95.7400,96.0872,47869
2023-12-15,FXOBL,95.7597,96.4367,95.6717,95.8778,62359
2023-12-18,FXOBL,95.2758,96.3852,94.3367,96.2555,47518
2023-12-19,FXOBL,95.4327,96.6902,95.4266,96.3042,41265
2023-12-20,FXOBL,96.2875,96.8599,95.7812,95.9907,85619
2023-12-21,FXOBL,96.1014,96.2040,95.4287,96.1137,59968
2023-12-22,FXOBL,96.4429,96.5853,95.8661,95.9458,96813
2023-12-25,FXOBL,95.9685,96.4160,95.9146,96.3070,88362
2023-12-26,FXOBL,96.8578,97.5004,96.0127,96.2334,69503
2023-12-27,FXOBL,95.9925,96.7722,95.6863,96.1141,74312
2023-12-28,FXOBL,96.5393,96.9204,96.2183,96.4169,71821
2023-12-29,FXOBL,96.9475,97.6963,95.2447,96.0579,31874
2024-01-01,FXOBL,96.5430,96.6835,95.6595,96.2199,51117
2024-01-02,FXOBL,95.4215,96.2514,94.9244,96.2450,89189
2024-01-03,FXOBL,96.4196,96.4805,95.7013,96.2086,43454
2024-01-04,FXOBL,96.6540,96.9244,96.0490,96.2919,38629
2024-01-05,FXOBL,96.7074,97.6391,95.3943,95.9127,27048
2024-01-08,FXOBL,95.8805,95.9462,95.2258,95.9191,24782
2024-01-09,FXOBL,96.1745,96.3733,95.7314,96.0621,85070
2024-01-10,FXOBL,96.6577,96.6761,95.8429,96.2137,45645
2024-01-11,FXOBL,96.4061,96.8083,95.8243,96.0123,45068
2024-01-12,FXOBL,96.2442,97.0718,95.3753,95.7356,61233
2024-01-15,FXOBL,95.4458,96.2832,95.0412,95.8824,38705
2024-01-16,FXOBL,96.4148,96.7696,95.4770,95.8742,29242
2024-01-17,FXOBL,96.2973,96.5450,95.8903,96.0726,75804
2024-01-18,FXOBL,96.3333,96.5303,95.2111,95.8599,79983
2024-01-19,FXOBL,95.9767,96.3268,95.5338,96.2838,58674
2024-01-22,FXOBL,96.1170,96.8299,95.6560,96.2202,89812
2024-01-23,FXOBL,96.1097,96.4892,95.6575,96.4292,44145
2024-01-24,FXOBL,96.5747,96.6097,96.1264,96.2566,75095
2024-01-25,FXOBL,95.2089,96.2509,94.9175,96.1794,69771
2024-01-26,FXOBL,96.4259,96.7790,95.0444,95.7525,47420
2024-01-29,FXOBL,95.7303,96.0391,95.3367,95.4825,86728
2024-01-30,FXOBL,94.7678,96.0128,94.5485,95.6361,81947
2024-01-31,FXOBL,95.4209,96.0779,94.5582,95.6197,65952
2024-02-01,FXOBL,95.6086,96.3364,95.2676,95.6417,71592
2024-02-02,FXOBL,95.9503,96.5147,95.3963,95.7366,90079
2024-02-05,FXOBL,95.8254,96.0493,95.1405,95.7023,87758
2024-02-06,FXOBL,95.2784,96.4618,94.8599,95.8450,26843
2024-02-07,FXOBL,95.5767,96.1861,95.0936,96.1151,49408
2024-02-08,FXOBL,96.0131,96.3420,95.9242,96.1850,98450
2024-02-09,FXOBL,96.3152,96.6539,96.2714,96.3087,52450
2024-02-12,FXOBL,96.8391,97.0060,95.2745,95.9284,72658
2024-02-13,FXOBL,95.9622,96.6070,94.4168,95.5730,76333
2024-02-14,FXOBL,95.0781,95.9951,94.9007,95.6046,50908
2024-02-15,FXOBL,95.8420,96.1960,94.9935,95.3709,25535
2024-02-16,FXOBL,95.3945,95.8656,95.0339,95.2966,48674
2024-02-19,FXOBL,95.2313,96.1168,94.2713,95.2153,33612
2024-02-20,FXOBL,95.4754,95.5101,94.7322,95.0581,37409
2024-02-21,FXOBL,94.8690,95.1471,94.5904,95.1309,90792
2024-02-22,FXOBL,94.6949,95.5510,94.1105,95.2648,41476
2024-02-23,FXOBL,95.6242,96.9160,94.5367,95.2599,38449
2024-02-26,FXOBL,95.0883,95.5010,95.0077,95.1928,48867
2024-02-27,FXOBL,95.6570,95.9522,94.7781,95.0233,53895
2024-02-28,FXOBL,95.2969,95.3552,94.7170,94.7977,36363
2024-02-29,FXOBL,94.4458,95.2150,93.7160,94.9678,83327
2024-03-01,FXOBL,95.3937,95.5209,94.6788,95.0518,34852
2024-03-04,FXOBL,95.6192,95.7282,94.8128,95.0670,20675
2024-03-05,FXOBL,95.2310,95.8223,95.0156,95.0695,60128
2024-03-06,FXOBL,95.2764,95.4433,94.7006,94.8894,59169
2024-03-07,FXOBL,94.5414,95.2457,94.4617,95.1567,56746
2024-03-08,FXOBL,95.1158,95.4280,94.1790,94.9135,49882
2024-03-11,FXOBL,94.2206,95.1357,94.1442,94.9461,51324
2024-03-12,FXOBL,94.5179,95.1931,94.3637,94.9182,76332
2024-03-13,FXOBL,94.3260,95.0289,94.0919,94.9146,57997
2024-03-14,FXOBL,94.6732,94.7704,94.3133,94.6764,34475
2024-03-15,FXOBL,94.6758,94.7578,94.1166,94.6143,64587
2024-03-18,FXOBL,94.7723,95.3281,94.3056,94.8704,36136
2024-03-19,FXOBL,94.2823,95.2635,93.9159,94.9310,64161
2024-03-20,FXOBL,94.5090,94.8547,94.4084,94.7512,25735
2024-03-21,FXOBL,94.8788,95.1430,94.3888,94.6390,62662
2024-03-22,FXOBL,94.6295,94.9204,94.2771,94.4282,99290
2024-03-25,FXOBL,95.1253,95.4043,94.5688,94.8450,52988
2024-03-26,FXOBL,94.8113,95.2618,94.4110,95.1355,43126
2024-03-27,FXOBL,94.9065,95.2002,94.7758,94.9779,25413
2024-03-28,FXOBL,95.1803,95.3663,94.6263,95.3589,24268
2024-03-29,FXOBL,95.7935,96.0207,94.9527,95.3109,26315
2024-04-01,FXOBL,95.3362,95.7732,95.0198,95.2524,76396
2024-04-02,FXOBL,94.7224,95.6740,94.3838,95.4277,58498
2024-04-03,FXOBL,95.9266,96.2336,95.1247,95.4329,99472
2024-04-04,FXOBL,95.0284,95.8617,94.7580,95.5653,70961
2024-04-05,FXOBL,95.5490,96.1407,95.3349,95.4497,77699
2024-04-08,FXOBL,95.1102,95.8828,94.7904,95.4842,80345
2024-04-09,FXOBL,95.1184,95.5289,95.1017,95.3989,39589
2024-04-10,FXOBL,95.5839,95.8330,94.9969,95.4274,84980
2024-04-11,FXOBL,95.9567,96.3963,95.3404,95.4747,23643
2024-04-12,FXOBL,94.8569,95.6542,94.5270,95.4526,51555
2024-04-15,FXOBL,95.3744,95.8211,95.3307,95.6522,84829
2024-04-16,FXOBL,94.8612,95.4901,94.7217,95.4324,58019
2024-04-17,FXOBL,95.8161,95.9385,95.2131,95.5886,78854
2024-04-18,FXOBL,96.1906,96.2655,95.3564,95.4922,37750
2024-04-19,FXOBL,95.6741,95.8628,94.6920,95.2173,69684
2024-04-22,FXOBL,95.4172,95.8525,94.6469,95.1724,24123
2024-04-23,FXOBL,95.6525,96.1545,95.1352,95.1448,62541
2024-04-24,FXOBL,95.6681,95.8031,95.0929,95.3581,25332
2024-04-25,FXOBL,95.4851,95.5723,95.1262,95.3273,88549
2024-04-26,FXOBL,95.5921,95.8184,95.0331,95.5229,45823
2024-04-29,FXOBL,95.7706,96.2089,95.6094,95.6387,99826
2024-04-30,FXOBL,96.1180,96.9205,95.5145,95.8086,71012
2024-05-01,FXOBL,96.2787,96.6201,95.2771,95.4786,33147
2024-05-02,FXOBL,95.2105,95.6365,94.6116,95.2617,59534
2024-05-03,FXOBL,95.3342,96.0489,94.8643,95.1537,54447
2024-05-06,FXOBL,95.0966,95.1642,94.8618,94.9044,30956
2024-05-07,FXOBL,95.0882,95.8487,94.5321,95.0727,28542
2024-05-08,FXOBL,95.4360,95.6719,94.7431,94.9125,47118
2024-05-09,FXOBL,94.8724,95.6370,94.7159,94.9239,36221
2024-05-10,FXOBL,94.7325,95.2287,93.9370,94.7419,22566
2024-05-13,FXOBL,95.2623,95.4875,94.4136,94.8008,78249
2024-05-14,FXOBL,95.4946,95.5851,94.4267,94.9899,90417
2024-05-15,FXOBL,95.5313,95.5367,94.8326,94.8463,81298
2024-05-16,FXOBL,94.7211,95.3223,94.5970,95.2605,48337
2024-05-17,FXOBL,95.6161,95.6514,95.3714,95.6103,56034
2024-05-20,FXOBL,95.3754,95.9395,94.9876,95.8499,88553
2024-05-21,FXOBL,96.8460,96.9301,95.7999,96.1590,70417
2024-05-22,FXOBL,95.5624,96.3917,95.2428,96.3417,65536
2024-05-23,FXOBL,96.3693,96.5260,95.7263,96.4385,93672
2024-05-24,FXOBL,96.6321,97.1865,96.0441,96.4293,79081
2024-05-27,FXOBL,96.5301,96.6695,95.9700,96.3336,23406
2024-05-28,FXOBL,96.4153,96.4188,96.0845,96.1813,55422
2024-05-29,FXOBL,96.1403,96.7186,95.3931,96.1251,76583
2024-05-30,FXOBL,95.2138,96.0057,94.8927,95.8712,54527
2024-05-31,FXOBL,95.9418,96.3186,95.7761,95.9189,52745
2024-06-03,FXOBL,95.5611,96.3279,95.4189,95.8930,67178
2024-06-04,FXOBL,96.6189,96.6973,95.3733,95.6829,70503
2024-06-05,FXOBL,95.3636,96.5479,95.0652,96.1213,37380
2024-06-06,FXOBL,96.1555,96.2362,96.1185,96.2032,29539
2024-06-07,FXOBL,95.9540,96.3712,95.9146,96.1286,83185
2024-06-10,FXOBL,97.4134,97.4639,95.9343,96.1538,59584
2024-06-11,FXOBL,96.5633,96.8048,95.6909,96.1563,69809
2024-06-12,FXOBL,96.2962,96.8044,95.9032,96.1725,72767
2024-06-13,FXOBL,96.7354,97.5101,95.8343,96.2522,41315
2024-06-14,FXOBL,96.7331,96.9727,96.3277,96.3953,51674
2024-06-17,FXOBL,96.4557,97.1081,95.7598,95.9768,42835
2024-06-18,FXOBL,96.6263,97.5544,95.3801,95.6898,50851
2024-06-19,FXOBL,95.1252,96.5990,94.7947,95.9548,79554
2024-06-20,FXOBL,96.6913,96.8179,95.7296,96.0443,41158
2024-06-21,FXOBL,95.7593,96.2413,95.7074,95.9222,32769
2024-06-24,FXOBL,95.5271,96.3624,95.4263,96.0709,63766
2024-06-25,FXOBL,96.5043,96.8581,95.5622,95.5721,93637
2024-06-26,FXOBL,95.5044,95.9041,95.0399,95.4241,44953
2024-06-27,FXOBL,95.3047,95.4024,94.9603,95.3119,59119
2024-06-28,FXOBL,95.2595,96.0032,94.7056,95.6387,96134
2024-07-01,FXOBL,96.2118,96.2483,95.3991,95.6681,81957
2024-07-02,FXOBL,95.1930,96.1349,94.8821,95.8488,31400
2024-07-03,FXOBL,95.7048,95.8061,95.1504,95.7274,28353
2024-07-04,FXOBL,95.9361,96.1798,95.6815,95.7960,96325
2024-07-05,FXOBL,95.7216,96.8736,95.5129,96.1557,65692
2024-07-08,FXOBL,95.6786,96.0696,95.6043,95.9649,41194
2024-07-09,FXOBL,95.7516,96.2257,95.6205,96.0679,24512
2024-07-10,FXOBL,96.4051,96.7091,96.2310,96.3943,39105
2024-07-11,FXOBL,96.6841,96.7114,95.4074,96.2515,36082
2024-07-12,FXOBL,96.9190,97.1868,96.4501,96.4918,93803
2024-07-15,FXOBL,96.8332,96.9994,96.2239,96.6991,86124
2024-07-16,FXOBL,96.5754,97.2227,96.5379,96.6226,92279
2024-07-17,FXOBL,96.5874,97.2184,96.4907,96.7387,85182
2024-07-18,FXOBL,97.4627,97.5555,96.6135,96.8825,86609
2024-07-19,FXOBL,96.0085,97.3788,95.9411,96.5944,40083
2024-07-22,FXOBL,96.6249,97.2579,96.6048,96.9592,73309
2024-07-23,FXOBL,97.6320,97.8837,96.2961,97.0562,35138
2024-07-24,FXOBL,97.4926,97.6697,96.7247,96.9732,52387
2024-07-25,FXOBL,96.4850,97.4031,96.2319,97.0556,89055
2024-07-26,FXOBL,97.0468,97.7318,96.2386,97.4377,26381
2024-07-29,FXOBL,97.1199,98.2111,96.8080,97.7092,94776
2024-07-30,FXOBL,97.7063,98.3199,97.3510,97.9324,45069
2024-07-31,FXOBL,98.4150,98.5066,98.0013,98.1285,83056
2024-08-01,FXOBL,97.7239,98.6383,97.2367,98.2939,36483
2024-08-02,FXOBL,98.9096,99.5420,97.8293,98.5253,95049
2024-08-05,FXOBL,98.0380,98.4315,97.8430,98.3259,32451
2024-08-06,FXOBL,98.4293,98.6569,97.6661,98.2315,62130
2024-08-07,FXOBL,98.2273,99.1782,97.1376,97.8545,28226
2024-08-08,FXOBL,97.3290,97.9761,97.0854,97.9445,64281
2024-08-09,FXOBL,97.6687,98.0022,97.2437,97.9825,21854
2024-08-12,FXOBL,97.8268,98.6154,97.6071,98.0845,78233
2024-08-13,FXOBL,98.1257,98.9728,97.3009,97.8200,48410
2024-08-14,FXOBL,97.5712,98.2748,97.4954,97.7187,97249
2024-08-15,FXOBL,98.0035,98.0177,97.2549,97.5204,74499
2024-08-16,FXOBL,97.5415,97.6018,97.2196,97.5446,56508
2024-08-19,FXOBL,96.9159,97.7578,96.5353,97.5107,72796
2024-08-20,FXOBL,97.9968,98.2500,97.1867,97.4496,93817
2024-08-21,FXOBL,97.4791,97.7643,96.9728,97.2018,23917
2024-08-22,FXOBL,97.2218,97.8635,96.8437,97.0520,53698
2024-08-23,FXOBL,97.3861,97.9155,96.9356,97.0739,79822
2024-08-26,FXOBL,96.6686,97.8697,96.0771,97.3209,42312
2024-08-27,FXOBL,96.9664,97.3190,96.5398,97.2225,85473
2024-08-28,FXOBL,96.9573,97.2961,96.7306,97.2246,43532
2024-08-29,FXOBL,97.0162,97.4694,96.9521,97.3267,43241
2024-08-30,FXOBL,96.9799,98.1478,96.9518,97.2764,55817
2024-09-02,FXOBL,97.2711,97.6271,96.6129,97.1485,51788
2024-09-03,FXOBL,96.9632,97.2889,95.8991,96.7756,43030
2024-09-04,FXOBL,96.3196,96.5423,95.5603,96.4349,34439
2024-09-05,FXOBL,97.2110,97.6225,95.8310,96.5126,83174
2024-09-06,FXOBL,96.5700,97.4056,96.0528,96.1870,64979
2024-09-09,FXOBL,96.0630,96.6979,95.2016,96.1196,85423
2024-09-10,FXOBL,95.5467,96.3866,95.1359,96.0054,46528
2024-09-11,FXOBL,96.5390,97.0217,95.8961,96.2671,87631
2024-09-12,FXOBL,96.0860,96.2120,95.3379,96.0606,71242
2024-09-13,FXOBL,95.5204,96.3176,95.4761,96.0424,93221
2024-09-16,FXOBL,96.0488,96.7449,95.8365,96.2576,54303
2024-09-17,FXOBL,95.7895,96.3314,95.4507,96.2161,95907
2024-09-18,FXOBL,97.0703,97.2966,95.2944,96.1000,51759
2024-09-19,FXOBL,95.6994,96.7377,94.7771,96.4749,53243
2024-09-20,FXOBL,96.1757,97.2263,95.8744,96.3623,30224
2024-09-23,FXOBL,96.5931,96.9308,96.2050,96.4146,73354
2024-09-24,FXOBL,96.5635,97.1661,95.7245,96.2116,54586
2024-09-25,FXOBL,95.8606,96.6654,95.7452,96.3757,49865
2024-09-26,FXOBL,97.0382,97.4242,95.5521,95.9183,81060
2024-09-27,FXOBL,96.6685,97.0867,95.4643,95.5266,99424
2024-09-30,FXOBL,95.2557,95.7591,95.1354,95.7147,43419
2024-10-01,FXOBL,95.5756,95.8600,95.3911,95.4199,61940
2024-10-02,FXOBL,95.0622,95.6239,94.5443,95.5166,58543
2024-10-03,FXOBL,95.3840,95.5168,95.1137,95.3601,36721
2024-10-04,FXOBL,95.5981,95.6306,94.5238,95.2661,44542
2024-10-07,FXOBL,94.7870,95.1875,94.6394,95.0595,68855
2024-10-08,FXOBL,94.2490,94.9801,94.0275,94.7917,39315
2024-10-09,FXOBL,94.1068,95.5182,93.9592,95.1103,61700
2024-10-10,FXOBL,94.9191,95.5714,94.4745,95.3423,34075
2024-10-11,FXOBL,94.7827,95.6047,94.5861,95.3031,45985
2024-10-14,FXOBL,95.7752,96.0388,94.8797,95.1702,85789
2024-10-15,FXOBL,95.1001,95.3965,95.0936,95.0997,60011
2024-10-16,FXOBL,94.8953,95.7003,94.6003,95.3910,96402
2024-10-17,FXOBL,94.9347,95.6809,94.3309,94.9360,77667
2024-10-18,FXOBL,94.4924,95.3316,93.8658,94.7992,39109
2024-10-21,FXOBL,94.3028,95.3061,94.2504,94.8385,28126
2024-10-22,FXOBL,95.1104,95.4794,94.5315,95.0159,87576
2024-10-23,FXOBL,95.2866,95.4871,95.1378,95.2311,83546
2024-10-24,FXOBL,95.2121,95.5864,95.0854,95.5250,53848
2024-10-25,FXOBL,95.6207,96.2134,94.6961,95.6257,38489
2024-10-28,FXOBL,95.4834,95.9605,95.0402,95.8473,94890
2024-10-29,FXOBL,96.0546,96.5994,95.6937,95.9450,99382
2024-10-30,FXOBL,95.4815,96.1034,95.0120,96.0478,36488
2024-10-31,FXOBL,96.3858,96.9713,95.3670,95.9489,42527
2024-11-01,FXOBL,96.4090,96.4407,95.4338,95.7070,93110
2024-11-04,FXOBL,96.0429,96.1400,95.4925,95.5541,84214
2024-11-05,FXOBL,95.3932,96.2519,95.0236,95.9186,81346
2024-11-06,FXOBL,94.9851,96.1898,94.5001,95.9541,76587
2024-11-07,FXOBL,95.4624,96.0413,95.3728,95.6667,47309
2024-11-08,FXOBL,95.6933,95.7087,95.1653,95.6064,38864
2024-11-11,FXOBL,95.3080,95.8842,95.2967,95.7634,62593
2024-11-12,FXOBL,94.6594,95.8431,94.4052,95.4746,48890
2024-11-13,FXOBL,95.1821,96.1105,94.7493,95.5764,25720
2024-11-14,FXOBL,95.7920,96.4398,95.5639,95.7227,88512
2024-11-15,FXOBL,95.9534,96.2758,95.8139,96.0716,88545
2024-11-18,FXOBL,96.0861,96.0890,95.6654,95.8403,50622
2024-11-19,FXOBL,96.1315,96.1896,95.4179,95.8656,74672
2024-11-20,FXOBL,95.6781,95.6790,94.7026,95.4180,25199
2024-11-21,FXOBL,95.1226,95.7122,95.0514,95.5995,91591
2024-11-22,FXOBL,95.8622,95.9650,95.5599,95.5646,37836
2024-11-25,FXOBL,95.3133,95.7572,94.3478,95.3463,85699
2024-11-26,FXOBL,94.6845,96.5221,94.6125,95.7946,75916
2024-11-27,FXOBL,95.3437,96.1717,94.7729,95.9340,74006
2024-11-28,FXOBL,96.1470,96.4086,95.5359,95.8451,23347
2024-11-29,FXOBL,95.6303,96.7641,95.1196,96.1825,42747
2024-12-02,FXOBL,96.5966,96.9437,95.4232,95.9708,46519
2024-12-03,FXOBL,95.9108,96.1114,95.4933,95.8943,47986
2024-12-04,FXOBL,95.6087,95.9382,95.4581,95.8935,72150
2024-12-05,FXOBL,96.1524,96.5589,95.6428,95.8864,39237
2024-12-06,FXOBL,95.7999,96.0765,95.4224,96.0591,21134
2024-12-09,FXOBL,96.1313,96.8692,95.8970,96.0933,38835
2024-12-10,FXOBL,96.5256,97.0305,95.9650,95.9881,45070
2024-12-11,FXOBL,95.7337,96.6526,94.7264,96.2445,21287
2024-12-12,FXOBL,96.0282,97.0218,95.3729,96.6205,52591
2024-12-13,FXOBL,97.1603,97.2403,96.2601,96.8763,98350
2024-12-16,FXOBL,96.7360,97.1827,96.4498,96.8356,82273
2024-12-17,FXOBL,96.8375,97.0639,96.4843,96.6248,86848
2024-12-18,FXOBL,96.4547,97.1994,96.0376,96.7726,33542
2024-12-19,FXOBL,97.0829,97.9052,96.6753,96.7629,72007
2024-12-20,FXOBL,96.5861,97.1828,95.7439,96.8028,24678
2024-12-23,FXOBL,96.5456,96.9670,96.4301,96.8427,40399
2024-12-24,FXOBL,97.2567,97.6648,96.9416,96.9738,60464
2024-12-25,FXOBL,97.2469,98.1262,96.5522,96.6824,51029
2024-12-26,FXOBL,96.3113,97.6715,96.1313,96.9473,88015
2024-12-27,FXOBL,96.1587,97.2752,95.9695,97.0328,76533
2024-12-30,FXOBL,97.2835,97.8135,97.0950,97.2398,86757
2024-12-31,FXOBL,97.3345,98.4752,97.3171,97.4609,83068
2025-01-01,FXOBL,97.5783,98.5840,97.2522,97.8198,72750
2025-01-02,FXOBL,97.4612,97.6165,97.3100,97.5343,61797
2025-01-03,FXOBL,97.4417,98.6686,97.1099,97.9318,99728
2025-01-06,FXOBL,97.3454,98.3328,97.1553,98.1814,42781
2025-01-07,FXOBL,97.6310,98.2047,96.8412,97.9213,33715
2025-01-08,FXOBL,97.9538,98.5799,97.4177,97.8430,32182
2025-01-09,FXOBL,97.2860,98.1399,96.4589,98.0394,36700
2025-01-10,FXOBL,97.8148,98.3530,97.7365,97.7515,66004
2025-01-13,FXOBL,98.6693,98.6940,97.7120,97.8262,40605
2025-01-14,FXOBL,97.4879,98.7546,97.3683,98.0862,93996
2025-01-15,FXOBL,98.1325,98.4899,97.9061,98.3662,43501
2025-01-16,FXOBL,97.9600,98.4032,97.9320,98.3430,32289
2025-01-17,FXOBL,98.3698,98.7702,97.9408,98.3410,94863
2025-01-20,FXOBL,98.0146,98.0705,97.5983,97.9457,93493
2025-01-21,FXOBL,98.0424,98.1751,97.6846,98.0508,34621
2025-01-22,FXOBL,98.5112,98.8709,97.8896,98.1596,70471
2025-01-23,FXOBL,98.4559,98.5673,97.8558,98.0133,89513
2025-01-24,FXOBL,98.4322,98.5343,97.7449,98.1321,38884
2025-01-27,FXOBL,98.4943,98.9776,97.9117,98.0447,58648
2025-01-28,FXOBL,97.8815,98.7583,97.6374,98.0576,71265
2025-01-29,FXOBL,98.0884,98.4303,97.8141,98.0118,61418
2025-01-30,FXOBL,98.1791,98.3851,98.0986,98.3642,42710
2025-01-31,FXOBL,97.6339,98.8049,97.4294,98.4398,86040
2025-02-03,FXOBL,98.5126,99.0156,98.2245,98.2344,73922
2025-02-04,FXOBL,98.9960,99.1054,97.3859,98.1211,70075
2025-02-05,FXOBL,98.4568,98.7617,98.1508,98.3049,94217
2025-02-06,FXOBL,98.5376,98.6379,97.6185,98.1620,85473
2025-02-07,FXOBL,98.3627,98.4064,97.7918,98.3847,78086
2025-02-10,FXOBL,98.0384,98.6530,97.6412,98.5748,75641
2025-02-11,FXOBL,98.1325,99.0665,97.7848,98.7424,91119
2025-02-12,FXOBL,98.1396,98.6406,98.0716,98.5318,77680
2025-02-13,FXOBL,99.1391,99.2340,98.6504,98.6961,97465
2025-02-14,FXOBL,99.3774,99.4482,98.2970,98.5101,96331
2025-02-17,FXOBL,98.7749,98.9876,98.0869,98.4843,74856
2025-02-18,FXOBL,99.4586,99.9543,98.2834,98.4681,44825
2025-02-19,FXOBL,98.0592,98.8089,97.7778,97.9126,44074
2025-02-20,FXOBL,98.0039,98.7153,97.5339,98.1294,27482
2025-02-21,FXOBL,97.3356,98.4526,97.2393,98.1819,22930
2025-02-24,FXOBL,98.1103,98.5976,97.9784,98.1067,86683
2025-02-25,FXOBL,97.4071,98.2068,97.3832,98.1225,28893
2025-02-26,FXOBL,98.5657,98.7497,97.6862,98.2400,37174
2025-02-27,FXOBL,97.7083,98.7106,97.4437,98.3522,22413
2025-02-28,FXOBL,98.7260,99.0859,97.7412,98.2879,46845
2025-03-03,FXOBL,98.5522,98.6158,98.2064,98.4629,50507
2025-03-04,FXOBL,98.4414,99.1310,98.1481,98.5416,76448
2025-03-05,FXOBL,98.2360,98.8327,98.1210,98.6914,22380
2025-03-06,FXOBL,98.9424,99.0634,98.6394,98.6866,47777
2025-03-07,FXOBL,98.5665,99.1506,97.7227,98.6231,46549
2025-03-10,FXOBL,98.1907,99.3253,97.8345,98.7920,36173
2025-03-11,FXOBL,99.2397,99.3664,98.4771,98.8352,25401
2025-03-12,FXOBL,99.5303,99.6057,98.5399,98.8420,41820
2025-03-13,FXOBL,98.9647,99.3981,98.8444,99.1478,29439
2025-03-14,FXOBL,99.6370,100.5415,98.1654,98.9810,20345
2025-03-17,FXOBL,98.4250,99.0535,97.8770,98.9341,55258
2025-03-18,FXOBL,98.5306,98.8853,98.5288,98.8445,85218
2025-03-19,FXOBL,98.7877,98.9844,98.3972,98.9655,82351
2025-03-20,FXOBL,98.9720,99.7650,98.6116,99.2623,34464
2025-03-21,FXOBL,98.5047,99.3899,98.2281,99.3398,72499
2025-03-24,FXOBL,99.1217,99.4845,98.4631,99.1162,40865
2025-03-25,FXOBL,99.3854,99.7968,98.4574,99.0772,73541
2025-03-26,FXOBL,98.9925,99.0726,98.5655,99.0194,47191
2025-03-27,FXOBL,98.3973,99.7331,97.9310,99.2888,91309
2025-03-28,FXOBL,98.7858,99.3946,98.4813,99.1651,21841
2025-03-31,FXOBL,99.1032,99.3954,98.9641,99.0293,51363
2025-04-01,FXOBL,98.8339,99.1778,98.4185,99.1617,78125
2025-04-02,FXOBL,100.2550,100.2842,98.3707,98.8212,64081
2025-04-03,FXOBL,98.6505,98.9127,98.2356,98.7372,34199
2025-04-04,FXOBL,99.3812,100.7025,98.8910,99.1924,56198
2025-04-07,FXOBL,98.9289,99.0356,98.4916,99.0258,56112
2025-04-08,FXOBL,98.7443,99.2289,98.3678,99.0135,20894
2025-04-09,FXOBL,99.2169,99.6332,98.3817,98.9520,80663
2025-04-10,FXOBL,99.0001,99.3736,98.6593,98.9284,25735
2025-04-11,FXOBL,99.3859,100.1105,99.1041,99.2565,52209
2025-04-14,FXOBL,99.2547,99.7265,97.7836,99.0617,30839
2025-04-15,FXOBL,98.8754,99.0416,98.4513,98.8782,65444
2025-04-16,FXOBL,99.2830,99.4709,98.1640,98.8781,82152
2025-04-17,FXOBL,98.5814,99.1811,98.3728,98.5350,71780
2025-04-18,FXOBL,98.0977,98.8548,97.5735,98.7789,90276
2025-04-21,FXOBL,99.3019,99.6736,98.9376,98.9866,82384
2025-04-22,FXOBL,99.0717,99.6914,98.6731,99.0714,68752
2025-04-23,FXOBL,99.4042,99.7410,98.7870,99.0836,30161
2025-04-24,FXOBL,99.2406,99.3372,99.0372,99.1045,94325
2025-04-25,FXOBL,99.2793,99.3234,98.9487,99.2496,28176
2025-04-28,FXOBL,99.5024,99.6070,98.3097,98.9424,65251
2025-04-29,FXOBL,98.9525,99.4322,98.7500,99.1246,32765
2025-04-30,FXOBL,99.1023,99.5671,98.6644,99.0623,45881
2025-05-01,FXOBL,99.4080,99.4996,98.7301,99.0930,91554
2025-05-02,FXOBL,98.7742,99.4848,97.9747,99.3546,72616
2025-05-05,FXOBL,99.4310,99.4443,98.8382,99.3677,91130
2025-05-06,FXOBL,99.3383,99.4424,98.7782,99.0855,72984
2025-05-07,FXOBL,99.9309,99.9590,98.1801,99.1399,21559
2025-05-08,FXOBL,99.0074,99.8848,98.8289,99.2550,32669
2025-05-09,FXOBL,99.6298,100.0380,99.0606,99.1505,74709
2025-05-12,FXOBL,98.9132,100.0481,98.6443,99.2011,31750
2025-05-13,FXOBL,98.8559,99.2954,98.4964,99.2241,39817
2025-05-14,FXOBL,99.6273,100.1579,98.4311,98.8234,47122
2025-05-15,FXOBL,99.0307,99.7548,98.8035,98.9883,76464
2025-05-16,FXOBL,98.8825,99.3450,98.3236,98.6766,64487
2025-05-19,FXOBL,98.2479,98.6265,97.9636,98.5215,24180
2025-05-20,FXOBL,98.5131,98.6512,97.4528,98.2632,93254
2025-05-21,FXOBL,97.9800,99.1553,97.6671,98.3979,83940
2025-05-22,FXOBL,98.4523,98.6983,97.5222,98.1558,85200
2025-05-23,FXOBL,98.4199,99.0863,97.8572,98.0771,69835
2025-05-26,FXOBL,99.0128,99.3692,98.0686,98.1605,71467
2025-05-27,FXOBL,98.2312,98.9512,97.9065,98.0538,95061
2025-05-28,FXOBL,97.5417,98.0731,97.4240,98.0587,96786
2025-05-29,FXOBL,98.8768,98.9072,98.0139,98.1807,51421
2025-05-30,FXOBL,98.4341,98.5374,97.3786,98.0350,48472
2025-06-02,FXOBL,98.3642,98.6634,97.9331,98.2061,43393
2025-06-03,FXOBL,98.3416,98.5705,98.1818,98.2506,41202
2025-06-04,FXOBL,98.5117,98.5758,97.3616,97.6245,88937
2025-06-05,FXOBL,96.6864,98.3984,96.4499,97.6046,52311
2025-06-06,FXOBL,97.9000,98.6978,97.2934,97.4693,89890
2025-06-09,FXOBL,97.8725,98.3360,97.4649,97.4841,83318
2025-06-10,FXOBL,98.2203,98.3092,97.5068,97.7394,27165
2025-06-11,FXOBL,98.4753,98.5916,97.5317,97.7888,94532
2025-06-12,FXOBL,97.5216,98.0377,97.3744,97.5320,88629
2025-06-13,FXOBL,97.0722,98.2056,97.0507,97.6568,73239
2025-06-16,FXOBL,98.2107,98.5492,97.0822,97.6905,68145
2025-06-17,FXOBL,97.9387,98.0837,97.4000,97.4962,46800
2025-06-18,FXOBL,97.8177,98.4539,97.3360,97.4514,76826
2025-06-19,FXOBL,97.6222,97.7881,97.3844,97.5198,98037
2025-06-20,FXOBL,96.5657,98.2492,96.2534,97.4603,21509
2025-06-23,FXOBL,96.9893,97.9587,96.8058,97.8205,31121
2025-06-24,FXOBL,97.4548,97.7882,97.0916,97.5574,30559
2025-06-25,FXOBL,97.3345,97.9069,96.5955,97.8298,39301
2025-06-26,FXOBL,98.1701,98.7235,97.0094,97.7299,43587
2025-06-27,FXOBL,98.2179,98.8749,97.1288,97.7773,70008
2025-06-30,FXOBL,97.4977,98.3118,97.2932,97.7493,81342
2025-07-01,FXOBL,97.4542,98.2917,97.4462,97.9152,23163
2025-07-02,FXOBL,97.6851,98.7626,97.6149,97.9895,95914
2025-07-03,FXOBL,97.3847,98.7801,97.1530,98.0032,47060
2025-07-04,FXOBL,97.6848,98.7575,97.0059,97.9295,68623
2025-07-07,FXOBL,97.7801,98.6590,97.5623,98.4323,58983
2025-07-08,FXOBL,98.0841,98.5066,97.9455,98.4574,52704
2025-07-09,FXOBL,98.3371,98.9843,97.9576,98.7319,23854
2025-07-10,FXOBL,98.2874,99.8222,98.1379,98.9126,32660
2025-07-11,FXOBL,98.4024,99.3146,98.1885,99.2621,24403
2025-07-14,FXOBL,100.3415,100.6479,98.4368,99.2107,95233
2025-07-15,FXOBL,98.9712,99.2605,98.2659,99.2029,24515
2025-07-16,FXOBL,99.7897,100.0601,99.1082,99.5401,70117
2025-07-17,FXOBL,99.0190,100.2790,98.4044,99.8856,63057
2025-07-18,FXOBL,99.5785,100.3043,99.2471,99.7542,50303
2025-07-21,FXOBL,99.3350,100.5199,99.2059,99.4792,51680
2025-07-22,FXOBL,98.7920,99.2111,98.1869,99.1287,71993
2025-07-23,FXOBL,99.7603,100.2093,98.7612,99.0176,44496
2025-07-24,FXOBL,98.8202,99.1445,98.7913,98.8870,32511
2025-07-25,FXOBL,98.7493,99.3971,98.6899,99.0645,63625
2025-07-28,FXOBL,98.8803,99.8026,98.4849,99.2548,75159
2025-07-29,FXOBL,99.1029,99.9775,99.0758,99.3967,39820
2025-07-30,FXOBL,99.5916,99.9486,99.2456,99.2882,92974
2025-07-31,FXOBL,99.0012,99.3515,98.6282,99.2188,37039
2025-08-01,FXOBL,99.3085,99.3301,98.9129,99.0667,86574
2025-08-04,FXOBL,98.9860,99.6982,98.5367,98.9930,27810
2025-08-05,FXOBL,99.5458,99.7386,98.1756,99.0186,62437
2025-08-06,FXOBL,98.7517,99.3282,98.4391,99.0626,88187
2025-08-07,FXOBL,99.1117,99.2695,98.1012,98.8104,21789
2025-08-08,FXOBL,98.8157,99.0009,98.0490,98.7616,89775
2025-08-11,FXOBL,99.7158,99.7417,98.7125,98.9789,24347
2025-08-12,FXOBL,98.3646,99.5349,97.6580,99.3457,39003
2025-08-13,FXOBL,99.0827,99.3835,98.1429,99.1408,90866
2025-08-14,FXOBL,99.1754,99.4229,98.7660,98.8840,78924
2025-08-15,FXOBL,98.8309,99.8242,98.4991,99.5049,21983
2025-08-18,FXOBL,99.6607,100.1356,99.5722,99.7180,56188
2025-08-19,FXOBL,100.0935,100.3863,99.6290,99.7828,38503
2025-08-20,FXOBL,99.4963,100.0877,99.2785,99.5683,41914
2025-08-21,FXOBL,98.8280,99.7682,98.0066,99.6501,34732
2025-08-22,FXOBL,100.1998,100.8276,99.2998,99.7920,42099
2025-08-25,FXOBL,100.1915,100.4031,99.6363,99.8587,52348
2025-08-26,FXOBL,99.9256,100.3687,99.3495,99.8898,30084
2025-08-27,FXOBL,99.7815,100.3109,99.3098,99.7274,55650
2025-08-28,FXOBL,100.1157,100.2558,99.6553,99.7184,46898
2025-08-29,FXOBL,99.9348,100.8470,99.1058,100.0781,70366
2025-09-01,FXOBL,100.0110,100.5408,99.8238,100.3403,82493
2025-09-02,FXOBL,100.2454,100.2933,99.4222,100.1944,87192
2025-09-03,FXOBL,99.8082,100.4466,99.7946,100.3751,93869
2025-09-04,FXOBL,100.3119,101.1509,100.0126,100.1824,21905
2025-09-05,FXOBL,100.0610,100.7443,99.9994,100.3113,86897
2025-09-08,FXOBL,99.9088,100.3613,99.7919,100.0651,25055
2025-09-09,FXOBL,99.3974,99.9806,99.1629,99.9568,22174
2025-09-10,FXOBL,99.5275,100.5766,99.2767,100.1565,65346
2025-09-11,FXOBL,100.2507,100.3490,99.8196,100.0347,25107
2025-09-12,FXOBL,99.7968,100.7284,99.6923,100.2285,34928
2025-09-15,FXOBL,100.0177,100.7396,99.6175,99.9449,75081
2025-09-16,FXOBL,100.0274,100.2568,99.8436,99.8618,33981
2025-09-17,FXOBL,99.6352,99.8949,99.1992,99.8090,77606
2025-09-18,FXOBL,99.8739,100.3954,99.5119,99.9830,83665
2025-09-19,FXOBL,99.8901,99.9310,99.3461,99.8955,49507
2025-09-22,FXOBL,99.0976,99.9372,98.9477,99.8497,71290
2025-09-23,FXOBL,100.2070,100.3283,99.6148,99.6826,97826
2025-09-24,FXOBL,99.9201,99.9414,99.0147,99.7178,91985
2025-09-25,FXOBL,98.9654,100.0620,98.9577,99.6992,36855
2025-09-26,FXOBL,99.0403,100.0294,98.5429,99.6262,75745
2025-09-29,FXOBL,99.5695,99.9541,99.5468,99.7563,95084
2025-09-30,FXOBL,99.0839,100.2449,98.8004,99.7418,96359
2025-10-01,FXOBL,99.1299,99.6895,98.7284,99.5699,54609
2025-10-02,FXOBL,99.5216,99.8920,99.1449,99.7544,72486
2025-10-03,FXOBL,99.5368,100.0662,99.2373,99.9467,74007
2025-10-06,FXOBL,99.4773,100.0450,99.4415,99.9536,41249
2025-10-07,FXOBL,99.9547,100.6775,99.2789,99.5779,38773
2025-10-08,FXOBL,99.6351,100.1428,99.2266,99.2973,54176
2025-10-09,FXOBL,99.0224,99.2348,98.7945,99.2233,82698
2025-10-10,FXOBL,99.8525,100.3341,99.0314,99.0958,32691
2025-10-13,FXOBL,99.3246,99.4944,98.7095,99.0491,69279
2025-10-14,FXOBL,99.2711,99.6696,98.9077,99.2689,20199
2025-10-15,FXOBL,99.4147,100.1598,98.5570,99.3030,83834
2025-10-16,FXOBL,99.5876,99.6161,99.0654,99.2815,42889
2025-10-17,FXOBL,99.4671,99.4807,99.3876,99.4201,78327
2025-10-20,FXOBL,99.6325,99.6744,98.9221,99.1906,24473
2025-10-21,FXOBL,99.4812,99.8660,98.9844,99.2904,67102
2025-10-22,FXOBL,98.9998,99.6485,98.9473,99.2468,80045
2025-10-23,FXOBL,100.0337,100.0694,98.4815,98.9924,73798
2025-10-24,FXOBL,99.0105,99.3708,97.9801,99.1401,64834
2025-10-27,FXOBL,99.5884,99.8921,99.3667,99.4451,60603
2025-10-28,FXOBL,99.4926,100.3483,98.9760,99.2789,28647
2025-10-29,FXOBL,98.8725,99.6155,98.6160,99.2827,95430
2025-10-30,FXOBL,98.9236,99.5219,98.8722,99.3647,48032
2025-10-31,FXOBL,99.1228,99.3886,99.0258,99.2514,88438
2025-11-03,FXOBL,99.1599,99.4485,97.8895,98.9127,92201
2025-11-04,FXOBL,98.7180,99.3740,98.4341,99.3263,30378
2025-11-05,FXOBL,99.4117,99.7028,99.0456,99.5830,74652
2025-11-06,FXOBL,99.2403,100.1423,99.0672,99.7538,33998
2025-11-07,FXOBL,100.7976,101.1432,99.1698,99.5567,71272
2025-11-10,FXOBL,99.5935,99.9163,99.5684,99.7631,40476
2025-11-11,FXOBL,99.9620,100.1183,99.4221,99.5642,30986
2025-11-12,FXOBL,100.3929,101.0182,99.2370,99.4990,42588
2025-11-13,FXOBL,99.6448,99.7626,98.9728,99.3552,38466
2025-11-14,FXOBL,99.5366,100.5757,99.4648,99.6308,44163
2025-11-17,FXOBL,99.2052,100.3621,99.1950,99.7646,46607
2025-11-18,FXOBL,99.8748,100.2354,99.4326,99.9804,27545
2025-11-19,FXOBL,99.9167,100.2876,99.7850,99.8781,68065
2025-11-20,FXOBL,100.5644,100.8119,100.1916,100.2194,59832
2025-11-21,FXOBL,100.0367,100.1229,99.5433,99.9676,81569
2025-11-24,FXOBL,99.3824,100.6130,99.0840,100.1368,35041
2025-11-25,FXOBL,100.3250,100.7382,99.5005,99.9902,49114
2025-11-26,FXOBL,100.0589,100.5785,99.5699,99.6582,24313
2025-11-27,FXOBL,99.4755,100.1370,99.2932,99.5386,42211
2025-11-28,FXOBL,99.9476,100.6802,99.3198,99.5187,81291
2025-12-01,FXOBL,98.7809,100.1675,98.1092,99.2263,80592
2025-12-02,FXOBL,99.2845,99.3756,98.3813,99.0667,20087
2025-12-03,FXOBL,99.5436,99.9345,98.6514,99.0439,49624
2025-12-04,FXOBL,98.8164,99.1216,98.4528,99.0794,65985
2025-12-05,FXOBL,98.9908,99.0613,98.6476,98.8703,51952
2025-12-08,FXOBL,99.0376,99.0843,98.1555,98.6430,90471
2025-12-09,FXOBL,99.0991,99.2522,98.3101,98.4853,21115
2025-12-10,FXOBL,99.3773,99.6673,98.5012,98.5966,54468
2025-12-11,FXOBL,98.3573,98.9051,97.9961,98.8378,77218
2025-12-12,FXOBL,98.7687,99.4010,98.3513,98.4224,97583
2025-12-15,FXOBL,98.5304,98.6926,97.8689,98.4373,29643
2025-12-16,FXOBL,98.4798,98.7250,98.0334,98.4699,59261
2025-12-17,FXOBL,98.7261,99.0648,97.8769,98.0152,34772
2025-12-18,FXOBL,98.0476,98.1505,97.5725,98.0464,85274
2025-12-19,FXOBL,98.1310,98.2499,97.8559,97.9834,20462
2025-12-22,FXOBL,98.0167,98.8878,98.0126,98.2128,42475
2025-12-23,FXOBL,97.9755,98.2989,97.7716,98.0782,86061
2025-12-24,FXOBL,98.1948,98.6124,97.6882,97.8524,51160
2025-12-25,FXOBL,97.9251,98.3800,97.4976,97.9424,67929
2025-12-26,FXOBL,97.2109,98.2577,96.7252,97.6061,59959
2025-12-29,FXOBL,97.7450,97.8091,96.9081,97.3376,94266
2025-12-30,FXOBL,97.0256,97.2579,96.7623,97.1019,75225
2025-12-31,FXOBL,96.6198,97.2861,95.9750,97.2076,80898
