n,fichier,cle,colonne,ancienne_valeur,nouvelle_valeur,auteur,saisi_le,preuve,note
1,concept_map,dei:EntityCommonStockSharesOutstanding,source_concept,,dei:EntityCommonStockSharesOutstanding,"edgar_normalize.py (règles edgar_v1, automatique)",2026-09-28T12:37:37+00:00,url:https://data.sec.gov/api/xbrl/companyfacts/CIK0000320193.json,"règle R3 (edgar_v1) ; libellé taxonomie : Entity Common Stock, Shares Outstanding"
2,concept_map,dei:EntityCommonStockSharesOutstanding,normalized_concept,,shares_outstanding,"edgar_normalize.py (règles edgar_v1, automatique)",2026-09-28T12:37:37+00:00,url:https://data.sec.gov/api/xbrl/companyfacts/CIK0000320193.json,"règle R3 (edgar_v1) ; libellé taxonomie : Entity Common Stock, Shares Outstanding"
3,concept_map,dei:EntityCommonStockSharesOutstanding,justification,,"Nombre d'actions en circulation déclaré en page de couverture, à la date indiquée (postérieure à la clôture). Par catégorie d'actions : exige une catégorie unique établie (règle C1). Définition (dei) : « Indicate number of shares or other units outstanding of each of registrant's classes of capital or common stock or other ownership interests, if and as stated on cover of related periodic report. Where multiple classes or units exist define each class/interest by adding class of stock items such as Common Class A [Member], Common Class B [Member] or Partnership Interest [Member] onto the Instrument [Domain] of the Entity Listings, Instrument. »","edgar_normalize.py (règles edgar_v1, automatique)",2026-09-28T12:37:37+00:00,url:https://data.sec.gov/api/xbrl/companyfacts/CIK0000320193.json,"règle R3 (edgar_v1) ; libellé taxonomie : Entity Common Stock, Shares Outstanding"
4,facts,0000320193-0001193125-15-356351-dei:EntityCommonStockSharesOutstanding-shares--2015-10-09,source_context,,companyfacts;entite=CIK0000320193;periode=2015-10-09;segment=aucun(deduit D1),"edgar_normalize.py (règles edgar_v1, automatique)",2026-09-28T12:37:37+00:00,doc:0000320193-0001193125-15-356351,X1
5,facts,0000320193-0001193125-15-356351-dei:EntityCommonStockSharesOutstanding-shares--2015-10-09,source_dimensions,INCONNU,,"edgar_normalize.py (règles edgar_v1, automatique)",2026-09-28T12:37:37+00:00,doc:0000320193-0001193125-15-356351,D1 : une seule valeur brute pour cette clé
6,facts,0000320193-0001193125-15-356351-dei:EntityCommonStockSharesOutstanding-shares--2015-10-09,share_class,INCONNU,ordinaire (déduit C1 : titre coté unique AAPL),"edgar_normalize.py (règles edgar_v1, automatique)",2026-09-28T12:37:37+00:00,doc:0000320193-0001193125-15-356351,C1
7,facts,0000320193-0001193125-15-356351-dei:EntityCommonStockSharesOutstanding-shares--2015-10-09,normalized_concept,,shares_outstanding,"edgar_normalize.py (règles edgar_v1, automatique)",2026-09-28T12:37:37+00:00,doc:0000320193-0001193125-15-356351,R3
8,facts,0000320193-0001193125-15-356351-dei:EntityCommonStockSharesOutstanding-shares--2015-10-09,transformation,,aucune,"edgar_normalize.py (règles edgar_v1, automatique)",2026-09-28T12:37:37+00:00,doc:0000320193-0001193125-15-356351,T1
9,facts,0000320193-0001193125-15-356351-dei:EntityCommonStockSharesOutstanding-shares--2015-10-09,value,,5575331000,"edgar_normalize.py (règles edgar_v1, automatique)",2026-09-28T12:37:37+00:00,doc:0000320193-0001193125-15-356351,T1
10,facts,0000320193-0001193125-15-356351-dei:EntityCommonStockSharesOutstanding-shares--2015-10-09,normalization_justification,,"Règle R3 (edgar_v1) : dei:EntityCommonStockSharesOutstanding [shares, instant] -> shares_outstanding. Valeur reprise telle quelle (T1). Dimensions : aucune, déduit (D1). Entrée brute facts/dei/EntityCommonStockSharesOutstanding/units/shares/26 (sha256 3a9d18a49ebec9c4…). À confirmer sur l'instance XBRL.","edgar_normalize.py (règles edgar_v1, automatique)",2026-09-28T12:37:37+00:00,doc:0000320193-0001193125-15-356351,R3
11,facts,0000320193-0001193125-16-439878-dei:EntityCommonStockSharesOutstanding-shares--2016-01-08,source_context,,companyfacts;entite=CIK0000320193;periode=2016-01-08;segment=aucun(deduit D1),"edgar_normalize.py (règles edgar_v1, automatique)",2026-09-28T12:37:37+00:00,doc:0000320193-0001193125-16-439878,X1
12,facts,0000320193-0001193125-16-439878-dei:EntityCommonStockSharesOutstanding-shares--2016-01-08,source_dimensions,INCONNU,,"edgar_normalize.py (règles edgar_v1, automatique)",2026-09-28T12:37:37+00:00,doc:0000320193-0001193125-16-439878,D1 : une seule valeur brute pour cette clé
13,facts,0000320193-0001193125-16-439878-dei:EntityCommonStockSharesOutstanding-shares--2016-01-08,share_class,INCONNU,ordinaire (déduit C1 : titre coté unique AAPL),"edgar_normalize.py (règles edgar_v1, automatique)",2026-09-28T12:37:37+00:00,doc:0000320193-0001193125-16-439878,C1
14,facts,0000320193-0001193125-16-439878-dei:EntityCommonStockSharesOutstanding-shares--2016-01-08,normalized_concept,,shares_outstanding,"edgar_normalize.py (règles edgar_v1, automatique)",2026-09-28T12:37:37+00:00,doc:0000320193-0001193125-16-439878,R3
15,facts,0000320193-0001193125-16-439878-dei:EntityCommonStockSharesOutstanding-shares--2016-01-08,transformation,,aucune,"edgar_normalize.py (règles edgar_v1, automatique)",2026-09-28T12:37:37+00:00,doc:0000320193-0001193125-16-439878,T1
16,facts,0000320193-0001193125-16-439878-dei:EntityCommonStockSharesOutstanding-shares--2016-01-08,value,,5544583000,"edgar_normalize.py (règles edgar_v1, automatique)",2026-09-28T12:37:37+00:00,doc:0000320193-0001193125-16-439878,T1
17,facts,0000320193-0001193125-16-439878-dei:EntityCommonStockSharesOutstanding-shares--2016-01-08,normalization_justification,,"Règle R3 (edgar_v1) : dei:EntityCommonStockSharesOutstanding [shares, instant] -> shares_outstanding. Valeur reprise telle quelle (T1). Dimensions : aucune, déduit (D1). Entrée brute facts/dei/EntityCommonStockSharesOutstanding/units/shares/27 (sha256 54473518e1839d53…). À confirmer sur l'instance XBRL.","edgar_normalize.py (règles edgar_v1, automatique)",2026-09-28T12:37:37+00:00,doc:0000320193-0001193125-16-439878,R3
18,facts,0000320193-0001193125-16-559625-dei:EntityCommonStockSharesOutstanding-shares--2016-04-08,source_context,,companyfacts;entite=CIK0000320193;periode=2016-04-08;segment=aucun(deduit D1),"edgar_normalize.py (règles edgar_v1, automatique)",2026-09-28T12:37:37+00:00,doc:0000320193-0001193125-16-559625,X1
19,facts,0000320193-0001193125-16-559625-dei:EntityCommonStockSharesOutstanding-shares--2016-04-08,source_dimensions,INCONNU,,"edgar_normalize.py (règles edgar_v1, automatique)",2026-09-28T12:37:37+00:00,doc:0000320193-0001193125-16-559625,D1 : une seule valeur brute pour cette clé
20,facts,0000320193-0001193125-16-559625-dei:EntityCommonStockSharesOutstanding-shares--2016-04-08,share_class,INCONNU,ordinaire (déduit C1 : titre coté unique AAPL),"edgar_normalize.py (règles edgar_v1, automatique)",2026-09-28T12:37:37+00:00,doc:0000320193-0001193125-16-559625,C1
21,facts,0000320193-0001193125-16-559625-dei:EntityCommonStockSharesOutstanding-shares--2016-04-08,normalized_concept,,shares_outstanding,"edgar_normalize.py (règles edgar_v1, automatique)",2026-09-28T12:37:37+00:00,doc:0000320193-0001193125-16-559625,R3
22,facts,0000320193-0001193125-16-559625-dei:EntityCommonStockSharesOutstanding-shares--2016-04-08,transformation,,aucune,"edgar_normalize.py (règles edgar_v1, automatique)",2026-09-28T12:37:37+00:00,doc:0000320193-0001193125-16-559625,T1
23,facts,0000320193-0001193125-16-559625-dei:EntityCommonStockSharesOutstanding-shares--2016-04-08,value,,5477425000,"edgar_normalize.py (règles edgar_v1, automatique)",2026-09-28T12:37:37+00:00,doc:0000320193-0001193125-16-559625,T1
24,facts,0000320193-0001193125-16-559625-dei:EntityCommonStockSharesOutstanding-shares--2016-04-08,normalization_justification,,"Règle R3 (edgar_v1) : dei:EntityCommonStockSharesOutstanding [shares, instant] -> shares_outstanding. Valeur reprise telle quelle (T1). Dimensions : aucune, déduit (D1). Entrée brute facts/dei/EntityCommonStockSharesOutstanding/units/shares/28 (sha256 f750f17a3881c89d…). À confirmer sur l'instance XBRL.","edgar_normalize.py (règles edgar_v1, automatique)",2026-09-28T12:37:37+00:00,doc:0000320193-0001193125-16-559625,R3
25,facts,0000320193-0001628280-16-017809-dei:EntityCommonStockSharesOutstanding-shares--2016-07-15,source_context,,companyfacts;entite=CIK0000320193;periode=2016-07-15;segment=aucun(deduit D1),"edgar_normalize.py (règles edgar_v1, automatique)",2026-09-28T12:37:37+00:00,doc:0000320193-0001628280-16-017809,X1
26,facts,0000320193-0001628280-16-017809-dei:EntityCommonStockSharesOutstanding-shares--2016-07-15,source_dimensions,INCONNU,,"edgar_normalize.py (règles edgar_v1, automatique)",2026-09-28T12:37:37+00:00,doc:0000320193-0001628280-16-017809,D1 : une seule valeur brute pour cette clé
27,facts,0000320193-0001628280-16-017809-dei:EntityCommonStockSharesOutstanding-shares--2016-07-15,share_class,INCONNU,ordinaire (déduit C1 : titre coté unique AAPL),"edgar_normalize.py (règles edgar_v1, automatique)",2026-09-28T12:37:37+00:00,doc:0000320193-0001628280-16-017809,C1
28,facts,0000320193-0001628280-16-017809-dei:EntityCommonStockSharesOutstanding-shares--2016-07-15,normalized_concept,,shares_outstanding,"edgar_normalize.py (règles edgar_v1, automatique)",2026-09-28T12:37:37+00:00,doc:0000320193-0001628280-16-017809,R3
29,facts,0000320193-0001628280-16-017809-dei:EntityCommonStockSharesOutstanding-shares--2016-07-15,transformation,,aucune,"edgar_normalize.py (règles edgar_v1, automatique)",2026-09-28T12:37:37+00:00,doc:0000320193-0001628280-16-017809,T1
30,facts,0000320193-0001628280-16-017809-dei:EntityCommonStockSharesOutstanding-shares--2016-07-15,value,,5388443000,"edgar_normalize.py (règles edgar_v1, automatique)",2026-09-28T12:37:37+00:00,doc:0000320193-0001628280-16-017809,T1
31,facts,0000320193-0001628280-16-017809-dei:EntityCommonStockSharesOutstanding-shares--2016-07-15,normalization_justification,,"Règle R3 (edgar_v1) : dei:EntityCommonStockSharesOutstanding [shares, instant] -> shares_outstanding. Valeur reprise telle quelle (T1). Dimensions : aucune, déduit (D1). Entrée brute facts/dei/EntityCommonStockSharesOutstanding/units/shares/29 (sha256 d9cb9e34bba668e4…). À confirmer sur l'instance XBRL.","edgar_normalize.py (règles edgar_v1, automatique)",2026-09-28T12:37:37+00:00,doc:0000320193-0001628280-16-017809,R3
32,facts,0000320193-0001628280-16-020309-dei:EntityCommonStockSharesOutstanding-shares--2016-10-14,source_context,,companyfacts;entite=CIK0000320193;periode=2016-10-14;segment=aucun(deduit D1),"edgar_normalize.py (règles edgar_v1, automatique)",2026-09-28T12:37:37+00:00,doc:0000320193-0001628280-16-020309,X1
33,facts,0000320193-0001628280-16-020309-dei:EntityCommonStockSharesOutstanding-shares--2016-10-14,source_dimensions,INCONNU,,"edgar_normalize.py (règles edgar_v1, automatique)",2026-09-28T12:37:37+00:00,doc:0000320193-0001628280-16-020309,D1 : une seule valeur brute pour cette clé
34,facts,0000320193-0001628280-16-020309-dei:EntityCommonStockSharesOutstanding-shares--2016-10-14,share_class,INCONNU,ordinaire (déduit C1 : titre coté unique AAPL),"edgar_normalize.py (règles edgar_v1, automatique)",2026-09-28T12:37:37+00:00,doc:0000320193-0001628280-16-020309,C1
35,facts,0000320193-0001628280-16-020309-dei:EntityCommonStockSharesOutstanding-shares--2016-10-14,normalized_concept,,shares_outstanding,"edgar_normalize.py (règles edgar_v1, automatique)",2026-09-28T12:37:37+00:00,doc:0000320193-0001628280-16-020309,R3
36,facts,0000320193-0001628280-16-020309-dei:EntityCommonStockSharesOutstanding-shares--2016-10-14,transformation,,aucune,"edgar_normalize.py (règles edgar_v1, automatique)",2026-09-28T12:37:37+00:00,doc:0000320193-0001628280-16-020309,T1
37,facts,0000320193-0001628280-16-020309-dei:EntityCommonStockSharesOutstanding-shares--2016-10-14,value,,5332313000,"edgar_normalize.py (règles edgar_v1, automatique)",2026-09-28T12:37:37+00:00,doc:0000320193-0001628280-16-020309,T1
38,facts,0000320193-0001628280-16-020309-dei:EntityCommonStockSharesOutstanding-shares--2016-10-14,normalization_justification,,"Règle R3 (edgar_v1) : dei:EntityCommonStockSharesOutstanding [shares, instant] -> shares_outstanding. Valeur reprise telle quelle (T1). Dimensions : aucune, déduit (D1). Entrée brute facts/dei/EntityCommonStockSharesOutstanding/units/shares/30 (sha256 b3056ce5755c9a60…). À confirmer sur l'instance XBRL.","edgar_normalize.py (règles edgar_v1, automatique)",2026-09-28T12:37:37+00:00,doc:0000320193-0001628280-16-020309,R3
39,facts,0000320193-0001628280-17-000717-dei:EntityCommonStockSharesOutstanding-shares--2017-01-20,source_context,,companyfacts;entite=CIK0000320193;periode=2017-01-20;segment=aucun(deduit D1),"edgar_normalize.py (règles edgar_v1, automatique)",2026-09-28T12:37:37+00:00,doc:0000320193-0001628280-17-000717,X1
40,facts,0000320193-0001628280-17-000717-dei:EntityCommonStockSharesOutstanding-shares--2017-01-20,source_dimensions,INCONNU,,"edgar_normalize.py (règles edgar_v1, automatique)",2026-09-28T12:37:37+00:00,doc:0000320193-0001628280-17-000717,D1 : une seule valeur brute pour cette clé
41,facts,0000320193-0001628280-17-000717-dei:EntityCommonStockSharesOutstanding-shares--2017-01-20,share_class,INCONNU,ordinaire (déduit C1 : titre coté unique AAPL),"edgar_normalize.py (règles edgar_v1, automatique)",2026-09-28T12:37:37+00:00,doc:0000320193-0001628280-17-000717,C1
42,facts,0000320193-0001628280-17-000717-dei:EntityCommonStockSharesOutstanding-shares--2017-01-20,normalized_concept,,shares_outstanding,"edgar_normalize.py (règles edgar_v1, automatique)",2026-09-28T12:37:37+00:00,doc:0000320193-0001628280-17-000717,R3
43,facts,0000320193-0001628280-17-000717-dei:EntityCommonStockSharesOutstanding-shares--2017-01-20,transformation,,aucune,"edgar_normalize.py (règles edgar_v1, automatique)",2026-09-28T12:37:37+00:00,doc:0000320193-0001628280-17-000717,T1
44,facts,0000320193-0001628280-17-000717-dei:EntityCommonStockSharesOutstanding-shares--2017-01-20,value,,5246540000,"edgar_normalize.py (règles edgar_v1, automatique)",2026-09-28T12:37:37+00:00,doc:0000320193-0001628280-17-000717,T1
45,facts,0000320193-0001628280-17-000717-dei:EntityCommonStockSharesOutstanding-shares--2017-01-20,normalization_justification,,"Règle R3 (edgar_v1) : dei:EntityCommonStockSharesOutstanding [shares, instant] -> shares_outstanding. Valeur reprise telle quelle (T1). Dimensions : aucune, déduit (D1). Entrée brute facts/dei/EntityCommonStockSharesOutstanding/units/shares/31 (sha256 d2cf4d5ce7fb14fb…). À confirmer sur l'instance XBRL.","edgar_normalize.py (règles edgar_v1, automatique)",2026-09-28T12:37:37+00:00,doc:0000320193-0001628280-17-000717,R3
46,facts,0000320193-0001628280-17-004790-dei:EntityCommonStockSharesOutstanding-shares--2017-04-21,source_context,,companyfacts;entite=CIK0000320193;periode=2017-04-21;segment=aucun(deduit D1),"edgar_normalize.py (règles edgar_v1, automatique)",2026-09-28T12:37:37+00:00,doc:0000320193-0001628280-17-004790,X1
47,facts,0000320193-0001628280-17-004790-dei:EntityCommonStockSharesOutstanding-shares--2017-04-21,source_dimensions,INCONNU,,"edgar_normalize.py (règles edgar_v1, automatique)",2026-09-28T12:37:37+00:00,doc:0000320193-0001628280-17-004790,D1 : une seule valeur brute pour cette clé
48,facts,0000320193-0001628280-17-004790-dei:EntityCommonStockSharesOutstanding-shares--2017-04-21,share_class,INCONNU,ordinaire (déduit C1 : titre coté unique AAPL),"edgar_normalize.py (règles edgar_v1, automatique)",2026-09-28T12:37:37+00:00,doc:0000320193-0001628280-17-004790,C1
49,facts,0000320193-0001628280-17-004790-dei:EntityCommonStockSharesOutstanding-shares--2017-04-21,normalized_concept,,shares_outstanding,"edgar_normalize.py (règles edgar_v1, automatique)",2026-09-28T12:37:37+00:00,doc:0000320193-0001628280-17-004790,R3
50,facts,0000320193-0001628280-17-004790-dei:EntityCommonStockSharesOutstanding-shares--2017-04-21,transformation,,aucune,"edgar_normalize.py (règles edgar_v1, automatique)",2026-09-28T12:37:37+00:00,doc:0000320193-0001628280-17-004790,T1
51,facts,0000320193-0001628280-17-004790-dei:EntityCommonStockSharesOutstanding-shares--2017-04-21,value,,5213840000,"edgar_normalize.py (règles edgar_v1, automatique)",2026-09-28T12:37:37+00:00,doc:0000320193-0001628280-17-004790,T1
52,facts,0000320193-0001628280-17-004790-dei:EntityCommonStockSharesOutstanding-shares--2017-04-21,normalization_justification,,"Règle R3 (edgar_v1) : dei:EntityCommonStockSharesOutstanding [shares, instant] -> shares_outstanding. Valeur reprise telle quelle (T1). Dimensions : aucune, déduit (D1). Entrée brute facts/dei/EntityCommonStockSharesOutstanding/units/shares/32 (sha256 3d72dc505603a5b4…). À confirmer sur l'instance XBRL.","edgar_normalize.py (règles edgar_v1, automatique)",2026-09-28T12:37:37+00:00,doc:0000320193-0001628280-17-004790,R3
53,facts,0000320193-0000320193-17-000009-dei:EntityCommonStockSharesOutstanding-shares--2017-07-21,source_context,,companyfacts;entite=CIK0000320193;periode=2017-07-21;segment=aucun(deduit D1),"edgar_normalize.py (règles edgar_v1, automatique)",2026-09-28T12:37:37+00:00,doc:0000320193-0000320193-17-000009,X1
54,facts,0000320193-0000320193-17-000009-dei:EntityCommonStockSharesOutstanding-shares--2017-07-21,source_dimensions,INCONNU,,"edgar_normalize.py (règles edgar_v1, automatique)",2026-09-28T12:37:37+00:00,doc:0000320193-0000320193-17-000009,D1 : une seule valeur brute pour cette clé
55,facts,0000320193-0000320193-17-000009-dei:EntityCommonStockSharesOutstanding-shares--2017-07-21,share_class,INCONNU,ordinaire (déduit C1 : titre coté unique AAPL),"edgar_normalize.py (règles edgar_v1, automatique)",2026-09-28T12:37:37+00:00,doc:0000320193-0000320193-17-000009,C1
56,facts,0000320193-0000320193-17-000009-dei:EntityCommonStockSharesOutstanding-shares--2017-07-21,normalized_concept,,shares_outstanding,"edgar_normalize.py (règles edgar_v1, automatique)",2026-09-28T12:37:37+00:00,doc:0000320193-0000320193-17-000009,R3
57,facts,0000320193-0000320193-17-000009-dei:EntityCommonStockSharesOutstanding-shares--2017-07-21,transformation,,aucune,"edgar_normalize.py (règles edgar_v1, automatique)",2026-09-28T12:37:37+00:00,doc:0000320193-0000320193-17-000009,T1
58,facts,0000320193-0000320193-17-000009-dei:EntityCommonStockSharesOutstanding-shares--2017-07-21,value,,5165228000,"edgar_normalize.py (règles edgar_v1, automatique)",2026-09-28T12:37:37+00:00,doc:0000320193-0000320193-17-000009,T1
59,facts,0000320193-0000320193-17-000009-dei:EntityCommonStockSharesOutstanding-shares--2017-07-21,normalization_justification,,"Règle R3 (edgar_v1) : dei:EntityCommonStockSharesOutstanding [shares, instant] -> shares_outstanding. Valeur reprise telle quelle (T1). Dimensions : aucune, déduit (D1). Entrée brute facts/dei/EntityCommonStockSharesOutstanding/units/shares/33 (sha256 932b99019f0494d2…). À confirmer sur l'instance XBRL.","edgar_normalize.py (règles edgar_v1, automatique)",2026-09-28T12:37:37+00:00,doc:0000320193-0000320193-17-000009,R3
60,facts,0000320193-0000320193-17-000070-dei:EntityCommonStockSharesOutstanding-shares--2017-10-20,source_context,,companyfacts;entite=CIK0000320193;periode=2017-10-20;segment=aucun(deduit D1),"edgar_normalize.py (règles edgar_v1, automatique)",2026-09-28T12:37:37+00:00,doc:0000320193-0000320193-17-000070,X1
61,facts,0000320193-0000320193-17-000070-dei:EntityCommonStockSharesOutstanding-shares--2017-10-20,source_dimensions,INCONNU,,"edgar_normalize.py (règles edgar_v1, automatique)",2026-09-28T12:37:37+00:00,doc:0000320193-0000320193-17-000070,D1 : une seule valeur brute pour cette clé
62,facts,0000320193-0000320193-17-000070-dei:EntityCommonStockSharesOutstanding-shares--2017-10-20,share_class,INCONNU,ordinaire (déduit C1 : titre coté unique AAPL),"edgar_normalize.py (règles edgar_v1, automatique)",2026-09-28T12:37:37+00:00,doc:0000320193-0000320193-17-000070,C1
63,facts,0000320193-0000320193-17-000070-dei:EntityCommonStockSharesOutstanding-shares--2017-10-20,normalized_concept,,shares_outstanding,"edgar_normalize.py (règles edgar_v1, automatique)",2026-09-28T12:37:37+00:00,doc:0000320193-0000320193-17-000070,R3
64,facts,0000320193-0000320193-17-000070-dei:EntityCommonStockSharesOutstanding-shares--2017-10-20,transformation,,aucune,"edgar_normalize.py (règles edgar_v1, automatique)",2026-09-28T12:37:37+00:00,doc:0000320193-0000320193-17-000070,T1
65,facts,0000320193-0000320193-17-000070-dei:EntityCommonStockSharesOutstanding-shares--2017-10-20,value,,5134312000,"edgar_normalize.py (règles edgar_v1, automatique)",2026-09-28T12:37:37+00:00,doc:0000320193-0000320193-17-000070,T1
66,facts,0000320193-0000320193-17-000070-dei:EntityCommonStockSharesOutstanding-shares--2017-10-20,normalization_justification,,"Règle R3 (edgar_v1) : dei:EntityCommonStockSharesOutstanding [shares, instant] -> shares_outstanding. Valeur reprise telle quelle (T1). Dimensions : aucune, déduit (D1). Entrée brute facts/dei/EntityCommonStockSharesOutstanding/units/shares/34 (sha256 69af974e28764fa1…). À confirmer sur l'instance XBRL.","edgar_normalize.py (règles edgar_v1, automatique)",2026-09-28T12:37:37+00:00,doc:0000320193-0000320193-17-000070,R3
67,facts,0000320193-0000320193-18-000007-dei:EntityCommonStockSharesOutstanding-shares--2018-01-19,source_context,,companyfacts;entite=CIK0000320193;periode=2018-01-19;segment=aucun(deduit D1),"edgar_normalize.py (règles edgar_v1, automatique)",2026-09-28T12:37:37+00:00,doc:0000320193-0000320193-18-000007,X1
68,facts,0000320193-0000320193-18-000007-dei:EntityCommonStockSharesOutstanding-shares--2018-01-19,source_dimensions,INCONNU,,"edgar_normalize.py (règles edgar_v1, automatique)",2026-09-28T12:37:37+00:00,doc:0000320193-0000320193-18-000007,D1 : une seule valeur brute pour cette clé
69,facts,0000320193-0000320193-18-000007-dei:EntityCommonStockSharesOutstanding-shares--2018-01-19,share_class,INCONNU,ordinaire (déduit C1 : titre coté unique AAPL),"edgar_normalize.py (règles edgar_v1, automatique)",2026-09-28T12:37:37+00:00,doc:0000320193-0000320193-18-000007,C1
70,facts,0000320193-0000320193-18-000007-dei:EntityCommonStockSharesOutstanding-shares--2018-01-19,normalized_concept,,shares_outstanding,"edgar_normalize.py (règles edgar_v1, automatique)",2026-09-28T12:37:37+00:00,doc:0000320193-0000320193-18-000007,R3
71,facts,0000320193-0000320193-18-000007-dei:EntityCommonStockSharesOutstanding-shares--2018-01-19,transformation,,aucune,"edgar_normalize.py (règles edgar_v1, automatique)",2026-09-28T12:37:37+00:00,doc:0000320193-0000320193-18-000007,T1
72,facts,0000320193-0000320193-18-000007-dei:EntityCommonStockSharesOutstanding-shares--2018-01-19,value,,5074013000,"edgar_normalize.py (règles edgar_v1, automatique)",2026-09-28T12:37:37+00:00,doc:0000320193-0000320193-18-000007,T1
73,facts,0000320193-0000320193-18-000007-dei:EntityCommonStockSharesOutstanding-shares--2018-01-19,normalization_justification,,"Règle R3 (edgar_v1) : dei:EntityCommonStockSharesOutstanding [shares, instant] -> shares_outstanding. Valeur reprise telle quelle (T1). Dimensions : aucune, déduit (D1). Entrée brute facts/dei/EntityCommonStockSharesOutstanding/units/shares/35 (sha256 196fd5f0fa0a30a8…). À confirmer sur l'instance XBRL.","edgar_normalize.py (règles edgar_v1, automatique)",2026-09-28T12:37:37+00:00,doc:0000320193-0000320193-18-000007,R3
74,facts,0000320193-0000320193-18-000070-dei:EntityCommonStockSharesOutstanding-shares--2018-04-20,source_context,,companyfacts;entite=CIK0000320193;periode=2018-04-20;segment=aucun(deduit D1),"edgar_normalize.py (règles edgar_v1, automatique)",2026-09-28T12:37:37+00:00,doc:0000320193-0000320193-18-000070,X1
75,facts,0000320193-0000320193-18-000070-dei:EntityCommonStockSharesOutstanding-shares--2018-04-20,source_dimensions,INCONNU,,"edgar_normalize.py (règles edgar_v1, automatique)",2026-09-28T12:37:37+00:00,doc:0000320193-0000320193-18-000070,D1 : une seule valeur brute pour cette clé
76,facts,0000320193-0000320193-18-000070-dei:EntityCommonStockSharesOutstanding-shares--2018-04-20,share_class,INCONNU,ordinaire (déduit C1 : titre coté unique AAPL),"edgar_normalize.py (règles edgar_v1, automatique)",2026-09-28T12:37:37+00:00,doc:0000320193-0000320193-18-000070,C1
77,facts,0000320193-0000320193-18-000070-dei:EntityCommonStockSharesOutstanding-shares--2018-04-20,normalized_concept,,shares_outstanding,"edgar_normalize.py (règles edgar_v1, automatique)",2026-09-28T12:37:37+00:00,doc:0000320193-0000320193-18-000070,R3
78,facts,0000320193-0000320193-18-000070-dei:EntityCommonStockSharesOutstanding-shares--2018-04-20,transformation,,aucune,"edgar_normalize.py (règles edgar_v1, automatique)",2026-09-28T12:37:37+00:00,doc:0000320193-0000320193-18-000070,T1
79,facts,0000320193-0000320193-18-000070-dei:EntityCommonStockSharesOutstanding-shares--2018-04-20,value,,4915138000,"edgar_normalize.py (règles edgar_v1, automatique)",2026-09-28T12:37:37+00:00,doc:0000320193-0000320193-18-000070,T1
80,facts,0000320193-0000320193-18-000070-dei:EntityCommonStockSharesOutstanding-shares--2018-04-20,normalization_justification,,"Règle R3 (edgar_v1) : dei:EntityCommonStockSharesOutstanding [shares, instant] -> shares_outstanding. Valeur reprise telle quelle (T1). Dimensions : aucune, déduit (D1). Entrée brute facts/dei/EntityCommonStockSharesOutstanding/units/shares/36 (sha256 bb8faca90316268b…). À confirmer sur l'instance XBRL.","edgar_normalize.py (règles edgar_v1, automatique)",2026-09-28T12:37:37+00:00,doc:0000320193-0000320193-18-000070,R3
81,facts,0000320193-0000320193-18-000100-dei:EntityCommonStockSharesOutstanding-shares--2018-07-20,source_context,,companyfacts;entite=CIK0000320193;periode=2018-07-20;segment=aucun(deduit D1),"edgar_normalize.py (règles edgar_v1, automatique)",2026-09-28T12:37:37+00:00,doc:0000320193-0000320193-18-000100,X1
82,facts,0000320193-0000320193-18-000100-dei:EntityCommonStockSharesOutstanding-shares--2018-07-20,source_dimensions,INCONNU,,"edgar_normalize.py (règles edgar_v1, automatique)",2026-09-28T12:37:37+00:00,doc:0000320193-0000320193-18-000100,D1 : une seule valeur brute pour cette clé
83,facts,0000320193-0000320193-18-000100-dei:EntityCommonStockSharesOutstanding-shares--2018-07-20,share_class,INCONNU,ordinaire (déduit C1 : titre coté unique AAPL),"edgar_normalize.py (règles edgar_v1, automatique)",2026-09-28T12:37:37+00:00,doc:0000320193-0000320193-18-000100,C1
84,facts,0000320193-0000320193-18-000100-dei:EntityCommonStockSharesOutstanding-shares--2018-07-20,normalized_concept,,shares_outstanding,"edgar_normalize.py (règles edgar_v1, automatique)",2026-09-28T12:37:37+00:00,doc:0000320193-0000320193-18-000100,R3
85,facts,0000320193-0000320193-18-000100-dei:EntityCommonStockSharesOutstanding-shares--2018-07-20,transformation,,aucune,"edgar_normalize.py (règles edgar_v1, automatique)",2026-09-28T12:37:37+00:00,doc:0000320193-0000320193-18-000100,T1
86,facts,0000320193-0000320193-18-000100-dei:EntityCommonStockSharesOutstanding-shares--2018-07-20,value,,4829926000,"edgar_normalize.py (règles edgar_v1, automatique)",2026-09-28T12:37:37+00:00,doc:0000320193-0000320193-18-000100,T1
87,facts,0000320193-0000320193-18-000100-dei:EntityCommonStockSharesOutstanding-shares--2018-07-20,normalization_justification,,"Règle R3 (edgar_v1) : dei:EntityCommonStockSharesOutstanding [shares, instant] -> shares_outstanding. Valeur reprise telle quelle (T1). Dimensions : aucune, déduit (D1). Entrée brute facts/dei/EntityCommonStockSharesOutstanding/units/shares/37 (sha256 b4aa19dc4a451ece…). À confirmer sur l'instance XBRL.","edgar_normalize.py (règles edgar_v1, automatique)",2026-09-28T12:37:37+00:00,doc:0000320193-0000320193-18-000100,R3
88,facts,0000320193-0000320193-18-000145-dei:EntityCommonStockSharesOutstanding-shares--2018-10-26,source_context,,companyfacts;entite=CIK0000320193;periode=2018-10-26;segment=aucun(deduit D1),"edgar_normalize.py (règles edgar_v1, automatique)",2026-09-28T12:37:37+00:00,doc:0000320193-0000320193-18-000145,X1
89,facts,0000320193-0000320193-18-000145-dei:EntityCommonStockSharesOutstanding-shares--2018-10-26,source_dimensions,INCONNU,,"edgar_normalize.py (règles edgar_v1, automatique)",2026-09-28T12:37:37+00:00,doc:0000320193-0000320193-18-000145,D1 : une seule valeur brute pour cette clé
90,facts,0000320193-0000320193-18-000145-dei:EntityCommonStockSharesOutstanding-shares--2018-10-26,share_class,INCONNU,ordinaire (déduit C1 : titre coté unique AAPL),"edgar_normalize.py (règles edgar_v1, automatique)",2026-09-28T12:37:37+00:00,doc:0000320193-0000320193-18-000145,C1
91,facts,0000320193-0000320193-18-000145-dei:EntityCommonStockSharesOutstanding-shares--2018-10-26,normalized_concept,,shares_outstanding,"edgar_normalize.py (règles edgar_v1, automatique)",2026-09-28T12:37:37+00:00,doc:0000320193-0000320193-18-000145,R3
92,facts,0000320193-0000320193-18-000145-dei:EntityCommonStockSharesOutstanding-shares--2018-10-26,transformation,,aucune,"edgar_normalize.py (règles edgar_v1, automatique)",2026-09-28T12:37:37+00:00,doc:0000320193-0000320193-18-000145,T1
93,facts,0000320193-0000320193-18-000145-dei:EntityCommonStockSharesOutstanding-shares--2018-10-26,value,,4745398000,"edgar_normalize.py (règles edgar_v1, automatique)",2026-09-28T12:37:37+00:00,doc:0000320193-0000320193-18-000145,T1
94,facts,0000320193-0000320193-18-000145-dei:EntityCommonStockSharesOutstanding-shares--2018-10-26,normalization_justification,,"Règle R3 (edgar_v1) : dei:EntityCommonStockSharesOutstanding [shares, instant] -> shares_outstanding. Valeur reprise telle quelle (T1). Dimensions : aucune, déduit (D1). Entrée brute facts/dei/EntityCommonStockSharesOutstanding/units/shares/38 (sha256 fe19893bf83d9ff3…). À confirmer sur l'instance XBRL.","edgar_normalize.py (règles edgar_v1, automatique)",2026-09-28T12:37:37+00:00,doc:0000320193-0000320193-18-000145,R3
95,facts,0000320193-0000320193-19-000010-dei:EntityCommonStockSharesOutstanding-shares--2019-01-18,source_context,,companyfacts;entite=CIK0000320193;periode=2019-01-18;segment=aucun(deduit D1),"edgar_normalize.py (règles edgar_v1, automatique)",2026-09-28T12:37:37+00:00,doc:0000320193-0000320193-19-000010,X1
96,facts,0000320193-0000320193-19-000010-dei:EntityCommonStockSharesOutstanding-shares--2019-01-18,source_dimensions,INCONNU,,"edgar_normalize.py (règles edgar_v1, automatique)",2026-09-28T12:37:37+00:00,doc:0000320193-0000320193-19-000010,D1 : une seule valeur brute pour cette clé
97,facts,0000320193-0000320193-19-000010-dei:EntityCommonStockSharesOutstanding-shares--2019-01-18,share_class,INCONNU,ordinaire (déduit C1 : titre coté unique AAPL),"edgar_normalize.py (règles edgar_v1, automatique)",2026-09-28T12:37:37+00:00,doc:0000320193-0000320193-19-000010,C1
98,facts,0000320193-0000320193-19-000010-dei:EntityCommonStockSharesOutstanding-shares--2019-01-18,normalized_concept,,shares_outstanding,"edgar_normalize.py (règles edgar_v1, automatique)",2026-09-28T12:37:37+00:00,doc:0000320193-0000320193-19-000010,R3
99,facts,0000320193-0000320193-19-000010-dei:EntityCommonStockSharesOutstanding-shares--2019-01-18,transformation,,aucune,"edgar_normalize.py (règles edgar_v1, automatique)",2026-09-28T12:37:37+00:00,doc:0000320193-0000320193-19-000010,T1
100,facts,0000320193-0000320193-19-000010-dei:EntityCommonStockSharesOutstanding-shares--2019-01-18,value,,4715280000,"edgar_normalize.py (règles edgar_v1, automatique)",2026-09-28T12:37:37+00:00,doc:0000320193-0000320193-19-000010,T1
101,facts,0000320193-0000320193-19-000010-dei:EntityCommonStockSharesOutstanding-shares--2019-01-18,normalization_justification,,"Règle R3 (edgar_v1) : dei:EntityCommonStockSharesOutstanding [shares, instant] -> shares_outstanding. Valeur reprise telle quelle (T1). Dimensions : aucune, déduit (D1). Entrée brute facts/dei/EntityCommonStockSharesOutstanding/units/shares/39 (sha256 8765c46586e654ca…). À confirmer sur l'instance XBRL.","edgar_normalize.py (règles edgar_v1, automatique)",2026-09-28T12:37:37+00:00,doc:0000320193-0000320193-19-000010,R3
102,facts,0000320193-0000320193-19-000066-dei:EntityCommonStockSharesOutstanding-shares--2019-04-22,source_context,,companyfacts;entite=CIK0000320193;periode=2019-04-22;segment=aucun(deduit D1),"edgar_normalize.py (règles edgar_v1, automatique)",2026-09-28T12:37:37+00:00,doc:0000320193-0000320193-19-000066,X1
103,facts,0000320193-0000320193-19-000066-dei:EntityCommonStockSharesOutstanding-shares--2019-04-22,source_dimensions,INCONNU,,"edgar_normalize.py (règles edgar_v1, automatique)",2026-09-28T12:37:37+00:00,doc:0000320193-0000320193-19-000066,D1 : une seule valeur brute pour cette clé
104,facts,0000320193-0000320193-19-000066-dei:EntityCommonStockSharesOutstanding-shares--2019-04-22,share_class,INCONNU,ordinaire (déduit C1 : titre coté unique AAPL),"edgar_normalize.py (règles edgar_v1, automatique)",2026-09-28T12:37:37+00:00,doc:0000320193-0000320193-19-000066,C1
105,facts,0000320193-0000320193-19-000066-dei:EntityCommonStockSharesOutstanding-shares--2019-04-22,normalized_concept,,shares_outstanding,"edgar_normalize.py (règles edgar_v1, automatique)",2026-09-28T12:37:37+00:00,doc:0000320193-0000320193-19-000066,R3
106,facts,0000320193-0000320193-19-000066-dei:EntityCommonStockSharesOutstanding-shares--2019-04-22,transformation,,aucune,"edgar_normalize.py (règles edgar_v1, automatique)",2026-09-28T12:37:37+00:00,doc:0000320193-0000320193-19-000066,T1
107,facts,0000320193-0000320193-19-000066-dei:EntityCommonStockSharesOutstanding-shares--2019-04-22,value,,4601075000,"edgar_normalize.py (règles edgar_v1, automatique)",2026-09-28T12:37:37+00:00,doc:0000320193-0000320193-19-000066,T1
108,facts,0000320193-0000320193-19-000066-dei:EntityCommonStockSharesOutstanding-shares--2019-04-22,normalization_justification,,"Règle R3 (edgar_v1) : dei:EntityCommonStockSharesOutstanding [shares, instant] -> shares_outstanding. Valeur reprise telle quelle (T1). Dimensions : aucune, déduit (D1). Entrée brute facts/dei/EntityCommonStockSharesOutstanding/units/shares/40 (sha256 5c3553a0cf7bd7e7…). À confirmer sur l'instance XBRL.","edgar_normalize.py (règles edgar_v1, automatique)",2026-09-28T12:37:37+00:00,doc:0000320193-0000320193-19-000066,R3
109,facts,0000320193-0000320193-19-000076-dei:EntityCommonStockSharesOutstanding-shares--2019-07-19,source_context,,companyfacts;entite=CIK0000320193;periode=2019-07-19;segment=aucun(deduit D1),"edgar_normalize.py (règles edgar_v1, automatique)",2026-09-28T12:37:37+00:00,doc:0000320193-0000320193-19-000076,X1
110,facts,0000320193-0000320193-19-000076-dei:EntityCommonStockSharesOutstanding-shares--2019-07-19,source_dimensions,INCONNU,,"edgar_normalize.py (règles edgar_v1, automatique)",2026-09-28T12:37:37+00:00,doc:0000320193-0000320193-19-000076,D1 : une seule valeur brute pour cette clé
111,facts,0000320193-0000320193-19-000076-dei:EntityCommonStockSharesOutstanding-shares--2019-07-19,share_class,INCONNU,ordinaire (déduit C1 : titre coté unique AAPL),"edgar_normalize.py (règles edgar_v1, automatique)",2026-09-28T12:37:37+00:00,doc:0000320193-0000320193-19-000076,C1
112,facts,0000320193-0000320193-19-000076-dei:EntityCommonStockSharesOutstanding-shares--2019-07-19,normalized_concept,,shares_outstanding,"edgar_normalize.py (règles edgar_v1, automatique)",2026-09-28T12:37:37+00:00,doc:0000320193-0000320193-19-000076,R3
113,facts,0000320193-0000320193-19-000076-dei:EntityCommonStockSharesOutstanding-shares--2019-07-19,transformation,,aucune,"edgar_normalize.py (règles edgar_v1, automatique)",2026-09-28T12:37:37+00:00,doc:0000320193-0000320193-19-000076,T1
114,facts,0000320193-0000320193-19-000076-dei:EntityCommonStockSharesOutstanding-shares--2019-07-19,value,,4519180000,"edgar_normalize.py (règles edgar_v1, automatique)",2026-09-28T12:37:37+00:00,doc:0000320193-0000320193-19-000076,T1
115,facts,0000320193-0000320193-19-000076-dei:EntityCommonStockSharesOutstanding-shares--2019-07-19,normalization_justification,,"Règle R3 (edgar_v1) : dei:EntityCommonStockSharesOutstanding [shares, instant] -> shares_outstanding. Valeur reprise telle quelle (T1). Dimensions : aucune, déduit (D1). Entrée brute facts/dei/EntityCommonStockSharesOutstanding/units/shares/41 (sha256 33eb6e42fd9af8a2…). À confirmer sur l'instance XBRL.","edgar_normalize.py (règles edgar_v1, automatique)",2026-09-28T12:37:37+00:00,doc:0000320193-0000320193-19-000076,R3
116,facts,0000320193-0000320193-19-000119-dei:EntityCommonStockSharesOutstanding-shares--2019-10-18,source_context,,companyfacts;entite=CIK0000320193;periode=2019-10-18;segment=aucun(deduit D1),"edgar_normalize.py (règles edgar_v1, automatique)",2026-09-28T12:37:37+00:00,doc:0000320193-0000320193-19-000119,X1
117,facts,0000320193-0000320193-19-000119-dei:EntityCommonStockSharesOutstanding-shares--2019-10-18,source_dimensions,INCONNU,,"edgar_normalize.py (règles edgar_v1, automatique)",2026-09-28T12:37:37+00:00,doc:0000320193-0000320193-19-000119,D1 : une seule valeur brute pour cette clé
118,facts,0000320193-0000320193-19-000119-dei:EntityCommonStockSharesOutstanding-shares--2019-10-18,share_class,INCONNU,ordinaire (déduit C1 : titre coté unique AAPL),"edgar_normalize.py (règles edgar_v1, automatique)",2026-09-28T12:37:37+00:00,doc:0000320193-0000320193-19-000119,C1
119,facts,0000320193-0000320193-19-000119-dei:EntityCommonStockSharesOutstanding-shares--2019-10-18,normalized_concept,,shares_outstanding,"edgar_normalize.py (règles edgar_v1, automatique)",2026-09-28T12:37:37+00:00,doc:0000320193-0000320193-19-000119,R3
120,facts,0000320193-0000320193-19-000119-dei:EntityCommonStockSharesOutstanding-shares--2019-10-18,transformation,,aucune,"edgar_normalize.py (règles edgar_v1, automatique)",2026-09-28T12:37:37+00:00,doc:0000320193-0000320193-19-000119,T1
121,facts,0000320193-0000320193-19-000119-dei:EntityCommonStockSharesOutstanding-shares--2019-10-18,value,,4443265000,"edgar_normalize.py (règles edgar_v1, automatique)",2026-09-28T12:37:37+00:00,doc:0000320193-0000320193-19-000119,T1
122,facts,0000320193-0000320193-19-000119-dei:EntityCommonStockSharesOutstanding-shares--2019-10-18,normalization_justification,,"Règle R3 (edgar_v1) : dei:EntityCommonStockSharesOutstanding [shares, instant] -> shares_outstanding. Valeur reprise telle quelle (T1). Dimensions : aucune, déduit (D1). Entrée brute facts/dei/EntityCommonStockSharesOutstanding/units/shares/42 (sha256 389810586ca386d9…). À confirmer sur l'instance XBRL.","edgar_normalize.py (règles edgar_v1, automatique)",2026-09-28T12:37:37+00:00,doc:0000320193-0000320193-19-000119,R3
123,facts,0000320193-0000320193-20-000010-dei:EntityCommonStockSharesOutstanding-shares--2020-01-17,source_context,,companyfacts;entite=CIK0000320193;periode=2020-01-17;segment=aucun(deduit D1),"edgar_normalize.py (règles edgar_v1, automatique)",2026-09-28T12:37:37+00:00,doc:0000320193-0000320193-20-000010,X1
124,facts,0000320193-0000320193-20-000010-dei:EntityCommonStockSharesOutstanding-shares--2020-01-17,source_dimensions,INCONNU,,"edgar_normalize.py (règles edgar_v1, automatique)",2026-09-28T12:37:37+00:00,doc:0000320193-0000320193-20-000010,D1 : une seule valeur brute pour cette clé
125,facts,0000320193-0000320193-20-000010-dei:EntityCommonStockSharesOutstanding-shares--2020-01-17,share_class,INCONNU,ordinaire (déduit C1 : titre coté unique AAPL),"edgar_normalize.py (règles edgar_v1, automatique)",2026-09-28T12:37:37+00:00,doc:0000320193-0000320193-20-000010,C1
126,facts,0000320193-0000320193-20-000010-dei:EntityCommonStockSharesOutstanding-shares--2020-01-17,normalized_concept,,shares_outstanding,"edgar_normalize.py (règles edgar_v1, automatique)",2026-09-28T12:37:37+00:00,doc:0000320193-0000320193-20-000010,R3
127,facts,0000320193-0000320193-20-000010-dei:EntityCommonStockSharesOutstanding-shares--2020-01-17,transformation,,aucune,"edgar_normalize.py (règles edgar_v1, automatique)",2026-09-28T12:37:37+00:00,doc:0000320193-0000320193-20-000010,T1
128,facts,0000320193-0000320193-20-000010-dei:EntityCommonStockSharesOutstanding-shares--2020-01-17,value,,4375480000,"edgar_normalize.py (règles edgar_v1, automatique)",2026-09-28T12:37:37+00:00,doc:0000320193-0000320193-20-000010,T1
129,facts,0000320193-0000320193-20-000010-dei:EntityCommonStockSharesOutstanding-shares--2020-01-17,normalization_justification,,"Règle R3 (edgar_v1) : dei:EntityCommonStockSharesOutstanding [shares, instant] -> shares_outstanding. Valeur reprise telle quelle (T1). Dimensions : aucune, déduit (D1). Entrée brute facts/dei/EntityCommonStockSharesOutstanding/units/shares/43 (sha256 7f3f45dfd4bd79f8…). À confirmer sur l'instance XBRL.","edgar_normalize.py (règles edgar_v1, automatique)",2026-09-28T12:37:37+00:00,doc:0000320193-0000320193-20-000010,R3
130,facts,0000320193-0000320193-20-000052-dei:EntityCommonStockSharesOutstanding-shares--2020-04-17,source_context,,companyfacts;entite=CIK0000320193;periode=2020-04-17;segment=aucun(deduit D1),"edgar_normalize.py (règles edgar_v1, automatique)",2026-09-28T12:37:37+00:00,doc:0000320193-0000320193-20-000052,X1
131,facts,0000320193-0000320193-20-000052-dei:EntityCommonStockSharesOutstanding-shares--2020-04-17,source_dimensions,INCONNU,,"edgar_normalize.py (règles edgar_v1, automatique)",2026-09-28T12:37:37+00:00,doc:0000320193-0000320193-20-000052,D1 : une seule valeur brute pour cette clé
132,facts,0000320193-0000320193-20-000052-dei:EntityCommonStockSharesOutstanding-shares--2020-04-17,share_class,INCONNU,ordinaire (déduit C1 : titre coté unique AAPL),"edgar_normalize.py (règles edgar_v1, automatique)",2026-09-28T12:37:37+00:00,doc:0000320193-0000320193-20-000052,C1
133,facts,0000320193-0000320193-20-000052-dei:EntityCommonStockSharesOutstanding-shares--2020-04-17,normalized_concept,,shares_outstanding,"edgar_normalize.py (règles edgar_v1, automatique)",2026-09-28T12:37:37+00:00,doc:0000320193-0000320193-20-000052,R3
134,facts,0000320193-0000320193-20-000052-dei:EntityCommonStockSharesOutstanding-shares--2020-04-17,transformation,,aucune,"edgar_normalize.py (règles edgar_v1, automatique)",2026-09-28T12:37:37+00:00,doc:0000320193-0000320193-20-000052,T1
135,facts,0000320193-0000320193-20-000052-dei:EntityCommonStockSharesOutstanding-shares--2020-04-17,value,,4334335000,"edgar_normalize.py (règles edgar_v1, automatique)",2026-09-28T12:37:37+00:00,doc:0000320193-0000320193-20-000052,T1
136,facts,0000320193-0000320193-20-000052-dei:EntityCommonStockSharesOutstanding-shares--2020-04-17,normalization_justification,,"Règle R3 (edgar_v1) : dei:EntityCommonStockSharesOutstanding [shares, instant] -> shares_outstanding. Valeur reprise telle quelle (T1). Dimensions : aucune, déduit (D1). Entrée brute facts/dei/EntityCommonStockSharesOutstanding/units/shares/44 (sha256 307a6595e1f5890b…). À confirmer sur l'instance XBRL.","edgar_normalize.py (règles edgar_v1, automatique)",2026-09-28T12:37:37+00:00,doc:0000320193-0000320193-20-000052,R3
137,facts,0000320193-0000320193-20-000062-dei:EntityCommonStockSharesOutstanding-shares--2020-07-17,source_context,,companyfacts;entite=CIK0000320193;periode=2020-07-17;segment=aucun(deduit D1),"edgar_normalize.py (règles edgar_v1, automatique)",2026-09-28T12:37:37+00:00,doc:0000320193-0000320193-20-000062,X1
138,facts,0000320193-0000320193-20-000062-dei:EntityCommonStockSharesOutstanding-shares--2020-07-17,source_dimensions,INCONNU,,"edgar_normalize.py (règles edgar_v1, automatique)",2026-09-28T12:37:37+00:00,doc:0000320193-0000320193-20-000062,D1 : une seule valeur brute pour cette clé
139,facts,0000320193-0000320193-20-000062-dei:EntityCommonStockSharesOutstanding-shares--2020-07-17,share_class,INCONNU,ordinaire (déduit C1 : titre coté unique AAPL),"edgar_normalize.py (règles edgar_v1, automatique)",2026-09-28T12:37:37+00:00,doc:0000320193-0000320193-20-000062,C1
140,facts,0000320193-0000320193-20-000062-dei:EntityCommonStockSharesOutstanding-shares--2020-07-17,normalized_concept,,shares_outstanding,"edgar_normalize.py (règles edgar_v1, automatique)",2026-09-28T12:37:37+00:00,doc:0000320193-0000320193-20-000062,R3
141,facts,0000320193-0000320193-20-000062-dei:EntityCommonStockSharesOutstanding-shares--2020-07-17,transformation,,aucune,"edgar_normalize.py (règles edgar_v1, automatique)",2026-09-28T12:37:37+00:00,doc:0000320193-0000320193-20-000062,T1
142,facts,0000320193-0000320193-20-000062-dei:EntityCommonStockSharesOutstanding-shares--2020-07-17,value,,4275634000,"edgar_normalize.py (règles edgar_v1, automatique)",2026-09-28T12:37:37+00:00,doc:0000320193-0000320193-20-000062,T1
143,facts,0000320193-0000320193-20-000062-dei:EntityCommonStockSharesOutstanding-shares--2020-07-17,normalization_justification,,"Règle R3 (edgar_v1) : dei:EntityCommonStockSharesOutstanding [shares, instant] -> shares_outstanding. Valeur reprise telle quelle (T1). Dimensions : aucune, déduit (D1). Entrée brute facts/dei/EntityCommonStockSharesOutstanding/units/shares/45 (sha256 233ac479227bce5e…). À confirmer sur l'instance XBRL.","edgar_normalize.py (règles edgar_v1, automatique)",2026-09-28T12:37:37+00:00,doc:0000320193-0000320193-20-000062,R3
144,facts,0000320193-0000320193-20-000096-dei:EntityCommonStockSharesOutstanding-shares--2020-10-16,source_context,,companyfacts;entite=CIK0000320193;periode=2020-10-16;segment=aucun(deduit D1),"edgar_normalize.py (règles edgar_v1, automatique)",2026-09-28T12:37:37+00:00,doc:0000320193-0000320193-20-000096,X1
145,facts,0000320193-0000320193-20-000096-dei:EntityCommonStockSharesOutstanding-shares--2020-10-16,source_dimensions,INCONNU,,"edgar_normalize.py (règles edgar_v1, automatique)",2026-09-28T12:37:37+00:00,doc:0000320193-0000320193-20-000096,D1 : une seule valeur brute pour cette clé
146,facts,0000320193-0000320193-20-000096-dei:EntityCommonStockSharesOutstanding-shares--2020-10-16,share_class,INCONNU,ordinaire (déduit C1 : titre coté unique AAPL),"edgar_normalize.py (règles edgar_v1, automatique)",2026-09-28T12:37:37+00:00,doc:0000320193-0000320193-20-000096,C1
147,facts,0000320193-0000320193-20-000096-dei:EntityCommonStockSharesOutstanding-shares--2020-10-16,normalized_concept,,shares_outstanding,"edgar_normalize.py (règles edgar_v1, automatique)",2026-09-28T12:37:37+00:00,doc:0000320193-0000320193-20-000096,R3
148,facts,0000320193-0000320193-20-000096-dei:EntityCommonStockSharesOutstanding-shares--2020-10-16,transformation,,aucune,"edgar_normalize.py (règles edgar_v1, automatique)",2026-09-28T12:37:37+00:00,doc:0000320193-0000320193-20-000096,T1
149,facts,0000320193-0000320193-20-000096-dei:EntityCommonStockSharesOutstanding-shares--2020-10-16,value,,17001802000,"edgar_normalize.py (règles edgar_v1, automatique)",2026-09-28T12:37:37+00:00,doc:0000320193-0000320193-20-000096,T1
150,facts,0000320193-0000320193-20-000096-dei:EntityCommonStockSharesOutstanding-shares--2020-10-16,normalization_justification,,"Règle R3 (edgar_v1) : dei:EntityCommonStockSharesOutstanding [shares, instant] -> shares_outstanding. Valeur reprise telle quelle (T1). Dimensions : aucune, déduit (D1). Entrée brute facts/dei/EntityCommonStockSharesOutstanding/units/shares/46 (sha256 be273250ba12f9e2…). À confirmer sur l'instance XBRL.","edgar_normalize.py (règles edgar_v1, automatique)",2026-09-28T12:37:37+00:00,doc:0000320193-0000320193-20-000096,R3
151,facts,0000320193-0000320193-21-000010-dei:EntityCommonStockSharesOutstanding-shares--2021-01-15,source_context,,companyfacts;entite=CIK0000320193;periode=2021-01-15;segment=aucun(deduit D1),"edgar_normalize.py (règles edgar_v1, automatique)",2026-09-28T12:37:37+00:00,doc:0000320193-0000320193-21-000010,X1
152,facts,0000320193-0000320193-21-000010-dei:EntityCommonStockSharesOutstanding-shares--2021-01-15,source_dimensions,INCONNU,,"edgar_normalize.py (règles edgar_v1, automatique)",2026-09-28T12:37:37+00:00,doc:0000320193-0000320193-21-000010,D1 : une seule valeur brute pour cette clé
153,facts,0000320193-0000320193-21-000010-dei:EntityCommonStockSharesOutstanding-shares--2021-01-15,share_class,INCONNU,ordinaire (déduit C1 : titre coté unique AAPL),"edgar_normalize.py (règles edgar_v1, automatique)",2026-09-28T12:37:37+00:00,doc:0000320193-0000320193-21-000010,C1
154,facts,0000320193-0000320193-21-000010-dei:EntityCommonStockSharesOutstanding-shares--2021-01-15,normalized_concept,,shares_outstanding,"edgar_normalize.py (règles edgar_v1, automatique)",2026-09-28T12:37:37+00:00,doc:0000320193-0000320193-21-000010,R3
155,facts,0000320193-0000320193-21-000010-dei:EntityCommonStockSharesOutstanding-shares--2021-01-15,transformation,,aucune,"edgar_normalize.py (règles edgar_v1, automatique)",2026-09-28T12:37:37+00:00,doc:0000320193-0000320193-21-000010,T1
156,facts,0000320193-0000320193-21-000010-dei:EntityCommonStockSharesOutstanding-shares--2021-01-15,value,,16788096000,"edgar_normalize.py (règles edgar_v1, automatique)",2026-09-28T12:37:37+00:00,doc:0000320193-0000320193-21-000010,T1
157,facts,0000320193-0000320193-21-000010-dei:EntityCommonStockSharesOutstanding-shares--2021-01-15,normalization_justification,,"Règle R3 (edgar_v1) : dei:EntityCommonStockSharesOutstanding [shares, instant] -> shares_outstanding. Valeur reprise telle quelle (T1). Dimensions : aucune, déduit (D1). Entrée brute facts/dei/EntityCommonStockSharesOutstanding/units/shares/47 (sha256 5bb0e67db041bec9…). À confirmer sur l'instance XBRL.","edgar_normalize.py (règles edgar_v1, automatique)",2026-09-28T12:37:37+00:00,doc:0000320193-0000320193-21-000010,R3
158,facts,0000320193-0000320193-21-000056-dei:EntityCommonStockSharesOutstanding-shares--2021-04-16,source_context,,companyfacts;entite=CIK0000320193;periode=2021-04-16;segment=aucun(deduit D1),"edgar_normalize.py (règles edgar_v1, automatique)",2026-09-28T12:37:37+00:00,doc:0000320193-0000320193-21-000056,X1
159,facts,0000320193-0000320193-21-000056-dei:EntityCommonStockSharesOutstanding-shares--2021-04-16,source_dimensions,INCONNU,,"edgar_normalize.py (règles edgar_v1, automatique)",2026-09-28T12:37:37+00:00,doc:0000320193-0000320193-21-000056,D1 : une seule valeur brute pour cette clé
160,facts,0000320193-0000320193-21-000056-dei:EntityCommonStockSharesOutstanding-shares--2021-04-16,share_class,INCONNU,ordinaire (déduit C1 : titre coté unique AAPL),"edgar_normalize.py (règles edgar_v1, automatique)",2026-09-28T12:37:37+00:00,doc:0000320193-0000320193-21-000056,C1
161,facts,0000320193-0000320193-21-000056-dei:EntityCommonStockSharesOutstanding-shares--2021-04-16,normalized_concept,,shares_outstanding,"edgar_normalize.py (règles edgar_v1, automatique)",2026-09-28T12:37:37+00:00,doc:0000320193-0000320193-21-000056,R3
162,facts,0000320193-0000320193-21-000056-dei:EntityCommonStockSharesOutstanding-shares--2021-04-16,transformation,,aucune,"edgar_normalize.py (règles edgar_v1, automatique)",2026-09-28T12:37:37+00:00,doc:0000320193-0000320193-21-000056,T1
163,facts,0000320193-0000320193-21-000056-dei:EntityCommonStockSharesOutstanding-shares--2021-04-16,value,,16687631000,"edgar_normalize.py (règles edgar_v1, automatique)",2026-09-28T12:37:37+00:00,doc:0000320193-0000320193-21-000056,T1
164,facts,0000320193-0000320193-21-000056-dei:EntityCommonStockSharesOutstanding-shares--2021-04-16,normalization_justification,,"Règle R3 (edgar_v1) : dei:EntityCommonStockSharesOutstanding [shares, instant] -> shares_outstanding. Valeur reprise telle quelle (T1). Dimensions : aucune, déduit (D1). Entrée brute facts/dei/EntityCommonStockSharesOutstanding/units/shares/48 (sha256 096b9009b49e77c5…). À confirmer sur l'instance XBRL.","edgar_normalize.py (règles edgar_v1, automatique)",2026-09-28T12:37:37+00:00,doc:0000320193-0000320193-21-000056,R3
165,facts,0000320193-0000320193-21-000065-dei:EntityCommonStockSharesOutstanding-shares--2021-07-16,source_context,,companyfacts;entite=CIK0000320193;periode=2021-07-16;segment=aucun(deduit D1),"edgar_normalize.py (règles edgar_v1, automatique)",2026-09-28T12:37:37+00:00,doc:0000320193-0000320193-21-000065,X1
166,facts,0000320193-0000320193-21-000065-dei:EntityCommonStockSharesOutstanding-shares--2021-07-16,source_dimensions,INCONNU,,"edgar_normalize.py (règles edgar_v1, automatique)",2026-09-28T12:37:37+00:00,doc:0000320193-0000320193-21-000065,D1 : une seule valeur brute pour cette clé
167,facts,0000320193-0000320193-21-000065-dei:EntityCommonStockSharesOutstanding-shares--2021-07-16,share_class,INCONNU,ordinaire (déduit C1 : titre coté unique AAPL),"edgar_normalize.py (règles edgar_v1, automatique)",2026-09-28T12:37:37+00:00,doc:0000320193-0000320193-21-000065,C1
168,facts,0000320193-0000320193-21-000065-dei:EntityCommonStockSharesOutstanding-shares--2021-07-16,normalized_concept,,shares_outstanding,"edgar_normalize.py (règles edgar_v1, automatique)",2026-09-28T12:37:37+00:00,doc:0000320193-0000320193-21-000065,R3
169,facts,0000320193-0000320193-21-000065-dei:EntityCommonStockSharesOutstanding-shares--2021-07-16,transformation,,aucune,"edgar_normalize.py (règles edgar_v1, automatique)",2026-09-28T12:37:37+00:00,doc:0000320193-0000320193-21-000065,T1
170,facts,0000320193-0000320193-21-000065-dei:EntityCommonStockSharesOutstanding-shares--2021-07-16,value,,16530166000,"edgar_normalize.py (règles edgar_v1, automatique)",2026-09-28T12:37:37+00:00,doc:0000320193-0000320193-21-000065,T1
171,facts,0000320193-0000320193-21-000065-dei:EntityCommonStockSharesOutstanding-shares--2021-07-16,normalization_justification,,"Règle R3 (edgar_v1) : dei:EntityCommonStockSharesOutstanding [shares, instant] -> shares_outstanding. Valeur reprise telle quelle (T1). Dimensions : aucune, déduit (D1). Entrée brute facts/dei/EntityCommonStockSharesOutstanding/units/shares/49 (sha256 c9f5adf846a8d426…). À confirmer sur l'instance XBRL.","edgar_normalize.py (règles edgar_v1, automatique)",2026-09-28T12:37:37+00:00,doc:0000320193-0000320193-21-000065,R3
172,facts,0000320193-0000320193-21-000105-dei:EntityCommonStockSharesOutstanding-shares--2021-10-15,source_context,,companyfacts;entite=CIK0000320193;periode=2021-10-15;segment=aucun(deduit D1),"edgar_normalize.py (règles edgar_v1, automatique)",2026-09-28T12:37:37+00:00,doc:0000320193-0000320193-21-000105,X1
173,facts,0000320193-0000320193-21-000105-dei:EntityCommonStockSharesOutstanding-shares--2021-10-15,source_dimensions,INCONNU,,"edgar_normalize.py (règles edgar_v1, automatique)",2026-09-28T12:37:37+00:00,doc:0000320193-0000320193-21-000105,D1 : une seule valeur brute pour cette clé
174,facts,0000320193-0000320193-21-000105-dei:EntityCommonStockSharesOutstanding-shares--2021-10-15,share_class,INCONNU,ordinaire (déduit C1 : titre coté unique AAPL),"edgar_normalize.py (règles edgar_v1, automatique)",2026-09-28T12:37:37+00:00,doc:0000320193-0000320193-21-000105,C1
175,facts,0000320193-0000320193-21-000105-dei:EntityCommonStockSharesOutstanding-shares--2021-10-15,normalized_concept,,shares_outstanding,"edgar_normalize.py (règles edgar_v1, automatique)",2026-09-28T12:37:37+00:00,doc:0000320193-0000320193-21-000105,R3
176,facts,0000320193-0000320193-21-000105-dei:EntityCommonStockSharesOutstanding-shares--2021-10-15,transformation,,aucune,"edgar_normalize.py (règles edgar_v1, automatique)",2026-09-28T12:37:37+00:00,doc:0000320193-0000320193-21-000105,T1
177,facts,0000320193-0000320193-21-000105-dei:EntityCommonStockSharesOutstanding-shares--2021-10-15,value,,16406397000,"edgar_normalize.py (règles edgar_v1, automatique)",2026-09-28T12:37:37+00:00,doc:0000320193-0000320193-21-000105,T1
178,facts,0000320193-0000320193-21-000105-dei:EntityCommonStockSharesOutstanding-shares--2021-10-15,normalization_justification,,"Règle R3 (edgar_v1) : dei:EntityCommonStockSharesOutstanding [shares, instant] -> shares_outstanding. Valeur reprise telle quelle (T1). Dimensions : aucune, déduit (D1). Entrée brute facts/dei/EntityCommonStockSharesOutstanding/units/shares/50 (sha256 9399f5ca5c3f1513…). À confirmer sur l'instance XBRL.","edgar_normalize.py (règles edgar_v1, automatique)",2026-09-28T12:37:37+00:00,doc:0000320193-0000320193-21-000105,R3
179,facts,0000320193-0000320193-22-000007-dei:EntityCommonStockSharesOutstanding-shares--2022-01-14,source_context,,companyfacts;entite=CIK0000320193;periode=2022-01-14;segment=aucun(deduit D1),"edgar_normalize.py (règles edgar_v1, automatique)",2026-09-28T12:37:37+00:00,doc:0000320193-0000320193-22-000007,X1
180,facts,0000320193-0000320193-22-000007-dei:EntityCommonStockSharesOutstanding-shares--2022-01-14,source_dimensions,INCONNU,,"edgar_normalize.py (règles edgar_v1, automatique)",2026-09-28T12:37:37+00:00,doc:0000320193-0000320193-22-000007,D1 : une seule valeur brute pour cette clé
181,facts,0000320193-0000320193-22-000007-dei:EntityCommonStockSharesOutstanding-shares--2022-01-14,share_class,INCONNU,ordinaire (déduit C1 : titre coté unique AAPL),"edgar_normalize.py (règles edgar_v1, automatique)",2026-09-28T12:37:37+00:00,doc:0000320193-0000320193-22-000007,C1
182,facts,0000320193-0000320193-22-000007-dei:EntityCommonStockSharesOutstanding-shares--2022-01-14,normalized_concept,,shares_outstanding,"edgar_normalize.py (règles edgar_v1, automatique)",2026-09-28T12:37:37+00:00,doc:0000320193-0000320193-22-000007,R3
183,facts,0000320193-0000320193-22-000007-dei:EntityCommonStockSharesOutstanding-shares--2022-01-14,transformation,,aucune,"edgar_normalize.py (règles edgar_v1, automatique)",2026-09-28T12:37:37+00:00,doc:0000320193-0000320193-22-000007,T1
184,facts,0000320193-0000320193-22-000007-dei:EntityCommonStockSharesOutstanding-shares--2022-01-14,value,,16319441000,"edgar_normalize.py (règles edgar_v1, automatique)",2026-09-28T12:37:37+00:00,doc:0000320193-0000320193-22-000007,T1
185,facts,0000320193-0000320193-22-000007-dei:EntityCommonStockSharesOutstanding-shares--2022-01-14,normalization_justification,,"Règle R3 (edgar_v1) : dei:EntityCommonStockSharesOutstanding [shares, instant] -> shares_outstanding. Valeur reprise telle quelle (T1). Dimensions : aucune, déduit (D1). Entrée brute facts/dei/EntityCommonStockSharesOutstanding/units/shares/51 (sha256 3d374d4d0ea53530…). À confirmer sur l'instance XBRL.","edgar_normalize.py (règles edgar_v1, automatique)",2026-09-28T12:37:37+00:00,doc:0000320193-0000320193-22-000007,R3
186,facts,0000320193-0000320193-22-000059-dei:EntityCommonStockSharesOutstanding-shares--2022-04-15,source_context,,companyfacts;entite=CIK0000320193;periode=2022-04-15;segment=aucun(deduit D1),"edgar_normalize.py (règles edgar_v1, automatique)",2026-09-28T12:37:37+00:00,doc:0000320193-0000320193-22-000059,X1
187,facts,0000320193-0000320193-22-000059-dei:EntityCommonStockSharesOutstanding-shares--2022-04-15,source_dimensions,INCONNU,,"edgar_normalize.py (règles edgar_v1, automatique)",2026-09-28T12:37:37+00:00,doc:0000320193-0000320193-22-000059,D1 : une seule valeur brute pour cette clé
188,facts,0000320193-0000320193-22-000059-dei:EntityCommonStockSharesOutstanding-shares--2022-04-15,share_class,INCONNU,ordinaire (déduit C1 : titre coté unique AAPL),"edgar_normalize.py (règles edgar_v1, automatique)",2026-09-28T12:37:37+00:00,doc:0000320193-0000320193-22-000059,C1
189,facts,0000320193-0000320193-22-000059-dei:EntityCommonStockSharesOutstanding-shares--2022-04-15,normalized_concept,,shares_outstanding,"edgar_normalize.py (règles edgar_v1, automatique)",2026-09-28T12:37:37+00:00,doc:0000320193-0000320193-22-000059,R3
190,facts,0000320193-0000320193-22-000059-dei:EntityCommonStockSharesOutstanding-shares--2022-04-15,transformation,,aucune,"edgar_normalize.py (règles edgar_v1, automatique)",2026-09-28T12:37:37+00:00,doc:0000320193-0000320193-22-000059,T1
191,facts,0000320193-0000320193-22-000059-dei:EntityCommonStockSharesOutstanding-shares--2022-04-15,value,,16185181000,"edgar_normalize.py (règles edgar_v1, automatique)",2026-09-28T12:37:37+00:00,doc:0000320193-0000320193-22-000059,T1
192,facts,0000320193-0000320193-22-000059-dei:EntityCommonStockSharesOutstanding-shares--2022-04-15,normalization_justification,,"Règle R3 (edgar_v1) : dei:EntityCommonStockSharesOutstanding [shares, instant] -> shares_outstanding. Valeur reprise telle quelle (T1). Dimensions : aucune, déduit (D1). Entrée brute facts/dei/EntityCommonStockSharesOutstanding/units/shares/52 (sha256 f5246fdd90267fdb…). À confirmer sur l'instance XBRL.","edgar_normalize.py (règles edgar_v1, automatique)",2026-09-28T12:37:37+00:00,doc:0000320193-0000320193-22-000059,R3
193,facts,0000320193-0000320193-22-000070-dei:EntityCommonStockSharesOutstanding-shares--2022-07-15,source_context,,companyfacts;entite=CIK0000320193;periode=2022-07-15;segment=aucun(deduit D1),"edgar_normalize.py (règles edgar_v1, automatique)",2026-09-28T12:37:37+00:00,doc:0000320193-0000320193-22-000070,X1
194,facts,0000320193-0000320193-22-000070-dei:EntityCommonStockSharesOutstanding-shares--2022-07-15,source_dimensions,INCONNU,,"edgar_normalize.py (règles edgar_v1, automatique)",2026-09-28T12:37:37+00:00,doc:0000320193-0000320193-22-000070,D1 : une seule valeur brute pour cette clé
195,facts,0000320193-0000320193-22-000070-dei:EntityCommonStockSharesOutstanding-shares--2022-07-15,share_class,INCONNU,ordinaire (déduit C1 : titre coté unique AAPL),"edgar_normalize.py (règles edgar_v1, automatique)",2026-09-28T12:37:37+00:00,doc:0000320193-0000320193-22-000070,C1
196,facts,0000320193-0000320193-22-000070-dei:EntityCommonStockSharesOutstanding-shares--2022-07-15,normalized_concept,,shares_outstanding,"edgar_normalize.py (règles edgar_v1, automatique)",2026-09-28T12:37:37+00:00,doc:0000320193-0000320193-22-000070,R3
197,facts,0000320193-0000320193-22-000070-dei:EntityCommonStockSharesOutstanding-shares--2022-07-15,transformation,,aucune,"edgar_normalize.py (règles edgar_v1, automatique)",2026-09-28T12:37:37+00:00,doc:0000320193-0000320193-22-000070,T1
198,facts,0000320193-0000320193-22-000070-dei:EntityCommonStockSharesOutstanding-shares--2022-07-15,value,,16070752000,"edgar_normalize.py (règles edgar_v1, automatique)",2026-09-28T12:37:37+00:00,doc:0000320193-0000320193-22-000070,T1
199,facts,0000320193-0000320193-22-000070-dei:EntityCommonStockSharesOutstanding-shares--2022-07-15,normalization_justification,,"Règle R3 (edgar_v1) : dei:EntityCommonStockSharesOutstanding [shares, instant] -> shares_outstanding. Valeur reprise telle quelle (T1). Dimensions : aucune, déduit (D1). Entrée brute facts/dei/EntityCommonStockSharesOutstanding/units/shares/53 (sha256 563bdac7fea7ab9a…). À confirmer sur l'instance XBRL.","edgar_normalize.py (règles edgar_v1, automatique)",2026-09-28T12:37:37+00:00,doc:0000320193-0000320193-22-000070,R3
200,facts,0000320193-0000320193-22-000108-dei:EntityCommonStockSharesOutstanding-shares--2022-10-14,source_context,,companyfacts;entite=CIK0000320193;periode=2022-10-14;segment=aucun(deduit D1),"edgar_normalize.py (règles edgar_v1, automatique)",2026-09-28T12:37:37+00:00,doc:0000320193-0000320193-22-000108,X1
201,facts,0000320193-0000320193-22-000108-dei:EntityCommonStockSharesOutstanding-shares--2022-10-14,source_dimensions,INCONNU,,"edgar_normalize.py (règles edgar_v1, automatique)",2026-09-28T12:37:37+00:00,doc:0000320193-0000320193-22-000108,D1 : une seule valeur brute pour cette clé
202,facts,0000320193-0000320193-22-000108-dei:EntityCommonStockSharesOutstanding-shares--2022-10-14,share_class,INCONNU,ordinaire (déduit C1 : titre coté unique AAPL),"edgar_normalize.py (règles edgar_v1, automatique)",2026-09-28T12:37:37+00:00,doc:0000320193-0000320193-22-000108,C1
203,facts,0000320193-0000320193-22-000108-dei:EntityCommonStockSharesOutstanding-shares--2022-10-14,normalized_concept,,shares_outstanding,"edgar_normalize.py (règles edgar_v1, automatique)",2026-09-28T12:37:37+00:00,doc:0000320193-0000320193-22-000108,R3
204,facts,0000320193-0000320193-22-000108-dei:EntityCommonStockSharesOutstanding-shares--2022-10-14,transformation,,aucune,"edgar_normalize.py (règles edgar_v1, automatique)",2026-09-28T12:37:37+00:00,doc:0000320193-0000320193-22-000108,T1
205,facts,0000320193-0000320193-22-000108-dei:EntityCommonStockSharesOutstanding-shares--2022-10-14,value,,15908118000,"edgar_normalize.py (règles edgar_v1, automatique)",2026-09-28T12:37:37+00:00,doc:0000320193-0000320193-22-000108,T1
206,facts,0000320193-0000320193-22-000108-dei:EntityCommonStockSharesOutstanding-shares--2022-10-14,normalization_justification,,"Règle R3 (edgar_v1) : dei:EntityCommonStockSharesOutstanding [shares, instant] -> shares_outstanding. Valeur reprise telle quelle (T1). Dimensions : aucune, déduit (D1). Entrée brute facts/dei/EntityCommonStockSharesOutstanding/units/shares/54 (sha256 52963aa279da7980…). À confirmer sur l'instance XBRL.","edgar_normalize.py (règles edgar_v1, automatique)",2026-09-28T12:37:37+00:00,doc:0000320193-0000320193-22-000108,R3
207,facts,0000320193-0000320193-23-000006-dei:EntityCommonStockSharesOutstanding-shares--2023-01-20,source_context,,companyfacts;entite=CIK0000320193;periode=2023-01-20;segment=aucun(deduit D1),"edgar_normalize.py (règles edgar_v1, automatique)",2026-09-28T12:37:37+00:00,doc:0000320193-0000320193-23-000006,X1
208,facts,0000320193-0000320193-23-000006-dei:EntityCommonStockSharesOutstanding-shares--2023-01-20,source_dimensions,INCONNU,,"edgar_normalize.py (règles edgar_v1, automatique)",2026-09-28T12:37:37+00:00,doc:0000320193-0000320193-23-000006,D1 : une seule valeur brute pour cette clé
209,facts,0000320193-0000320193-23-000006-dei:EntityCommonStockSharesOutstanding-shares--2023-01-20,share_class,INCONNU,ordinaire (déduit C1 : titre coté unique AAPL),"edgar_normalize.py (règles edgar_v1, automatique)",2026-09-28T12:37:37+00:00,doc:0000320193-0000320193-23-000006,C1
210,facts,0000320193-0000320193-23-000006-dei:EntityCommonStockSharesOutstanding-shares--2023-01-20,normalized_concept,,shares_outstanding,"edgar_normalize.py (règles edgar_v1, automatique)",2026-09-28T12:37:37+00:00,doc:0000320193-0000320193-23-000006,R3
211,facts,0000320193-0000320193-23-000006-dei:EntityCommonStockSharesOutstanding-shares--2023-01-20,transformation,,aucune,"edgar_normalize.py (règles edgar_v1, automatique)",2026-09-28T12:37:37+00:00,doc:0000320193-0000320193-23-000006,T1
212,facts,0000320193-0000320193-23-000006-dei:EntityCommonStockSharesOutstanding-shares--2023-01-20,value,,15821946000,"edgar_normalize.py (règles edgar_v1, automatique)",2026-09-28T12:37:37+00:00,doc:0000320193-0000320193-23-000006,T1
213,facts,0000320193-0000320193-23-000006-dei:EntityCommonStockSharesOutstanding-shares--2023-01-20,normalization_justification,,"Règle R3 (edgar_v1) : dei:EntityCommonStockSharesOutstanding [shares, instant] -> shares_outstanding. Valeur reprise telle quelle (T1). Dimensions : aucune, déduit (D1). Entrée brute facts/dei/EntityCommonStockSharesOutstanding/units/shares/55 (sha256 c42146ee336a6a9e…). À confirmer sur l'instance XBRL.","edgar_normalize.py (règles edgar_v1, automatique)",2026-09-28T12:37:37+00:00,doc:0000320193-0000320193-23-000006,R3
214,facts,0000320193-0000320193-23-000064-dei:EntityCommonStockSharesOutstanding-shares--2023-04-21,source_context,,companyfacts;entite=CIK0000320193;periode=2023-04-21;segment=aucun(deduit D1),"edgar_normalize.py (règles edgar_v1, automatique)",2026-09-28T12:37:37+00:00,doc:0000320193-0000320193-23-000064,X1
215,facts,0000320193-0000320193-23-000064-dei:EntityCommonStockSharesOutstanding-shares--2023-04-21,source_dimensions,INCONNU,,"edgar_normalize.py (règles edgar_v1, automatique)",2026-09-28T12:37:37+00:00,doc:0000320193-0000320193-23-000064,D1 : une seule valeur brute pour cette clé
216,facts,0000320193-0000320193-23-000064-dei:EntityCommonStockSharesOutstanding-shares--2023-04-21,share_class,INCONNU,ordinaire (déduit C1 : titre coté unique AAPL),"edgar_normalize.py (règles edgar_v1, automatique)",2026-09-28T12:37:37+00:00,doc:0000320193-0000320193-23-000064,C1
217,facts,0000320193-0000320193-23-000064-dei:EntityCommonStockSharesOutstanding-shares--2023-04-21,normalized_concept,,shares_outstanding,"edgar_normalize.py (règles edgar_v1, automatique)",2026-09-28T12:37:37+00:00,doc:0000320193-0000320193-23-000064,R3
218,facts,0000320193-0000320193-23-000064-dei:EntityCommonStockSharesOutstanding-shares--2023-04-21,transformation,,aucune,"edgar_normalize.py (règles edgar_v1, automatique)",2026-09-28T12:37:37+00:00,doc:0000320193-0000320193-23-000064,T1
219,facts,0000320193-0000320193-23-000064-dei:EntityCommonStockSharesOutstanding-shares--2023-04-21,value,,15728702000,"edgar_normalize.py (règles edgar_v1, automatique)",2026-09-28T12:37:37+00:00,doc:0000320193-0000320193-23-000064,T1
220,facts,0000320193-0000320193-23-000064-dei:EntityCommonStockSharesOutstanding-shares--2023-04-21,normalization_justification,,"Règle R3 (edgar_v1) : dei:EntityCommonStockSharesOutstanding [shares, instant] -> shares_outstanding. Valeur reprise telle quelle (T1). Dimensions : aucune, déduit (D1). Entrée brute facts/dei/EntityCommonStockSharesOutstanding/units/shares/56 (sha256 05147af19e7ece53…). À confirmer sur l'instance XBRL.","edgar_normalize.py (règles edgar_v1, automatique)",2026-09-28T12:37:37+00:00,doc:0000320193-0000320193-23-000064,R3
221,facts,0000320193-0000320193-23-000077-dei:EntityCommonStockSharesOutstanding-shares--2023-07-21,source_context,,companyfacts;entite=CIK0000320193;periode=2023-07-21;segment=aucun(deduit D1),"edgar_normalize.py (règles edgar_v1, automatique)",2026-09-28T12:37:37+00:00,doc:0000320193-0000320193-23-000077,X1
222,facts,0000320193-0000320193-23-000077-dei:EntityCommonStockSharesOutstanding-shares--2023-07-21,source_dimensions,INCONNU,,"edgar_normalize.py (règles edgar_v1, automatique)",2026-09-28T12:37:37+00:00,doc:0000320193-0000320193-23-000077,D1 : une seule valeur brute pour cette clé
223,facts,0000320193-0000320193-23-000077-dei:EntityCommonStockSharesOutstanding-shares--2023-07-21,share_class,INCONNU,ordinaire (déduit C1 : titre coté unique AAPL),"edgar_normalize.py (règles edgar_v1, automatique)",2026-09-28T12:37:37+00:00,doc:0000320193-0000320193-23-000077,C1
224,facts,0000320193-0000320193-23-000077-dei:EntityCommonStockSharesOutstanding-shares--2023-07-21,normalized_concept,,shares_outstanding,"edgar_normalize.py (règles edgar_v1, automatique)",2026-09-28T12:37:37+00:00,doc:0000320193-0000320193-23-000077,R3
225,facts,0000320193-0000320193-23-000077-dei:EntityCommonStockSharesOutstanding-shares--2023-07-21,transformation,,aucune,"edgar_normalize.py (règles edgar_v1, automatique)",2026-09-28T12:37:37+00:00,doc:0000320193-0000320193-23-000077,T1
226,facts,0000320193-0000320193-23-000077-dei:EntityCommonStockSharesOutstanding-shares--2023-07-21,value,,15634232000,"edgar_normalize.py (règles edgar_v1, automatique)",2026-09-28T12:37:37+00:00,doc:0000320193-0000320193-23-000077,T1
227,facts,0000320193-0000320193-23-000077-dei:EntityCommonStockSharesOutstanding-shares--2023-07-21,normalization_justification,,"Règle R3 (edgar_v1) : dei:EntityCommonStockSharesOutstanding [shares, instant] -> shares_outstanding. Valeur reprise telle quelle (T1). Dimensions : aucune, déduit (D1). Entrée brute facts/dei/EntityCommonStockSharesOutstanding/units/shares/57 (sha256 3b11e4be3939c34f…). À confirmer sur l'instance XBRL.","edgar_normalize.py (règles edgar_v1, automatique)",2026-09-28T12:37:37+00:00,doc:0000320193-0000320193-23-000077,R3
228,facts,0000320193-0000320193-23-000106-dei:EntityCommonStockSharesOutstanding-shares--2023-10-20,source_context,,companyfacts;entite=CIK0000320193;periode=2023-10-20;segment=aucun(deduit D1),"edgar_normalize.py (règles edgar_v1, automatique)",2026-09-28T12:37:37+00:00,doc:0000320193-0000320193-23-000106,X1
229,facts,0000320193-0000320193-23-000106-dei:EntityCommonStockSharesOutstanding-shares--2023-10-20,source_dimensions,INCONNU,,"edgar_normalize.py (règles edgar_v1, automatique)",2026-09-28T12:37:37+00:00,doc:0000320193-0000320193-23-000106,D1 : une seule valeur brute pour cette clé
230,facts,0000320193-0000320193-23-000106-dei:EntityCommonStockSharesOutstanding-shares--2023-10-20,share_class,INCONNU,ordinaire (déduit C1 : titre coté unique AAPL),"edgar_normalize.py (règles edgar_v1, automatique)",2026-09-28T12:37:37+00:00,doc:0000320193-0000320193-23-000106,C1
231,facts,0000320193-0000320193-23-000106-dei:EntityCommonStockSharesOutstanding-shares--2023-10-20,normalized_concept,,shares_outstanding,"edgar_normalize.py (règles edgar_v1, automatique)",2026-09-28T12:37:37+00:00,doc:0000320193-0000320193-23-000106,R3
232,facts,0000320193-0000320193-23-000106-dei:EntityCommonStockSharesOutstanding-shares--2023-10-20,transformation,,aucune,"edgar_normalize.py (règles edgar_v1, automatique)",2026-09-28T12:37:37+00:00,doc:0000320193-0000320193-23-000106,T1
233,facts,0000320193-0000320193-23-000106-dei:EntityCommonStockSharesOutstanding-shares--2023-10-20,value,,15552752000,"edgar_normalize.py (règles edgar_v1, automatique)",2026-09-28T12:37:37+00:00,doc:0000320193-0000320193-23-000106,T1
234,facts,0000320193-0000320193-23-000106-dei:EntityCommonStockSharesOutstanding-shares--2023-10-20,normalization_justification,,"Règle R3 (edgar_v1) : dei:EntityCommonStockSharesOutstanding [shares, instant] -> shares_outstanding. Valeur reprise telle quelle (T1). Dimensions : aucune, déduit (D1). Entrée brute facts/dei/EntityCommonStockSharesOutstanding/units/shares/58 (sha256 0c3ee3c75d877e1f…). À confirmer sur l'instance XBRL.","edgar_normalize.py (règles edgar_v1, automatique)",2026-09-28T12:37:37+00:00,doc:0000320193-0000320193-23-000106,R3
235,facts,0000320193-0000320193-24-000006-dei:EntityCommonStockSharesOutstanding-shares--2024-01-19,source_context,,companyfacts;entite=CIK0000320193;periode=2024-01-19;segment=aucun(deduit D1),"edgar_normalize.py (règles edgar_v1, automatique)",2026-09-28T12:37:37+00:00,doc:0000320193-0000320193-24-000006,X1
236,facts,0000320193-0000320193-24-000006-dei:EntityCommonStockSharesOutstanding-shares--2024-01-19,source_dimensions,INCONNU,,"edgar_normalize.py (règles edgar_v1, automatique)",2026-09-28T12:37:37+00:00,doc:0000320193-0000320193-24-000006,D1 : une seule valeur brute pour cette clé
237,facts,0000320193-0000320193-24-000006-dei:EntityCommonStockSharesOutstanding-shares--2024-01-19,share_class,INCONNU,ordinaire (déduit C1 : titre coté unique AAPL),"edgar_normalize.py (règles edgar_v1, automatique)",2026-09-28T12:37:37+00:00,doc:0000320193-0000320193-24-000006,C1
238,facts,0000320193-0000320193-24-000006-dei:EntityCommonStockSharesOutstanding-shares--2024-01-19,normalized_concept,,shares_outstanding,"edgar_normalize.py (règles edgar_v1, automatique)",2026-09-28T12:37:37+00:00,doc:0000320193-0000320193-24-000006,R3
239,facts,0000320193-0000320193-24-000006-dei:EntityCommonStockSharesOutstanding-shares--2024-01-19,transformation,,aucune,"edgar_normalize.py (règles edgar_v1, automatique)",2026-09-28T12:37:37+00:00,doc:0000320193-0000320193-24-000006,T1
240,facts,0000320193-0000320193-24-000006-dei:EntityCommonStockSharesOutstanding-shares--2024-01-19,value,,15441881000,"edgar_normalize.py (règles edgar_v1, automatique)",2026-09-28T12:37:37+00:00,doc:0000320193-0000320193-24-000006,T1
241,facts,0000320193-0000320193-24-000006-dei:EntityCommonStockSharesOutstanding-shares--2024-01-19,normalization_justification,,"Règle R3 (edgar_v1) : dei:EntityCommonStockSharesOutstanding [shares, instant] -> shares_outstanding. Valeur reprise telle quelle (T1). Dimensions : aucune, déduit (D1). Entrée brute facts/dei/EntityCommonStockSharesOutstanding/units/shares/59 (sha256 41bd6465c99406cd…). À confirmer sur l'instance XBRL.","edgar_normalize.py (règles edgar_v1, automatique)",2026-09-28T12:37:37+00:00,doc:0000320193-0000320193-24-000006,R3
242,facts,0000320193-0000320193-24-000069-dei:EntityCommonStockSharesOutstanding-shares--2024-04-19,source_context,,companyfacts;entite=CIK0000320193;periode=2024-04-19;segment=aucun(deduit D1),"edgar_normalize.py (règles edgar_v1, automatique)",2026-09-28T12:37:37+00:00,doc:0000320193-0000320193-24-000069,X1
243,facts,0000320193-0000320193-24-000069-dei:EntityCommonStockSharesOutstanding-shares--2024-04-19,source_dimensions,INCONNU,,"edgar_normalize.py (règles edgar_v1, automatique)",2026-09-28T12:37:37+00:00,doc:0000320193-0000320193-24-000069,D1 : une seule valeur brute pour cette clé
244,facts,0000320193-0000320193-24-000069-dei:EntityCommonStockSharesOutstanding-shares--2024-04-19,share_class,INCONNU,ordinaire (déduit C1 : titre coté unique AAPL),"edgar_normalize.py (règles edgar_v1, automatique)",2026-09-28T12:37:37+00:00,doc:0000320193-0000320193-24-000069,C1
245,facts,0000320193-0000320193-24-000069-dei:EntityCommonStockSharesOutstanding-shares--2024-04-19,normalized_concept,,shares_outstanding,"edgar_normalize.py (règles edgar_v1, automatique)",2026-09-28T12:37:37+00:00,doc:0000320193-0000320193-24-000069,R3
246,facts,0000320193-0000320193-24-000069-dei:EntityCommonStockSharesOutstanding-shares--2024-04-19,transformation,,aucune,"edgar_normalize.py (règles edgar_v1, automatique)",2026-09-28T12:37:37+00:00,doc:0000320193-0000320193-24-000069,T1
247,facts,0000320193-0000320193-24-000069-dei:EntityCommonStockSharesOutstanding-shares--2024-04-19,value,,15334082000,"edgar_normalize.py (règles edgar_v1, automatique)",2026-09-28T12:37:37+00:00,doc:0000320193-0000320193-24-000069,T1
248,facts,0000320193-0000320193-24-000069-dei:EntityCommonStockSharesOutstanding-shares--2024-04-19,normalization_justification,,"Règle R3 (edgar_v1) : dei:EntityCommonStockSharesOutstanding [shares, instant] -> shares_outstanding. Valeur reprise telle quelle (T1). Dimensions : aucune, déduit (D1). Entrée brute facts/dei/EntityCommonStockSharesOutstanding/units/shares/60 (sha256 332cd15c07df740a…). À confirmer sur l'instance XBRL.","edgar_normalize.py (règles edgar_v1, automatique)",2026-09-28T12:37:37+00:00,doc:0000320193-0000320193-24-000069,R3
249,facts,0000320193-0000320193-24-000081-dei:EntityCommonStockSharesOutstanding-shares--2024-07-19,source_context,,companyfacts;entite=CIK0000320193;periode=2024-07-19;segment=aucun(deduit D1),"edgar_normalize.py (règles edgar_v1, automatique)",2026-09-28T12:37:37+00:00,doc:0000320193-0000320193-24-000081,X1
250,facts,0000320193-0000320193-24-000081-dei:EntityCommonStockSharesOutstanding-shares--2024-07-19,source_dimensions,INCONNU,,"edgar_normalize.py (règles edgar_v1, automatique)",2026-09-28T12:37:37+00:00,doc:0000320193-0000320193-24-000081,D1 : une seule valeur brute pour cette clé
251,facts,0000320193-0000320193-24-000081-dei:EntityCommonStockSharesOutstanding-shares--2024-07-19,share_class,INCONNU,ordinaire (déduit C1 : titre coté unique AAPL),"edgar_normalize.py (règles edgar_v1, automatique)",2026-09-28T12:37:37+00:00,doc:0000320193-0000320193-24-000081,C1
252,facts,0000320193-0000320193-24-000081-dei:EntityCommonStockSharesOutstanding-shares--2024-07-19,normalized_concept,,shares_outstanding,"edgar_normalize.py (règles edgar_v1, automatique)",2026-09-28T12:37:37+00:00,doc:0000320193-0000320193-24-000081,R3
253,facts,0000320193-0000320193-24-000081-dei:EntityCommonStockSharesOutstanding-shares--2024-07-19,transformation,,aucune,"edgar_normalize.py (règles edgar_v1, automatique)",2026-09-28T12:37:37+00:00,doc:0000320193-0000320193-24-000081,T1
254,facts,0000320193-0000320193-24-000081-dei:EntityCommonStockSharesOutstanding-shares--2024-07-19,value,,15204137000,"edgar_normalize.py (règles edgar_v1, automatique)",2026-09-28T12:37:37+00:00,doc:0000320193-0000320193-24-000081,T1
255,facts,0000320193-0000320193-24-000081-dei:EntityCommonStockSharesOutstanding-shares--2024-07-19,normalization_justification,,"Règle R3 (edgar_v1) : dei:EntityCommonStockSharesOutstanding [shares, instant] -> shares_outstanding. Valeur reprise telle quelle (T1). Dimensions : aucune, déduit (D1). Entrée brute facts/dei/EntityCommonStockSharesOutstanding/units/shares/61 (sha256 58dd524b2d69fd0b…). À confirmer sur l'instance XBRL.","edgar_normalize.py (règles edgar_v1, automatique)",2026-09-28T12:37:37+00:00,doc:0000320193-0000320193-24-000081,R3
256,facts,0000320193-0000320193-24-000123-dei:EntityCommonStockSharesOutstanding-shares--2024-10-18,source_context,,companyfacts;entite=CIK0000320193;periode=2024-10-18;segment=aucun(deduit D1),"edgar_normalize.py (règles edgar_v1, automatique)",2026-09-28T12:37:37+00:00,doc:0000320193-0000320193-24-000123,X1
257,facts,0000320193-0000320193-24-000123-dei:EntityCommonStockSharesOutstanding-shares--2024-10-18,source_dimensions,INCONNU,,"edgar_normalize.py (règles edgar_v1, automatique)",2026-09-28T12:37:37+00:00,doc:0000320193-0000320193-24-000123,D1 : une seule valeur brute pour cette clé
258,facts,0000320193-0000320193-24-000123-dei:EntityCommonStockSharesOutstanding-shares--2024-10-18,share_class,INCONNU,ordinaire (déduit C1 : titre coté unique AAPL),"edgar_normalize.py (règles edgar_v1, automatique)",2026-09-28T12:37:37+00:00,doc:0000320193-0000320193-24-000123,C1
259,facts,0000320193-0000320193-24-000123-dei:EntityCommonStockSharesOutstanding-shares--2024-10-18,normalized_concept,,shares_outstanding,"edgar_normalize.py (règles edgar_v1, automatique)",2026-09-28T12:37:37+00:00,doc:0000320193-0000320193-24-000123,R3
260,facts,0000320193-0000320193-24-000123-dei:EntityCommonStockSharesOutstanding-shares--2024-10-18,transformation,,aucune,"edgar_normalize.py (règles edgar_v1, automatique)",2026-09-28T12:37:37+00:00,doc:0000320193-0000320193-24-000123,T1
261,facts,0000320193-0000320193-24-000123-dei:EntityCommonStockSharesOutstanding-shares--2024-10-18,value,,15115823000,"edgar_normalize.py (règles edgar_v1, automatique)",2026-09-28T12:37:37+00:00,doc:0000320193-0000320193-24-000123,T1
262,facts,0000320193-0000320193-24-000123-dei:EntityCommonStockSharesOutstanding-shares--2024-10-18,normalization_justification,,"Règle R3 (edgar_v1) : dei:EntityCommonStockSharesOutstanding [shares, instant] -> shares_outstanding. Valeur reprise telle quelle (T1). Dimensions : aucune, déduit (D1). Entrée brute facts/dei/EntityCommonStockSharesOutstanding/units/shares/62 (sha256 a0e76857d382b9ef…). À confirmer sur l'instance XBRL.","edgar_normalize.py (règles edgar_v1, automatique)",2026-09-28T12:37:37+00:00,doc:0000320193-0000320193-24-000123,R3
263,facts,0000320193-0000320193-25-000008-dei:EntityCommonStockSharesOutstanding-shares--2025-01-17,source_context,,companyfacts;entite=CIK0000320193;periode=2025-01-17;segment=aucun(deduit D1),"edgar_normalize.py (règles edgar_v1, automatique)",2026-09-28T12:37:37+00:00,doc:0000320193-0000320193-25-000008,X1
264,facts,0000320193-0000320193-25-000008-dei:EntityCommonStockSharesOutstanding-shares--2025-01-17,source_dimensions,INCONNU,,"edgar_normalize.py (règles edgar_v1, automatique)",2026-09-28T12:37:37+00:00,doc:0000320193-0000320193-25-000008,D1 : une seule valeur brute pour cette clé
265,facts,0000320193-0000320193-25-000008-dei:EntityCommonStockSharesOutstanding-shares--2025-01-17,share_class,INCONNU,ordinaire (déduit C1 : titre coté unique AAPL),"edgar_normalize.py (règles edgar_v1, automatique)",2026-09-28T12:37:37+00:00,doc:0000320193-0000320193-25-000008,C1
266,facts,0000320193-0000320193-25-000008-dei:EntityCommonStockSharesOutstanding-shares--2025-01-17,normalized_concept,,shares_outstanding,"edgar_normalize.py (règles edgar_v1, automatique)",2026-09-28T12:37:37+00:00,doc:0000320193-0000320193-25-000008,R3
267,facts,0000320193-0000320193-25-000008-dei:EntityCommonStockSharesOutstanding-shares--2025-01-17,transformation,,aucune,"edgar_normalize.py (règles edgar_v1, automatique)",2026-09-28T12:37:37+00:00,doc:0000320193-0000320193-25-000008,T1
268,facts,0000320193-0000320193-25-000008-dei:EntityCommonStockSharesOutstanding-shares--2025-01-17,value,,15022073000,"edgar_normalize.py (règles edgar_v1, automatique)",2026-09-28T12:37:37+00:00,doc:0000320193-0000320193-25-000008,T1
269,facts,0000320193-0000320193-25-000008-dei:EntityCommonStockSharesOutstanding-shares--2025-01-17,normalization_justification,,"Règle R3 (edgar_v1) : dei:EntityCommonStockSharesOutstanding [shares, instant] -> shares_outstanding. Valeur reprise telle quelle (T1). Dimensions : aucune, déduit (D1). Entrée brute facts/dei/EntityCommonStockSharesOutstanding/units/shares/63 (sha256 7fe1d1fcee92e4fa…). À confirmer sur l'instance XBRL.","edgar_normalize.py (règles edgar_v1, automatique)",2026-09-28T12:37:37+00:00,doc:0000320193-0000320193-25-000008,R3
270,facts,0000320193-0000320193-25-000057-dei:EntityCommonStockSharesOutstanding-shares--2025-04-18,source_context,,companyfacts;entite=CIK0000320193;periode=2025-04-18;segment=aucun(deduit D1),"edgar_normalize.py (règles edgar_v1, automatique)",2026-09-28T12:37:37+00:00,doc:0000320193-0000320193-25-000057,X1
271,facts,0000320193-0000320193-25-000057-dei:EntityCommonStockSharesOutstanding-shares--2025-04-18,source_dimensions,INCONNU,,"edgar_normalize.py (règles edgar_v1, automatique)",2026-09-28T12:37:37+00:00,doc:0000320193-0000320193-25-000057,D1 : une seule valeur brute pour cette clé
272,facts,0000320193-0000320193-25-000057-dei:EntityCommonStockSharesOutstanding-shares--2025-04-18,share_class,INCONNU,ordinaire (déduit C1 : titre coté unique AAPL),"edgar_normalize.py (règles edgar_v1, automatique)",2026-09-28T12:37:37+00:00,doc:0000320193-0000320193-25-000057,C1
273,facts,0000320193-0000320193-25-000057-dei:EntityCommonStockSharesOutstanding-shares--2025-04-18,normalized_concept,,shares_outstanding,"edgar_normalize.py (règles edgar_v1, automatique)",2026-09-28T12:37:37+00:00,doc:0000320193-0000320193-25-000057,R3
274,facts,0000320193-0000320193-25-000057-dei:EntityCommonStockSharesOutstanding-shares--2025-04-18,transformation,,aucune,"edgar_normalize.py (règles edgar_v1, automatique)",2026-09-28T12:37:37+00:00,doc:0000320193-0000320193-25-000057,T1
275,facts,0000320193-0000320193-25-000057-dei:EntityCommonStockSharesOutstanding-shares--2025-04-18,value,,14935826000,"edgar_normalize.py (règles edgar_v1, automatique)",2026-09-28T12:37:37+00:00,doc:0000320193-0000320193-25-000057,T1
276,facts,0000320193-0000320193-25-000057-dei:EntityCommonStockSharesOutstanding-shares--2025-04-18,normalization_justification,,"Règle R3 (edgar_v1) : dei:EntityCommonStockSharesOutstanding [shares, instant] -> shares_outstanding. Valeur reprise telle quelle (T1). Dimensions : aucune, déduit (D1). Entrée brute facts/dei/EntityCommonStockSharesOutstanding/units/shares/64 (sha256 6a06a9881d757136…). À confirmer sur l'instance XBRL.","edgar_normalize.py (règles edgar_v1, automatique)",2026-09-28T12:37:37+00:00,doc:0000320193-0000320193-25-000057,R3
277,facts,0000320193-0000320193-25-000073-dei:EntityCommonStockSharesOutstanding-shares--2025-07-18,source_context,,companyfacts;entite=CIK0000320193;periode=2025-07-18;segment=aucun(deduit D1),"edgar_normalize.py (règles edgar_v1, automatique)",2026-09-28T12:37:37+00:00,doc:0000320193-0000320193-25-000073,X1
278,facts,0000320193-0000320193-25-000073-dei:EntityCommonStockSharesOutstanding-shares--2025-07-18,source_dimensions,INCONNU,,"edgar_normalize.py (règles edgar_v1, automatique)",2026-09-28T12:37:37+00:00,doc:0000320193-0000320193-25-000073,D1 : une seule valeur brute pour cette clé
279,facts,0000320193-0000320193-25-000073-dei:EntityCommonStockSharesOutstanding-shares--2025-07-18,share_class,INCONNU,ordinaire (déduit C1 : titre coté unique AAPL),"edgar_normalize.py (règles edgar_v1, automatique)",2026-09-28T12:37:37+00:00,doc:0000320193-0000320193-25-000073,C1
280,facts,0000320193-0000320193-25-000073-dei:EntityCommonStockSharesOutstanding-shares--2025-07-18,normalized_concept,,shares_outstanding,"edgar_normalize.py (règles edgar_v1, automatique)",2026-09-28T12:37:37+00:00,doc:0000320193-0000320193-25-000073,R3
281,facts,0000320193-0000320193-25-000073-dei:EntityCommonStockSharesOutstanding-shares--2025-07-18,transformation,,aucune,"edgar_normalize.py (règles edgar_v1, automatique)",2026-09-28T12:37:37+00:00,doc:0000320193-0000320193-25-000073,T1
282,facts,0000320193-0000320193-25-000073-dei:EntityCommonStockSharesOutstanding-shares--2025-07-18,value,,14840390000,"edgar_normalize.py (règles edgar_v1, automatique)",2026-09-28T12:37:37+00:00,doc:0000320193-0000320193-25-000073,T1
283,facts,0000320193-0000320193-25-000073-dei:EntityCommonStockSharesOutstanding-shares--2025-07-18,normalization_justification,,"Règle R3 (edgar_v1) : dei:EntityCommonStockSharesOutstanding [shares, instant] -> shares_outstanding. Valeur reprise telle quelle (T1). Dimensions : aucune, déduit (D1). Entrée brute facts/dei/EntityCommonStockSharesOutstanding/units/shares/65 (sha256 b60df49feedcfe5d…). À confirmer sur l'instance XBRL.","edgar_normalize.py (règles edgar_v1, automatique)",2026-09-28T12:37:37+00:00,doc:0000320193-0000320193-25-000073,R3
284,facts,0000320193-0000320193-25-000079-dei:EntityCommonStockSharesOutstanding-shares--2025-10-17,source_context,,companyfacts;entite=CIK0000320193;periode=2025-10-17;segment=aucun(deduit D1),"edgar_normalize.py (règles edgar_v1, automatique)",2026-09-28T12:37:37+00:00,doc:0000320193-0000320193-25-000079,X1
285,facts,0000320193-0000320193-25-000079-dei:EntityCommonStockSharesOutstanding-shares--2025-10-17,source_dimensions,INCONNU,,"edgar_normalize.py (règles edgar_v1, automatique)",2026-09-28T12:37:37+00:00,doc:0000320193-0000320193-25-000079,D1 : une seule valeur brute pour cette clé
286,facts,0000320193-0000320193-25-000079-dei:EntityCommonStockSharesOutstanding-shares--2025-10-17,share_class,INCONNU,ordinaire (déduit C1 : titre coté unique AAPL),"edgar_normalize.py (règles edgar_v1, automatique)",2026-09-28T12:37:37+00:00,doc:0000320193-0000320193-25-000079,C1
287,facts,0000320193-0000320193-25-000079-dei:EntityCommonStockSharesOutstanding-shares--2025-10-17,normalized_concept,,shares_outstanding,"edgar_normalize.py (règles edgar_v1, automatique)",2026-09-28T12:37:37+00:00,doc:0000320193-0000320193-25-000079,R3
288,facts,0000320193-0000320193-25-000079-dei:EntityCommonStockSharesOutstanding-shares--2025-10-17,transformation,,aucune,"edgar_normalize.py (règles edgar_v1, automatique)",2026-09-28T12:37:37+00:00,doc:0000320193-0000320193-25-000079,T1
289,facts,0000320193-0000320193-25-000079-dei:EntityCommonStockSharesOutstanding-shares--2025-10-17,value,,14776353000,"edgar_normalize.py (règles edgar_v1, automatique)",2026-09-28T12:37:37+00:00,doc:0000320193-0000320193-25-000079,T1
290,facts,0000320193-0000320193-25-000079-dei:EntityCommonStockSharesOutstanding-shares--2025-10-17,normalization_justification,,"Règle R3 (edgar_v1) : dei:EntityCommonStockSharesOutstanding [shares, instant] -> shares_outstanding. Valeur reprise telle quelle (T1). Dimensions : aucune, déduit (D1). Entrée brute facts/dei/EntityCommonStockSharesOutstanding/units/shares/66 (sha256 52f6985d0c66c86b…). À confirmer sur l'instance XBRL.","edgar_normalize.py (règles edgar_v1, automatique)",2026-09-28T12:37:37+00:00,doc:0000320193-0000320193-25-000079,R3
291,facts,0000320193-0000320193-26-000006-dei:EntityCommonStockSharesOutstanding-shares--2026-01-16,source_context,,companyfacts;entite=CIK0000320193;periode=2026-01-16;segment=aucun(deduit D1),"edgar_normalize.py (règles edgar_v1, automatique)",2026-09-28T12:37:37+00:00,doc:0000320193-0000320193-26-000006,X1
292,facts,0000320193-0000320193-26-000006-dei:EntityCommonStockSharesOutstanding-shares--2026-01-16,source_dimensions,INCONNU,,"edgar_normalize.py (règles edgar_v1, automatique)",2026-09-28T12:37:37+00:00,doc:0000320193-0000320193-26-000006,D1 : une seule valeur brute pour cette clé
293,facts,0000320193-0000320193-26-000006-dei:EntityCommonStockSharesOutstanding-shares--2026-01-16,share_class,INCONNU,ordinaire (déduit C1 : titre coté unique AAPL),"edgar_normalize.py (règles edgar_v1, automatique)",2026-09-28T12:37:37+00:00,doc:0000320193-0000320193-26-000006,C1
294,facts,0000320193-0000320193-26-000006-dei:EntityCommonStockSharesOutstanding-shares--2026-01-16,normalized_concept,,shares_outstanding,"edgar_normalize.py (règles edgar_v1, automatique)",2026-09-28T12:37:37+00:00,doc:0000320193-0000320193-26-000006,R3
295,facts,0000320193-0000320193-26-000006-dei:EntityCommonStockSharesOutstanding-shares--2026-01-16,transformation,,aucune,"edgar_normalize.py (règles edgar_v1, automatique)",2026-09-28T12:37:37+00:00,doc:0000320193-0000320193-26-000006,T1
296,facts,0000320193-0000320193-26-000006-dei:EntityCommonStockSharesOutstanding-shares--2026-01-16,value,,14681140000,"edgar_normalize.py (règles edgar_v1, automatique)",2026-09-28T12:37:37+00:00,doc:0000320193-0000320193-26-000006,T1
297,facts,0000320193-0000320193-26-000006-dei:EntityCommonStockSharesOutstanding-shares--2026-01-16,normalization_justification,,"Règle R3 (edgar_v1) : dei:EntityCommonStockSharesOutstanding [shares, instant] -> shares_outstanding. Valeur reprise telle quelle (T1). Dimensions : aucune, déduit (D1). Entrée brute facts/dei/EntityCommonStockSharesOutstanding/units/shares/67 (sha256 9856c49a097c2b1d…). À confirmer sur l'instance XBRL.","edgar_normalize.py (règles edgar_v1, automatique)",2026-09-28T12:37:37+00:00,doc:0000320193-0000320193-26-000006,R3
298,facts,0000320193-0000320193-26-000013-dei:EntityCommonStockSharesOutstanding-shares--2026-04-17,source_context,,companyfacts;entite=CIK0000320193;periode=2026-04-17;segment=aucun(deduit D1),"edgar_normalize.py (règles edgar_v1, automatique)",2026-09-28T12:37:37+00:00,doc:0000320193-0000320193-26-000013,X1
299,facts,0000320193-0000320193-26-000013-dei:EntityCommonStockSharesOutstanding-shares--2026-04-17,source_dimensions,INCONNU,,"edgar_normalize.py (règles edgar_v1, automatique)",2026-09-28T12:37:37+00:00,doc:0000320193-0000320193-26-000013,D1 : une seule valeur brute pour cette clé
300,facts,0000320193-0000320193-26-000013-dei:EntityCommonStockSharesOutstanding-shares--2026-04-17,share_class,INCONNU,ordinaire (déduit C1 : titre coté unique AAPL),"edgar_normalize.py (règles edgar_v1, automatique)",2026-09-28T12:37:37+00:00,doc:0000320193-0000320193-26-000013,C1
301,facts,0000320193-0000320193-26-000013-dei:EntityCommonStockSharesOutstanding-shares--2026-04-17,normalized_concept,,shares_outstanding,"edgar_normalize.py (règles edgar_v1, automatique)",2026-09-28T12:37:37+00:00,doc:0000320193-0000320193-26-000013,R3
302,facts,0000320193-0000320193-26-000013-dei:EntityCommonStockSharesOutstanding-shares--2026-04-17,transformation,,aucune,"edgar_normalize.py (règles edgar_v1, automatique)",2026-09-28T12:37:37+00:00,doc:0000320193-0000320193-26-000013,T1
303,facts,0000320193-0000320193-26-000013-dei:EntityCommonStockSharesOutstanding-shares--2026-04-17,value,,14687356000,"edgar_normalize.py (règles edgar_v1, automatique)",2026-09-28T12:37:37+00:00,doc:0000320193-0000320193-26-000013,T1
304,facts,0000320193-0000320193-26-000013-dei:EntityCommonStockSharesOutstanding-shares--2026-04-17,normalization_justification,,"Règle R3 (edgar_v1) : dei:EntityCommonStockSharesOutstanding [shares, instant] -> shares_outstanding. Valeur reprise telle quelle (T1). Dimensions : aucune, déduit (D1). Entrée brute facts/dei/EntityCommonStockSharesOutstanding/units/shares/68 (sha256 11ec8122fd5bd728…). À confirmer sur l'instance XBRL.","edgar_normalize.py (règles edgar_v1, automatique)",2026-09-28T12:37:37+00:00,doc:0000320193-0000320193-26-000013,R3
305,facts,0000320193-0000320193-26-000020-dei:EntityCommonStockSharesOutstanding-shares--2026-07-17,source_context,,companyfacts;entite=CIK0000320193;periode=2026-07-17;segment=aucun(deduit D1),"edgar_normalize.py (règles edgar_v1, automatique)",2026-09-28T12:37:37+00:00,doc:0000320193-0000320193-26-000020,X1
306,facts,0000320193-0000320193-26-000020-dei:EntityCommonStockSharesOutstanding-shares--2026-07-17,source_dimensions,INCONNU,,"edgar_normalize.py (règles edgar_v1, automatique)",2026-09-28T12:37:37+00:00,doc:0000320193-0000320193-26-000020,D1 : une seule valeur brute pour cette clé
307,facts,0000320193-0000320193-26-000020-dei:EntityCommonStockSharesOutstanding-shares--2026-07-17,share_class,INCONNU,ordinaire (déduit C1 : titre coté unique AAPL),"edgar_normalize.py (règles edgar_v1, automatique)",2026-09-28T12:37:37+00:00,doc:0000320193-0000320193-26-000020,C1
308,facts,0000320193-0000320193-26-000020-dei:EntityCommonStockSharesOutstanding-shares--2026-07-17,normalized_concept,,shares_outstanding,"edgar_normalize.py (règles edgar_v1, automatique)",2026-09-28T12:37:37+00:00,doc:0000320193-0000320193-26-000020,R3
309,facts,0000320193-0000320193-26-000020-dei:EntityCommonStockSharesOutstanding-shares--2026-07-17,transformation,,aucune,"edgar_normalize.py (règles edgar_v1, automatique)",2026-09-28T12:37:37+00:00,doc:0000320193-0000320193-26-000020,T1
310,facts,0000320193-0000320193-26-000020-dei:EntityCommonStockSharesOutstanding-shares--2026-07-17,value,,14594180000,"edgar_normalize.py (règles edgar_v1, automatique)",2026-09-28T12:37:37+00:00,doc:0000320193-0000320193-26-000020,T1
311,facts,0000320193-0000320193-26-000020-dei:EntityCommonStockSharesOutstanding-shares--2026-07-17,normalization_justification,,"Règle R3 (edgar_v1) : dei:EntityCommonStockSharesOutstanding [shares, instant] -> shares_outstanding. Valeur reprise telle quelle (T1). Dimensions : aucune, déduit (D1). Entrée brute facts/dei/EntityCommonStockSharesOutstanding/units/shares/69 (sha256 ac50f6224370247f…). À confirmer sur l'instance XBRL.","edgar_normalize.py (règles edgar_v1, automatique)",2026-09-28T12:37:37+00:00,doc:0000320193-0000320193-26-000020,R3
312,concept_map,us-gaap:Assets,source_concept,,us-gaap:Assets,"edgar_normalize.py (règles edgar_v1, automatique)",2026-09-28T12:37:37+00:00,url:https://data.sec.gov/api/xbrl/companyfacts/CIK0000320193.json,règle R2 (edgar_v1) ; libellé taxonomie : Assets
313,concept_map,us-gaap:Assets,normalized_concept,,total_assets,"edgar_normalize.py (règles edgar_v1, automatique)",2026-09-28T12:37:37+00:00,url:https://data.sec.gov/api/xbrl/companyfacts/CIK0000320193.json,règle R2 (edgar_v1) ; libellé taxonomie : Assets
314,concept_map,us-gaap:Assets,justification,,Total des actifs comptabilisés à la date du bilan. Définition de la taxonomie recopiée depuis companyfacts (champ description). Définition (us-gaap) : « Sum of the carrying amounts as of the balance sheet date of all assets that are recognized. Assets are probable future economic benefits obtained or controlled by an entity as a result of past transactions or events. »,"edgar_normalize.py (règles edgar_v1, automatique)",2026-09-28T12:37:37+00:00,url:https://data.sec.gov/api/xbrl/companyfacts/CIK0000320193.json,règle R2 (edgar_v1) ; libellé taxonomie : Assets
315,facts,0000320193-0001193125-15-356351-us-gaap:Assets-USD--2014-09-27,source_context,,companyfacts;entite=CIK0000320193;periode=2014-09-27;segment=aucun(deduit D1),"edgar_normalize.py (règles edgar_v1, automatique)",2026-09-28T12:37:37+00:00,doc:0000320193-0001193125-15-356351,X1
316,facts,0000320193-0001193125-15-356351-us-gaap:Assets-USD--2014-09-27,source_dimensions,INCONNU,,"edgar_normalize.py (règles edgar_v1, automatique)",2026-09-28T12:37:37+00:00,doc:0000320193-0001193125-15-356351,D1 : une seule valeur brute pour cette clé
317,facts,0000320193-0001193125-15-356351-us-gaap:Assets-USD--2014-09-27,normalized_concept,,total_assets,"edgar_normalize.py (règles edgar_v1, automatique)",2026-09-28T12:37:37+00:00,doc:0000320193-0001193125-15-356351,R2
318,facts,0000320193-0001193125-15-356351-us-gaap:Assets-USD--2014-09-27,transformation,,aucune,"edgar_normalize.py (règles edgar_v1, automatique)",2026-09-28T12:37:37+00:00,doc:0000320193-0001193125-15-356351,T1
319,facts,0000320193-0001193125-15-356351-us-gaap:Assets-USD--2014-09-27,value,,231839000000,"edgar_normalize.py (règles edgar_v1, automatique)",2026-09-28T12:37:37+00:00,doc:0000320193-0001193125-15-356351,T1
320,facts,0000320193-0001193125-15-356351-us-gaap:Assets-USD--2014-09-27,normalization_justification,,"Règle R2 (edgar_v1) : us-gaap:Assets [USD, instant] -> total_assets. Valeur reprise telle quelle (T1). Dimensions : aucune, déduit (D1). Entrée brute facts/us-gaap/Assets/units/USD/55 (sha256 e226e4491c473af2…). À confirmer sur l'instance XBRL.","edgar_normalize.py (règles edgar_v1, automatique)",2026-09-28T12:37:37+00:00,doc:0000320193-0001193125-15-356351,R2
321,facts,0000320193-0001193125-15-356351-us-gaap:Assets-USD--2015-09-26,source_context,,companyfacts;entite=CIK0000320193;periode=2015-09-26;segment=aucun(deduit D1),"edgar_normalize.py (règles edgar_v1, automatique)",2026-09-28T12:37:37+00:00,doc:0000320193-0001193125-15-356351,X1
322,facts,0000320193-0001193125-15-356351-us-gaap:Assets-USD--2015-09-26,source_dimensions,INCONNU,,"edgar_normalize.py (règles edgar_v1, automatique)",2026-09-28T12:37:37+00:00,doc:0000320193-0001193125-15-356351,D1 : une seule valeur brute pour cette clé
323,facts,0000320193-0001193125-15-356351-us-gaap:Assets-USD--2015-09-26,normalized_concept,,total_assets,"edgar_normalize.py (règles edgar_v1, automatique)",2026-09-28T12:37:37+00:00,doc:0000320193-0001193125-15-356351,R2
324,facts,0000320193-0001193125-15-356351-us-gaap:Assets-USD--2015-09-26,transformation,,aucune,"edgar_normalize.py (règles edgar_v1, automatique)",2026-09-28T12:37:37+00:00,doc:0000320193-0001193125-15-356351,T1
325,facts,0000320193-0001193125-15-356351-us-gaap:Assets-USD--2015-09-26,value,,290479000000,"edgar_normalize.py (règles edgar_v1, automatique)",2026-09-28T12:37:37+00:00,doc:0000320193-0001193125-15-356351,T1
326,facts,0000320193-0001193125-15-356351-us-gaap:Assets-USD--2015-09-26,normalization_justification,,"Règle R2 (edgar_v1) : us-gaap:Assets [USD, instant] -> total_assets. Valeur reprise telle quelle (T1). Dimensions : aucune, déduit (D1). Entrée brute facts/us-gaap/Assets/units/USD/59 (sha256 4e47e6a671728aed…). À confirmer sur l'instance XBRL.","edgar_normalize.py (règles edgar_v1, automatique)",2026-09-28T12:37:37+00:00,doc:0000320193-0001193125-15-356351,R2
327,facts,0000320193-0001193125-16-439878-us-gaap:Assets-USD--2015-09-26,source_context,,companyfacts;entite=CIK0000320193;periode=2015-09-26;segment=aucun(deduit D1),"edgar_normalize.py (règles edgar_v1, automatique)",2026-09-28T12:37:37+00:00,doc:0000320193-0001193125-16-439878,X1
328,facts,0000320193-0001193125-16-439878-us-gaap:Assets-USD--2015-09-26,source_dimensions,INCONNU,,"edgar_normalize.py (règles edgar_v1, automatique)",2026-09-28T12:37:37+00:00,doc:0000320193-0001193125-16-439878,D1 : une seule valeur brute pour cette clé
329,facts,0000320193-0001193125-16-439878-us-gaap:Assets-USD--2015-09-26,normalized_concept,,total_assets,"edgar_normalize.py (règles edgar_v1, automatique)",2026-09-28T12:37:37+00:00,doc:0000320193-0001193125-16-439878,R2
330,facts,0000320193-0001193125-16-439878-us-gaap:Assets-USD--2015-09-26,transformation,,aucune,"edgar_normalize.py (règles edgar_v1, automatique)",2026-09-28T12:37:37+00:00,doc:0000320193-0001193125-16-439878,T1
331,facts,0000320193-0001193125-16-439878-us-gaap:Assets-USD--2015-09-26,value,,290479000000,"edgar_normalize.py (règles edgar_v1, automatique)",2026-09-28T12:37:37+00:00,doc:0000320193-0001193125-16-439878,T1
332,facts,0000320193-0001193125-16-439878-us-gaap:Assets-USD--2015-09-26,normalization_justification,,"Règle R2 (edgar_v1) : us-gaap:Assets [USD, instant] -> total_assets. Valeur reprise telle quelle (T1). Dimensions : aucune, déduit (D1). Entrée brute facts/us-gaap/Assets/units/USD/60 (sha256 2e312f18b2fac2a5…). À confirmer sur l'instance XBRL.","edgar_normalize.py (règles edgar_v1, automatique)",2026-09-28T12:37:37+00:00,doc:0000320193-0001193125-16-439878,R2
333,facts,0000320193-0001193125-16-559625-us-gaap:Assets-USD--2015-09-26,source_context,,companyfacts;entite=CIK0000320193;periode=2015-09-26;segment=aucun(deduit D1),"edgar_normalize.py (règles edgar_v1, automatique)",2026-09-28T12:37:37+00:00,doc:0000320193-0001193125-16-559625,X1
334,facts,0000320193-0001193125-16-559625-us-gaap:Assets-USD--2015-09-26,source_dimensions,INCONNU,,"edgar_normalize.py (règles edgar_v1, automatique)",2026-09-28T12:37:37+00:00,doc:0000320193-0001193125-16-559625,D1 : une seule valeur brute pour cette clé
335,facts,0000320193-0001193125-16-559625-us-gaap:Assets-USD--2015-09-26,normalized_concept,,total_assets,"edgar_normalize.py (règles edgar_v1, automatique)",2026-09-28T12:37:37+00:00,doc:0000320193-0001193125-16-559625,R2
336,facts,0000320193-0001193125-16-559625-us-gaap:Assets-USD--2015-09-26,transformation,,aucune,"edgar_normalize.py (règles edgar_v1, automatique)",2026-09-28T12:37:37+00:00,doc:0000320193-0001193125-16-559625,T1
337,facts,0000320193-0001193125-16-559625-us-gaap:Assets-USD--2015-09-26,value,,290479000000,"edgar_normalize.py (règles edgar_v1, automatique)",2026-09-28T12:37:37+00:00,doc:0000320193-0001193125-16-559625,T1
338,facts,0000320193-0001193125-16-559625-us-gaap:Assets-USD--2015-09-26,normalization_justification,,"Règle R2 (edgar_v1) : us-gaap:Assets [USD, instant] -> total_assets. Valeur reprise telle quelle (T1). Dimensions : aucune, déduit (D1). Entrée brute facts/us-gaap/Assets/units/USD/61 (sha256 f40bbcc3f657dd24…). À confirmer sur l'instance XBRL.","edgar_normalize.py (règles edgar_v1, automatique)",2026-09-28T12:37:37+00:00,doc:0000320193-0001193125-16-559625,R2
339,facts,0000320193-0001628280-16-017809-us-gaap:Assets-USD--2015-09-26,source_context,,companyfacts;entite=CIK0000320193;periode=2015-09-26;segment=aucun(deduit D1),"edgar_normalize.py (règles edgar_v1, automatique)",2026-09-28T12:37:37+00:00,doc:0000320193-0001628280-16-017809,X1
340,facts,0000320193-0001628280-16-017809-us-gaap:Assets-USD--2015-09-26,source_dimensions,INCONNU,,"edgar_normalize.py (règles edgar_v1, automatique)",2026-09-28T12:37:37+00:00,doc:0000320193-0001628280-16-017809,D1 : une seule valeur brute pour cette clé
341,facts,0000320193-0001628280-16-017809-us-gaap:Assets-USD--2015-09-26,normalized_concept,,total_assets,"edgar_normalize.py (règles edgar_v1, automatique)",2026-09-28T12:37:37+00:00,doc:0000320193-0001628280-16-017809,R2
342,facts,0000320193-0001628280-16-017809-us-gaap:Assets-USD--2015-09-26,transformation,,aucune,"edgar_normalize.py (règles edgar_v1, automatique)",2026-09-28T12:37:37+00:00,doc:0000320193-0001628280-16-017809,T1
343,facts,0000320193-0001628280-16-017809-us-gaap:Assets-USD--2015-09-26,value,,290479000000,"edgar_normalize.py (règles edgar_v1, automatique)",2026-09-28T12:37:37+00:00,doc:0000320193-0001628280-16-017809,T1
344,facts,0000320193-0001628280-16-017809-us-gaap:Assets-USD--2015-09-26,normalization_justification,,"Règle R2 (edgar_v1) : us-gaap:Assets [USD, instant] -> total_assets. Valeur reprise telle quelle (T1). Dimensions : aucune, déduit (D1). Entrée brute facts/us-gaap/Assets/units/USD/62 (sha256 5eab932a918f4a79…). À confirmer sur l'instance XBRL.","edgar_normalize.py (règles edgar_v1, automatique)",2026-09-28T12:37:37+00:00,doc:0000320193-0001628280-16-017809,R2
345,facts,0000320193-0001628280-16-020309-us-gaap:Assets-USD--2015-09-26,source_context,,companyfacts;entite=CIK0000320193;periode=2015-09-26;segment=aucun(deduit D1),"edgar_normalize.py (règles edgar_v1, automatique)",2026-09-28T12:37:37+00:00,doc:0000320193-0001628280-16-020309,X1
346,facts,0000320193-0001628280-16-020309-us-gaap:Assets-USD--2015-09-26,source_dimensions,INCONNU,,"edgar_normalize.py (règles edgar_v1, automatique)",2026-09-28T12:37:37+00:00,doc:0000320193-0001628280-16-020309,D1 : une seule valeur brute pour cette clé
347,facts,0000320193-0001628280-16-020309-us-gaap:Assets-USD--2015-09-26,normalized_concept,,total_assets,"edgar_normalize.py (règles edgar_v1, automatique)",2026-09-28T12:37:37+00:00,doc:0000320193-0001628280-16-020309,R2
348,facts,0000320193-0001628280-16-020309-us-gaap:Assets-USD--2015-09-26,transformation,,aucune,"edgar_normalize.py (règles edgar_v1, automatique)",2026-09-28T12:37:37+00:00,doc:0000320193-0001628280-16-020309,T1
349,facts,0000320193-0001628280-16-020309-us-gaap:Assets-USD--2015-09-26,value,,290345000000,"edgar_normalize.py (règles edgar_v1, automatique)",2026-09-28T12:37:37+00:00,doc:0000320193-0001628280-16-020309,T1
350,facts,0000320193-0001628280-16-020309-us-gaap:Assets-USD--2015-09-26,normalization_justification,,"Règle R2 (edgar_v1) : us-gaap:Assets [USD, instant] -> total_assets. Valeur reprise telle quelle (T1). Dimensions : aucune, déduit (D1). Entrée brute facts/us-gaap/Assets/units/USD/63 (sha256 b5033704120b0d2b…). À confirmer sur l'instance XBRL.","edgar_normalize.py (règles edgar_v1, automatique)",2026-09-28T12:37:37+00:00,doc:0000320193-0001628280-16-020309,R2
351,facts,0000320193-0001193125-16-439878-us-gaap:Assets-USD--2015-12-26,source_context,,companyfacts;entite=CIK0000320193;periode=2015-12-26;segment=aucun(deduit D1),"edgar_normalize.py (règles edgar_v1, automatique)",2026-09-28T12:37:37+00:00,doc:0000320193-0001193125-16-439878,X1
352,facts,0000320193-0001193125-16-439878-us-gaap:Assets-USD--2015-12-26,source_dimensions,INCONNU,,"edgar_normalize.py (règles edgar_v1, automatique)",2026-09-28T12:37:37+00:00,doc:0000320193-0001193125-16-439878,D1 : une seule valeur brute pour cette clé
353,facts,0000320193-0001193125-16-439878-us-gaap:Assets-USD--2015-12-26,normalized_concept,,total_assets,"edgar_normalize.py (règles edgar_v1, automatique)",2026-09-28T12:37:37+00:00,doc:0000320193-0001193125-16-439878,R2
354,facts,0000320193-0001193125-16-439878-us-gaap:Assets-USD--2015-12-26,transformation,,aucune,"edgar_normalize.py (règles edgar_v1, automatique)",2026-09-28T12:37:37+00:00,doc:0000320193-0001193125-16-439878,T1
355,facts,0000320193-0001193125-16-439878-us-gaap:Assets-USD--2015-12-26,value,,293284000000,"edgar_normalize.py (règles edgar_v1, automatique)",2026-09-28T12:37:37+00:00,doc:0000320193-0001193125-16-439878,T1
356,facts,0000320193-0001193125-16-439878-us-gaap:Assets-USD--2015-12-26,normalization_justification,,"Règle R2 (edgar_v1) : us-gaap:Assets [USD, instant] -> total_assets. Valeur reprise telle quelle (T1). Dimensions : aucune, déduit (D1). Entrée brute facts/us-gaap/Assets/units/USD/64 (sha256 a4075ea7a4b70879…). À confirmer sur l'instance XBRL.","edgar_normalize.py (règles edgar_v1, automatique)",2026-09-28T12:37:37+00:00,doc:0000320193-0001193125-16-439878,R2
357,facts,0000320193-0001193125-16-559625-us-gaap:Assets-USD--2016-03-26,source_context,,companyfacts;entite=CIK0000320193;periode=2016-03-26;segment=aucun(deduit D1),"edgar_normalize.py (règles edgar_v1, automatique)",2026-09-28T12:37:37+00:00,doc:0000320193-0001193125-16-559625,X1
358,facts,0000320193-0001193125-16-559625-us-gaap:Assets-USD--2016-03-26,source_dimensions,INCONNU,,"edgar_normalize.py (règles edgar_v1, automatique)",2026-09-28T12:37:37+00:00,doc:0000320193-0001193125-16-559625,D1 : une seule valeur brute pour cette clé
359,facts,0000320193-0001193125-16-559625-us-gaap:Assets-USD--2016-03-26,normalized_concept,,total_assets,"edgar_normalize.py (règles edgar_v1, automatique)",2026-09-28T12:37:37+00:00,doc:0000320193-0001193125-16-559625,R2
360,facts,0000320193-0001193125-16-559625-us-gaap:Assets-USD--2016-03-26,transformation,,aucune,"edgar_normalize.py (règles edgar_v1, automatique)",2026-09-28T12:37:37+00:00,doc:0000320193-0001193125-16-559625,T1
361,facts,0000320193-0001193125-16-559625-us-gaap:Assets-USD--2016-03-26,value,,305277000000,"edgar_normalize.py (règles edgar_v1, automatique)",2026-09-28T12:37:37+00:00,doc:0000320193-0001193125-16-559625,T1
362,facts,0000320193-0001193125-16-559625-us-gaap:Assets-USD--2016-03-26,normalization_justification,,"Règle R2 (edgar_v1) : us-gaap:Assets [USD, instant] -> total_assets. Valeur reprise telle quelle (T1). Dimensions : aucune, déduit (D1). Entrée brute facts/us-gaap/Assets/units/USD/65 (sha256 97c2cad00ed6fbb9…). À confirmer sur l'instance XBRL.","edgar_normalize.py (règles edgar_v1, automatique)",2026-09-28T12:37:37+00:00,doc:0000320193-0001193125-16-559625,R2
363,facts,0000320193-0001628280-16-017809-us-gaap:Assets-USD--2016-06-25,source_context,,companyfacts;entite=CIK0000320193;periode=2016-06-25;segment=aucun(deduit D1),"edgar_normalize.py (règles edgar_v1, automatique)",2026-09-28T12:37:37+00:00,doc:0000320193-0001628280-16-017809,X1
364,facts,0000320193-0001628280-16-017809-us-gaap:Assets-USD--2016-06-25,source_dimensions,INCONNU,,"edgar_normalize.py (règles edgar_v1, automatique)",2026-09-28T12:37:37+00:00,doc:0000320193-0001628280-16-017809,D1 : une seule valeur brute pour cette clé
365,facts,0000320193-0001628280-16-017809-us-gaap:Assets-USD--2016-06-25,normalized_concept,,total_assets,"edgar_normalize.py (règles edgar_v1, automatique)",2026-09-28T12:37:37+00:00,doc:0000320193-0001628280-16-017809,R2
366,facts,0000320193-0001628280-16-017809-us-gaap:Assets-USD--2016-06-25,transformation,,aucune,"edgar_normalize.py (règles edgar_v1, automatique)",2026-09-28T12:37:37+00:00,doc:0000320193-0001628280-16-017809,T1
367,facts,0000320193-0001628280-16-017809-us-gaap:Assets-USD--2016-06-25,value,,305602000000,"edgar_normalize.py (règles edgar_v1, automatique)",2026-09-28T12:37:37+00:00,doc:0000320193-0001628280-16-017809,T1
368,facts,0000320193-0001628280-16-017809-us-gaap:Assets-USD--2016-06-25,normalization_justification,,"Règle R2 (edgar_v1) : us-gaap:Assets [USD, instant] -> total_assets. Valeur reprise telle quelle (T1). Dimensions : aucune, déduit (D1). Entrée brute facts/us-gaap/Assets/units/USD/66 (sha256 8cec21fe2579d6b7…). À confirmer sur l'instance XBRL.","edgar_normalize.py (règles edgar_v1, automatique)",2026-09-28T12:37:37+00:00,doc:0000320193-0001628280-16-017809,R2
369,facts,0000320193-0001628280-16-020309-us-gaap:Assets-USD--2016-09-24,source_context,,companyfacts;entite=CIK0000320193;periode=2016-09-24;segment=aucun(deduit D1),"edgar_normalize.py (règles edgar_v1, automatique)",2026-09-28T12:37:37+00:00,doc:0000320193-0001628280-16-020309,X1
370,facts,0000320193-0001628280-16-020309-us-gaap:Assets-USD--2016-09-24,source_dimensions,INCONNU,,"edgar_normalize.py (règles edgar_v1, automatique)",2026-09-28T12:37:37+00:00,doc:0000320193-0001628280-16-020309,D1 : une seule valeur brute pour cette clé
371,facts,0000320193-0001628280-16-020309-us-gaap:Assets-USD--2016-09-24,normalized_concept,,total_assets,"edgar_normalize.py (règles edgar_v1, automatique)",2026-09-28T12:37:37+00:00,doc:0000320193-0001628280-16-020309,R2
372,facts,0000320193-0001628280-16-020309-us-gaap:Assets-USD--2016-09-24,transformation,,aucune,"edgar_normalize.py (règles edgar_v1, automatique)",2026-09-28T12:37:37+00:00,doc:0000320193-0001628280-16-020309,T1
373,facts,0000320193-0001628280-16-020309-us-gaap:Assets-USD--2016-09-24,value,,321686000000,"edgar_normalize.py (règles edgar_v1, automatique)",2026-09-28T12:37:37+00:00,doc:0000320193-0001628280-16-020309,T1
374,facts,0000320193-0001628280-16-020309-us-gaap:Assets-USD--2016-09-24,normalization_justification,,"Règle R2 (edgar_v1) : us-gaap:Assets [USD, instant] -> total_assets. Valeur reprise telle quelle (T1). Dimensions : aucune, déduit (D1). Entrée brute facts/us-gaap/Assets/units/USD/67 (sha256 29f1279b419aaf28…). À confirmer sur l'instance XBRL.","edgar_normalize.py (règles edgar_v1, automatique)",2026-09-28T12:37:37+00:00,doc:0000320193-0001628280-16-020309,R2
375,facts,0000320193-0001628280-17-000717-us-gaap:Assets-USD--2016-09-24,source_context,,companyfacts;entite=CIK0000320193;periode=2016-09-24;segment=aucun(deduit D1),"edgar_normalize.py (règles edgar_v1, automatique)",2026-09-28T12:37:37+00:00,doc:0000320193-0001628280-17-000717,X1
376,facts,0000320193-0001628280-17-000717-us-gaap:Assets-USD--2016-09-24,source_dimensions,INCONNU,,"edgar_normalize.py (règles edgar_v1, automatique)",2026-09-28T12:37:37+00:00,doc:0000320193-0001628280-17-000717,D1 : une seule valeur brute pour cette clé
377,facts,0000320193-0001628280-17-000717-us-gaap:Assets-USD--2016-09-24,normalized_concept,,total_assets,"edgar_normalize.py (règles edgar_v1, automatique)",2026-09-28T12:37:37+00:00,doc:0000320193-0001628280-17-000717,R2
378,facts,0000320193-0001628280-17-000717-us-gaap:Assets-USD--2016-09-24,transformation,,aucune,"edgar_normalize.py (règles edgar_v1, automatique)",2026-09-28T12:37:37+00:00,doc:0000320193-0001628280-17-000717,T1
379,facts,0000320193-0001628280-17-000717-us-gaap:Assets-USD--2016-09-24,value,,321686000000,"edgar_normalize.py (règles edgar_v1, automatique)",2026-09-28T12:37:37+00:00,doc:0000320193-0001628280-17-000717,T1
380,facts,0000320193-0001628280-17-000717-us-gaap:Assets-USD--2016-09-24,normalization_justification,,"Règle R2 (edgar_v1) : us-gaap:Assets [USD, instant] -> total_assets. Valeur reprise telle quelle (T1). Dimensions : aucune, déduit (D1). Entrée brute facts/us-gaap/Assets/units/USD/68 (sha256 3b9010ffff919999…). À confirmer sur l'instance XBRL.","edgar_normalize.py (règles edgar_v1, automatique)",2026-09-28T12:37:37+00:00,doc:0000320193-0001628280-17-000717,R2
381,facts,0000320193-0001628280-17-004790-us-gaap:Assets-USD--2016-09-24,source_context,,companyfacts;entite=CIK0000320193;periode=2016-09-24;segment=aucun(deduit D1),"edgar_normalize.py (règles edgar_v1, automatique)",2026-09-28T12:37:37+00:00,doc:0000320193-0001628280-17-004790,X1
382,facts,0000320193-0001628280-17-004790-us-gaap:Assets-USD--2016-09-24,source_dimensions,INCONNU,,"edgar_normalize.py (règles edgar_v1, automatique)",2026-09-28T12:37:37+00:00,doc:0000320193-0001628280-17-004790,D1 : une seule valeur brute pour cette clé
383,facts,0000320193-0001628280-17-004790-us-gaap:Assets-USD--2016-09-24,normalized_concept,,total_assets,"edgar_normalize.py (règles edgar_v1, automatique)",2026-09-28T12:37:37+00:00,doc:0000320193-0001628280-17-004790,R2
384,facts,0000320193-0001628280-17-004790-us-gaap:Assets-USD--2016-09-24,transformation,,aucune,"edgar_normalize.py (règles edgar_v1, automatique)",2026-09-28T12:37:37+00:00,doc:0000320193-0001628280-17-004790,T1
385,facts,0000320193-0001628280-17-004790-us-gaap:Assets-USD--2016-09-24,value,,321686000000,"edgar_normalize.py (règles edgar_v1, automatique)",2026-09-28T12:37:37+00:00,doc:0000320193-0001628280-17-004790,T1
386,facts,0000320193-0001628280-17-004790-us-gaap:Assets-USD--2016-09-24,normalization_justification,,"Règle R2 (edgar_v1) : us-gaap:Assets [USD, instant] -> total_assets. Valeur reprise telle quelle (T1). Dimensions : aucune, déduit (D1). Entrée brute facts/us-gaap/Assets/units/USD/69 (sha256 8611106cec721d60…). À confirmer sur l'instance XBRL.","edgar_normalize.py (règles edgar_v1, automatique)",2026-09-28T12:37:37+00:00,doc:0000320193-0001628280-17-004790,R2
387,facts,0000320193-0000320193-17-000009-us-gaap:Assets-USD--2016-09-24,source_context,,companyfacts;entite=CIK0000320193;periode=2016-09-24;segment=aucun(deduit D1),"edgar_normalize.py (règles edgar_v1, automatique)",2026-09-28T12:37:37+00:00,doc:0000320193-0000320193-17-000009,X1
388,facts,0000320193-0000320193-17-000009-us-gaap:Assets-USD--2016-09-24,source_dimensions,INCONNU,,"edgar_normalize.py (règles edgar_v1, automatique)",2026-09-28T12:37:37+00:00,doc:0000320193-0000320193-17-000009,D1 : une seule valeur brute pour cette clé
389,facts,0000320193-0000320193-17-000009-us-gaap:Assets-USD--2016-09-24,normalized_concept,,total_assets,"edgar_normalize.py (règles edgar_v1, automatique)",2026-09-28T12:37:37+00:00,doc:0000320193-0000320193-17-000009,R2
390,facts,0000320193-0000320193-17-000009-us-gaap:Assets-USD--2016-09-24,transformation,,aucune,"edgar_normalize.py (règles edgar_v1, automatique)",2026-09-28T12:37:37+00:00,doc:0000320193-0000320193-17-000009,T1
391,facts,0000320193-0000320193-17-000009-us-gaap:Assets-USD--2016-09-24,value,,321686000000,"edgar_normalize.py (règles edgar_v1, automatique)",2026-09-28T12:37:37+00:00,doc:0000320193-0000320193-17-000009,T1
392,facts,0000320193-0000320193-17-000009-us-gaap:Assets-USD--2016-09-24,normalization_justification,,"Règle R2 (edgar_v1) : us-gaap:Assets [USD, instant] -> total_assets. Valeur reprise telle quelle (T1). Dimensions : aucune, déduit (D1). Entrée brute facts/us-gaap/Assets/units/USD/70 (sha256 76d628a09018d674…). À confirmer sur l'instance XBRL.","edgar_normalize.py (règles edgar_v1, automatique)",2026-09-28T12:37:37+00:00,doc:0000320193-0000320193-17-000009,R2
393,facts,0000320193-0000320193-17-000070-us-gaap:Assets-USD--2016-09-24,source_context,,companyfacts;entite=CIK0000320193;periode=2016-09-24;segment=aucun(deduit D1),"edgar_normalize.py (règles edgar_v1, automatique)",2026-09-28T12:37:37+00:00,doc:0000320193-0000320193-17-000070,X1
394,facts,0000320193-0000320193-17-000070-us-gaap:Assets-USD--2016-09-24,source_dimensions,INCONNU,,"edgar_normalize.py (règles edgar_v1, automatique)",2026-09-28T12:37:37+00:00,doc:0000320193-0000320193-17-000070,D1 : une seule valeur brute pour cette clé
395,facts,0000320193-0000320193-17-000070-us-gaap:Assets-USD--2016-09-24,normalized_concept,,total_assets,"edgar_normalize.py (règles edgar_v1, automatique)",2026-09-28T12:37:37+00:00,doc:0000320193-0000320193-17-000070,R2
396,facts,0000320193-0000320193-17-000070-us-gaap:Assets-USD--2016-09-24,transformation,,aucune,"edgar_normalize.py (règles edgar_v1, automatique)",2026-09-28T12:37:37+00:00,doc:0000320193-0000320193-17-000070,T1
397,facts,0000320193-0000320193-17-000070-us-gaap:Assets-USD--2016-09-24,value,,321686000000,"edgar_normalize.py (règles edgar_v1, automatique)",2026-09-28T12:37:37+00:00,doc:0000320193-0000320193-17-000070,T1
398,facts,0000320193-0000320193-17-000070-us-gaap:Assets-USD--2016-09-24,normalization_justification,,"Règle R2 (edgar_v1) : us-gaap:Assets [USD, instant] -> total_assets. Valeur reprise telle quelle (T1). Dimensions : aucune, déduit (D1). Entrée brute facts/us-gaap/Assets/units/USD/71 (sha256 bcaed1614c366951…). À confirmer sur l'instance XBRL.","edgar_normalize.py (règles edgar_v1, automatique)",2026-09-28T12:37:37+00:00,doc:0000320193-0000320193-17-000070,R2
399,facts,0000320193-0001628280-17-000717-us-gaap:Assets-USD--2016-12-31,source_context,,companyfacts;entite=CIK0000320193;periode=2016-12-31;segment=aucun(deduit D1),"edgar_normalize.py (règles edgar_v1, automatique)",2026-09-28T12:37:37+00:00,doc:0000320193-0001628280-17-000717,X1
400,facts,0000320193-0001628280-17-000717-us-gaap:Assets-USD--2016-12-31,source_dimensions,INCONNU,,"edgar_normalize.py (règles edgar_v1, automatique)",2026-09-28T12:37:37+00:00,doc:0000320193-0001628280-17-000717,D1 : une seule valeur brute pour cette clé
401,facts,0000320193-0001628280-17-000717-us-gaap:Assets-USD--2016-12-31,normalized_concept,,total_assets,"edgar_normalize.py (règles edgar_v1, automatique)",2026-09-28T12:37:37+00:00,doc:0000320193-0001628280-17-000717,R2
402,facts,0000320193-0001628280-17-000717-us-gaap:Assets-USD--2016-12-31,transformation,,aucune,"edgar_normalize.py (règles edgar_v1, automatique)",2026-09-28T12:37:37+00:00,doc:0000320193-0001628280-17-000717,T1
403,facts,0000320193-0001628280-17-000717-us-gaap:Assets-USD--2016-12-31,value,,331141000000,"edgar_normalize.py (règles edgar_v1, automatique)",2026-09-28T12:37:37+00:00,doc:0000320193-0001628280-17-000717,T1
404,facts,0000320193-0001628280-17-000717-us-gaap:Assets-USD--2016-12-31,normalization_justification,,"Règle R2 (edgar_v1) : us-gaap:Assets [USD, instant] -> total_assets. Valeur reprise telle quelle (T1). Dimensions : aucune, déduit (D1). Entrée brute facts/us-gaap/Assets/units/USD/72 (sha256 12b0368ee21018c1…). À confirmer sur l'instance XBRL.","edgar_normalize.py (règles edgar_v1, automatique)",2026-09-28T12:37:37+00:00,doc:0000320193-0001628280-17-000717,R2
405,facts,0000320193-0001628280-17-004790-us-gaap:Assets-USD--2017-04-01,source_context,,companyfacts;entite=CIK0000320193;periode=2017-04-01;segment=aucun(deduit D1),"edgar_normalize.py (règles edgar_v1, automatique)",2026-09-28T12:37:37+00:00,doc:0000320193-0001628280-17-004790,X1
406,facts,0000320193-0001628280-17-004790-us-gaap:Assets-USD--2017-04-01,source_dimensions,INCONNU,,"edgar_normalize.py (règles edgar_v1, automatique)",2026-09-28T12:37:37+00:00,doc:0000320193-0001628280-17-004790,D1 : une seule valeur brute pour cette clé
407,facts,0000320193-0001628280-17-004790-us-gaap:Assets-USD--2017-04-01,normalized_concept,,total_assets,"edgar_normalize.py (règles edgar_v1, automatique)",2026-09-28T12:37:37+00:00,doc:0000320193-0001628280-17-004790,R2
408,facts,0000320193-0001628280-17-004790-us-gaap:Assets-USD--2017-04-01,transformation,,aucune,"edgar_normalize.py (règles edgar_v1, automatique)",2026-09-28T12:37:37+00:00,doc:0000320193-0001628280-17-004790,T1
409,facts,0000320193-0001628280-17-004790-us-gaap:Assets-USD--2017-04-01,value,,334532000000,"edgar_normalize.py (règles edgar_v1, automatique)",2026-09-28T12:37:37+00:00,doc:0000320193-0001628280-17-004790,T1
410,facts,0000320193-0001628280-17-004790-us-gaap:Assets-USD--2017-04-01,normalization_justification,,"Règle R2 (edgar_v1) : us-gaap:Assets [USD, instant] -> total_assets. Valeur reprise telle quelle (T1). Dimensions : aucune, déduit (D1). Entrée brute facts/us-gaap/Assets/units/USD/73 (sha256 abf2cc0d733cb445…). À confirmer sur l'instance XBRL.","edgar_normalize.py (règles edgar_v1, automatique)",2026-09-28T12:37:37+00:00,doc:0000320193-0001628280-17-004790,R2
411,facts,0000320193-0000320193-17-000009-us-gaap:Assets-USD--2017-07-01,source_context,,companyfacts;entite=CIK0000320193;periode=2017-07-01;segment=aucun(deduit D1),"edgar_normalize.py (règles edgar_v1, automatique)",2026-09-28T12:37:37+00:00,doc:0000320193-0000320193-17-000009,X1
412,facts,0000320193-0000320193-17-000009-us-gaap:Assets-USD--2017-07-01,source_dimensions,INCONNU,,"edgar_normalize.py (règles edgar_v1, automatique)",2026-09-28T12:37:37+00:00,doc:0000320193-0000320193-17-000009,D1 : une seule valeur brute pour cette clé
413,facts,0000320193-0000320193-17-000009-us-gaap:Assets-USD--2017-07-01,normalized_concept,,total_assets,"edgar_normalize.py (règles edgar_v1, automatique)",2026-09-28T12:37:37+00:00,doc:0000320193-0000320193-17-000009,R2
414,facts,0000320193-0000320193-17-000009-us-gaap:Assets-USD--2017-07-01,transformation,,aucune,"edgar_normalize.py (règles edgar_v1, automatique)",2026-09-28T12:37:37+00:00,doc:0000320193-0000320193-17-000009,T1
415,facts,0000320193-0000320193-17-000009-us-gaap:Assets-USD--2017-07-01,value,,345173000000,"edgar_normalize.py (règles edgar_v1, automatique)",2026-09-28T12:37:37+00:00,doc:0000320193-0000320193-17-000009,T1
416,facts,0000320193-0000320193-17-000009-us-gaap:Assets-USD--2017-07-01,normalization_justification,,"Règle R2 (edgar_v1) : us-gaap:Assets [USD, instant] -> total_assets. Valeur reprise telle quelle (T1). Dimensions : aucune, déduit (D1). Entrée brute facts/us-gaap/Assets/units/USD/74 (sha256 f39b765deed0ea32…). À confirmer sur l'instance XBRL.","edgar_normalize.py (règles edgar_v1, automatique)",2026-09-28T12:37:37+00:00,doc:0000320193-0000320193-17-000009,R2
417,facts,0000320193-0000320193-17-000070-us-gaap:Assets-USD--2017-09-30,source_context,,companyfacts;entite=CIK0000320193;periode=2017-09-30;segment=aucun(deduit D1),"edgar_normalize.py (règles edgar_v1, automatique)",2026-09-28T12:37:37+00:00,doc:0000320193-0000320193-17-000070,X1
418,facts,0000320193-0000320193-17-000070-us-gaap:Assets-USD--2017-09-30,source_dimensions,INCONNU,,"edgar_normalize.py (règles edgar_v1, automatique)",2026-09-28T12:37:37+00:00,doc:0000320193-0000320193-17-000070,D1 : une seule valeur brute pour cette clé
419,facts,0000320193-0000320193-17-000070-us-gaap:Assets-USD--2017-09-30,normalized_concept,,total_assets,"edgar_normalize.py (règles edgar_v1, automatique)",2026-09-28T12:37:37+00:00,doc:0000320193-0000320193-17-000070,R2
420,facts,0000320193-0000320193-17-000070-us-gaap:Assets-USD--2017-09-30,transformation,,aucune,"edgar_normalize.py (règles edgar_v1, automatique)",2026-09-28T12:37:37+00:00,doc:0000320193-0000320193-17-000070,T1
421,facts,0000320193-0000320193-17-000070-us-gaap:Assets-USD--2017-09-30,value,,375319000000,"edgar_normalize.py (règles edgar_v1, automatique)",2026-09-28T12:37:37+00:00,doc:0000320193-0000320193-17-000070,T1
422,facts,0000320193-0000320193-17-000070-us-gaap:Assets-USD--2017-09-30,normalization_justification,,"Règle R2 (edgar_v1) : us-gaap:Assets [USD, instant] -> total_assets. Valeur reprise telle quelle (T1). Dimensions : aucune, déduit (D1). Entrée brute facts/us-gaap/Assets/units/USD/75 (sha256 2738cd8e56ffe3a9…). À confirmer sur l'instance XBRL.","edgar_normalize.py (règles edgar_v1, automatique)",2026-09-28T12:37:37+00:00,doc:0000320193-0000320193-17-000070,R2
423,facts,0000320193-0000320193-18-000007-us-gaap:Assets-USD--2017-09-30,source_context,,companyfacts;entite=CIK0000320193;periode=2017-09-30;segment=aucun(deduit D1),"edgar_normalize.py (règles edgar_v1, automatique)",2026-09-28T12:37:37+00:00,doc:0000320193-0000320193-18-000007,X1
424,facts,0000320193-0000320193-18-000007-us-gaap:Assets-USD--2017-09-30,source_dimensions,INCONNU,,"edgar_normalize.py (règles edgar_v1, automatique)",2026-09-28T12:37:37+00:00,doc:0000320193-0000320193-18-000007,D1 : une seule valeur brute pour cette clé
425,facts,0000320193-0000320193-18-000007-us-gaap:Assets-USD--2017-09-30,normalized_concept,,total_assets,"edgar_normalize.py (règles edgar_v1, automatique)",2026-09-28T12:37:37+00:00,doc:0000320193-0000320193-18-000007,R2
426,facts,0000320193-0000320193-18-000007-us-gaap:Assets-USD--2017-09-30,transformation,,aucune,"edgar_normalize.py (règles edgar_v1, automatique)",2026-09-28T12:37:37+00:00,doc:0000320193-0000320193-18-000007,T1
427,facts,0000320193-0000320193-18-000007-us-gaap:Assets-USD--2017-09-30,value,,375319000000,"edgar_normalize.py (règles edgar_v1, automatique)",2026-09-28T12:37:37+00:00,doc:0000320193-0000320193-18-000007,T1
428,facts,0000320193-0000320193-18-000007-us-gaap:Assets-USD--2017-09-30,normalization_justification,,"Règle R2 (edgar_v1) : us-gaap:Assets [USD, instant] -> total_assets. Valeur reprise telle quelle (T1). Dimensions : aucune, déduit (D1). Entrée brute facts/us-gaap/Assets/units/USD/76 (sha256 90bb4555d7d29f77…). À confirmer sur l'instance XBRL.","edgar_normalize.py (règles edgar_v1, automatique)",2026-09-28T12:37:37+00:00,doc:0000320193-0000320193-18-000007,R2
429,facts,0000320193-0000320193-18-000070-us-gaap:Assets-USD--2017-09-30,source_context,,companyfacts;entite=CIK0000320193;periode=2017-09-30;segment=aucun(deduit D1),"edgar_normalize.py (règles edgar_v1, automatique)",2026-09-28T12:37:37+00:00,doc:0000320193-0000320193-18-000070,X1
430,facts,0000320193-0000320193-18-000070-us-gaap:Assets-USD--2017-09-30,source_dimensions,INCONNU,,"edgar_normalize.py (règles edgar_v1, automatique)",2026-09-28T12:37:37+00:00,doc:0000320193-0000320193-18-000070,D1 : une seule valeur brute pour cette clé
431,facts,0000320193-0000320193-18-000070-us-gaap:Assets-USD--2017-09-30,normalized_concept,,total_assets,"edgar_normalize.py (règles edgar_v1, automatique)",2026-09-28T12:37:37+00:00,doc:0000320193-0000320193-18-000070,R2
432,facts,0000320193-0000320193-18-000070-us-gaap:Assets-USD--2017-09-30,transformation,,aucune,"edgar_normalize.py (règles edgar_v1, automatique)",2026-09-28T12:37:37+00:00,doc:0000320193-0000320193-18-000070,T1
433,facts,0000320193-0000320193-18-000070-us-gaap:Assets-USD--2017-09-30,value,,375319000000,"edgar_normalize.py (règles edgar_v1, automatique)",2026-09-28T12:37:37+00:00,doc:0000320193-0000320193-18-000070,T1
434,facts,0000320193-0000320193-18-000070-us-gaap:Assets-USD--2017-09-30,normalization_justification,,"Règle R2 (edgar_v1) : us-gaap:Assets [USD, instant] -> total_assets. Valeur reprise telle quelle (T1). Dimensions : aucune, déduit (D1). Entrée brute facts/us-gaap/Assets/units/USD/77 (sha256 8039e453edd9514f…). À confirmer sur l'instance XBRL.","edgar_normalize.py (règles edgar_v1, automatique)",2026-09-28T12:37:37+00:00,doc:0000320193-0000320193-18-000070,R2
435,facts,0000320193-0000320193-18-000100-us-gaap:Assets-USD--2017-09-30,source_context,,companyfacts;entite=CIK0000320193;periode=2017-09-30;segment=aucun(deduit D1),"edgar_normalize.py (règles edgar_v1, automatique)",2026-09-28T12:37:37+00:00,doc:0000320193-0000320193-18-000100,X1
436,facts,0000320193-0000320193-18-000100-us-gaap:Assets-USD--2017-09-30,source_dimensions,INCONNU,,"edgar_normalize.py (règles edgar_v1, automatique)",2026-09-28T12:37:37+00:00,doc:0000320193-0000320193-18-000100,D1 : une seule valeur brute pour cette clé
437,facts,0000320193-0000320193-18-000100-us-gaap:Assets-USD--2017-09-30,normalized_concept,,total_assets,"edgar_normalize.py (règles edgar_v1, automatique)",2026-09-28T12:37:37+00:00,doc:0000320193-0000320193-18-000100,R2
438,facts,0000320193-0000320193-18-000100-us-gaap:Assets-USD--2017-09-30,transformation,,aucune,"edgar_normalize.py (règles edgar_v1, automatique)",2026-09-28T12:37:37+00:00,doc:0000320193-0000320193-18-000100,T1
439,facts,0000320193-0000320193-18-000100-us-gaap:Assets-USD--2017-09-30,value,,375319000000,"edgar_normalize.py (règles edgar_v1, automatique)",2026-09-28T12:37:37+00:00,doc:0000320193-0000320193-18-000100,T1
440,facts,0000320193-0000320193-18-000100-us-gaap:Assets-USD--2017-09-30,normalization_justification,,"Règle R2 (edgar_v1) : us-gaap:Assets [USD, instant] -> total_assets. Valeur reprise telle quelle (T1). Dimensions : aucune, déduit (D1). Entrée brute facts/us-gaap/Assets/units/USD/78 (sha256 57dbbc376f474abc…). À confirmer sur l'instance XBRL.","edgar_normalize.py (règles edgar_v1, automatique)",2026-09-28T12:37:37+00:00,doc:0000320193-0000320193-18-000100,R2
441,facts,0000320193-0000320193-18-000145-us-gaap:Assets-USD--2017-09-30,source_context,,companyfacts;entite=CIK0000320193;periode=2017-09-30;segment=aucun(deduit D1),"edgar_normalize.py (règles edgar_v1, automatique)",2026-09-28T12:37:37+00:00,doc:0000320193-0000320193-18-000145,X1
442,facts,0000320193-0000320193-18-000145-us-gaap:Assets-USD--2017-09-30,source_dimensions,INCONNU,,"edgar_normalize.py (règles edgar_v1, automatique)",2026-09-28T12:37:37+00:00,doc:0000320193-0000320193-18-000145,D1 : une seule valeur brute pour cette clé
443,facts,0000320193-0000320193-18-000145-us-gaap:Assets-USD--2017-09-30,normalized_concept,,total_assets,"edgar_normalize.py (règles edgar_v1, automatique)",2026-09-28T12:37:37+00:00,doc:0000320193-0000320193-18-000145,R2
444,facts,0000320193-0000320193-18-000145-us-gaap:Assets-USD--2017-09-30,transformation,,aucune,"edgar_normalize.py (règles edgar_v1, automatique)",2026-09-28T12:37:37+00:00,doc:0000320193-0000320193-18-000145,T1
445,facts,0000320193-0000320193-18-000145-us-gaap:Assets-USD--2017-09-30,value,,375319000000,"edgar_normalize.py (règles edgar_v1, automatique)",2026-09-28T12:37:37+00:00,doc:0000320193-0000320193-18-000145,T1
446,facts,0000320193-0000320193-18-000145-us-gaap:Assets-USD--2017-09-30,normalization_justification,,"Règle R2 (edgar_v1) : us-gaap:Assets [USD, instant] -> total_assets. Valeur reprise telle quelle (T1). Dimensions : aucune, déduit (D1). Entrée brute facts/us-gaap/Assets/units/USD/79 (sha256 27d9a4cb53391ebc…). À confirmer sur l'instance XBRL.","edgar_normalize.py (règles edgar_v1, automatique)",2026-09-28T12:37:37+00:00,doc:0000320193-0000320193-18-000145,R2
447,facts,0000320193-0000320193-18-000007-us-gaap:Assets-USD--2017-12-30,source_context,,companyfacts;entite=CIK0000320193;periode=2017-12-30;segment=aucun(deduit D1),"edgar_normalize.py (règles edgar_v1, automatique)",2026-09-28T12:37:37+00:00,doc:0000320193-0000320193-18-000007,X1
448,facts,0000320193-0000320193-18-000007-us-gaap:Assets-USD--2017-12-30,source_dimensions,INCONNU,,"edgar_normalize.py (règles edgar_v1, automatique)",2026-09-28T12:37:37+00:00,doc:0000320193-0000320193-18-000007,D1 : une seule valeur brute pour cette clé
449,facts,0000320193-0000320193-18-000007-us-gaap:Assets-USD--2017-12-30,normalized_concept,,total_assets,"edgar_normalize.py (règles edgar_v1, automatique)",2026-09-28T12:37:37+00:00,doc:0000320193-0000320193-18-000007,R2
450,facts,0000320193-0000320193-18-000007-us-gaap:Assets-USD--2017-12-30,transformation,,aucune,"edgar_normalize.py (règles edgar_v1, automatique)",2026-09-28T12:37:37+00:00,doc:0000320193-0000320193-18-000007,T1
451,facts,0000320193-0000320193-18-000007-us-gaap:Assets-USD--2017-12-30,value,,406794000000,"edgar_normalize.py (règles edgar_v1, automatique)",2026-09-28T12:37:37+00:00,doc:0000320193-0000320193-18-000007,T1
452,facts,0000320193-0000320193-18-000007-us-gaap:Assets-USD--2017-12-30,normalization_justification,,"Règle R2 (edgar_v1) : us-gaap:Assets [USD, instant] -> total_assets. Valeur reprise telle quelle (T1). Dimensions : aucune, déduit (D1). Entrée brute facts/us-gaap/Assets/units/USD/80 (sha256 558e2ddba55e030c…). À confirmer sur l'instance XBRL.","edgar_normalize.py (règles edgar_v1, automatique)",2026-09-28T12:37:37+00:00,doc:0000320193-0000320193-18-000007,R2
453,facts,0000320193-0000320193-18-000070-us-gaap:Assets-USD--2018-03-31,source_context,,companyfacts;entite=CIK0000320193;periode=2018-03-31;segment=aucun(deduit D1),"edgar_normalize.py (règles edgar_v1, automatique)",2026-09-28T12:37:37+00:00,doc:0000320193-0000320193-18-000070,X1
454,facts,0000320193-0000320193-18-000070-us-gaap:Assets-USD--2018-03-31,source_dimensions,INCONNU,,"edgar_normalize.py (règles edgar_v1, automatique)",2026-09-28T12:37:37+00:00,doc:0000320193-0000320193-18-000070,D1 : une seule valeur brute pour cette clé
455,facts,0000320193-0000320193-18-000070-us-gaap:Assets-USD--2018-03-31,normalized_concept,,total_assets,"edgar_normalize.py (règles edgar_v1, automatique)",2026-09-28T12:37:37+00:00,doc:0000320193-0000320193-18-000070,R2
456,facts,0000320193-0000320193-18-000070-us-gaap:Assets-USD--2018-03-31,transformation,,aucune,"edgar_normalize.py (règles edgar_v1, automatique)",2026-09-28T12:37:37+00:00,doc:0000320193-0000320193-18-000070,T1
457,facts,0000320193-0000320193-18-000070-us-gaap:Assets-USD--2018-03-31,value,,367502000000,"edgar_normalize.py (règles edgar_v1, automatique)",2026-09-28T12:37:37+00:00,doc:0000320193-0000320193-18-000070,T1
458,facts,0000320193-0000320193-18-000070-us-gaap:Assets-USD--2018-03-31,normalization_justification,,"Règle R2 (edgar_v1) : us-gaap:Assets [USD, instant] -> total_assets. Valeur reprise telle quelle (T1). Dimensions : aucune, déduit (D1). Entrée brute facts/us-gaap/Assets/units/USD/81 (sha256 f16b9a9ccb4d8036…). À confirmer sur l'instance XBRL.","edgar_normalize.py (règles edgar_v1, automatique)",2026-09-28T12:37:37+00:00,doc:0000320193-0000320193-18-000070,R2
459,facts,0000320193-0000320193-18-000100-us-gaap:Assets-USD--2018-06-30,source_context,,companyfacts;entite=CIK0000320193;periode=2018-06-30;segment=aucun(deduit D1),"edgar_normalize.py (règles edgar_v1, automatique)",2026-09-28T12:37:37+00:00,doc:0000320193-0000320193-18-000100,X1
460,facts,0000320193-0000320193-18-000100-us-gaap:Assets-USD--2018-06-30,source_dimensions,INCONNU,,"edgar_normalize.py (règles edgar_v1, automatique)",2026-09-28T12:37:37+00:00,doc:0000320193-0000320193-18-000100,D1 : une seule valeur brute pour cette clé
461,facts,0000320193-0000320193-18-000100-us-gaap:Assets-USD--2018-06-30,normalized_concept,,total_assets,"edgar_normalize.py (règles edgar_v1, automatique)",2026-09-28T12:37:37+00:00,doc:0000320193-0000320193-18-000100,R2
462,facts,0000320193-0000320193-18-000100-us-gaap:Assets-USD--2018-06-30,transformation,,aucune,"edgar_normalize.py (règles edgar_v1, automatique)",2026-09-28T12:37:37+00:00,doc:0000320193-0000320193-18-000100,T1
463,facts,0000320193-0000320193-18-000100-us-gaap:Assets-USD--2018-06-30,value,,349197000000,"edgar_normalize.py (règles edgar_v1, automatique)",2026-09-28T12:37:37+00:00,doc:0000320193-0000320193-18-000100,T1
464,facts,0000320193-0000320193-18-000100-us-gaap:Assets-USD--2018-06-30,normalization_justification,,"Règle R2 (edgar_v1) : us-gaap:Assets [USD, instant] -> total_assets. Valeur reprise telle quelle (T1). Dimensions : aucune, déduit (D1). Entrée brute facts/us-gaap/Assets/units/USD/82 (sha256 680c5b3e090c1721…). À confirmer sur l'instance XBRL.","edgar_normalize.py (règles edgar_v1, automatique)",2026-09-28T12:37:37+00:00,doc:0000320193-0000320193-18-000100,R2
465,facts,0000320193-0000320193-18-000145-us-gaap:Assets-USD--2018-09-29,source_context,,companyfacts;entite=CIK0000320193;periode=2018-09-29;segment=aucun(deduit D1),"edgar_normalize.py (règles edgar_v1, automatique)",2026-09-28T12:37:37+00:00,doc:0000320193-0000320193-18-000145,X1
466,facts,0000320193-0000320193-18-000145-us-gaap:Assets-USD--2018-09-29,source_dimensions,INCONNU,,"edgar_normalize.py (règles edgar_v1, automatique)",2026-09-28T12:37:37+00:00,doc:0000320193-0000320193-18-000145,D1 : une seule valeur brute pour cette clé
467,facts,0000320193-0000320193-18-000145-us-gaap:Assets-USD--2018-09-29,normalized_concept,,total_assets,"edgar_normalize.py (règles edgar_v1, automatique)",2026-09-28T12:37:37+00:00,doc:0000320193-0000320193-18-000145,R2
468,facts,0000320193-0000320193-18-000145-us-gaap:Assets-USD--2018-09-29,transformation,,aucune,"edgar_normalize.py (règles edgar_v1, automatique)",2026-09-28T12:37:37+00:00,doc:0000320193-0000320193-18-000145,T1
469,facts,0000320193-0000320193-18-000145-us-gaap:Assets-USD--2018-09-29,value,,365725000000,"edgar_normalize.py (règles edgar_v1, automatique)",2026-09-28T12:37:37+00:00,doc:0000320193-0000320193-18-000145,T1
470,facts,0000320193-0000320193-18-000145-us-gaap:Assets-USD--2018-09-29,normalization_justification,,"Règle R2 (edgar_v1) : us-gaap:Assets [USD, instant] -> total_assets. Valeur reprise telle quelle (T1). Dimensions : aucune, déduit (D1). Entrée brute facts/us-gaap/Assets/units/USD/83 (sha256 8be4eeb9976e1ec3…). À confirmer sur l'instance XBRL.","edgar_normalize.py (règles edgar_v1, automatique)",2026-09-28T12:37:37+00:00,doc:0000320193-0000320193-18-000145,R2
471,facts,0000320193-0000320193-19-000010-us-gaap:Assets-USD--2018-09-29,source_context,,companyfacts;entite=CIK0000320193;periode=2018-09-29;segment=aucun(deduit D1),"edgar_normalize.py (règles edgar_v1, automatique)",2026-09-28T12:37:37+00:00,doc:0000320193-0000320193-19-000010,X1
472,facts,0000320193-0000320193-19-000010-us-gaap:Assets-USD--2018-09-29,source_dimensions,INCONNU,,"edgar_normalize.py (règles edgar_v1, automatique)",2026-09-28T12:37:37+00:00,doc:0000320193-0000320193-19-000010,D1 : une seule valeur brute pour cette clé
473,facts,0000320193-0000320193-19-000010-us-gaap:Assets-USD--2018-09-29,normalized_concept,,total_assets,"edgar_normalize.py (règles edgar_v1, automatique)",2026-09-28T12:37:37+00:00,doc:0000320193-0000320193-19-000010,R2
474,facts,0000320193-0000320193-19-000010-us-gaap:Assets-USD--2018-09-29,transformation,,aucune,"edgar_normalize.py (règles edgar_v1, automatique)",2026-09-28T12:37:37+00:00,doc:0000320193-0000320193-19-000010,T1
475,facts,0000320193-0000320193-19-000010-us-gaap:Assets-USD--2018-09-29,value,,365725000000,"edgar_normalize.py (règles edgar_v1, automatique)",2026-09-28T12:37:37+00:00,doc:0000320193-0000320193-19-000010,T1
476,facts,0000320193-0000320193-19-000010-us-gaap:Assets-USD--2018-09-29,normalization_justification,,"Règle R2 (edgar_v1) : us-gaap:Assets [USD, instant] -> total_assets. Valeur reprise telle quelle (T1). Dimensions : aucune, déduit (D1). Entrée brute facts/us-gaap/Assets/units/USD/84 (sha256 e47abb3a2823804c…). À confirmer sur l'instance XBRL.","edgar_normalize.py (règles edgar_v1, automatique)",2026-09-28T12:37:37+00:00,doc:0000320193-0000320193-19-000010,R2
477,facts,0000320193-0000320193-19-000066-us-gaap:Assets-USD--2018-09-29,source_context,,companyfacts;entite=CIK0000320193;periode=2018-09-29;segment=aucun(deduit D1),"edgar_normalize.py (règles edgar_v1, automatique)",2026-09-28T12:37:37+00:00,doc:0000320193-0000320193-19-000066,X1
478,facts,0000320193-0000320193-19-000066-us-gaap:Assets-USD--2018-09-29,source_dimensions,INCONNU,,"edgar_normalize.py (règles edgar_v1, automatique)",2026-09-28T12:37:37+00:00,doc:0000320193-0000320193-19-000066,D1 : une seule valeur brute pour cette clé
479,facts,0000320193-0000320193-19-000066-us-gaap:Assets-USD--2018-09-29,normalized_concept,,total_assets,"edgar_normalize.py (règles edgar_v1, automatique)",2026-09-28T12:37:37+00:00,doc:0000320193-0000320193-19-000066,R2
480,facts,0000320193-0000320193-19-000066-us-gaap:Assets-USD--2018-09-29,transformation,,aucune,"edgar_normalize.py (règles edgar_v1, automatique)",2026-09-28T12:37:37+00:00,doc:0000320193-0000320193-19-000066,T1
481,facts,0000320193-0000320193-19-000066-us-gaap:Assets-USD--2018-09-29,value,,365725000000,"edgar_normalize.py (règles edgar_v1, automatique)",2026-09-28T12:37:37+00:00,doc:0000320193-0000320193-19-000066,T1
482,facts,0000320193-0000320193-19-000066-us-gaap:Assets-USD--2018-09-29,normalization_justification,,"Règle R2 (edgar_v1) : us-gaap:Assets [USD, instant] -> total_assets. Valeur reprise telle quelle (T1). Dimensions : aucune, déduit (D1). Entrée brute facts/us-gaap/Assets/units/USD/85 (sha256 c3e6b76188c85258…). À confirmer sur l'instance XBRL.","edgar_normalize.py (règles edgar_v1, automatique)",2026-09-28T12:37:37+00:00,doc:0000320193-0000320193-19-000066,R2
483,facts,0000320193-0000320193-19-000076-us-gaap:Assets-USD--2018-09-29,source_context,,companyfacts;entite=CIK0000320193;periode=2018-09-29;segment=aucun(deduit D1),"edgar_normalize.py (règles edgar_v1, automatique)",2026-09-28T12:37:37+00:00,doc:0000320193-0000320193-19-000076,X1
484,facts,0000320193-0000320193-19-000076-us-gaap:Assets-USD--2018-09-29,source_dimensions,INCONNU,,"edgar_normalize.py (règles edgar_v1, automatique)",2026-09-28T12:37:37+00:00,doc:0000320193-0000320193-19-000076,D1 : une seule valeur brute pour cette clé
485,facts,0000320193-0000320193-19-000076-us-gaap:Assets-USD--2018-09-29,normalized_concept,,total_assets,"edgar_normalize.py (règles edgar_v1, automatique)",2026-09-28T12:37:37+00:00,doc:0000320193-0000320193-19-000076,R2
486,facts,0000320193-0000320193-19-000076-us-gaap:Assets-USD--2018-09-29,transformation,,aucune,"edgar_normalize.py (règles edgar_v1, automatique)",2026-09-28T12:37:37+00:00,doc:0000320193-0000320193-19-000076,T1
487,facts,0000320193-0000320193-19-000076-us-gaap:Assets-USD--2018-09-29,value,,365725000000,"edgar_normalize.py (règles edgar_v1, automatique)",2026-09-28T12:37:37+00:00,doc:0000320193-0000320193-19-000076,T1
488,facts,0000320193-0000320193-19-000076-us-gaap:Assets-USD--2018-09-29,normalization_justification,,"Règle R2 (edgar_v1) : us-gaap:Assets [USD, instant] -> total_assets. Valeur reprise telle quelle (T1). Dimensions : aucune, déduit (D1). Entrée brute facts/us-gaap/Assets/units/USD/86 (sha256 a1b0badce8aa337b…). À confirmer sur l'instance XBRL.","edgar_normalize.py (règles edgar_v1, automatique)",2026-09-28T12:37:37+00:00,doc:0000320193-0000320193-19-000076,R2
489,facts,0000320193-0000320193-19-000119-us-gaap:Assets-USD--2018-09-29,source_context,,companyfacts;entite=CIK0000320193;periode=2018-09-29;segment=aucun(deduit D1),"edgar_normalize.py (règles edgar_v1, automatique)",2026-09-28T12:37:37+00:00,doc:0000320193-0000320193-19-000119,X1
490,facts,0000320193-0000320193-19-000119-us-gaap:Assets-USD--2018-09-29,source_dimensions,INCONNU,,"edgar_normalize.py (règles edgar_v1, automatique)",2026-09-28T12:37:37+00:00,doc:0000320193-0000320193-19-000119,D1 : une seule valeur brute pour cette clé
491,facts,0000320193-0000320193-19-000119-us-gaap:Assets-USD--2018-09-29,normalized_concept,,total_assets,"edgar_normalize.py (règles edgar_v1, automatique)",2026-09-28T12:37:37+00:00,doc:0000320193-0000320193-19-000119,R2
492,facts,0000320193-0000320193-19-000119-us-gaap:Assets-USD--2018-09-29,transformation,,aucune,"edgar_normalize.py (règles edgar_v1, automatique)",2026-09-28T12:37:37+00:00,doc:0000320193-0000320193-19-000119,T1
493,facts,0000320193-0000320193-19-000119-us-gaap:Assets-USD--2018-09-29,value,,365725000000,"edgar_normalize.py (règles edgar_v1, automatique)",2026-09-28T12:37:37+00:00,doc:0000320193-0000320193-19-000119,T1
494,facts,0000320193-0000320193-19-000119-us-gaap:Assets-USD--2018-09-29,normalization_justification,,"Règle R2 (edgar_v1) : us-gaap:Assets [USD, instant] -> total_assets. Valeur reprise telle quelle (T1). Dimensions : aucune, déduit (D1). Entrée brute facts/us-gaap/Assets/units/USD/87 (sha256 caf385adc325142d…). À confirmer sur l'instance XBRL.","edgar_normalize.py (règles edgar_v1, automatique)",2026-09-28T12:37:37+00:00,doc:0000320193-0000320193-19-000119,R2
495,facts,0000320193-0000320193-19-000010-us-gaap:Assets-USD--2018-12-29,source_context,,companyfacts;entite=CIK0000320193;periode=2018-12-29;segment=aucun(deduit D1),"edgar_normalize.py (règles edgar_v1, automatique)",2026-09-28T12:37:37+00:00,doc:0000320193-0000320193-19-000010,X1
496,facts,0000320193-0000320193-19-000010-us-gaap:Assets-USD--2018-12-29,source_dimensions,INCONNU,,"edgar_normalize.py (règles edgar_v1, automatique)",2026-09-28T12:37:37+00:00,doc:0000320193-0000320193-19-000010,D1 : une seule valeur brute pour cette clé
497,facts,0000320193-0000320193-19-000010-us-gaap:Assets-USD--2018-12-29,normalized_concept,,total_assets,"edgar_normalize.py (règles edgar_v1, automatique)",2026-09-28T12:37:37+00:00,doc:0000320193-0000320193-19-000010,R2
498,facts,0000320193-0000320193-19-000010-us-gaap:Assets-USD--2018-12-29,transformation,,aucune,"edgar_normalize.py (règles edgar_v1, automatique)",2026-09-28T12:37:37+00:00,doc:0000320193-0000320193-19-000010,T1
499,facts,0000320193-0000320193-19-000010-us-gaap:Assets-USD--2018-12-29,value,,373719000000,"edgar_normalize.py (règles edgar_v1, automatique)",2026-09-28T12:37:37+00:00,doc:0000320193-0000320193-19-000010,T1
500,facts,0000320193-0000320193-19-000010-us-gaap:Assets-USD--2018-12-29,normalization_justification,,"Règle R2 (edgar_v1) : us-gaap:Assets [USD, instant] -> total_assets. Valeur reprise telle quelle (T1). Dimensions : aucune, déduit (D1). Entrée brute facts/us-gaap/Assets/units/USD/88 (sha256 e32d8548f25cad08…). À confirmer sur l'instance XBRL.","edgar_normalize.py (règles edgar_v1, automatique)",2026-09-28T12:37:37+00:00,doc:0000320193-0000320193-19-000010,R2
501,facts,0000320193-0000320193-19-000066-us-gaap:Assets-USD--2019-03-30,source_context,,companyfacts;entite=CIK0000320193;periode=2019-03-30;segment=aucun(deduit D1),"edgar_normalize.py (règles edgar_v1, automatique)",2026-09-28T12:37:37+00:00,doc:0000320193-0000320193-19-000066,X1
502,facts,0000320193-0000320193-19-000066-us-gaap:Assets-USD--2019-03-30,source_dimensions,INCONNU,,"edgar_normalize.py (règles edgar_v1, automatique)",2026-09-28T12:37:37+00:00,doc:0000320193-0000320193-19-000066,D1 : une seule valeur brute pour cette clé
503,facts,0000320193-0000320193-19-000066-us-gaap:Assets-USD--2019-03-30,normalized_concept,,total_assets,"edgar_normalize.py (règles edgar_v1, automatique)",2026-09-28T12:37:37+00:00,doc:0000320193-0000320193-19-000066,R2
504,facts,0000320193-0000320193-19-000066-us-gaap:Assets-USD--2019-03-30,transformation,,aucune,"edgar_normalize.py (règles edgar_v1, automatique)",2026-09-28T12:37:37+00:00,doc:0000320193-0000320193-19-000066,T1
505,facts,0000320193-0000320193-19-000066-us-gaap:Assets-USD--2019-03-30,value,,341998000000,"edgar_normalize.py (règles edgar_v1, automatique)",2026-09-28T12:37:37+00:00,doc:0000320193-0000320193-19-000066,T1
506,facts,0000320193-0000320193-19-000066-us-gaap:Assets-USD--2019-03-30,normalization_justification,,"Règle R2 (edgar_v1) : us-gaap:Assets [USD, instant] -> total_assets. Valeur reprise telle quelle (T1). Dimensions : aucune, déduit (D1). Entrée brute facts/us-gaap/Assets/units/USD/89 (sha256 b6c31fdd2715bc45…). À confirmer sur l'instance XBRL.","edgar_normalize.py (règles edgar_v1, automatique)",2026-09-28T12:37:37+00:00,doc:0000320193-0000320193-19-000066,R2
507,facts,0000320193-0000320193-19-000076-us-gaap:Assets-USD--2019-06-29,source_context,,companyfacts;entite=CIK0000320193;periode=2019-06-29;segment=aucun(deduit D1),"edgar_normalize.py (règles edgar_v1, automatique)",2026-09-28T12:37:37+00:00,doc:0000320193-0000320193-19-000076,X1
508,facts,0000320193-0000320193-19-000076-us-gaap:Assets-USD--2019-06-29,source_dimensions,INCONNU,,"edgar_normalize.py (règles edgar_v1, automatique)",2026-09-28T12:37:37+00:00,doc:0000320193-0000320193-19-000076,D1 : une seule valeur brute pour cette clé
509,facts,0000320193-0000320193-19-000076-us-gaap:Assets-USD--2019-06-29,normalized_concept,,total_assets,"edgar_normalize.py (règles edgar_v1, automatique)",2026-09-28T12:37:37+00:00,doc:0000320193-0000320193-19-000076,R2
510,facts,0000320193-0000320193-19-000076-us-gaap:Assets-USD--2019-06-29,transformation,,aucune,"edgar_normalize.py (règles edgar_v1, automatique)",2026-09-28T12:37:37+00:00,doc:0000320193-0000320193-19-000076,T1
511,facts,0000320193-0000320193-19-000076-us-gaap:Assets-USD--2019-06-29,value,,322239000000,"edgar_normalize.py (règles edgar_v1, automatique)",2026-09-28T12:37:37+00:00,doc:0000320193-0000320193-19-000076,T1
512,facts,0000320193-0000320193-19-000076-us-gaap:Assets-USD--2019-06-29,normalization_justification,,"Règle R2 (edgar_v1) : us-gaap:Assets [USD, instant] -> total_assets. Valeur reprise telle quelle (T1). Dimensions : aucune, déduit (D1). Entrée brute facts/us-gaap/Assets/units/USD/90 (sha256 31971101b1332a00…). À confirmer sur l'instance XBRL.","edgar_normalize.py (règles edgar_v1, automatique)",2026-09-28T12:37:37+00:00,doc:0000320193-0000320193-19-000076,R2
513,facts,0000320193-0000320193-19-000119-us-gaap:Assets-USD--2019-09-28,source_context,,companyfacts;entite=CIK0000320193;periode=2019-09-28;segment=aucun(deduit D1),"edgar_normalize.py (règles edgar_v1, automatique)",2026-09-28T12:37:37+00:00,doc:0000320193-0000320193-19-000119,X1
514,facts,0000320193-0000320193-19-000119-us-gaap:Assets-USD--2019-09-28,source_dimensions,INCONNU,,"edgar_normalize.py (règles edgar_v1, automatique)",2026-09-28T12:37:37+00:00,doc:0000320193-0000320193-19-000119,D1 : une seule valeur brute pour cette clé
515,facts,0000320193-0000320193-19-000119-us-gaap:Assets-USD--2019-09-28,normalized_concept,,total_assets,"edgar_normalize.py (règles edgar_v1, automatique)",2026-09-28T12:37:37+00:00,doc:0000320193-0000320193-19-000119,R2
516,facts,0000320193-0000320193-19-000119-us-gaap:Assets-USD--2019-09-28,transformation,,aucune,"edgar_normalize.py (règles edgar_v1, automatique)",2026-09-28T12:37:37+00:00,doc:0000320193-0000320193-19-000119,T1
517,facts,0000320193-0000320193-19-000119-us-gaap:Assets-USD--2019-09-28,value,,338516000000,"edgar_normalize.py (règles edgar_v1, automatique)",2026-09-28T12:37:37+00:00,doc:0000320193-0000320193-19-000119,T1
518,facts,0000320193-0000320193-19-000119-us-gaap:Assets-USD--2019-09-28,normalization_justification,,"Règle R2 (edgar_v1) : us-gaap:Assets [USD, instant] -> total_assets. Valeur reprise telle quelle (T1). Dimensions : aucune, déduit (D1). Entrée brute facts/us-gaap/Assets/units/USD/91 (sha256 f2ca6a27b049dbbe…). À confirmer sur l'instance XBRL.","edgar_normalize.py (règles edgar_v1, automatique)",2026-09-28T12:37:37+00:00,doc:0000320193-0000320193-19-000119,R2
519,facts,0000320193-0000320193-20-000010-us-gaap:Assets-USD--2019-09-28,source_context,,companyfacts;entite=CIK0000320193;periode=2019-09-28;segment=aucun(deduit D1),"edgar_normalize.py (règles edgar_v1, automatique)",2026-09-28T12:37:37+00:00,doc:0000320193-0000320193-20-000010,X1
520,facts,0000320193-0000320193-20-000010-us-gaap:Assets-USD--2019-09-28,source_dimensions,INCONNU,,"edgar_normalize.py (règles edgar_v1, automatique)",2026-09-28T12:37:37+00:00,doc:0000320193-0000320193-20-000010,D1 : une seule valeur brute pour cette clé
521,facts,0000320193-0000320193-20-000010-us-gaap:Assets-USD--2019-09-28,normalized_concept,,total_assets,"edgar_normalize.py (règles edgar_v1, automatique)",2026-09-28T12:37:37+00:00,doc:0000320193-0000320193-20-000010,R2
522,facts,0000320193-0000320193-20-000010-us-gaap:Assets-USD--2019-09-28,transformation,,aucune,"edgar_normalize.py (règles edgar_v1, automatique)",2026-09-28T12:37:37+00:00,doc:0000320193-0000320193-20-000010,T1
523,facts,0000320193-0000320193-20-000010-us-gaap:Assets-USD--2019-09-28,value,,338516000000,"edgar_normalize.py (règles edgar_v1, automatique)",2026-09-28T12:37:37+00:00,doc:0000320193-0000320193-20-000010,T1
524,facts,0000320193-0000320193-20-000010-us-gaap:Assets-USD--2019-09-28,normalization_justification,,"Règle R2 (edgar_v1) : us-gaap:Assets [USD, instant] -> total_assets. Valeur reprise telle quelle (T1). Dimensions : aucune, déduit (D1). Entrée brute facts/us-gaap/Assets/units/USD/92 (sha256 65796681d954322f…). À confirmer sur l'instance XBRL.","edgar_normalize.py (règles edgar_v1, automatique)",2026-09-28T12:37:37+00:00,doc:0000320193-0000320193-20-000010,R2
525,facts,0000320193-0000320193-20-000052-us-gaap:Assets-USD--2019-09-28,source_context,,companyfacts;entite=CIK0000320193;periode=2019-09-28;segment=aucun(deduit D1),"edgar_normalize.py (règles edgar_v1, automatique)",2026-09-28T12:37:37+00:00,doc:0000320193-0000320193-20-000052,X1
526,facts,0000320193-0000320193-20-000052-us-gaap:Assets-USD--2019-09-28,source_dimensions,INCONNU,,"edgar_normalize.py (règles edgar_v1, automatique)",2026-09-28T12:37:37+00:00,doc:0000320193-0000320193-20-000052,D1 : une seule valeur brute pour cette clé
527,facts,0000320193-0000320193-20-000052-us-gaap:Assets-USD--2019-09-28,normalized_concept,,total_assets,"edgar_normalize.py (règles edgar_v1, automatique)",2026-09-28T12:37:37+00:00,doc:0000320193-0000320193-20-000052,R2
528,facts,0000320193-0000320193-20-000052-us-gaap:Assets-USD--2019-09-28,transformation,,aucune,"edgar_normalize.py (règles edgar_v1, automatique)",2026-09-28T12:37:37+00:00,doc:0000320193-0000320193-20-000052,T1
529,facts,0000320193-0000320193-20-000052-us-gaap:Assets-USD--2019-09-28,value,,338516000000,"edgar_normalize.py (règles edgar_v1, automatique)",2026-09-28T12:37:37+00:00,doc:0000320193-0000320193-20-000052,T1
530,facts,0000320193-0000320193-20-000052-us-gaap:Assets-USD--2019-09-28,normalization_justification,,"Règle R2 (edgar_v1) : us-gaap:Assets [USD, instant] -> total_assets. Valeur reprise telle quelle (T1). Dimensions : aucune, déduit (D1). Entrée brute facts/us-gaap/Assets/units/USD/93 (sha256 6e608978844d79e4…). À confirmer sur l'instance XBRL.","edgar_normalize.py (règles edgar_v1, automatique)",2026-09-28T12:37:37+00:00,doc:0000320193-0000320193-20-000052,R2
531,facts,0000320193-0000320193-20-000062-us-gaap:Assets-USD--2019-09-28,source_context,,companyfacts;entite=CIK0000320193;periode=2019-09-28;segment=aucun(deduit D1),"edgar_normalize.py (règles edgar_v1, automatique)",2026-09-28T12:37:37+00:00,doc:0000320193-0000320193-20-000062,X1
532,facts,0000320193-0000320193-20-000062-us-gaap:Assets-USD--2019-09-28,source_dimensions,INCONNU,,"edgar_normalize.py (règles edgar_v1, automatique)",2026-09-28T12:37:37+00:00,doc:0000320193-0000320193-20-000062,D1 : une seule valeur brute pour cette clé
533,facts,0000320193-0000320193-20-000062-us-gaap:Assets-USD--2019-09-28,normalized_concept,,total_assets,"edgar_normalize.py (règles edgar_v1, automatique)",2026-09-28T12:37:37+00:00,doc:0000320193-0000320193-20-000062,R2
534,facts,0000320193-0000320193-20-000062-us-gaap:Assets-USD--2019-09-28,transformation,,aucune,"edgar_normalize.py (règles edgar_v1, automatique)",2026-09-28T12:37:37+00:00,doc:0000320193-0000320193-20-000062,T1
535,facts,0000320193-0000320193-20-000062-us-gaap:Assets-USD--2019-09-28,value,,338516000000,"edgar_normalize.py (règles edgar_v1, automatique)",2026-09-28T12:37:37+00:00,doc:0000320193-0000320193-20-000062,T1
536,facts,0000320193-0000320193-20-000062-us-gaap:Assets-USD--2019-09-28,normalization_justification,,"Règle R2 (edgar_v1) : us-gaap:Assets [USD, instant] -> total_assets. Valeur reprise telle quelle (T1). Dimensions : aucune, déduit (D1). Entrée brute facts/us-gaap/Assets/units/USD/94 (sha256 0ee4d6ae31f2e638…). À confirmer sur l'instance XBRL.","edgar_normalize.py (règles edgar_v1, automatique)",2026-09-28T12:37:37+00:00,doc:0000320193-0000320193-20-000062,R2
537,facts,0000320193-0000320193-20-000096-us-gaap:Assets-USD--2019-09-28,source_context,,companyfacts;entite=CIK0000320193;periode=2019-09-28;segment=aucun(deduit D1),"edgar_normalize.py (règles edgar_v1, automatique)",2026-09-28T12:37:37+00:00,doc:0000320193-0000320193-20-000096,X1
538,facts,0000320193-0000320193-20-000096-us-gaap:Assets-USD--2019-09-28,source_dimensions,INCONNU,,"edgar_normalize.py (règles edgar_v1, automatique)",2026-09-28T12:37:37+00:00,doc:0000320193-0000320193-20-000096,D1 : une seule valeur brute pour cette clé
539,facts,0000320193-0000320193-20-000096-us-gaap:Assets-USD--2019-09-28,normalized_concept,,total_assets,"edgar_normalize.py (règles edgar_v1, automatique)",2026-09-28T12:37:37+00:00,doc:0000320193-0000320193-20-000096,R2
540,facts,0000320193-0000320193-20-000096-us-gaap:Assets-USD--2019-09-28,transformation,,aucune,"edgar_normalize.py (règles edgar_v1, automatique)",2026-09-28T12:37:37+00:00,doc:0000320193-0000320193-20-000096,T1
541,facts,0000320193-0000320193-20-000096-us-gaap:Assets-USD--2019-09-28,value,,338516000000,"edgar_normalize.py (règles edgar_v1, automatique)",2026-09-28T12:37:37+00:00,doc:0000320193-0000320193-20-000096,T1
542,facts,0000320193-0000320193-20-000096-us-gaap:Assets-USD--2019-09-28,normalization_justification,,"Règle R2 (edgar_v1) : us-gaap:Assets [USD, instant] -> total_assets. Valeur reprise telle quelle (T1). Dimensions : aucune, déduit (D1). Entrée brute facts/us-gaap/Assets/units/USD/95 (sha256 c01f7f9752a38efc…). À confirmer sur l'instance XBRL.","edgar_normalize.py (règles edgar_v1, automatique)",2026-09-28T12:37:37+00:00,doc:0000320193-0000320193-20-000096,R2
543,facts,0000320193-0000320193-20-000010-us-gaap:Assets-USD--2019-12-28,source_context,,companyfacts;entite=CIK0000320193;periode=2019-12-28;segment=aucun(deduit D1),"edgar_normalize.py (règles edgar_v1, automatique)",2026-09-28T12:37:37+00:00,doc:0000320193-0000320193-20-000010,X1
544,facts,0000320193-0000320193-20-000010-us-gaap:Assets-USD--2019-12-28,source_dimensions,INCONNU,,"edgar_normalize.py (règles edgar_v1, automatique)",2026-09-28T12:37:37+00:00,doc:0000320193-0000320193-20-000010,D1 : une seule valeur brute pour cette clé
545,facts,0000320193-0000320193-20-000010-us-gaap:Assets-USD--2019-12-28,normalized_concept,,total_assets,"edgar_normalize.py (règles edgar_v1, automatique)",2026-09-28T12:37:37+00:00,doc:0000320193-0000320193-20-000010,R2
546,facts,0000320193-0000320193-20-000010-us-gaap:Assets-USD--2019-12-28,transformation,,aucune,"edgar_normalize.py (règles edgar_v1, automatique)",2026-09-28T12:37:37+00:00,doc:0000320193-0000320193-20-000010,T1
547,facts,0000320193-0000320193-20-000010-us-gaap:Assets-USD--2019-12-28,value,,340618000000,"edgar_normalize.py (règles edgar_v1, automatique)",2026-09-28T12:37:37+00:00,doc:0000320193-0000320193-20-000010,T1
548,facts,0000320193-0000320193-20-000010-us-gaap:Assets-USD--2019-12-28,normalization_justification,,"Règle R2 (edgar_v1) : us-gaap:Assets [USD, instant] -> total_assets. Valeur reprise telle quelle (T1). Dimensions : aucune, déduit (D1). Entrée brute facts/us-gaap/Assets/units/USD/96 (sha256 c443b01da8f12e8b…). À confirmer sur l'instance XBRL.","edgar_normalize.py (règles edgar_v1, automatique)",2026-09-28T12:37:37+00:00,doc:0000320193-0000320193-20-000010,R2
549,facts,0000320193-0000320193-20-000052-us-gaap:Assets-USD--2020-03-28,source_context,,companyfacts;entite=CIK0000320193;periode=2020-03-28;segment=aucun(deduit D1),"edgar_normalize.py (règles edgar_v1, automatique)",2026-09-28T12:37:37+00:00,doc:0000320193-0000320193-20-000052,X1
550,facts,0000320193-0000320193-20-000052-us-gaap:Assets-USD--2020-03-28,source_dimensions,INCONNU,,"edgar_normalize.py (règles edgar_v1, automatique)",2026-09-28T12:37:37+00:00,doc:0000320193-0000320193-20-000052,D1 : une seule valeur brute pour cette clé
551,facts,0000320193-0000320193-20-000052-us-gaap:Assets-USD--2020-03-28,normalized_concept,,total_assets,"edgar_normalize.py (règles edgar_v1, automatique)",2026-09-28T12:37:37+00:00,doc:0000320193-0000320193-20-000052,R2
552,facts,0000320193-0000320193-20-000052-us-gaap:Assets-USD--2020-03-28,transformation,,aucune,"edgar_normalize.py (règles edgar_v1, automatique)",2026-09-28T12:37:37+00:00,doc:0000320193-0000320193-20-000052,T1
553,facts,0000320193-0000320193-20-000052-us-gaap:Assets-USD--2020-03-28,value,,320400000000,"edgar_normalize.py (règles edgar_v1, automatique)",2026-09-28T12:37:37+00:00,doc:0000320193-0000320193-20-000052,T1
554,facts,0000320193-0000320193-20-000052-us-gaap:Assets-USD--2020-03-28,normalization_justification,,"Règle R2 (edgar_v1) : us-gaap:Assets [USD, instant] -> total_assets. Valeur reprise telle quelle (T1). Dimensions : aucune, déduit (D1). Entrée brute facts/us-gaap/Assets/units/USD/97 (sha256 35dabbb90b0144c4…). À confirmer sur l'instance XBRL.","edgar_normalize.py (règles edgar_v1, automatique)",2026-09-28T12:37:37+00:00,doc:0000320193-0000320193-20-000052,R2
555,facts,0000320193-0000320193-20-000062-us-gaap:Assets-USD--2020-06-27,source_context,,companyfacts;entite=CIK0000320193;periode=2020-06-27;segment=aucun(deduit D1),"edgar_normalize.py (règles edgar_v1, automatique)",2026-09-28T12:37:37+00:00,doc:0000320193-0000320193-20-000062,X1
556,facts,0000320193-0000320193-20-000062-us-gaap:Assets-USD--2020-06-27,source_dimensions,INCONNU,,"edgar_normalize.py (règles edgar_v1, automatique)",2026-09-28T12:37:37+00:00,doc:0000320193-0000320193-20-000062,D1 : une seule valeur brute pour cette clé
557,facts,0000320193-0000320193-20-000062-us-gaap:Assets-USD--2020-06-27,normalized_concept,,total_assets,"edgar_normalize.py (règles edgar_v1, automatique)",2026-09-28T12:37:37+00:00,doc:0000320193-0000320193-20-000062,R2
558,facts,0000320193-0000320193-20-000062-us-gaap:Assets-USD--2020-06-27,transformation,,aucune,"edgar_normalize.py (règles edgar_v1, automatique)",2026-09-28T12:37:37+00:00,doc:0000320193-0000320193-20-000062,T1
559,facts,0000320193-0000320193-20-000062-us-gaap:Assets-USD--2020-06-27,value,,317344000000,"edgar_normalize.py (règles edgar_v1, automatique)",2026-09-28T12:37:37+00:00,doc:0000320193-0000320193-20-000062,T1
560,facts,0000320193-0000320193-20-000062-us-gaap:Assets-USD--2020-06-27,normalization_justification,,"Règle R2 (edgar_v1) : us-gaap:Assets [USD, instant] -> total_assets. Valeur reprise telle quelle (T1). Dimensions : aucune, déduit (D1). Entrée brute facts/us-gaap/Assets/units/USD/98 (sha256 d950de0ff3908c1b…). À confirmer sur l'instance XBRL.","edgar_normalize.py (règles edgar_v1, automatique)",2026-09-28T12:37:37+00:00,doc:0000320193-0000320193-20-000062,R2
561,facts,0000320193-0000320193-20-000096-us-gaap:Assets-USD--2020-09-26,source_context,,companyfacts;entite=CIK0000320193;periode=2020-09-26;segment=aucun(deduit D1),"edgar_normalize.py (règles edgar_v1, automatique)",2026-09-28T12:37:37+00:00,doc:0000320193-0000320193-20-000096,X1
562,facts,0000320193-0000320193-20-000096-us-gaap:Assets-USD--2020-09-26,source_dimensions,INCONNU,,"edgar_normalize.py (règles edgar_v1, automatique)",2026-09-28T12:37:37+00:00,doc:0000320193-0000320193-20-000096,D1 : une seule valeur brute pour cette clé
563,facts,0000320193-0000320193-20-000096-us-gaap:Assets-USD--2020-09-26,normalized_concept,,total_assets,"edgar_normalize.py (règles edgar_v1, automatique)",2026-09-28T12:37:37+00:00,doc:0000320193-0000320193-20-000096,R2
564,facts,0000320193-0000320193-20-000096-us-gaap:Assets-USD--2020-09-26,transformation,,aucune,"edgar_normalize.py (règles edgar_v1, automatique)",2026-09-28T12:37:37+00:00,doc:0000320193-0000320193-20-000096,T1
565,facts,0000320193-0000320193-20-000096-us-gaap:Assets-USD--2020-09-26,value,,323888000000,"edgar_normalize.py (règles edgar_v1, automatique)",2026-09-28T12:37:37+00:00,doc:0000320193-0000320193-20-000096,T1
566,facts,0000320193-0000320193-20-000096-us-gaap:Assets-USD--2020-09-26,normalization_justification,,"Règle R2 (edgar_v1) : us-gaap:Assets [USD, instant] -> total_assets. Valeur reprise telle quelle (T1). Dimensions : aucune, déduit (D1). Entrée brute facts/us-gaap/Assets/units/USD/99 (sha256 acc33b1679e7cca5…). À confirmer sur l'instance XBRL.","edgar_normalize.py (règles edgar_v1, automatique)",2026-09-28T12:37:37+00:00,doc:0000320193-0000320193-20-000096,R2
567,facts,0000320193-0000320193-21-000010-us-gaap:Assets-USD--2020-09-26,source_context,,companyfacts;entite=CIK0000320193;periode=2020-09-26;segment=aucun(deduit D1),"edgar_normalize.py (règles edgar_v1, automatique)",2026-09-28T12:37:37+00:00,doc:0000320193-0000320193-21-000010,X1
568,facts,0000320193-0000320193-21-000010-us-gaap:Assets-USD--2020-09-26,source_dimensions,INCONNU,,"edgar_normalize.py (règles edgar_v1, automatique)",2026-09-28T12:37:37+00:00,doc:0000320193-0000320193-21-000010,D1 : une seule valeur brute pour cette clé
569,facts,0000320193-0000320193-21-000010-us-gaap:Assets-USD--2020-09-26,normalized_concept,,total_assets,"edgar_normalize.py (règles edgar_v1, automatique)",2026-09-28T12:37:37+00:00,doc:0000320193-0000320193-21-000010,R2
570,facts,0000320193-0000320193-21-000010-us-gaap:Assets-USD--2020-09-26,transformation,,aucune,"edgar_normalize.py (règles edgar_v1, automatique)",2026-09-28T12:37:37+00:00,doc:0000320193-0000320193-21-000010,T1
571,facts,0000320193-0000320193-21-000010-us-gaap:Assets-USD--2020-09-26,value,,323888000000,"edgar_normalize.py (règles edgar_v1, automatique)",2026-09-28T12:37:37+00:00,doc:0000320193-0000320193-21-000010,T1
572,facts,0000320193-0000320193-21-000010-us-gaap:Assets-USD--2020-09-26,normalization_justification,,"Règle R2 (edgar_v1) : us-gaap:Assets [USD, instant] -> total_assets. Valeur reprise telle quelle (T1). Dimensions : aucune, déduit (D1). Entrée brute facts/us-gaap/Assets/units/USD/100 (sha256 2de0420784dd4d0a…). À confirmer sur l'instance XBRL.","edgar_normalize.py (règles edgar_v1, automatique)",2026-09-28T12:37:37+00:00,doc:0000320193-0000320193-21-000010,R2
573,facts,0000320193-0000320193-21-000056-us-gaap:Assets-USD--2020-09-26,source_context,,companyfacts;entite=CIK0000320193;periode=2020-09-26;segment=aucun(deduit D1),"edgar_normalize.py (règles edgar_v1, automatique)",2026-09-28T12:37:37+00:00,doc:0000320193-0000320193-21-000056,X1
574,facts,0000320193-0000320193-21-000056-us-gaap:Assets-USD--2020-09-26,source_dimensions,INCONNU,,"edgar_normalize.py (règles edgar_v1, automatique)",2026-09-28T12:37:37+00:00,doc:0000320193-0000320193-21-000056,D1 : une seule valeur brute pour cette clé
575,facts,0000320193-0000320193-21-000056-us-gaap:Assets-USD--2020-09-26,normalized_concept,,total_assets,"edgar_normalize.py (règles edgar_v1, automatique)",2026-09-28T12:37:37+00:00,doc:0000320193-0000320193-21-000056,R2
576,facts,0000320193-0000320193-21-000056-us-gaap:Assets-USD--2020-09-26,transformation,,aucune,"edgar_normalize.py (règles edgar_v1, automatique)",2026-09-28T12:37:37+00:00,doc:0000320193-0000320193-21-000056,T1
577,facts,0000320193-0000320193-21-000056-us-gaap:Assets-USD--2020-09-26,value,,323888000000,"edgar_normalize.py (règles edgar_v1, automatique)",2026-09-28T12:37:37+00:00,doc:0000320193-0000320193-21-000056,T1
578,facts,0000320193-0000320193-21-000056-us-gaap:Assets-USD--2020-09-26,normalization_justification,,"Règle R2 (edgar_v1) : us-gaap:Assets [USD, instant] -> total_assets. Valeur reprise telle quelle (T1). Dimensions : aucune, déduit (D1). Entrée brute facts/us-gaap/Assets/units/USD/101 (sha256 7250709169206c65…). À confirmer sur l'instance XBRL.","edgar_normalize.py (règles edgar_v1, automatique)",2026-09-28T12:37:37+00:00,doc:0000320193-0000320193-21-000056,R2
579,facts,0000320193-0000320193-21-000065-us-gaap:Assets-USD--2020-09-26,source_context,,companyfacts;entite=CIK0000320193;periode=2020-09-26;segment=aucun(deduit D1),"edgar_normalize.py (règles edgar_v1, automatique)",2026-09-28T12:37:37+00:00,doc:0000320193-0000320193-21-000065,X1
580,facts,0000320193-0000320193-21-000065-us-gaap:Assets-USD--2020-09-26,source_dimensions,INCONNU,,"edgar_normalize.py (règles edgar_v1, automatique)",2026-09-28T12:37:37+00:00,doc:0000320193-0000320193-21-000065,D1 : une seule valeur brute pour cette clé
581,facts,0000320193-0000320193-21-000065-us-gaap:Assets-USD--2020-09-26,normalized_concept,,total_assets,"edgar_normalize.py (règles edgar_v1, automatique)",2026-09-28T12:37:37+00:00,doc:0000320193-0000320193-21-000065,R2
582,facts,0000320193-0000320193-21-000065-us-gaap:Assets-USD--2020-09-26,transformation,,aucune,"edgar_normalize.py (règles edgar_v1, automatique)",2026-09-28T12:37:37+00:00,doc:0000320193-0000320193-21-000065,T1
583,facts,0000320193-0000320193-21-000065-us-gaap:Assets-USD--2020-09-26,value,,323888000000,"edgar_normalize.py (règles edgar_v1, automatique)",2026-09-28T12:37:37+00:00,doc:0000320193-0000320193-21-000065,T1
584,facts,0000320193-0000320193-21-000065-us-gaap:Assets-USD--2020-09-26,normalization_justification,,"Règle R2 (edgar_v1) : us-gaap:Assets [USD, instant] -> total_assets. Valeur reprise telle quelle (T1). Dimensions : aucune, déduit (D1). Entrée brute facts/us-gaap/Assets/units/USD/102 (sha256 5fcaa08773cdcf54…). À confirmer sur l'instance XBRL.","edgar_normalize.py (règles edgar_v1, automatique)",2026-09-28T12:37:37+00:00,doc:0000320193-0000320193-21-000065,R2
585,facts,0000320193-0000320193-21-000105-us-gaap:Assets-USD--2020-09-26,source_context,,companyfacts;entite=CIK0000320193;periode=2020-09-26;segment=aucun(deduit D1),"edgar_normalize.py (règles edgar_v1, automatique)",2026-09-28T12:37:37+00:00,doc:0000320193-0000320193-21-000105,X1
586,facts,0000320193-0000320193-21-000105-us-gaap:Assets-USD--2020-09-26,source_dimensions,INCONNU,,"edgar_normalize.py (règles edgar_v1, automatique)",2026-09-28T12:37:37+00:00,doc:0000320193-0000320193-21-000105,D1 : une seule valeur brute pour cette clé
587,facts,0000320193-0000320193-21-000105-us-gaap:Assets-USD--2020-09-26,normalized_concept,,total_assets,"edgar_normalize.py (règles edgar_v1, automatique)",2026-09-28T12:37:37+00:00,doc:0000320193-0000320193-21-000105,R2
588,facts,0000320193-0000320193-21-000105-us-gaap:Assets-USD--2020-09-26,transformation,,aucune,"edgar_normalize.py (règles edgar_v1, automatique)",2026-09-28T12:37:37+00:00,doc:0000320193-0000320193-21-000105,T1
589,facts,0000320193-0000320193-21-000105-us-gaap:Assets-USD--2020-09-26,value,,323888000000,"edgar_normalize.py (règles edgar_v1, automatique)",2026-09-28T12:37:37+00:00,doc:0000320193-0000320193-21-000105,T1
590,facts,0000320193-0000320193-21-000105-us-gaap:Assets-USD--2020-09-26,normalization_justification,,"Règle R2 (edgar_v1) : us-gaap:Assets [USD, instant] -> total_assets. Valeur reprise telle quelle (T1). Dimensions : aucune, déduit (D1). Entrée brute facts/us-gaap/Assets/units/USD/103 (sha256 60fdc1ab4eb45f20…). À confirmer sur l'instance XBRL.","edgar_normalize.py (règles edgar_v1, automatique)",2026-09-28T12:37:37+00:00,doc:0000320193-0000320193-21-000105,R2
591,facts,0000320193-0000320193-21-000010-us-gaap:Assets-USD--2020-12-26,source_context,,companyfacts;entite=CIK0000320193;periode=2020-12-26;segment=aucun(deduit D1),"edgar_normalize.py (règles edgar_v1, automatique)",2026-09-28T12:37:37+00:00,doc:0000320193-0000320193-21-000010,X1
592,facts,0000320193-0000320193-21-000010-us-gaap:Assets-USD--2020-12-26,source_dimensions,INCONNU,,"edgar_normalize.py (règles edgar_v1, automatique)",2026-09-28T12:37:37+00:00,doc:0000320193-0000320193-21-000010,D1 : une seule valeur brute pour cette clé
593,facts,0000320193-0000320193-21-000010-us-gaap:Assets-USD--2020-12-26,normalized_concept,,total_assets,"edgar_normalize.py (règles edgar_v1, automatique)",2026-09-28T12:37:37+00:00,doc:0000320193-0000320193-21-000010,R2
594,facts,0000320193-0000320193-21-000010-us-gaap:Assets-USD--2020-12-26,transformation,,aucune,"edgar_normalize.py (règles edgar_v1, automatique)",2026-09-28T12:37:37+00:00,doc:0000320193-0000320193-21-000010,T1
595,facts,0000320193-0000320193-21-000010-us-gaap:Assets-USD--2020-12-26,value,,354054000000,"edgar_normalize.py (règles edgar_v1, automatique)",2026-09-28T12:37:37+00:00,doc:0000320193-0000320193-21-000010,T1
596,facts,0000320193-0000320193-21-000010-us-gaap:Assets-USD--2020-12-26,normalization_justification,,"Règle R2 (edgar_v1) : us-gaap:Assets [USD, instant] -> total_assets. Valeur reprise telle quelle (T1). Dimensions : aucune, déduit (D1). Entrée brute facts/us-gaap/Assets/units/USD/104 (sha256 0b5ce8fcf9af2833…). À confirmer sur l'instance XBRL.","edgar_normalize.py (règles edgar_v1, automatique)",2026-09-28T12:37:37+00:00,doc:0000320193-0000320193-21-000010,R2
597,facts,0000320193-0000320193-21-000056-us-gaap:Assets-USD--2021-03-27,source_context,,companyfacts;entite=CIK0000320193;periode=2021-03-27;segment=aucun(deduit D1),"edgar_normalize.py (règles edgar_v1, automatique)",2026-09-28T12:37:37+00:00,doc:0000320193-0000320193-21-000056,X1
598,facts,0000320193-0000320193-21-000056-us-gaap:Assets-USD--2021-03-27,source_dimensions,INCONNU,,"edgar_normalize.py (règles edgar_v1, automatique)",2026-09-28T12:37:37+00:00,doc:0000320193-0000320193-21-000056,D1 : une seule valeur brute pour cette clé
599,facts,0000320193-0000320193-21-000056-us-gaap:Assets-USD--2021-03-27,normalized_concept,,total_assets,"edgar_normalize.py (règles edgar_v1, automatique)",2026-09-28T12:37:37+00:00,doc:0000320193-0000320193-21-000056,R2
600,facts,0000320193-0000320193-21-000056-us-gaap:Assets-USD--2021-03-27,transformation,,aucune,"edgar_normalize.py (règles edgar_v1, automatique)",2026-09-28T12:37:37+00:00,doc:0000320193-0000320193-21-000056,T1
601,facts,0000320193-0000320193-21-000056-us-gaap:Assets-USD--2021-03-27,value,,337158000000,"edgar_normalize.py (règles edgar_v1, automatique)",2026-09-28T12:37:37+00:00,doc:0000320193-0000320193-21-000056,T1
602,facts,0000320193-0000320193-21-000056-us-gaap:Assets-USD--2021-03-27,normalization_justification,,"Règle R2 (edgar_v1) : us-gaap:Assets [USD, instant] -> total_assets. Valeur reprise telle quelle (T1). Dimensions : aucune, déduit (D1). Entrée brute facts/us-gaap/Assets/units/USD/105 (sha256 abe31f652b331da9…). À confirmer sur l'instance XBRL.","edgar_normalize.py (règles edgar_v1, automatique)",2026-09-28T12:37:37+00:00,doc:0000320193-0000320193-21-000056,R2
603,facts,0000320193-0000320193-21-000065-us-gaap:Assets-USD--2021-06-26,source_context,,companyfacts;entite=CIK0000320193;periode=2021-06-26;segment=aucun(deduit D1),"edgar_normalize.py (règles edgar_v1, automatique)",2026-09-28T12:37:37+00:00,doc:0000320193-0000320193-21-000065,X1
604,facts,0000320193-0000320193-21-000065-us-gaap:Assets-USD--2021-06-26,source_dimensions,INCONNU,,"edgar_normalize.py (règles edgar_v1, automatique)",2026-09-28T12:37:37+00:00,doc:0000320193-0000320193-21-000065,D1 : une seule valeur brute pour cette clé
605,facts,0000320193-0000320193-21-000065-us-gaap:Assets-USD--2021-06-26,normalized_concept,,total_assets,"edgar_normalize.py (règles edgar_v1, automatique)",2026-09-28T12:37:37+00:00,doc:0000320193-0000320193-21-000065,R2
606,facts,0000320193-0000320193-21-000065-us-gaap:Assets-USD--2021-06-26,transformation,,aucune,"edgar_normalize.py (règles edgar_v1, automatique)",2026-09-28T12:37:37+00:00,doc:0000320193-0000320193-21-000065,T1
607,facts,0000320193-0000320193-21-000065-us-gaap:Assets-USD--2021-06-26,value,,329840000000,"edgar_normalize.py (règles edgar_v1, automatique)",2026-09-28T12:37:37+00:00,doc:0000320193-0000320193-21-000065,T1
608,facts,0000320193-0000320193-21-000065-us-gaap:Assets-USD--2021-06-26,normalization_justification,,"Règle R2 (edgar_v1) : us-gaap:Assets [USD, instant] -> total_assets. Valeur reprise telle quelle (T1). Dimensions : aucune, déduit (D1). Entrée brute facts/us-gaap/Assets/units/USD/106 (sha256 fd4ff68d5d3748a4…). À confirmer sur l'instance XBRL.","edgar_normalize.py (règles edgar_v1, automatique)",2026-09-28T12:37:37+00:00,doc:0000320193-0000320193-21-000065,R2
609,facts,0000320193-0000320193-21-000105-us-gaap:Assets-USD--2021-09-25,source_context,,companyfacts;entite=CIK0000320193;periode=2021-09-25;segment=aucun(deduit D1),"edgar_normalize.py (règles edgar_v1, automatique)",2026-09-28T12:37:37+00:00,doc:0000320193-0000320193-21-000105,X1
610,facts,0000320193-0000320193-21-000105-us-gaap:Assets-USD--2021-09-25,source_dimensions,INCONNU,,"edgar_normalize.py (règles edgar_v1, automatique)",2026-09-28T12:37:37+00:00,doc:0000320193-0000320193-21-000105,D1 : une seule valeur brute pour cette clé
611,facts,0000320193-0000320193-21-000105-us-gaap:Assets-USD--2021-09-25,normalized_concept,,total_assets,"edgar_normalize.py (règles edgar_v1, automatique)",2026-09-28T12:37:37+00:00,doc:0000320193-0000320193-21-000105,R2
612,facts,0000320193-0000320193-21-000105-us-gaap:Assets-USD--2021-09-25,transformation,,aucune,"edgar_normalize.py (règles edgar_v1, automatique)",2026-09-28T12:37:37+00:00,doc:0000320193-0000320193-21-000105,T1
613,facts,0000320193-0000320193-21-000105-us-gaap:Assets-USD--2021-09-25,value,,351002000000,"edgar_normalize.py (règles edgar_v1, automatique)",2026-09-28T12:37:37+00:00,doc:0000320193-0000320193-21-000105,T1
614,facts,0000320193-0000320193-21-000105-us-gaap:Assets-USD--2021-09-25,normalization_justification,,"Règle R2 (edgar_v1) : us-gaap:Assets [USD, instant] -> total_assets. Valeur reprise telle quelle (T1). Dimensions : aucune, déduit (D1). Entrée brute facts/us-gaap/Assets/units/USD/107 (sha256 cc0a7cbb0410dc29…). À confirmer sur l'instance XBRL.","edgar_normalize.py (règles edgar_v1, automatique)",2026-09-28T12:37:37+00:00,doc:0000320193-0000320193-21-000105,R2
615,facts,0000320193-0000320193-22-000007-us-gaap:Assets-USD--2021-09-25,source_context,,companyfacts;entite=CIK0000320193;periode=2021-09-25;segment=aucun(deduit D1),"edgar_normalize.py (règles edgar_v1, automatique)",2026-09-28T12:37:37+00:00,doc:0000320193-0000320193-22-000007,X1
616,facts,0000320193-0000320193-22-000007-us-gaap:Assets-USD--2021-09-25,source_dimensions,INCONNU,,"edgar_normalize.py (règles edgar_v1, automatique)",2026-09-28T12:37:37+00:00,doc:0000320193-0000320193-22-000007,D1 : une seule valeur brute pour cette clé
617,facts,0000320193-0000320193-22-000007-us-gaap:Assets-USD--2021-09-25,normalized_concept,,total_assets,"edgar_normalize.py (règles edgar_v1, automatique)",2026-09-28T12:37:37+00:00,doc:0000320193-0000320193-22-000007,R2
618,facts,0000320193-0000320193-22-000007-us-gaap:Assets-USD--2021-09-25,transformation,,aucune,"edgar_normalize.py (règles edgar_v1, automatique)",2026-09-28T12:37:37+00:00,doc:0000320193-0000320193-22-000007,T1
619,facts,0000320193-0000320193-22-000007-us-gaap:Assets-USD--2021-09-25,value,,351002000000,"edgar_normalize.py (règles edgar_v1, automatique)",2026-09-28T12:37:37+00:00,doc:0000320193-0000320193-22-000007,T1
620,facts,0000320193-0000320193-22-000007-us-gaap:Assets-USD--2021-09-25,normalization_justification,,"Règle R2 (edgar_v1) : us-gaap:Assets [USD, instant] -> total_assets. Valeur reprise telle quelle (T1). Dimensions : aucune, déduit (D1). Entrée brute facts/us-gaap/Assets/units/USD/108 (sha256 ca486018d8aa5836…). À confirmer sur l'instance XBRL.","edgar_normalize.py (règles edgar_v1, automatique)",2026-09-28T12:37:37+00:00,doc:0000320193-0000320193-22-000007,R2
621,facts,0000320193-0000320193-22-000059-us-gaap:Assets-USD--2021-09-25,source_context,,companyfacts;entite=CIK0000320193;periode=2021-09-25;segment=aucun(deduit D1),"edgar_normalize.py (règles edgar_v1, automatique)",2026-09-28T12:37:37+00:00,doc:0000320193-0000320193-22-000059,X1
622,facts,0000320193-0000320193-22-000059-us-gaap:Assets-USD--2021-09-25,source_dimensions,INCONNU,,"edgar_normalize.py (règles edgar_v1, automatique)",2026-09-28T12:37:37+00:00,doc:0000320193-0000320193-22-000059,D1 : une seule valeur brute pour cette clé
623,facts,0000320193-0000320193-22-000059-us-gaap:Assets-USD--2021-09-25,normalized_concept,,total_assets,"edgar_normalize.py (règles edgar_v1, automatique)",2026-09-28T12:37:37+00:00,doc:0000320193-0000320193-22-000059,R2
624,facts,0000320193-0000320193-22-000059-us-gaap:Assets-USD--2021-09-25,transformation,,aucune,"edgar_normalize.py (règles edgar_v1, automatique)",2026-09-28T12:37:37+00:00,doc:0000320193-0000320193-22-000059,T1
625,facts,0000320193-0000320193-22-000059-us-gaap:Assets-USD--2021-09-25,value,,351002000000,"edgar_normalize.py (règles edgar_v1, automatique)",2026-09-28T12:37:37+00:00,doc:0000320193-0000320193-22-000059,T1
626,facts,0000320193-0000320193-22-000059-us-gaap:Assets-USD--2021-09-25,normalization_justification,,"Règle R2 (edgar_v1) : us-gaap:Assets [USD, instant] -> total_assets. Valeur reprise telle quelle (T1). Dimensions : aucune, déduit (D1). Entrée brute facts/us-gaap/Assets/units/USD/109 (sha256 8f593db512850420…). À confirmer sur l'instance XBRL.","edgar_normalize.py (règles edgar_v1, automatique)",2026-09-28T12:37:37+00:00,doc:0000320193-0000320193-22-000059,R2
627,facts,0000320193-0000320193-22-000070-us-gaap:Assets-USD--2021-09-25,source_context,,companyfacts;entite=CIK0000320193;periode=2021-09-25;segment=aucun(deduit D1),"edgar_normalize.py (règles edgar_v1, automatique)",2026-09-28T12:37:37+00:00,doc:0000320193-0000320193-22-000070,X1
628,facts,0000320193-0000320193-22-000070-us-gaap:Assets-USD--2021-09-25,source_dimensions,INCONNU,,"edgar_normalize.py (règles edgar_v1, automatique)",2026-09-28T12:37:37+00:00,doc:0000320193-0000320193-22-000070,D1 : une seule valeur brute pour cette clé
629,facts,0000320193-0000320193-22-000070-us-gaap:Assets-USD--2021-09-25,normalized_concept,,total_assets,"edgar_normalize.py (règles edgar_v1, automatique)",2026-09-28T12:37:37+00:00,doc:0000320193-0000320193-22-000070,R2
630,facts,0000320193-0000320193-22-000070-us-gaap:Assets-USD--2021-09-25,transformation,,aucune,"edgar_normalize.py (règles edgar_v1, automatique)",2026-09-28T12:37:37+00:00,doc:0000320193-0000320193-22-000070,T1
631,facts,0000320193-0000320193-22-000070-us-gaap:Assets-USD--2021-09-25,value,,351002000000,"edgar_normalize.py (règles edgar_v1, automatique)",2026-09-28T12:37:37+00:00,doc:0000320193-0000320193-22-000070,T1
632,facts,0000320193-0000320193-22-000070-us-gaap:Assets-USD--2021-09-25,normalization_justification,,"Règle R2 (edgar_v1) : us-gaap:Assets [USD, instant] -> total_assets. Valeur reprise telle quelle (T1). Dimensions : aucune, déduit (D1). Entrée brute facts/us-gaap/Assets/units/USD/110 (sha256 1c26440ad99c02fa…). À confirmer sur l'instance XBRL.","edgar_normalize.py (règles edgar_v1, automatique)",2026-09-28T12:37:37+00:00,doc:0000320193-0000320193-22-000070,R2
633,facts,0000320193-0000320193-22-000108-us-gaap:Assets-USD--2021-09-25,source_context,,companyfacts;entite=CIK0000320193;periode=2021-09-25;segment=aucun(deduit D1),"edgar_normalize.py (règles edgar_v1, automatique)",2026-09-28T12:37:37+00:00,doc:0000320193-0000320193-22-000108,X1
634,facts,0000320193-0000320193-22-000108-us-gaap:Assets-USD--2021-09-25,source_dimensions,INCONNU,,"edgar_normalize.py (règles edgar_v1, automatique)",2026-09-28T12:37:37+00:00,doc:0000320193-0000320193-22-000108,D1 : une seule valeur brute pour cette clé
635,facts,0000320193-0000320193-22-000108-us-gaap:Assets-USD--2021-09-25,normalized_concept,,total_assets,"edgar_normalize.py (règles edgar_v1, automatique)",2026-09-28T12:37:37+00:00,doc:0000320193-0000320193-22-000108,R2
636,facts,0000320193-0000320193-22-000108-us-gaap:Assets-USD--2021-09-25,transformation,,aucune,"edgar_normalize.py (règles edgar_v1, automatique)",2026-09-28T12:37:37+00:00,doc:0000320193-0000320193-22-000108,T1
637,facts,0000320193-0000320193-22-000108-us-gaap:Assets-USD--2021-09-25,value,,351002000000,"edgar_normalize.py (règles edgar_v1, automatique)",2026-09-28T12:37:37+00:00,doc:0000320193-0000320193-22-000108,T1
638,facts,0000320193-0000320193-22-000108-us-gaap:Assets-USD--2021-09-25,normalization_justification,,"Règle R2 (edgar_v1) : us-gaap:Assets [USD, instant] -> total_assets. Valeur reprise telle quelle (T1). Dimensions : aucune, déduit (D1). Entrée brute facts/us-gaap/Assets/units/USD/111 (sha256 e9de60047a4c401b…). À confirmer sur l'instance XBRL.","edgar_normalize.py (règles edgar_v1, automatique)",2026-09-28T12:37:37+00:00,doc:0000320193-0000320193-22-000108,R2
639,facts,0000320193-0000320193-22-000007-us-gaap:Assets-USD--2021-12-25,source_context,,companyfacts;entite=CIK0000320193;periode=2021-12-25;segment=aucun(deduit D1),"edgar_normalize.py (règles edgar_v1, automatique)",2026-09-28T12:37:37+00:00,doc:0000320193-0000320193-22-000007,X1
640,facts,0000320193-0000320193-22-000007-us-gaap:Assets-USD--2021-12-25,source_dimensions,INCONNU,,"edgar_normalize.py (règles edgar_v1, automatique)",2026-09-28T12:37:37+00:00,doc:0000320193-0000320193-22-000007,D1 : une seule valeur brute pour cette clé
641,facts,0000320193-0000320193-22-000007-us-gaap:Assets-USD--2021-12-25,normalized_concept,,total_assets,"edgar_normalize.py (règles edgar_v1, automatique)",2026-09-28T12:37:37+00:00,doc:0000320193-0000320193-22-000007,R2
642,facts,0000320193-0000320193-22-000007-us-gaap:Assets-USD--2021-12-25,transformation,,aucune,"edgar_normalize.py (règles edgar_v1, automatique)",2026-09-28T12:37:37+00:00,doc:0000320193-0000320193-22-000007,T1
643,facts,0000320193-0000320193-22-000007-us-gaap:Assets-USD--2021-12-25,value,,381191000000,"edgar_normalize.py (règles edgar_v1, automatique)",2026-09-28T12:37:37+00:00,doc:0000320193-0000320193-22-000007,T1
644,facts,0000320193-0000320193-22-000007-us-gaap:Assets-USD--2021-12-25,normalization_justification,,"Règle R2 (edgar_v1) : us-gaap:Assets [USD, instant] -> total_assets. Valeur reprise telle quelle (T1). Dimensions : aucune, déduit (D1). Entrée brute facts/us-gaap/Assets/units/USD/112 (sha256 f0d6499217c30e00…). À confirmer sur l'instance XBRL.","edgar_normalize.py (règles edgar_v1, automatique)",2026-09-28T12:37:37+00:00,doc:0000320193-0000320193-22-000007,R2
645,facts,0000320193-0000320193-22-000059-us-gaap:Assets-USD--2022-03-26,source_context,,companyfacts;entite=CIK0000320193;periode=2022-03-26;segment=aucun(deduit D1),"edgar_normalize.py (règles edgar_v1, automatique)",2026-09-28T12:37:37+00:00,doc:0000320193-0000320193-22-000059,X1
646,facts,0000320193-0000320193-22-000059-us-gaap:Assets-USD--2022-03-26,source_dimensions,INCONNU,,"edgar_normalize.py (règles edgar_v1, automatique)",2026-09-28T12:37:37+00:00,doc:0000320193-0000320193-22-000059,D1 : une seule valeur brute pour cette clé
647,facts,0000320193-0000320193-22-000059-us-gaap:Assets-USD--2022-03-26,normalized_concept,,total_assets,"edgar_normalize.py (règles edgar_v1, automatique)",2026-09-28T12:37:37+00:00,doc:0000320193-0000320193-22-000059,R2
648,facts,0000320193-0000320193-22-000059-us-gaap:Assets-USD--2022-03-26,transformation,,aucune,"edgar_normalize.py (règles edgar_v1, automatique)",2026-09-28T12:37:37+00:00,doc:0000320193-0000320193-22-000059,T1
649,facts,0000320193-0000320193-22-000059-us-gaap:Assets-USD--2022-03-26,value,,350662000000,"edgar_normalize.py (règles edgar_v1, automatique)",2026-09-28T12:37:37+00:00,doc:0000320193-0000320193-22-000059,T1
650,facts,0000320193-0000320193-22-000059-us-gaap:Assets-USD--2022-03-26,normalization_justification,,"Règle R2 (edgar_v1) : us-gaap:Assets [USD, instant] -> total_assets. Valeur reprise telle quelle (T1). Dimensions : aucune, déduit (D1). Entrée brute facts/us-gaap/Assets/units/USD/113 (sha256 d8189e6baeae9425…). À confirmer sur l'instance XBRL.","edgar_normalize.py (règles edgar_v1, automatique)",2026-09-28T12:37:37+00:00,doc:0000320193-0000320193-22-000059,R2
651,facts,0000320193-0000320193-22-000070-us-gaap:Assets-USD--2022-06-25,source_context,,companyfacts;entite=CIK0000320193;periode=2022-06-25;segment=aucun(deduit D1),"edgar_normalize.py (règles edgar_v1, automatique)",2026-09-28T12:37:37+00:00,doc:0000320193-0000320193-22-000070,X1
652,facts,0000320193-0000320193-22-000070-us-gaap:Assets-USD--2022-06-25,source_dimensions,INCONNU,,"edgar_normalize.py (règles edgar_v1, automatique)",2026-09-28T12:37:37+00:00,doc:0000320193-0000320193-22-000070,D1 : une seule valeur brute pour cette clé
653,facts,0000320193-0000320193-22-000070-us-gaap:Assets-USD--2022-06-25,normalized_concept,,total_assets,"edgar_normalize.py (règles edgar_v1, automatique)",2026-09-28T12:37:37+00:00,doc:0000320193-0000320193-22-000070,R2
654,facts,0000320193-0000320193-22-000070-us-gaap:Assets-USD--2022-06-25,transformation,,aucune,"edgar_normalize.py (règles edgar_v1, automatique)",2026-09-28T12:37:37+00:00,doc:0000320193-0000320193-22-000070,T1
655,facts,0000320193-0000320193-22-000070-us-gaap:Assets-USD--2022-06-25,value,,336309000000,"edgar_normalize.py (règles edgar_v1, automatique)",2026-09-28T12:37:37+00:00,doc:0000320193-0000320193-22-000070,T1
656,facts,0000320193-0000320193-22-000070-us-gaap:Assets-USD--2022-06-25,normalization_justification,,"Règle R2 (edgar_v1) : us-gaap:Assets [USD, instant] -> total_assets. Valeur reprise telle quelle (T1). Dimensions : aucune, déduit (D1). Entrée brute facts/us-gaap/Assets/units/USD/114 (sha256 4e3b6c85ae444af0…). À confirmer sur l'instance XBRL.","edgar_normalize.py (règles edgar_v1, automatique)",2026-09-28T12:37:37+00:00,doc:0000320193-0000320193-22-000070,R2
657,facts,0000320193-0000320193-22-000108-us-gaap:Assets-USD--2022-09-24,source_context,,companyfacts;entite=CIK0000320193;periode=2022-09-24;segment=aucun(deduit D1),"edgar_normalize.py (règles edgar_v1, automatique)",2026-09-28T12:37:37+00:00,doc:0000320193-0000320193-22-000108,X1
658,facts,0000320193-0000320193-22-000108-us-gaap:Assets-USD--2022-09-24,source_dimensions,INCONNU,,"edgar_normalize.py (règles edgar_v1, automatique)",2026-09-28T12:37:37+00:00,doc:0000320193-0000320193-22-000108,D1 : une seule valeur brute pour cette clé
659,facts,0000320193-0000320193-22-000108-us-gaap:Assets-USD--2022-09-24,normalized_concept,,total_assets,"edgar_normalize.py (règles edgar_v1, automatique)",2026-09-28T12:37:37+00:00,doc:0000320193-0000320193-22-000108,R2
660,facts,0000320193-0000320193-22-000108-us-gaap:Assets-USD--2022-09-24,transformation,,aucune,"edgar_normalize.py (règles edgar_v1, automatique)",2026-09-28T12:37:37+00:00,doc:0000320193-0000320193-22-000108,T1
661,facts,0000320193-0000320193-22-000108-us-gaap:Assets-USD--2022-09-24,value,,352755000000,"edgar_normalize.py (règles edgar_v1, automatique)",2026-09-28T12:37:37+00:00,doc:0000320193-0000320193-22-000108,T1
662,facts,0000320193-0000320193-22-000108-us-gaap:Assets-USD--2022-09-24,normalization_justification,,"Règle R2 (edgar_v1) : us-gaap:Assets [USD, instant] -> total_assets. Valeur reprise telle quelle (T1). Dimensions : aucune, déduit (D1). Entrée brute facts/us-gaap/Assets/units/USD/115 (sha256 c13748746202fa6f…). À confirmer sur l'instance XBRL.","edgar_normalize.py (règles edgar_v1, automatique)",2026-09-28T12:37:37+00:00,doc:0000320193-0000320193-22-000108,R2
663,facts,0000320193-0000320193-23-000006-us-gaap:Assets-USD--2022-09-24,source_context,,companyfacts;entite=CIK0000320193;periode=2022-09-24;segment=aucun(deduit D1),"edgar_normalize.py (règles edgar_v1, automatique)",2026-09-28T12:37:37+00:00,doc:0000320193-0000320193-23-000006,X1
664,facts,0000320193-0000320193-23-000006-us-gaap:Assets-USD--2022-09-24,source_dimensions,INCONNU,,"edgar_normalize.py (règles edgar_v1, automatique)",2026-09-28T12:37:37+00:00,doc:0000320193-0000320193-23-000006,D1 : une seule valeur brute pour cette clé
665,facts,0000320193-0000320193-23-000006-us-gaap:Assets-USD--2022-09-24,normalized_concept,,total_assets,"edgar_normalize.py (règles edgar_v1, automatique)",2026-09-28T12:37:37+00:00,doc:0000320193-0000320193-23-000006,R2
666,facts,0000320193-0000320193-23-000006-us-gaap:Assets-USD--2022-09-24,transformation,,aucune,"edgar_normalize.py (règles edgar_v1, automatique)",2026-09-28T12:37:37+00:00,doc:0000320193-0000320193-23-000006,T1
667,facts,0000320193-0000320193-23-000006-us-gaap:Assets-USD--2022-09-24,value,,352755000000,"edgar_normalize.py (règles edgar_v1, automatique)",2026-09-28T12:37:37+00:00,doc:0000320193-0000320193-23-000006,T1
668,facts,0000320193-0000320193-23-000006-us-gaap:Assets-USD--2022-09-24,normalization_justification,,"Règle R2 (edgar_v1) : us-gaap:Assets [USD, instant] -> total_assets. Valeur reprise telle quelle (T1). Dimensions : aucune, déduit (D1). Entrée brute facts/us-gaap/Assets/units/USD/116 (sha256 6abbee6495898e90…). À confirmer sur l'instance XBRL.","edgar_normalize.py (règles edgar_v1, automatique)",2026-09-28T12:37:37+00:00,doc:0000320193-0000320193-23-000006,R2
669,facts,0000320193-0000320193-23-000064-us-gaap:Assets-USD--2022-09-24,source_context,,companyfacts;entite=CIK0000320193;periode=2022-09-24;segment=aucun(deduit D1),"edgar_normalize.py (règles edgar_v1, automatique)",2026-09-28T12:37:37+00:00,doc:0000320193-0000320193-23-000064,X1
670,facts,0000320193-0000320193-23-000064-us-gaap:Assets-USD--2022-09-24,source_dimensions,INCONNU,,"edgar_normalize.py (règles edgar_v1, automatique)",2026-09-28T12:37:37+00:00,doc:0000320193-0000320193-23-000064,D1 : une seule valeur brute pour cette clé
671,facts,0000320193-0000320193-23-000064-us-gaap:Assets-USD--2022-09-24,normalized_concept,,total_assets,"edgar_normalize.py (règles edgar_v1, automatique)",2026-09-28T12:37:37+00:00,doc:0000320193-0000320193-23-000064,R2
672,facts,0000320193-0000320193-23-000064-us-gaap:Assets-USD--2022-09-24,transformation,,aucune,"edgar_normalize.py (règles edgar_v1, automatique)",2026-09-28T12:37:37+00:00,doc:0000320193-0000320193-23-000064,T1
673,facts,0000320193-0000320193-23-000064-us-gaap:Assets-USD--2022-09-24,value,,352755000000,"edgar_normalize.py (règles edgar_v1, automatique)",2026-09-28T12:37:37+00:00,doc:0000320193-0000320193-23-000064,T1
674,facts,0000320193-0000320193-23-000064-us-gaap:Assets-USD--2022-09-24,normalization_justification,,"Règle R2 (edgar_v1) : us-gaap:Assets [USD, instant] -> total_assets. Valeur reprise telle quelle (T1). Dimensions : aucune, déduit (D1). Entrée brute facts/us-gaap/Assets/units/USD/117 (sha256 b6ed3ae4c52867f8…). À confirmer sur l'instance XBRL.","edgar_normalize.py (règles edgar_v1, automatique)",2026-09-28T12:37:37+00:00,doc:0000320193-0000320193-23-000064,R2
675,facts,0000320193-0000320193-23-000077-us-gaap:Assets-USD--2022-09-24,source_context,,companyfacts;entite=CIK0000320193;periode=2022-09-24;segment=aucun(deduit D1),"edgar_normalize.py (règles edgar_v1, automatique)",2026-09-28T12:37:37+00:00,doc:0000320193-0000320193-23-000077,X1
676,facts,0000320193-0000320193-23-000077-us-gaap:Assets-USD--2022-09-24,source_dimensions,INCONNU,,"edgar_normalize.py (règles edgar_v1, automatique)",2026-09-28T12:37:37+00:00,doc:0000320193-0000320193-23-000077,D1 : une seule valeur brute pour cette clé
677,facts,0000320193-0000320193-23-000077-us-gaap:Assets-USD--2022-09-24,normalized_concept,,total_assets,"edgar_normalize.py (règles edgar_v1, automatique)",2026-09-28T12:37:37+00:00,doc:0000320193-0000320193-23-000077,R2
678,facts,0000320193-0000320193-23-000077-us-gaap:Assets-USD--2022-09-24,transformation,,aucune,"edgar_normalize.py (règles edgar_v1, automatique)",2026-09-28T12:37:37+00:00,doc:0000320193-0000320193-23-000077,T1
679,facts,0000320193-0000320193-23-000077-us-gaap:Assets-USD--2022-09-24,value,,352755000000,"edgar_normalize.py (règles edgar_v1, automatique)",2026-09-28T12:37:37+00:00,doc:0000320193-0000320193-23-000077,T1
680,facts,0000320193-0000320193-23-000077-us-gaap:Assets-USD--2022-09-24,normalization_justification,,"Règle R2 (edgar_v1) : us-gaap:Assets [USD, instant] -> total_assets. Valeur reprise telle quelle (T1). Dimensions : aucune, déduit (D1). Entrée brute facts/us-gaap/Assets/units/USD/118 (sha256 7cf44f13b5890d28…). À confirmer sur l'instance XBRL.","edgar_normalize.py (règles edgar_v1, automatique)",2026-09-28T12:37:37+00:00,doc:0000320193-0000320193-23-000077,R2
681,facts,0000320193-0000320193-23-000106-us-gaap:Assets-USD--2022-09-24,source_context,,companyfacts;entite=CIK0000320193;periode=2022-09-24;segment=aucun(deduit D1),"edgar_normalize.py (règles edgar_v1, automatique)",2026-09-28T12:37:37+00:00,doc:0000320193-0000320193-23-000106,X1
682,facts,0000320193-0000320193-23-000106-us-gaap:Assets-USD--2022-09-24,source_dimensions,INCONNU,,"edgar_normalize.py (règles edgar_v1, automatique)",2026-09-28T12:37:37+00:00,doc:0000320193-0000320193-23-000106,D1 : une seule valeur brute pour cette clé
683,facts,0000320193-0000320193-23-000106-us-gaap:Assets-USD--2022-09-24,normalized_concept,,total_assets,"edgar_normalize.py (règles edgar_v1, automatique)",2026-09-28T12:37:37+00:00,doc:0000320193-0000320193-23-000106,R2
684,facts,0000320193-0000320193-23-000106-us-gaap:Assets-USD--2022-09-24,transformation,,aucune,"edgar_normalize.py (règles edgar_v1, automatique)",2026-09-28T12:37:37+00:00,doc:0000320193-0000320193-23-000106,T1
685,facts,0000320193-0000320193-23-000106-us-gaap:Assets-USD--2022-09-24,value,,352755000000,"edgar_normalize.py (règles edgar_v1, automatique)",2026-09-28T12:37:37+00:00,doc:0000320193-0000320193-23-000106,T1
686,facts,0000320193-0000320193-23-000106-us-gaap:Assets-USD--2022-09-24,normalization_justification,,"Règle R2 (edgar_v1) : us-gaap:Assets [USD, instant] -> total_assets. Valeur reprise telle quelle (T1). Dimensions : aucune, déduit (D1). Entrée brute facts/us-gaap/Assets/units/USD/119 (sha256 a4909a4d3d22ffd9…). À confirmer sur l'instance XBRL.","edgar_normalize.py (règles edgar_v1, automatique)",2026-09-28T12:37:37+00:00,doc:0000320193-0000320193-23-000106,R2
687,facts,0000320193-0000320193-23-000006-us-gaap:Assets-USD--2022-12-31,source_context,,companyfacts;entite=CIK0000320193;periode=2022-12-31;segment=aucun(deduit D1),"edgar_normalize.py (règles edgar_v1, automatique)",2026-09-28T12:37:37+00:00,doc:0000320193-0000320193-23-000006,X1
688,facts,0000320193-0000320193-23-000006-us-gaap:Assets-USD--2022-12-31,source_dimensions,INCONNU,,"edgar_normalize.py (règles edgar_v1, automatique)",2026-09-28T12:37:37+00:00,doc:0000320193-0000320193-23-000006,D1 : une seule valeur brute pour cette clé
689,facts,0000320193-0000320193-23-000006-us-gaap:Assets-USD--2022-12-31,normalized_concept,,total_assets,"edgar_normalize.py (règles edgar_v1, automatique)",2026-09-28T12:37:37+00:00,doc:0000320193-0000320193-23-000006,R2
690,facts,0000320193-0000320193-23-000006-us-gaap:Assets-USD--2022-12-31,transformation,,aucune,"edgar_normalize.py (règles edgar_v1, automatique)",2026-09-28T12:37:37+00:00,doc:0000320193-0000320193-23-000006,T1
691,facts,0000320193-0000320193-23-000006-us-gaap:Assets-USD--2022-12-31,value,,346747000000,"edgar_normalize.py (règles edgar_v1, automatique)",2026-09-28T12:37:37+00:00,doc:0000320193-0000320193-23-000006,T1
692,facts,0000320193-0000320193-23-000006-us-gaap:Assets-USD--2022-12-31,normalization_justification,,"Règle R2 (edgar_v1) : us-gaap:Assets [USD, instant] -> total_assets. Valeur reprise telle quelle (T1). Dimensions : aucune, déduit (D1). Entrée brute facts/us-gaap/Assets/units/USD/120 (sha256 e1f79b6979dc471b…). À confirmer sur l'instance XBRL.","edgar_normalize.py (règles edgar_v1, automatique)",2026-09-28T12:37:37+00:00,doc:0000320193-0000320193-23-000006,R2
693,facts,0000320193-0000320193-23-000064-us-gaap:Assets-USD--2023-04-01,source_context,,companyfacts;entite=CIK0000320193;periode=2023-04-01;segment=aucun(deduit D1),"edgar_normalize.py (règles edgar_v1, automatique)",2026-09-28T12:37:37+00:00,doc:0000320193-0000320193-23-000064,X1
694,facts,0000320193-0000320193-23-000064-us-gaap:Assets-USD--2023-04-01,source_dimensions,INCONNU,,"edgar_normalize.py (règles edgar_v1, automatique)",2026-09-28T12:37:37+00:00,doc:0000320193-0000320193-23-000064,D1 : une seule valeur brute pour cette clé
695,facts,0000320193-0000320193-23-000064-us-gaap:Assets-USD--2023-04-01,normalized_concept,,total_assets,"edgar_normalize.py (règles edgar_v1, automatique)",2026-09-28T12:37:37+00:00,doc:0000320193-0000320193-23-000064,R2
696,facts,0000320193-0000320193-23-000064-us-gaap:Assets-USD--2023-04-01,transformation,,aucune,"edgar_normalize.py (règles edgar_v1, automatique)",2026-09-28T12:37:37+00:00,doc:0000320193-0000320193-23-000064,T1
697,facts,0000320193-0000320193-23-000064-us-gaap:Assets-USD--2023-04-01,value,,332160000000,"edgar_normalize.py (règles edgar_v1, automatique)",2026-09-28T12:37:37+00:00,doc:0000320193-0000320193-23-000064,T1
698,facts,0000320193-0000320193-23-000064-us-gaap:Assets-USD--2023-04-01,normalization_justification,,"Règle R2 (edgar_v1) : us-gaap:Assets [USD, instant] -> total_assets. Valeur reprise telle quelle (T1). Dimensions : aucune, déduit (D1). Entrée brute facts/us-gaap/Assets/units/USD/121 (sha256 61678f6ef325bd70…). À confirmer sur l'instance XBRL.","edgar_normalize.py (règles edgar_v1, automatique)",2026-09-28T12:37:37+00:00,doc:0000320193-0000320193-23-000064,R2
699,facts,0000320193-0000320193-23-000077-us-gaap:Assets-USD--2023-07-01,source_context,,companyfacts;entite=CIK0000320193;periode=2023-07-01;segment=aucun(deduit D1),"edgar_normalize.py (règles edgar_v1, automatique)",2026-09-28T12:37:37+00:00,doc:0000320193-0000320193-23-000077,X1
700,facts,0000320193-0000320193-23-000077-us-gaap:Assets-USD--2023-07-01,source_dimensions,INCONNU,,"edgar_normalize.py (règles edgar_v1, automatique)",2026-09-28T12:37:37+00:00,doc:0000320193-0000320193-23-000077,D1 : une seule valeur brute pour cette clé
701,facts,0000320193-0000320193-23-000077-us-gaap:Assets-USD--2023-07-01,normalized_concept,,total_assets,"edgar_normalize.py (règles edgar_v1, automatique)",2026-09-28T12:37:37+00:00,doc:0000320193-0000320193-23-000077,R2
702,facts,0000320193-0000320193-23-000077-us-gaap:Assets-USD--2023-07-01,transformation,,aucune,"edgar_normalize.py (règles edgar_v1, automatique)",2026-09-28T12:37:37+00:00,doc:0000320193-0000320193-23-000077,T1
703,facts,0000320193-0000320193-23-000077-us-gaap:Assets-USD--2023-07-01,value,,335038000000,"edgar_normalize.py (règles edgar_v1, automatique)",2026-09-28T12:37:37+00:00,doc:0000320193-0000320193-23-000077,T1
704,facts,0000320193-0000320193-23-000077-us-gaap:Assets-USD--2023-07-01,normalization_justification,,"Règle R2 (edgar_v1) : us-gaap:Assets [USD, instant] -> total_assets. Valeur reprise telle quelle (T1). Dimensions : aucune, déduit (D1). Entrée brute facts/us-gaap/Assets/units/USD/122 (sha256 ee3a722f168bad23…). À confirmer sur l'instance XBRL.","edgar_normalize.py (règles edgar_v1, automatique)",2026-09-28T12:37:37+00:00,doc:0000320193-0000320193-23-000077,R2
705,facts,0000320193-0000320193-23-000106-us-gaap:Assets-USD--2023-09-30,source_context,,companyfacts;entite=CIK0000320193;periode=2023-09-30;segment=aucun(deduit D1),"edgar_normalize.py (règles edgar_v1, automatique)",2026-09-28T12:37:37+00:00,doc:0000320193-0000320193-23-000106,X1
706,facts,0000320193-0000320193-23-000106-us-gaap:Assets-USD--2023-09-30,source_dimensions,INCONNU,,"edgar_normalize.py (règles edgar_v1, automatique)",2026-09-28T12:37:37+00:00,doc:0000320193-0000320193-23-000106,D1 : une seule valeur brute pour cette clé
707,facts,0000320193-0000320193-23-000106-us-gaap:Assets-USD--2023-09-30,normalized_concept,,total_assets,"edgar_normalize.py (règles edgar_v1, automatique)",2026-09-28T12:37:37+00:00,doc:0000320193-0000320193-23-000106,R2
708,facts,0000320193-0000320193-23-000106-us-gaap:Assets-USD--2023-09-30,transformation,,aucune,"edgar_normalize.py (règles edgar_v1, automatique)",2026-09-28T12:37:37+00:00,doc:0000320193-0000320193-23-000106,T1
709,facts,0000320193-0000320193-23-000106-us-gaap:Assets-USD--2023-09-30,value,,352583000000,"edgar_normalize.py (règles edgar_v1, automatique)",2026-09-28T12:37:37+00:00,doc:0000320193-0000320193-23-000106,T1
710,facts,0000320193-0000320193-23-000106-us-gaap:Assets-USD--2023-09-30,normalization_justification,,"Règle R2 (edgar_v1) : us-gaap:Assets [USD, instant] -> total_assets. Valeur reprise telle quelle (T1). Dimensions : aucune, déduit (D1). Entrée brute facts/us-gaap/Assets/units/USD/123 (sha256 628dc8abe8da72fc…). À confirmer sur l'instance XBRL.","edgar_normalize.py (règles edgar_v1, automatique)",2026-09-28T12:37:37+00:00,doc:0000320193-0000320193-23-000106,R2
711,facts,0000320193-0000320193-24-000006-us-gaap:Assets-USD--2023-09-30,source_context,,companyfacts;entite=CIK0000320193;periode=2023-09-30;segment=aucun(deduit D1),"edgar_normalize.py (règles edgar_v1, automatique)",2026-09-28T12:37:37+00:00,doc:0000320193-0000320193-24-000006,X1
712,facts,0000320193-0000320193-24-000006-us-gaap:Assets-USD--2023-09-30,source_dimensions,INCONNU,,"edgar_normalize.py (règles edgar_v1, automatique)",2026-09-28T12:37:37+00:00,doc:0000320193-0000320193-24-000006,D1 : une seule valeur brute pour cette clé
713,facts,0000320193-0000320193-24-000006-us-gaap:Assets-USD--2023-09-30,normalized_concept,,total_assets,"edgar_normalize.py (règles edgar_v1, automatique)",2026-09-28T12:37:37+00:00,doc:0000320193-0000320193-24-000006,R2
714,facts,0000320193-0000320193-24-000006-us-gaap:Assets-USD--2023-09-30,transformation,,aucune,"edgar_normalize.py (règles edgar_v1, automatique)",2026-09-28T12:37:37+00:00,doc:0000320193-0000320193-24-000006,T1
715,facts,0000320193-0000320193-24-000006-us-gaap:Assets-USD--2023-09-30,value,,352583000000,"edgar_normalize.py (règles edgar_v1, automatique)",2026-09-28T12:37:37+00:00,doc:0000320193-0000320193-24-000006,T1
716,facts,0000320193-0000320193-24-000006-us-gaap:Assets-USD--2023-09-30,normalization_justification,,"Règle R2 (edgar_v1) : us-gaap:Assets [USD, instant] -> total_assets. Valeur reprise telle quelle (T1). Dimensions : aucune, déduit (D1). Entrée brute facts/us-gaap/Assets/units/USD/124 (sha256 465765cd8ac5606f…). À confirmer sur l'instance XBRL.","edgar_normalize.py (règles edgar_v1, automatique)",2026-09-28T12:37:37+00:00,doc:0000320193-0000320193-24-000006,R2
717,facts,0000320193-0000320193-24-000069-us-gaap:Assets-USD--2023-09-30,source_context,,companyfacts;entite=CIK0000320193;periode=2023-09-30;segment=aucun(deduit D1),"edgar_normalize.py (règles edgar_v1, automatique)",2026-09-28T12:37:37+00:00,doc:0000320193-0000320193-24-000069,X1
718,facts,0000320193-0000320193-24-000069-us-gaap:Assets-USD--2023-09-30,source_dimensions,INCONNU,,"edgar_normalize.py (règles edgar_v1, automatique)",2026-09-28T12:37:37+00:00,doc:0000320193-0000320193-24-000069,D1 : une seule valeur brute pour cette clé
719,facts,0000320193-0000320193-24-000069-us-gaap:Assets-USD--2023-09-30,normalized_concept,,total_assets,"edgar_normalize.py (règles edgar_v1, automatique)",2026-09-28T12:37:37+00:00,doc:0000320193-0000320193-24-000069,R2
720,facts,0000320193-0000320193-24-000069-us-gaap:Assets-USD--2023-09-30,transformation,,aucune,"edgar_normalize.py (règles edgar_v1, automatique)",2026-09-28T12:37:37+00:00,doc:0000320193-0000320193-24-000069,T1
721,facts,0000320193-0000320193-24-000069-us-gaap:Assets-USD--2023-09-30,value,,352583000000,"edgar_normalize.py (règles edgar_v1, automatique)",2026-09-28T12:37:37+00:00,doc:0000320193-0000320193-24-000069,T1
722,facts,0000320193-0000320193-24-000069-us-gaap:Assets-USD--2023-09-30,normalization_justification,,"Règle R2 (edgar_v1) : us-gaap:Assets [USD, instant] -> total_assets. Valeur reprise telle quelle (T1). Dimensions : aucune, déduit (D1). Entrée brute facts/us-gaap/Assets/units/USD/125 (sha256 926e375758c72555…). À confirmer sur l'instance XBRL.","edgar_normalize.py (règles edgar_v1, automatique)",2026-09-28T12:37:37+00:00,doc:0000320193-0000320193-24-000069,R2
723,facts,0000320193-0000320193-24-000081-us-gaap:Assets-USD--2023-09-30,source_context,,companyfacts;entite=CIK0000320193;periode=2023-09-30;segment=aucun(deduit D1),"edgar_normalize.py (règles edgar_v1, automatique)",2026-09-28T12:37:37+00:00,doc:0000320193-0000320193-24-000081,X1
724,facts,0000320193-0000320193-24-000081-us-gaap:Assets-USD--2023-09-30,source_dimensions,INCONNU,,"edgar_normalize.py (règles edgar_v1, automatique)",2026-09-28T12:37:37+00:00,doc:0000320193-0000320193-24-000081,D1 : une seule valeur brute pour cette clé
725,facts,0000320193-0000320193-24-000081-us-gaap:Assets-USD--2023-09-30,normalized_concept,,total_assets,"edgar_normalize.py (règles edgar_v1, automatique)",2026-09-28T12:37:37+00:00,doc:0000320193-0000320193-24-000081,R2
726,facts,0000320193-0000320193-24-000081-us-gaap:Assets-USD--2023-09-30,transformation,,aucune,"edgar_normalize.py (règles edgar_v1, automatique)",2026-09-28T12:37:37+00:00,doc:0000320193-0000320193-24-000081,T1
727,facts,0000320193-0000320193-24-000081-us-gaap:Assets-USD--2023-09-30,value,,352583000000,"edgar_normalize.py (règles edgar_v1, automatique)",2026-09-28T12:37:37+00:00,doc:0000320193-0000320193-24-000081,T1
728,facts,0000320193-0000320193-24-000081-us-gaap:Assets-USD--2023-09-30,normalization_justification,,"Règle R2 (edgar_v1) : us-gaap:Assets [USD, instant] -> total_assets. Valeur reprise telle quelle (T1). Dimensions : aucune, déduit (D1). Entrée brute facts/us-gaap/Assets/units/USD/126 (sha256 85d15a796f15975c…). À confirmer sur l'instance XBRL.","edgar_normalize.py (règles edgar_v1, automatique)",2026-09-28T12:37:37+00:00,doc:0000320193-0000320193-24-000081,R2
729,facts,0000320193-0000320193-24-000123-us-gaap:Assets-USD--2023-09-30,source_context,,companyfacts;entite=CIK0000320193;periode=2023-09-30;segment=aucun(deduit D1),"edgar_normalize.py (règles edgar_v1, automatique)",2026-09-28T12:37:37+00:00,doc:0000320193-0000320193-24-000123,X1
730,facts,0000320193-0000320193-24-000123-us-gaap:Assets-USD--2023-09-30,source_dimensions,INCONNU,,"edgar_normalize.py (règles edgar_v1, automatique)",2026-09-28T12:37:37+00:00,doc:0000320193-0000320193-24-000123,D1 : une seule valeur brute pour cette clé
731,facts,0000320193-0000320193-24-000123-us-gaap:Assets-USD--2023-09-30,normalized_concept,,total_assets,"edgar_normalize.py (règles edgar_v1, automatique)",2026-09-28T12:37:37+00:00,doc:0000320193-0000320193-24-000123,R2
732,facts,0000320193-0000320193-24-000123-us-gaap:Assets-USD--2023-09-30,transformation,,aucune,"edgar_normalize.py (règles edgar_v1, automatique)",2026-09-28T12:37:37+00:00,doc:0000320193-0000320193-24-000123,T1
733,facts,0000320193-0000320193-24-000123-us-gaap:Assets-USD--2023-09-30,value,,352583000000,"edgar_normalize.py (règles edgar_v1, automatique)",2026-09-28T12:37:37+00:00,doc:0000320193-0000320193-24-000123,T1
734,facts,0000320193-0000320193-24-000123-us-gaap:Assets-USD--2023-09-30,normalization_justification,,"Règle R2 (edgar_v1) : us-gaap:Assets [USD, instant] -> total_assets. Valeur reprise telle quelle (T1). Dimensions : aucune, déduit (D1). Entrée brute facts/us-gaap/Assets/units/USD/127 (sha256 b0d640917d2639bd…). À confirmer sur l'instance XBRL.","edgar_normalize.py (règles edgar_v1, automatique)",2026-09-28T12:37:37+00:00,doc:0000320193-0000320193-24-000123,R2
735,facts,0000320193-0000320193-24-000006-us-gaap:Assets-USD--2023-12-30,source_context,,companyfacts;entite=CIK0000320193;periode=2023-12-30;segment=aucun(deduit D1),"edgar_normalize.py (règles edgar_v1, automatique)",2026-09-28T12:37:37+00:00,doc:0000320193-0000320193-24-000006,X1
736,facts,0000320193-0000320193-24-000006-us-gaap:Assets-USD--2023-12-30,source_dimensions,INCONNU,,"edgar_normalize.py (règles edgar_v1, automatique)",2026-09-28T12:37:37+00:00,doc:0000320193-0000320193-24-000006,D1 : une seule valeur brute pour cette clé
737,facts,0000320193-0000320193-24-000006-us-gaap:Assets-USD--2023-12-30,normalized_concept,,total_assets,"edgar_normalize.py (règles edgar_v1, automatique)",2026-09-28T12:37:37+00:00,doc:0000320193-0000320193-24-000006,R2
738,facts,0000320193-0000320193-24-000006-us-gaap:Assets-USD--2023-12-30,transformation,,aucune,"edgar_normalize.py (règles edgar_v1, automatique)",2026-09-28T12:37:37+00:00,doc:0000320193-0000320193-24-000006,T1
739,facts,0000320193-0000320193-24-000006-us-gaap:Assets-USD--2023-12-30,value,,353514000000,"edgar_normalize.py (règles edgar_v1, automatique)",2026-09-28T12:37:37+00:00,doc:0000320193-0000320193-24-000006,T1
740,facts,0000320193-0000320193-24-000006-us-gaap:Assets-USD--2023-12-30,normalization_justification,,"Règle R2 (edgar_v1) : us-gaap:Assets [USD, instant] -> total_assets. Valeur reprise telle quelle (T1). Dimensions : aucune, déduit (D1). Entrée brute facts/us-gaap/Assets/units/USD/128 (sha256 31faa17d1c48479b…). À confirmer sur l'instance XBRL.","edgar_normalize.py (règles edgar_v1, automatique)",2026-09-28T12:37:37+00:00,doc:0000320193-0000320193-24-000006,R2
741,facts,0000320193-0000320193-24-000069-us-gaap:Assets-USD--2024-03-30,source_context,,companyfacts;entite=CIK0000320193;periode=2024-03-30;segment=aucun(deduit D1),"edgar_normalize.py (règles edgar_v1, automatique)",2026-09-28T12:37:37+00:00,doc:0000320193-0000320193-24-000069,X1
742,facts,0000320193-0000320193-24-000069-us-gaap:Assets-USD--2024-03-30,source_dimensions,INCONNU,,"edgar_normalize.py (règles edgar_v1, automatique)",2026-09-28T12:37:37+00:00,doc:0000320193-0000320193-24-000069,D1 : une seule valeur brute pour cette clé
743,facts,0000320193-0000320193-24-000069-us-gaap:Assets-USD--2024-03-30,normalized_concept,,total_assets,"edgar_normalize.py (règles edgar_v1, automatique)",2026-09-28T12:37:37+00:00,doc:0000320193-0000320193-24-000069,R2
744,facts,0000320193-0000320193-24-000069-us-gaap:Assets-USD--2024-03-30,transformation,,aucune,"edgar_normalize.py (règles edgar_v1, automatique)",2026-09-28T12:37:37+00:00,doc:0000320193-0000320193-24-000069,T1
745,facts,0000320193-0000320193-24-000069-us-gaap:Assets-USD--2024-03-30,value,,337411000000,"edgar_normalize.py (règles edgar_v1, automatique)",2026-09-28T12:37:37+00:00,doc:0000320193-0000320193-24-000069,T1
746,facts,0000320193-0000320193-24-000069-us-gaap:Assets-USD--2024-03-30,normalization_justification,,"Règle R2 (edgar_v1) : us-gaap:Assets [USD, instant] -> total_assets. Valeur reprise telle quelle (T1). Dimensions : aucune, déduit (D1). Entrée brute facts/us-gaap/Assets/units/USD/129 (sha256 9322510154ab64ac…). À confirmer sur l'instance XBRL.","edgar_normalize.py (règles edgar_v1, automatique)",2026-09-28T12:37:37+00:00,doc:0000320193-0000320193-24-000069,R2
747,facts,0000320193-0000320193-24-000081-us-gaap:Assets-USD--2024-06-29,source_context,,companyfacts;entite=CIK0000320193;periode=2024-06-29;segment=aucun(deduit D1),"edgar_normalize.py (règles edgar_v1, automatique)",2026-09-28T12:37:37+00:00,doc:0000320193-0000320193-24-000081,X1
748,facts,0000320193-0000320193-24-000081-us-gaap:Assets-USD--2024-06-29,source_dimensions,INCONNU,,"edgar_normalize.py (règles edgar_v1, automatique)",2026-09-28T12:37:37+00:00,doc:0000320193-0000320193-24-000081,D1 : une seule valeur brute pour cette clé
749,facts,0000320193-0000320193-24-000081-us-gaap:Assets-USD--2024-06-29,normalized_concept,,total_assets,"edgar_normalize.py (règles edgar_v1, automatique)",2026-09-28T12:37:37+00:00,doc:0000320193-0000320193-24-000081,R2
750,facts,0000320193-0000320193-24-000081-us-gaap:Assets-USD--2024-06-29,transformation,,aucune,"edgar_normalize.py (règles edgar_v1, automatique)",2026-09-28T12:37:37+00:00,doc:0000320193-0000320193-24-000081,T1
751,facts,0000320193-0000320193-24-000081-us-gaap:Assets-USD--2024-06-29,value,,331612000000,"edgar_normalize.py (règles edgar_v1, automatique)",2026-09-28T12:37:37+00:00,doc:0000320193-0000320193-24-000081,T1
752,facts,0000320193-0000320193-24-000081-us-gaap:Assets-USD--2024-06-29,normalization_justification,,"Règle R2 (edgar_v1) : us-gaap:Assets [USD, instant] -> total_assets. Valeur reprise telle quelle (T1). Dimensions : aucune, déduit (D1). Entrée brute facts/us-gaap/Assets/units/USD/130 (sha256 099b2e07b6c18727…). À confirmer sur l'instance XBRL.","edgar_normalize.py (règles edgar_v1, automatique)",2026-09-28T12:37:37+00:00,doc:0000320193-0000320193-24-000081,R2
753,facts,0000320193-0000320193-24-000123-us-gaap:Assets-USD--2024-09-28,source_context,,companyfacts;entite=CIK0000320193;periode=2024-09-28;segment=aucun(deduit D1),"edgar_normalize.py (règles edgar_v1, automatique)",2026-09-28T12:37:37+00:00,doc:0000320193-0000320193-24-000123,X1
754,facts,0000320193-0000320193-24-000123-us-gaap:Assets-USD--2024-09-28,source_dimensions,INCONNU,,"edgar_normalize.py (règles edgar_v1, automatique)",2026-09-28T12:37:37+00:00,doc:0000320193-0000320193-24-000123,D1 : une seule valeur brute pour cette clé
755,facts,0000320193-0000320193-24-000123-us-gaap:Assets-USD--2024-09-28,normalized_concept,,total_assets,"edgar_normalize.py (règles edgar_v1, automatique)",2026-09-28T12:37:37+00:00,doc:0000320193-0000320193-24-000123,R2
756,facts,0000320193-0000320193-24-000123-us-gaap:Assets-USD--2024-09-28,transformation,,aucune,"edgar_normalize.py (règles edgar_v1, automatique)",2026-09-28T12:37:37+00:00,doc:0000320193-0000320193-24-000123,T1
757,facts,0000320193-0000320193-24-000123-us-gaap:Assets-USD--2024-09-28,value,,364980000000,"edgar_normalize.py (règles edgar_v1, automatique)",2026-09-28T12:37:37+00:00,doc:0000320193-0000320193-24-000123,T1
758,facts,0000320193-0000320193-24-000123-us-gaap:Assets-USD--2024-09-28,normalization_justification,,"Règle R2 (edgar_v1) : us-gaap:Assets [USD, instant] -> total_assets. Valeur reprise telle quelle (T1). Dimensions : aucune, déduit (D1). Entrée brute facts/us-gaap/Assets/units/USD/131 (sha256 03aa55addc5235f6…). À confirmer sur l'instance XBRL.","edgar_normalize.py (règles edgar_v1, automatique)",2026-09-28T12:37:37+00:00,doc:0000320193-0000320193-24-000123,R2
759,facts,0000320193-0000320193-25-000008-us-gaap:Assets-USD--2024-09-28,source_context,,companyfacts;entite=CIK0000320193;periode=2024-09-28;segment=aucun(deduit D1),"edgar_normalize.py (règles edgar_v1, automatique)",2026-09-28T12:37:37+00:00,doc:0000320193-0000320193-25-000008,X1
760,facts,0000320193-0000320193-25-000008-us-gaap:Assets-USD--2024-09-28,source_dimensions,INCONNU,,"edgar_normalize.py (règles edgar_v1, automatique)",2026-09-28T12:37:37+00:00,doc:0000320193-0000320193-25-000008,D1 : une seule valeur brute pour cette clé
761,facts,0000320193-0000320193-25-000008-us-gaap:Assets-USD--2024-09-28,normalized_concept,,total_assets,"edgar_normalize.py (règles edgar_v1, automatique)",2026-09-28T12:37:37+00:00,doc:0000320193-0000320193-25-000008,R2
762,facts,0000320193-0000320193-25-000008-us-gaap:Assets-USD--2024-09-28,transformation,,aucune,"edgar_normalize.py (règles edgar_v1, automatique)",2026-09-28T12:37:37+00:00,doc:0000320193-0000320193-25-000008,T1
763,facts,0000320193-0000320193-25-000008-us-gaap:Assets-USD--2024-09-28,value,,364980000000,"edgar_normalize.py (règles edgar_v1, automatique)",2026-09-28T12:37:37+00:00,doc:0000320193-0000320193-25-000008,T1
764,facts,0000320193-0000320193-25-000008-us-gaap:Assets-USD--2024-09-28,normalization_justification,,"Règle R2 (edgar_v1) : us-gaap:Assets [USD, instant] -> total_assets. Valeur reprise telle quelle (T1). Dimensions : aucune, déduit (D1). Entrée brute facts/us-gaap/Assets/units/USD/132 (sha256 b5d25156b384ac58…). À confirmer sur l'instance XBRL.","edgar_normalize.py (règles edgar_v1, automatique)",2026-09-28T12:37:37+00:00,doc:0000320193-0000320193-25-000008,R2
765,facts,0000320193-0000320193-25-000057-us-gaap:Assets-USD--2024-09-28,source_context,,companyfacts;entite=CIK0000320193;periode=2024-09-28;segment=aucun(deduit D1),"edgar_normalize.py (règles edgar_v1, automatique)",2026-09-28T12:37:37+00:00,doc:0000320193-0000320193-25-000057,X1
766,facts,0000320193-0000320193-25-000057-us-gaap:Assets-USD--2024-09-28,source_dimensions,INCONNU,,"edgar_normalize.py (règles edgar_v1, automatique)",2026-09-28T12:37:37+00:00,doc:0000320193-0000320193-25-000057,D1 : une seule valeur brute pour cette clé
767,facts,0000320193-0000320193-25-000057-us-gaap:Assets-USD--2024-09-28,normalized_concept,,total_assets,"edgar_normalize.py (règles edgar_v1, automatique)",2026-09-28T12:37:37+00:00,doc:0000320193-0000320193-25-000057,R2
768,facts,0000320193-0000320193-25-000057-us-gaap:Assets-USD--2024-09-28,transformation,,aucune,"edgar_normalize.py (règles edgar_v1, automatique)",2026-09-28T12:37:37+00:00,doc:0000320193-0000320193-25-000057,T1
769,facts,0000320193-0000320193-25-000057-us-gaap:Assets-USD--2024-09-28,value,,364980000000,"edgar_normalize.py (règles edgar_v1, automatique)",2026-09-28T12:37:37+00:00,doc:0000320193-0000320193-25-000057,T1
770,facts,0000320193-0000320193-25-000057-us-gaap:Assets-USD--2024-09-28,normalization_justification,,"Règle R2 (edgar_v1) : us-gaap:Assets [USD, instant] -> total_assets. Valeur reprise telle quelle (T1). Dimensions : aucune, déduit (D1). Entrée brute facts/us-gaap/Assets/units/USD/133 (sha256 18791eec3d3b7343…). À confirmer sur l'instance XBRL.","edgar_normalize.py (règles edgar_v1, automatique)",2026-09-28T12:37:37+00:00,doc:0000320193-0000320193-25-000057,R2
771,facts,0000320193-0000320193-25-000073-us-gaap:Assets-USD--2024-09-28,source_context,,companyfacts;entite=CIK0000320193;periode=2024-09-28;segment=aucun(deduit D1),"edgar_normalize.py (règles edgar_v1, automatique)",2026-09-28T12:37:37+00:00,doc:0000320193-0000320193-25-000073,X1
772,facts,0000320193-0000320193-25-000073-us-gaap:Assets-USD--2024-09-28,source_dimensions,INCONNU,,"edgar_normalize.py (règles edgar_v1, automatique)",2026-09-28T12:37:37+00:00,doc:0000320193-0000320193-25-000073,D1 : une seule valeur brute pour cette clé
773,facts,0000320193-0000320193-25-000073-us-gaap:Assets-USD--2024-09-28,normalized_concept,,total_assets,"edgar_normalize.py (règles edgar_v1, automatique)",2026-09-28T12:37:37+00:00,doc:0000320193-0000320193-25-000073,R2
774,facts,0000320193-0000320193-25-000073-us-gaap:Assets-USD--2024-09-28,transformation,,aucune,"edgar_normalize.py (règles edgar_v1, automatique)",2026-09-28T12:37:37+00:00,doc:0000320193-0000320193-25-000073,T1
775,facts,0000320193-0000320193-25-000073-us-gaap:Assets-USD--2024-09-28,value,,364980000000,"edgar_normalize.py (règles edgar_v1, automatique)",2026-09-28T12:37:37+00:00,doc:0000320193-0000320193-25-000073,T1
776,facts,0000320193-0000320193-25-000073-us-gaap:Assets-USD--2024-09-28,normalization_justification,,"Règle R2 (edgar_v1) : us-gaap:Assets [USD, instant] -> total_assets. Valeur reprise telle quelle (T1). Dimensions : aucune, déduit (D1). Entrée brute facts/us-gaap/Assets/units/USD/134 (sha256 d90b266d395bdbfc…). À confirmer sur l'instance XBRL.","edgar_normalize.py (règles edgar_v1, automatique)",2026-09-28T12:37:37+00:00,doc:0000320193-0000320193-25-000073,R2
777,facts,0000320193-0000320193-25-000079-us-gaap:Assets-USD--2024-09-28,source_context,,companyfacts;entite=CIK0000320193;periode=2024-09-28;segment=aucun(deduit D1),"edgar_normalize.py (règles edgar_v1, automatique)",2026-09-28T12:37:37+00:00,doc:0000320193-0000320193-25-000079,X1
778,facts,0000320193-0000320193-25-000079-us-gaap:Assets-USD--2024-09-28,source_dimensions,INCONNU,,"edgar_normalize.py (règles edgar_v1, automatique)",2026-09-28T12:37:37+00:00,doc:0000320193-0000320193-25-000079,D1 : une seule valeur brute pour cette clé
779,facts,0000320193-0000320193-25-000079-us-gaap:Assets-USD--2024-09-28,normalized_concept,,total_assets,"edgar_normalize.py (règles edgar_v1, automatique)",2026-09-28T12:37:37+00:00,doc:0000320193-0000320193-25-000079,R2
780,facts,0000320193-0000320193-25-000079-us-gaap:Assets-USD--2024-09-28,transformation,,aucune,"edgar_normalize.py (règles edgar_v1, automatique)",2026-09-28T12:37:37+00:00,doc:0000320193-0000320193-25-000079,T1
781,facts,0000320193-0000320193-25-000079-us-gaap:Assets-USD--2024-09-28,value,,364980000000,"edgar_normalize.py (règles edgar_v1, automatique)",2026-09-28T12:37:37+00:00,doc:0000320193-0000320193-25-000079,T1
782,facts,0000320193-0000320193-25-000079-us-gaap:Assets-USD--2024-09-28,normalization_justification,,"Règle R2 (edgar_v1) : us-gaap:Assets [USD, instant] -> total_assets. Valeur reprise telle quelle (T1). Dimensions : aucune, déduit (D1). Entrée brute facts/us-gaap/Assets/units/USD/135 (sha256 d1277e5c79182703…). À confirmer sur l'instance XBRL.","edgar_normalize.py (règles edgar_v1, automatique)",2026-09-28T12:37:37+00:00,doc:0000320193-0000320193-25-000079,R2
783,facts,0000320193-0000320193-25-000008-us-gaap:Assets-USD--2024-12-28,source_context,,companyfacts;entite=CIK0000320193;periode=2024-12-28;segment=aucun(deduit D1),"edgar_normalize.py (règles edgar_v1, automatique)",2026-09-28T12:37:37+00:00,doc:0000320193-0000320193-25-000008,X1
784,facts,0000320193-0000320193-25-000008-us-gaap:Assets-USD--2024-12-28,source_dimensions,INCONNU,,"edgar_normalize.py (règles edgar_v1, automatique)",2026-09-28T12:37:37+00:00,doc:0000320193-0000320193-25-000008,D1 : une seule valeur brute pour cette clé
785,facts,0000320193-0000320193-25-000008-us-gaap:Assets-USD--2024-12-28,normalized_concept,,total_assets,"edgar_normalize.py (règles edgar_v1, automatique)",2026-09-28T12:37:37+00:00,doc:0000320193-0000320193-25-000008,R2
786,facts,0000320193-0000320193-25-000008-us-gaap:Assets-USD--2024-12-28,transformation,,aucune,"edgar_normalize.py (règles edgar_v1, automatique)",2026-09-28T12:37:37+00:00,doc:0000320193-0000320193-25-000008,T1
787,facts,0000320193-0000320193-25-000008-us-gaap:Assets-USD--2024-12-28,value,,344085000000,"edgar_normalize.py (règles edgar_v1, automatique)",2026-09-28T12:37:37+00:00,doc:0000320193-0000320193-25-000008,T1
788,facts,0000320193-0000320193-25-000008-us-gaap:Assets-USD--2024-12-28,normalization_justification,,"Règle R2 (edgar_v1) : us-gaap:Assets [USD, instant] -> total_assets. Valeur reprise telle quelle (T1). Dimensions : aucune, déduit (D1). Entrée brute facts/us-gaap/Assets/units/USD/136 (sha256 ad8b39c1973b7b8c…). À confirmer sur l'instance XBRL.","edgar_normalize.py (règles edgar_v1, automatique)",2026-09-28T12:37:37+00:00,doc:0000320193-0000320193-25-000008,R2
789,facts,0000320193-0000320193-25-000057-us-gaap:Assets-USD--2025-03-29,source_context,,companyfacts;entite=CIK0000320193;periode=2025-03-29;segment=aucun(deduit D1),"edgar_normalize.py (règles edgar_v1, automatique)",2026-09-28T12:37:37+00:00,doc:0000320193-0000320193-25-000057,X1
790,facts,0000320193-0000320193-25-000057-us-gaap:Assets-USD--2025-03-29,source_dimensions,INCONNU,,"edgar_normalize.py (règles edgar_v1, automatique)",2026-09-28T12:37:37+00:00,doc:0000320193-0000320193-25-000057,D1 : une seule valeur brute pour cette clé
791,facts,0000320193-0000320193-25-000057-us-gaap:Assets-USD--2025-03-29,normalized_concept,,total_assets,"edgar_normalize.py (règles edgar_v1, automatique)",2026-09-28T12:37:37+00:00,doc:0000320193-0000320193-25-000057,R2
792,facts,0000320193-0000320193-25-000057-us-gaap:Assets-USD--2025-03-29,transformation,,aucune,"edgar_normalize.py (règles edgar_v1, automatique)",2026-09-28T12:37:37+00:00,doc:0000320193-0000320193-25-000057,T1
793,facts,0000320193-0000320193-25-000057-us-gaap:Assets-USD--2025-03-29,value,,331233000000,"edgar_normalize.py (règles edgar_v1, automatique)",2026-09-28T12:37:37+00:00,doc:0000320193-0000320193-25-000057,T1
794,facts,0000320193-0000320193-25-000057-us-gaap:Assets-USD--2025-03-29,normalization_justification,,"Règle R2 (edgar_v1) : us-gaap:Assets [USD, instant] -> total_assets. Valeur reprise telle quelle (T1). Dimensions : aucune, déduit (D1). Entrée brute facts/us-gaap/Assets/units/USD/137 (sha256 1af1d8d1851170aa…). À confirmer sur l'instance XBRL.","edgar_normalize.py (règles edgar_v1, automatique)",2026-09-28T12:37:37+00:00,doc:0000320193-0000320193-25-000057,R2
795,facts,0000320193-0000320193-25-000073-us-gaap:Assets-USD--2025-06-28,source_context,,companyfacts;entite=CIK0000320193;periode=2025-06-28;segment=aucun(deduit D1),"edgar_normalize.py (règles edgar_v1, automatique)",2026-09-28T12:37:37+00:00,doc:0000320193-0000320193-25-000073,X1
796,facts,0000320193-0000320193-25-000073-us-gaap:Assets-USD--2025-06-28,source_dimensions,INCONNU,,"edgar_normalize.py (règles edgar_v1, automatique)",2026-09-28T12:37:37+00:00,doc:0000320193-0000320193-25-000073,D1 : une seule valeur brute pour cette clé
797,facts,0000320193-0000320193-25-000073-us-gaap:Assets-USD--2025-06-28,normalized_concept,,total_assets,"edgar_normalize.py (règles edgar_v1, automatique)",2026-09-28T12:37:37+00:00,doc:0000320193-0000320193-25-000073,R2
798,facts,0000320193-0000320193-25-000073-us-gaap:Assets-USD--2025-06-28,transformation,,aucune,"edgar_normalize.py (règles edgar_v1, automatique)",2026-09-28T12:37:37+00:00,doc:0000320193-0000320193-25-000073,T1
799,facts,0000320193-0000320193-25-000073-us-gaap:Assets-USD--2025-06-28,value,,331495000000,"edgar_normalize.py (règles edgar_v1, automatique)",2026-09-28T12:37:37+00:00,doc:0000320193-0000320193-25-000073,T1
800,facts,0000320193-0000320193-25-000073-us-gaap:Assets-USD--2025-06-28,normalization_justification,,"Règle R2 (edgar_v1) : us-gaap:Assets [USD, instant] -> total_assets. Valeur reprise telle quelle (T1). Dimensions : aucune, déduit (D1). Entrée brute facts/us-gaap/Assets/units/USD/138 (sha256 d86fa4322576a100…). À confirmer sur l'instance XBRL.","edgar_normalize.py (règles edgar_v1, automatique)",2026-09-28T12:37:37+00:00,doc:0000320193-0000320193-25-000073,R2
801,facts,0000320193-0000320193-25-000079-us-gaap:Assets-USD--2025-09-27,source_context,,companyfacts;entite=CIK0000320193;periode=2025-09-27;segment=aucun(deduit D1),"edgar_normalize.py (règles edgar_v1, automatique)",2026-09-28T12:37:37+00:00,doc:0000320193-0000320193-25-000079,X1
802,facts,0000320193-0000320193-25-000079-us-gaap:Assets-USD--2025-09-27,source_dimensions,INCONNU,,"edgar_normalize.py (règles edgar_v1, automatique)",2026-09-28T12:37:37+00:00,doc:0000320193-0000320193-25-000079,D1 : une seule valeur brute pour cette clé
803,facts,0000320193-0000320193-25-000079-us-gaap:Assets-USD--2025-09-27,normalized_concept,,total_assets,"edgar_normalize.py (règles edgar_v1, automatique)",2026-09-28T12:37:37+00:00,doc:0000320193-0000320193-25-000079,R2
804,facts,0000320193-0000320193-25-000079-us-gaap:Assets-USD--2025-09-27,transformation,,aucune,"edgar_normalize.py (règles edgar_v1, automatique)",2026-09-28T12:37:37+00:00,doc:0000320193-0000320193-25-000079,T1
805,facts,0000320193-0000320193-25-000079-us-gaap:Assets-USD--2025-09-27,value,,359241000000,"edgar_normalize.py (règles edgar_v1, automatique)",2026-09-28T12:37:37+00:00,doc:0000320193-0000320193-25-000079,T1
806,facts,0000320193-0000320193-25-000079-us-gaap:Assets-USD--2025-09-27,normalization_justification,,"Règle R2 (edgar_v1) : us-gaap:Assets [USD, instant] -> total_assets. Valeur reprise telle quelle (T1). Dimensions : aucune, déduit (D1). Entrée brute facts/us-gaap/Assets/units/USD/139 (sha256 5cea222ccfb22445…). À confirmer sur l'instance XBRL.","edgar_normalize.py (règles edgar_v1, automatique)",2026-09-28T12:37:37+00:00,doc:0000320193-0000320193-25-000079,R2
807,facts,0000320193-0000320193-26-000006-us-gaap:Assets-USD--2025-09-27,source_context,,companyfacts;entite=CIK0000320193;periode=2025-09-27;segment=aucun(deduit D1),"edgar_normalize.py (règles edgar_v1, automatique)",2026-09-28T12:37:37+00:00,doc:0000320193-0000320193-26-000006,X1
808,facts,0000320193-0000320193-26-000006-us-gaap:Assets-USD--2025-09-27,source_dimensions,INCONNU,,"edgar_normalize.py (règles edgar_v1, automatique)",2026-09-28T12:37:37+00:00,doc:0000320193-0000320193-26-000006,D1 : une seule valeur brute pour cette clé
809,facts,0000320193-0000320193-26-000006-us-gaap:Assets-USD--2025-09-27,normalized_concept,,total_assets,"edgar_normalize.py (règles edgar_v1, automatique)",2026-09-28T12:37:37+00:00,doc:0000320193-0000320193-26-000006,R2
810,facts,0000320193-0000320193-26-000006-us-gaap:Assets-USD--2025-09-27,transformation,,aucune,"edgar_normalize.py (règles edgar_v1, automatique)",2026-09-28T12:37:37+00:00,doc:0000320193-0000320193-26-000006,T1
811,facts,0000320193-0000320193-26-000006-us-gaap:Assets-USD--2025-09-27,value,,359241000000,"edgar_normalize.py (règles edgar_v1, automatique)",2026-09-28T12:37:37+00:00,doc:0000320193-0000320193-26-000006,T1
812,facts,0000320193-0000320193-26-000006-us-gaap:Assets-USD--2025-09-27,normalization_justification,,"Règle R2 (edgar_v1) : us-gaap:Assets [USD, instant] -> total_assets. Valeur reprise telle quelle (T1). Dimensions : aucune, déduit (D1). Entrée brute facts/us-gaap/Assets/units/USD/140 (sha256 4298afe3e2b5ee3e…). À confirmer sur l'instance XBRL.","edgar_normalize.py (règles edgar_v1, automatique)",2026-09-28T12:37:37+00:00,doc:0000320193-0000320193-26-000006,R2
813,facts,0000320193-0000320193-26-000013-us-gaap:Assets-USD--2025-09-27,source_context,,companyfacts;entite=CIK0000320193;periode=2025-09-27;segment=aucun(deduit D1),"edgar_normalize.py (règles edgar_v1, automatique)",2026-09-28T12:37:37+00:00,doc:0000320193-0000320193-26-000013,X1
814,facts,0000320193-0000320193-26-000013-us-gaap:Assets-USD--2025-09-27,source_dimensions,INCONNU,,"edgar_normalize.py (règles edgar_v1, automatique)",2026-09-28T12:37:37+00:00,doc:0000320193-0000320193-26-000013,D1 : une seule valeur brute pour cette clé
815,facts,0000320193-0000320193-26-000013-us-gaap:Assets-USD--2025-09-27,normalized_concept,,total_assets,"edgar_normalize.py (règles edgar_v1, automatique)",2026-09-28T12:37:37+00:00,doc:0000320193-0000320193-26-000013,R2
816,facts,0000320193-0000320193-26-000013-us-gaap:Assets-USD--2025-09-27,transformation,,aucune,"edgar_normalize.py (règles edgar_v1, automatique)",2026-09-28T12:37:37+00:00,doc:0000320193-0000320193-26-000013,T1
817,facts,0000320193-0000320193-26-000013-us-gaap:Assets-USD--2025-09-27,value,,359241000000,"edgar_normalize.py (règles edgar_v1, automatique)",2026-09-28T12:37:37+00:00,doc:0000320193-0000320193-26-000013,T1
818,facts,0000320193-0000320193-26-000013-us-gaap:Assets-USD--2025-09-27,normalization_justification,,"Règle R2 (edgar_v1) : us-gaap:Assets [USD, instant] -> total_assets. Valeur reprise telle quelle (T1). Dimensions : aucune, déduit (D1). Entrée brute facts/us-gaap/Assets/units/USD/141 (sha256 275e13c3eaf9f122…). À confirmer sur l'instance XBRL.","edgar_normalize.py (règles edgar_v1, automatique)",2026-09-28T12:37:37+00:00,doc:0000320193-0000320193-26-000013,R2
819,facts,0000320193-0000320193-26-000020-us-gaap:Assets-USD--2025-09-27,source_context,,companyfacts;entite=CIK0000320193;periode=2025-09-27;segment=aucun(deduit D1),"edgar_normalize.py (règles edgar_v1, automatique)",2026-09-28T12:37:37+00:00,doc:0000320193-0000320193-26-000020,X1
820,facts,0000320193-0000320193-26-000020-us-gaap:Assets-USD--2025-09-27,source_dimensions,INCONNU,,"edgar_normalize.py (règles edgar_v1, automatique)",2026-09-28T12:37:37+00:00,doc:0000320193-0000320193-26-000020,D1 : une seule valeur brute pour cette clé
821,facts,0000320193-0000320193-26-000020-us-gaap:Assets-USD--2025-09-27,normalized_concept,,total_assets,"edgar_normalize.py (règles edgar_v1, automatique)",2026-09-28T12:37:37+00:00,doc:0000320193-0000320193-26-000020,R2
822,facts,0000320193-0000320193-26-000020-us-gaap:Assets-USD--2025-09-27,transformation,,aucune,"edgar_normalize.py (règles edgar_v1, automatique)",2026-09-28T12:37:37+00:00,doc:0000320193-0000320193-26-000020,T1
823,facts,0000320193-0000320193-26-000020-us-gaap:Assets-USD--2025-09-27,value,,359241000000,"edgar_normalize.py (règles edgar_v1, automatique)",2026-09-28T12:37:37+00:00,doc:0000320193-0000320193-26-000020,T1
824,facts,0000320193-0000320193-26-000020-us-gaap:Assets-USD--2025-09-27,normalization_justification,,"Règle R2 (edgar_v1) : us-gaap:Assets [USD, instant] -> total_assets. Valeur reprise telle quelle (T1). Dimensions : aucune, déduit (D1). Entrée brute facts/us-gaap/Assets/units/USD/142 (sha256 7e8450e48c71a60e…). À confirmer sur l'instance XBRL.","edgar_normalize.py (règles edgar_v1, automatique)",2026-09-28T12:37:37+00:00,doc:0000320193-0000320193-26-000020,R2
825,facts,0000320193-0000320193-26-000006-us-gaap:Assets-USD--2025-12-27,source_context,,companyfacts;entite=CIK0000320193;periode=2025-12-27;segment=aucun(deduit D1),"edgar_normalize.py (règles edgar_v1, automatique)",2026-09-28T12:37:37+00:00,doc:0000320193-0000320193-26-000006,X1
826,facts,0000320193-0000320193-26-000006-us-gaap:Assets-USD--2025-12-27,source_dimensions,INCONNU,,"edgar_normalize.py (règles edgar_v1, automatique)",2026-09-28T12:37:37+00:00,doc:0000320193-0000320193-26-000006,D1 : une seule valeur brute pour cette clé
827,facts,0000320193-0000320193-26-000006-us-gaap:Assets-USD--2025-12-27,normalized_concept,,total_assets,"edgar_normalize.py (règles edgar_v1, automatique)",2026-09-28T12:37:37+00:00,doc:0000320193-0000320193-26-000006,R2
828,facts,0000320193-0000320193-26-000006-us-gaap:Assets-USD--2025-12-27,transformation,,aucune,"edgar_normalize.py (règles edgar_v1, automatique)",2026-09-28T12:37:37+00:00,doc:0000320193-0000320193-26-000006,T1
829,facts,0000320193-0000320193-26-000006-us-gaap:Assets-USD--2025-12-27,value,,379297000000,"edgar_normalize.py (règles edgar_v1, automatique)",2026-09-28T12:37:37+00:00,doc:0000320193-0000320193-26-000006,T1
830,facts,0000320193-0000320193-26-000006-us-gaap:Assets-USD--2025-12-27,normalization_justification,,"Règle R2 (edgar_v1) : us-gaap:Assets [USD, instant] -> total_assets. Valeur reprise telle quelle (T1). Dimensions : aucune, déduit (D1). Entrée brute facts/us-gaap/Assets/units/USD/143 (sha256 08ecc2ba27dfa430…). À confirmer sur l'instance XBRL.","edgar_normalize.py (règles edgar_v1, automatique)",2026-09-28T12:37:37+00:00,doc:0000320193-0000320193-26-000006,R2
831,facts,0000320193-0000320193-26-000013-us-gaap:Assets-USD--2026-03-28,source_context,,companyfacts;entite=CIK0000320193;periode=2026-03-28;segment=aucun(deduit D1),"edgar_normalize.py (règles edgar_v1, automatique)",2026-09-28T12:37:37+00:00,doc:0000320193-0000320193-26-000013,X1
832,facts,0000320193-0000320193-26-000013-us-gaap:Assets-USD--2026-03-28,source_dimensions,INCONNU,,"edgar_normalize.py (règles edgar_v1, automatique)",2026-09-28T12:37:37+00:00,doc:0000320193-0000320193-26-000013,D1 : une seule valeur brute pour cette clé
833,facts,0000320193-0000320193-26-000013-us-gaap:Assets-USD--2026-03-28,normalized_concept,,total_assets,"edgar_normalize.py (règles edgar_v1, automatique)",2026-09-28T12:37:37+00:00,doc:0000320193-0000320193-26-000013,R2
834,facts,0000320193-0000320193-26-000013-us-gaap:Assets-USD--2026-03-28,transformation,,aucune,"edgar_normalize.py (règles edgar_v1, automatique)",2026-09-28T12:37:37+00:00,doc:0000320193-0000320193-26-000013,T1
835,facts,0000320193-0000320193-26-000013-us-gaap:Assets-USD--2026-03-28,value,,371082000000,"edgar_normalize.py (règles edgar_v1, automatique)",2026-09-28T12:37:37+00:00,doc:0000320193-0000320193-26-000013,T1
836,facts,0000320193-0000320193-26-000013-us-gaap:Assets-USD--2026-03-28,normalization_justification,,"Règle R2 (edgar_v1) : us-gaap:Assets [USD, instant] -> total_assets. Valeur reprise telle quelle (T1). Dimensions : aucune, déduit (D1). Entrée brute facts/us-gaap/Assets/units/USD/144 (sha256 a935fbd94badfef3…). À confirmer sur l'instance XBRL.","edgar_normalize.py (règles edgar_v1, automatique)",2026-09-28T12:37:37+00:00,doc:0000320193-0000320193-26-000013,R2
837,facts,0000320193-0000320193-26-000020-us-gaap:Assets-USD--2026-06-27,source_context,,companyfacts;entite=CIK0000320193;periode=2026-06-27;segment=aucun(deduit D1),"edgar_normalize.py (règles edgar_v1, automatique)",2026-09-28T12:37:37+00:00,doc:0000320193-0000320193-26-000020,X1
838,facts,0000320193-0000320193-26-000020-us-gaap:Assets-USD--2026-06-27,source_dimensions,INCONNU,,"edgar_normalize.py (règles edgar_v1, automatique)",2026-09-28T12:37:37+00:00,doc:0000320193-0000320193-26-000020,D1 : une seule valeur brute pour cette clé
839,facts,0000320193-0000320193-26-000020-us-gaap:Assets-USD--2026-06-27,normalized_concept,,total_assets,"edgar_normalize.py (règles edgar_v1, automatique)",2026-09-28T12:37:37+00:00,doc:0000320193-0000320193-26-000020,R2
840,facts,0000320193-0000320193-26-000020-us-gaap:Assets-USD--2026-06-27,transformation,,aucune,"edgar_normalize.py (règles edgar_v1, automatique)",2026-09-28T12:37:37+00:00,doc:0000320193-0000320193-26-000020,T1
841,facts,0000320193-0000320193-26-000020-us-gaap:Assets-USD--2026-06-27,value,,383266000000,"edgar_normalize.py (règles edgar_v1, automatique)",2026-09-28T12:37:37+00:00,doc:0000320193-0000320193-26-000020,T1
842,facts,0000320193-0000320193-26-000020-us-gaap:Assets-USD--2026-06-27,normalization_justification,,"Règle R2 (edgar_v1) : us-gaap:Assets [USD, instant] -> total_assets. Valeur reprise telle quelle (T1). Dimensions : aucune, déduit (D1). Entrée brute facts/us-gaap/Assets/units/USD/145 (sha256 c2b53b1614e00448…). À confirmer sur l'instance XBRL.","edgar_normalize.py (règles edgar_v1, automatique)",2026-09-28T12:37:37+00:00,doc:0000320193-0000320193-26-000020,R2
843,concept_map,us-gaap:CommonStockSharesOutstanding,source_concept,,us-gaap:CommonStockSharesOutstanding,"edgar_normalize.py (règles edgar_v1, automatique)",2026-09-28T12:37:37+00:00,url:https://data.sec.gov/api/xbrl/companyfacts/CIK0000320193.json,"règle R4 (edgar_v1) ; libellé taxonomie : Common Stock, Shares, Outstanding"
844,concept_map,us-gaap:CommonStockSharesOutstanding,normalized_concept,,shares_outstanding,"edgar_normalize.py (règles edgar_v1, automatique)",2026-09-28T12:37:37+00:00,url:https://data.sec.gov/api/xbrl/companyfacts/CIK0000320193.json,"règle R4 (edgar_v1) ; libellé taxonomie : Common Stock, Shares, Outstanding"
845,concept_map,us-gaap:CommonStockSharesOutstanding,justification,,Nombre d'actions ordinaires en circulation à la date du bilan. Exige une catégorie unique établie (règle C1). Définition (us-gaap) : « Number of shares of common stock outstanding. Common stock represent the ownership interest in a corporation. »,"edgar_normalize.py (règles edgar_v1, automatique)",2026-09-28T12:37:37+00:00,url:https://data.sec.gov/api/xbrl/companyfacts/CIK0000320193.json,"règle R4 (edgar_v1) ; libellé taxonomie : Common Stock, Shares, Outstanding"
846,facts,0000320193-0001193125-15-356351-us-gaap:CommonStockSharesOutstanding-shares--2014-09-27,source_context,,companyfacts;entite=CIK0000320193;periode=2014-09-27;segment=aucun(deduit D1),"edgar_normalize.py (règles edgar_v1, automatique)",2026-09-28T12:37:37+00:00,doc:0000320193-0001193125-15-356351,X1
847,facts,0000320193-0001193125-15-356351-us-gaap:CommonStockSharesOutstanding-shares--2014-09-27,source_dimensions,INCONNU,,"edgar_normalize.py (règles edgar_v1, automatique)",2026-09-28T12:37:37+00:00,doc:0000320193-0001193125-15-356351,D1 : une seule valeur brute pour cette clé
848,facts,0000320193-0001193125-15-356351-us-gaap:CommonStockSharesOutstanding-shares--2014-09-27,share_class,INCONNU,ordinaire (déduit C1 : titre coté unique AAPL),"edgar_normalize.py (règles edgar_v1, automatique)",2026-09-28T12:37:37+00:00,doc:0000320193-0001193125-15-356351,C1
849,facts,0000320193-0001193125-15-356351-us-gaap:CommonStockSharesOutstanding-shares--2014-09-27,normalized_concept,,shares_outstanding,"edgar_normalize.py (règles edgar_v1, automatique)",2026-09-28T12:37:37+00:00,doc:0000320193-0001193125-15-356351,R4
850,facts,0000320193-0001193125-15-356351-us-gaap:CommonStockSharesOutstanding-shares--2014-09-27,transformation,,aucune,"edgar_normalize.py (règles edgar_v1, automatique)",2026-09-28T12:37:37+00:00,doc:0000320193-0001193125-15-356351,T1
851,facts,0000320193-0001193125-15-356351-us-gaap:CommonStockSharesOutstanding-shares--2014-09-27,value,,5866161000,"edgar_normalize.py (règles edgar_v1, automatique)",2026-09-28T12:37:37+00:00,doc:0000320193-0001193125-15-356351,T1
852,facts,0000320193-0001193125-15-356351-us-gaap:CommonStockSharesOutstanding-shares--2014-09-27,normalization_justification,,"Règle R4 (edgar_v1) : us-gaap:CommonStockSharesOutstanding [shares, instant] -> shares_outstanding. Valeur reprise telle quelle (T1). Dimensions : aucune, déduit (D1). Entrée brute facts/us-gaap/CommonStockSharesOutstanding/units/shares/53 (sha256 b9624f0f4c79aa00…). À confirmer sur l'instance XBRL.","edgar_normalize.py (règles edgar_v1, automatique)",2026-09-28T12:37:37+00:00,doc:0000320193-0001193125-15-356351,R4
853,facts,0000320193-0001193125-15-356351-us-gaap:CommonStockSharesOutstanding-shares--2015-09-26,source_context,,companyfacts;entite=CIK0000320193;periode=2015-09-26;segment=aucun(deduit D1),"edgar_normalize.py (règles edgar_v1, automatique)",2026-09-28T12:37:37+00:00,doc:0000320193-0001193125-15-356351,X1
854,facts,0000320193-0001193125-15-356351-us-gaap:CommonStockSharesOutstanding-shares--2015-09-26,source_dimensions,INCONNU,,"edgar_normalize.py (règles edgar_v1, automatique)",2026-09-28T12:37:37+00:00,doc:0000320193-0001193125-15-356351,D1 : une seule valeur brute pour cette clé
855,facts,0000320193-0001193125-15-356351-us-gaap:CommonStockSharesOutstanding-shares--2015-09-26,share_class,INCONNU,ordinaire (déduit C1 : titre coté unique AAPL),"edgar_normalize.py (règles edgar_v1, automatique)",2026-09-28T12:37:37+00:00,doc:0000320193-0001193125-15-356351,C1
856,facts,0000320193-0001193125-15-356351-us-gaap:CommonStockSharesOutstanding-shares--2015-09-26,normalized_concept,,shares_outstanding,"edgar_normalize.py (règles edgar_v1, automatique)",2026-09-28T12:37:37+00:00,doc:0000320193-0001193125-15-356351,R4
857,facts,0000320193-0001193125-15-356351-us-gaap:CommonStockSharesOutstanding-shares--2015-09-26,transformation,,aucune,"edgar_normalize.py (règles edgar_v1, automatique)",2026-09-28T12:37:37+00:00,doc:0000320193-0001193125-15-356351,T1
858,facts,0000320193-0001193125-15-356351-us-gaap:CommonStockSharesOutstanding-shares--2015-09-26,value,,5578753000,"edgar_normalize.py (règles edgar_v1, automatique)",2026-09-28T12:37:37+00:00,doc:0000320193-0001193125-15-356351,T1
859,facts,0000320193-0001193125-15-356351-us-gaap:CommonStockSharesOutstanding-shares--2015-09-26,normalization_justification,,"Règle R4 (edgar_v1) : us-gaap:CommonStockSharesOutstanding [shares, instant] -> shares_outstanding. Valeur reprise telle quelle (T1). Dimensions : aucune, déduit (D1). Entrée brute facts/us-gaap/CommonStockSharesOutstanding/units/shares/57 (sha256 92a08f1692026a00…). À confirmer sur l'instance XBRL.","edgar_normalize.py (règles edgar_v1, automatique)",2026-09-28T12:37:37+00:00,doc:0000320193-0001193125-15-356351,R4
860,facts,0000320193-0001193125-16-439878-us-gaap:CommonStockSharesOutstanding-shares--2015-09-26,source_context,,companyfacts;entite=CIK0000320193;periode=2015-09-26;segment=aucun(deduit D1),"edgar_normalize.py (règles edgar_v1, automatique)",2026-09-28T12:37:37+00:00,doc:0000320193-0001193125-16-439878,X1
861,facts,0000320193-0001193125-16-439878-us-gaap:CommonStockSharesOutstanding-shares--2015-09-26,source_dimensions,INCONNU,,"edgar_normalize.py (règles edgar_v1, automatique)",2026-09-28T12:37:37+00:00,doc:0000320193-0001193125-16-439878,D1 : une seule valeur brute pour cette clé
862,facts,0000320193-0001193125-16-439878-us-gaap:CommonStockSharesOutstanding-shares--2015-09-26,share_class,INCONNU,ordinaire (déduit C1 : titre coté unique AAPL),"edgar_normalize.py (règles edgar_v1, automatique)",2026-09-28T12:37:37+00:00,doc:0000320193-0001193125-16-439878,C1
863,facts,0000320193-0001193125-16-439878-us-gaap:CommonStockSharesOutstanding-shares--2015-09-26,normalized_concept,,shares_outstanding,"edgar_normalize.py (règles edgar_v1, automatique)",2026-09-28T12:37:37+00:00,doc:0000320193-0001193125-16-439878,R4
864,facts,0000320193-0001193125-16-439878-us-gaap:CommonStockSharesOutstanding-shares--2015-09-26,transformation,,aucune,"edgar_normalize.py (règles edgar_v1, automatique)",2026-09-28T12:37:37+00:00,doc:0000320193-0001193125-16-439878,T1
865,facts,0000320193-0001193125-16-439878-us-gaap:CommonStockSharesOutstanding-shares--2015-09-26,value,,5578753000,"edgar_normalize.py (règles edgar_v1, automatique)",2026-09-28T12:37:37+00:00,doc:0000320193-0001193125-16-439878,T1
866,facts,0000320193-0001193125-16-439878-us-gaap:CommonStockSharesOutstanding-shares--2015-09-26,normalization_justification,,"Règle R4 (edgar_v1) : us-gaap:CommonStockSharesOutstanding [shares, instant] -> shares_outstanding. Valeur reprise telle quelle (T1). Dimensions : aucune, déduit (D1). Entrée brute facts/us-gaap/CommonStockSharesOutstanding/units/shares/58 (sha256 a058a16457d4ccb1…). À confirmer sur l'instance XBRL.","edgar_normalize.py (règles edgar_v1, automatique)",2026-09-28T12:37:37+00:00,doc:0000320193-0001193125-16-439878,R4
867,facts,0000320193-0001193125-16-559625-us-gaap:CommonStockSharesOutstanding-shares--2015-09-26,source_context,,companyfacts;entite=CIK0000320193;periode=2015-09-26;segment=aucun(deduit D1),"edgar_normalize.py (règles edgar_v1, automatique)",2026-09-28T12:37:37+00:00,doc:0000320193-0001193125-16-559625,X1
868,facts,0000320193-0001193125-16-559625-us-gaap:CommonStockSharesOutstanding-shares--2015-09-26,source_dimensions,INCONNU,,"edgar_normalize.py (règles edgar_v1, automatique)",2026-09-28T12:37:37+00:00,doc:0000320193-0001193125-16-559625,D1 : une seule valeur brute pour cette clé
869,facts,0000320193-0001193125-16-559625-us-gaap:CommonStockSharesOutstanding-shares--2015-09-26,share_class,INCONNU,ordinaire (déduit C1 : titre coté unique AAPL),"edgar_normalize.py (règles edgar_v1, automatique)",2026-09-28T12:37:37+00:00,doc:0000320193-0001193125-16-559625,C1
870,facts,0000320193-0001193125-16-559625-us-gaap:CommonStockSharesOutstanding-shares--2015-09-26,normalized_concept,,shares_outstanding,"edgar_normalize.py (règles edgar_v1, automatique)",2026-09-28T12:37:37+00:00,doc:0000320193-0001193125-16-559625,R4
871,facts,0000320193-0001193125-16-559625-us-gaap:CommonStockSharesOutstanding-shares--2015-09-26,transformation,,aucune,"edgar_normalize.py (règles edgar_v1, automatique)",2026-09-28T12:37:37+00:00,doc:0000320193-0001193125-16-559625,T1
872,facts,0000320193-0001193125-16-559625-us-gaap:CommonStockSharesOutstanding-shares--2015-09-26,value,,5578753000,"edgar_normalize.py (règles edgar_v1, automatique)",2026-09-28T12:37:37+00:00,doc:0000320193-0001193125-16-559625,T1
873,facts,0000320193-0001193125-16-559625-us-gaap:CommonStockSharesOutstanding-shares--2015-09-26,normalization_justification,,"Règle R4 (edgar_v1) : us-gaap:CommonStockSharesOutstanding [shares, instant] -> shares_outstanding. Valeur reprise telle quelle (T1). Dimensions : aucune, déduit (D1). Entrée brute facts/us-gaap/CommonStockSharesOutstanding/units/shares/59 (sha256 18abdd97c3779408…). À confirmer sur l'instance XBRL.","edgar_normalize.py (règles edgar_v1, automatique)",2026-09-28T12:37:37+00:00,doc:0000320193-0001193125-16-559625,R4
874,facts,0000320193-0001628280-16-017809-us-gaap:CommonStockSharesOutstanding-shares--2015-09-26,source_context,,companyfacts;entite=CIK0000320193;periode=2015-09-26;segment=aucun(deduit D1),"edgar_normalize.py (règles edgar_v1, automatique)",2026-09-28T12:37:37+00:00,doc:0000320193-0001628280-16-017809,X1
875,facts,0000320193-0001628280-16-017809-us-gaap:CommonStockSharesOutstanding-shares--2015-09-26,source_dimensions,INCONNU,,"edgar_normalize.py (règles edgar_v1, automatique)",2026-09-28T12:37:37+00:00,doc:0000320193-0001628280-16-017809,D1 : une seule valeur brute pour cette clé
876,facts,0000320193-0001628280-16-017809-us-gaap:CommonStockSharesOutstanding-shares--2015-09-26,share_class,INCONNU,ordinaire (déduit C1 : titre coté unique AAPL),"edgar_normalize.py (règles edgar_v1, automatique)",2026-09-28T12:37:37+00:00,doc:0000320193-0001628280-16-017809,C1
877,facts,0000320193-0001628280-16-017809-us-gaap:CommonStockSharesOutstanding-shares--2015-09-26,normalized_concept,,shares_outstanding,"edgar_normalize.py (règles edgar_v1, automatique)",2026-09-28T12:37:37+00:00,doc:0000320193-0001628280-16-017809,R4
878,facts,0000320193-0001628280-16-017809-us-gaap:CommonStockSharesOutstanding-shares--2015-09-26,transformation,,aucune,"edgar_normalize.py (règles edgar_v1, automatique)",2026-09-28T12:37:37+00:00,doc:0000320193-0001628280-16-017809,T1
879,facts,0000320193-0001628280-16-017809-us-gaap:CommonStockSharesOutstanding-shares--2015-09-26,value,,5578753000,"edgar_normalize.py (règles edgar_v1, automatique)",2026-09-28T12:37:37+00:00,doc:0000320193-0001628280-16-017809,T1
880,facts,0000320193-0001628280-16-017809-us-gaap:CommonStockSharesOutstanding-shares--2015-09-26,normalization_justification,,"Règle R4 (edgar_v1) : us-gaap:CommonStockSharesOutstanding [shares, instant] -> shares_outstanding. Valeur reprise telle quelle (T1). Dimensions : aucune, déduit (D1). Entrée brute facts/us-gaap/CommonStockSharesOutstanding/units/shares/60 (sha256 6bf98ee3f737db1e…). À confirmer sur l'instance XBRL.","edgar_normalize.py (règles edgar_v1, automatique)",2026-09-28T12:37:37+00:00,doc:0000320193-0001628280-16-017809,R4
881,facts,0000320193-0001628280-16-020309-us-gaap:CommonStockSharesOutstanding-shares--2015-09-26,source_context,,companyfacts;entite=CIK0000320193;periode=2015-09-26;segment=aucun(deduit D1),"edgar_normalize.py (règles edgar_v1, automatique)",2026-09-28T12:37:37+00:00,doc:0000320193-0001628280-16-020309,X1
882,facts,0000320193-0001628280-16-020309-us-gaap:CommonStockSharesOutstanding-shares--2015-09-26,source_dimensions,INCONNU,,"edgar_normalize.py (règles edgar_v1, automatique)",2026-09-28T12:37:37+00:00,doc:0000320193-0001628280-16-020309,D1 : une seule valeur brute pour cette clé
883,facts,0000320193-0001628280-16-020309-us-gaap:CommonStockSharesOutstanding-shares--2015-09-26,share_class,INCONNU,ordinaire (déduit C1 : titre coté unique AAPL),"edgar_normalize.py (règles edgar_v1, automatique)",2026-09-28T12:37:37+00:00,doc:0000320193-0001628280-16-020309,C1
884,facts,0000320193-0001628280-16-020309-us-gaap:CommonStockSharesOutstanding-shares--2015-09-26,normalized_concept,,shares_outstanding,"edgar_normalize.py (règles edgar_v1, automatique)",2026-09-28T12:37:37+00:00,doc:0000320193-0001628280-16-020309,R4
885,facts,0000320193-0001628280-16-020309-us-gaap:CommonStockSharesOutstanding-shares--2015-09-26,transformation,,aucune,"edgar_normalize.py (règles edgar_v1, automatique)",2026-09-28T12:37:37+00:00,doc:0000320193-0001628280-16-020309,T1
886,facts,0000320193-0001628280-16-020309-us-gaap:CommonStockSharesOutstanding-shares--2015-09-26,value,,5578753000,"edgar_normalize.py (règles edgar_v1, automatique)",2026-09-28T12:37:37+00:00,doc:0000320193-0001628280-16-020309,T1
887,facts,0000320193-0001628280-16-020309-us-gaap:CommonStockSharesOutstanding-shares--2015-09-26,normalization_justification,,"Règle R4 (edgar_v1) : us-gaap:CommonStockSharesOutstanding [shares, instant] -> shares_outstanding. Valeur reprise telle quelle (T1). Dimensions : aucune, déduit (D1). Entrée brute facts/us-gaap/CommonStockSharesOutstanding/units/shares/61 (sha256 88ee443d699738f4…). À confirmer sur l'instance XBRL.","edgar_normalize.py (règles edgar_v1, automatique)",2026-09-28T12:37:37+00:00,doc:0000320193-0001628280-16-020309,R4
888,facts,0000320193-0001193125-16-439878-us-gaap:CommonStockSharesOutstanding-shares--2015-12-26,source_context,,companyfacts;entite=CIK0000320193;periode=2015-12-26;segment=aucun(deduit D1),"edgar_normalize.py (règles edgar_v1, automatique)",2026-09-28T12:37:37+00:00,doc:0000320193-0001193125-16-439878,X1
889,facts,0000320193-0001193125-16-439878-us-gaap:CommonStockSharesOutstanding-shares--2015-12-26,source_dimensions,INCONNU,,"edgar_normalize.py (règles edgar_v1, automatique)",2026-09-28T12:37:37+00:00,doc:0000320193-0001193125-16-439878,D1 : une seule valeur brute pour cette clé
890,facts,0000320193-0001193125-16-439878-us-gaap:CommonStockSharesOutstanding-shares--2015-12-26,share_class,INCONNU,ordinaire (déduit C1 : titre coté unique AAPL),"edgar_normalize.py (règles edgar_v1, automatique)",2026-09-28T12:37:37+00:00,doc:0000320193-0001193125-16-439878,C1
891,facts,0000320193-0001193125-16-439878-us-gaap:CommonStockSharesOutstanding-shares--2015-12-26,normalized_concept,,shares_outstanding,"edgar_normalize.py (règles edgar_v1, automatique)",2026-09-28T12:37:37+00:00,doc:0000320193-0001193125-16-439878,R4
892,facts,0000320193-0001193125-16-439878-us-gaap:CommonStockSharesOutstanding-shares--2015-12-26,transformation,,aucune,"edgar_normalize.py (règles edgar_v1, automatique)",2026-09-28T12:37:37+00:00,doc:0000320193-0001193125-16-439878,T1
893,facts,0000320193-0001193125-16-439878-us-gaap:CommonStockSharesOutstanding-shares--2015-12-26,value,,5544487000,"edgar_normalize.py (règles edgar_v1, automatique)",2026-09-28T12:37:37+00:00,doc:0000320193-0001193125-16-439878,T1
894,facts,0000320193-0001193125-16-439878-us-gaap:CommonStockSharesOutstanding-shares--2015-12-26,normalization_justification,,"Règle R4 (edgar_v1) : us-gaap:CommonStockSharesOutstanding [shares, instant] -> shares_outstanding. Valeur reprise telle quelle (T1). Dimensions : aucune, déduit (D1). Entrée brute facts/us-gaap/CommonStockSharesOutstanding/units/shares/62 (sha256 a671aeef82b11b2d…). À confirmer sur l'instance XBRL.","edgar_normalize.py (règles edgar_v1, automatique)",2026-09-28T12:37:37+00:00,doc:0000320193-0001193125-16-439878,R4
895,facts,0000320193-0001193125-16-559625-us-gaap:CommonStockSharesOutstanding-shares--2016-03-26,source_context,,companyfacts;entite=CIK0000320193;periode=2016-03-26;segment=aucun(deduit D1),"edgar_normalize.py (règles edgar_v1, automatique)",2026-09-28T12:37:37+00:00,doc:0000320193-0001193125-16-559625,X1
896,facts,0000320193-0001193125-16-559625-us-gaap:CommonStockSharesOutstanding-shares--2016-03-26,source_dimensions,INCONNU,,"edgar_normalize.py (règles edgar_v1, automatique)",2026-09-28T12:37:37+00:00,doc:0000320193-0001193125-16-559625,D1 : une seule valeur brute pour cette clé
897,facts,0000320193-0001193125-16-559625-us-gaap:CommonStockSharesOutstanding-shares--2016-03-26,share_class,INCONNU,ordinaire (déduit C1 : titre coté unique AAPL),"edgar_normalize.py (règles edgar_v1, automatique)",2026-09-28T12:37:37+00:00,doc:0000320193-0001193125-16-559625,C1
898,facts,0000320193-0001193125-16-559625-us-gaap:CommonStockSharesOutstanding-shares--2016-03-26,normalized_concept,,shares_outstanding,"edgar_normalize.py (règles edgar_v1, automatique)",2026-09-28T12:37:37+00:00,doc:0000320193-0001193125-16-559625,R4
899,facts,0000320193-0001193125-16-559625-us-gaap:CommonStockSharesOutstanding-shares--2016-03-26,transformation,,aucune,"edgar_normalize.py (règles edgar_v1, automatique)",2026-09-28T12:37:37+00:00,doc:0000320193-0001193125-16-559625,T1
900,facts,0000320193-0001193125-16-559625-us-gaap:CommonStockSharesOutstanding-shares--2016-03-26,value,,5478446000,"edgar_normalize.py (règles edgar_v1, automatique)",2026-09-28T12:37:37+00:00,doc:0000320193-0001193125-16-559625,T1
901,facts,0000320193-0001193125-16-559625-us-gaap:CommonStockSharesOutstanding-shares--2016-03-26,normalization_justification,,"Règle R4 (edgar_v1) : us-gaap:CommonStockSharesOutstanding [shares, instant] -> shares_outstanding. Valeur reprise telle quelle (T1). Dimensions : aucune, déduit (D1). Entrée brute facts/us-gaap/CommonStockSharesOutstanding/units/shares/63 (sha256 0e33d169784838a2…). À confirmer sur l'instance XBRL.","edgar_normalize.py (règles edgar_v1, automatique)",2026-09-28T12:37:37+00:00,doc:0000320193-0001193125-16-559625,R4
902,facts,0000320193-0001628280-16-017809-us-gaap:CommonStockSharesOutstanding-shares--2016-06-25,source_context,,companyfacts;entite=CIK0000320193;periode=2016-06-25;segment=aucun(deduit D1),"edgar_normalize.py (règles edgar_v1, automatique)",2026-09-28T12:37:37+00:00,doc:0000320193-0001628280-16-017809,X1
903,facts,0000320193-0001628280-16-017809-us-gaap:CommonStockSharesOutstanding-shares--2016-06-25,source_dimensions,INCONNU,,"edgar_normalize.py (règles edgar_v1, automatique)",2026-09-28T12:37:37+00:00,doc:0000320193-0001628280-16-017809,D1 : une seule valeur brute pour cette clé
904,facts,0000320193-0001628280-16-017809-us-gaap:CommonStockSharesOutstanding-shares--2016-06-25,share_class,INCONNU,ordinaire (déduit C1 : titre coté unique AAPL),"edgar_normalize.py (règles edgar_v1, automatique)",2026-09-28T12:37:37+00:00,doc:0000320193-0001628280-16-017809,C1
905,facts,0000320193-0001628280-16-017809-us-gaap:CommonStockSharesOutstanding-shares--2016-06-25,normalized_concept,,shares_outstanding,"edgar_normalize.py (règles edgar_v1, automatique)",2026-09-28T12:37:37+00:00,doc:0000320193-0001628280-16-017809,R4
906,facts,0000320193-0001628280-16-017809-us-gaap:CommonStockSharesOutstanding-shares--2016-06-25,transformation,,aucune,"edgar_normalize.py (règles edgar_v1, automatique)",2026-09-28T12:37:37+00:00,doc:0000320193-0001628280-16-017809,T1
907,facts,0000320193-0001628280-16-017809-us-gaap:CommonStockSharesOutstanding-shares--2016-06-25,value,,5393165000,"edgar_normalize.py (règles edgar_v1, automatique)",2026-09-28T12:37:37+00:00,doc:0000320193-0001628280-16-017809,T1
908,facts,0000320193-0001628280-16-017809-us-gaap:CommonStockSharesOutstanding-shares--2016-06-25,normalization_justification,,"Règle R4 (edgar_v1) : us-gaap:CommonStockSharesOutstanding [shares, instant] -> shares_outstanding. Valeur reprise telle quelle (T1). Dimensions : aucune, déduit (D1). Entrée brute facts/us-gaap/CommonStockSharesOutstanding/units/shares/64 (sha256 0904c524bcc96f5e…). À confirmer sur l'instance XBRL.","edgar_normalize.py (règles edgar_v1, automatique)",2026-09-28T12:37:37+00:00,doc:0000320193-0001628280-16-017809,R4
909,facts,0000320193-0001628280-16-020309-us-gaap:CommonStockSharesOutstanding-shares--2016-09-24,source_context,,companyfacts;entite=CIK0000320193;periode=2016-09-24;segment=aucun(deduit D1),"edgar_normalize.py (règles edgar_v1, automatique)",2026-09-28T12:37:37+00:00,doc:0000320193-0001628280-16-020309,X1
910,facts,0000320193-0001628280-16-020309-us-gaap:CommonStockSharesOutstanding-shares--2016-09-24,source_dimensions,INCONNU,,"edgar_normalize.py (règles edgar_v1, automatique)",2026-09-28T12:37:37+00:00,doc:0000320193-0001628280-16-020309,D1 : une seule valeur brute pour cette clé
911,facts,0000320193-0001628280-16-020309-us-gaap:CommonStockSharesOutstanding-shares--2016-09-24,share_class,INCONNU,ordinaire (déduit C1 : titre coté unique AAPL),"edgar_normalize.py (règles edgar_v1, automatique)",2026-09-28T12:37:37+00:00,doc:0000320193-0001628280-16-020309,C1
912,facts,0000320193-0001628280-16-020309-us-gaap:CommonStockSharesOutstanding-shares--2016-09-24,normalized_concept,,shares_outstanding,"edgar_normalize.py (règles edgar_v1, automatique)",2026-09-28T12:37:37+00:00,doc:0000320193-0001628280-16-020309,R4
913,facts,0000320193-0001628280-16-020309-us-gaap:CommonStockSharesOutstanding-shares--2016-09-24,transformation,,aucune,"edgar_normalize.py (règles edgar_v1, automatique)",2026-09-28T12:37:37+00:00,doc:0000320193-0001628280-16-020309,T1
914,facts,0000320193-0001628280-16-020309-us-gaap:CommonStockSharesOutstanding-shares--2016-09-24,value,,5336166000,"edgar_normalize.py (règles edgar_v1, automatique)",2026-09-28T12:37:37+00:00,doc:0000320193-0001628280-16-020309,T1
915,facts,0000320193-0001628280-16-020309-us-gaap:CommonStockSharesOutstanding-shares--2016-09-24,normalization_justification,,"Règle R4 (edgar_v1) : us-gaap:CommonStockSharesOutstanding [shares, instant] -> shares_outstanding. Valeur reprise telle quelle (T1). Dimensions : aucune, déduit (D1). Entrée brute facts/us-gaap/CommonStockSharesOutstanding/units/shares/65 (sha256 da882eba2f972607…). À confirmer sur l'instance XBRL.","edgar_normalize.py (règles edgar_v1, automatique)",2026-09-28T12:37:37+00:00,doc:0000320193-0001628280-16-020309,R4
916,facts,0000320193-0001628280-17-000717-us-gaap:CommonStockSharesOutstanding-shares--2016-09-24,source_context,,companyfacts;entite=CIK0000320193;periode=2016-09-24;segment=aucun(deduit D1),"edgar_normalize.py (règles edgar_v1, automatique)",2026-09-28T12:37:37+00:00,doc:0000320193-0001628280-17-000717,X1
917,facts,0000320193-0001628280-17-000717-us-gaap:CommonStockSharesOutstanding-shares--2016-09-24,source_dimensions,INCONNU,,"edgar_normalize.py (règles edgar_v1, automatique)",2026-09-28T12:37:37+00:00,doc:0000320193-0001628280-17-000717,D1 : une seule valeur brute pour cette clé
918,facts,0000320193-0001628280-17-000717-us-gaap:CommonStockSharesOutstanding-shares--2016-09-24,share_class,INCONNU,ordinaire (déduit C1 : titre coté unique AAPL),"edgar_normalize.py (règles edgar_v1, automatique)",2026-09-28T12:37:37+00:00,doc:0000320193-0001628280-17-000717,C1
919,facts,0000320193-0001628280-17-000717-us-gaap:CommonStockSharesOutstanding-shares--2016-09-24,normalized_concept,,shares_outstanding,"edgar_normalize.py (règles edgar_v1, automatique)",2026-09-28T12:37:37+00:00,doc:0000320193-0001628280-17-000717,R4
920,facts,0000320193-0001628280-17-000717-us-gaap:CommonStockSharesOutstanding-shares--2016-09-24,transformation,,aucune,"edgar_normalize.py (règles edgar_v1, automatique)",2026-09-28T12:37:37+00:00,doc:0000320193-0001628280-17-000717,T1
921,facts,0000320193-0001628280-17-000717-us-gaap:CommonStockSharesOutstanding-shares--2016-09-24,value,,5336166000,"edgar_normalize.py (règles edgar_v1, automatique)",2026-09-28T12:37:37+00:00,doc:0000320193-0001628280-17-000717,T1
922,facts,0000320193-0001628280-17-000717-us-gaap:CommonStockSharesOutstanding-shares--2016-09-24,normalization_justification,,"Règle R4 (edgar_v1) : us-gaap:CommonStockSharesOutstanding [shares, instant] -> shares_outstanding. Valeur reprise telle quelle (T1). Dimensions : aucune, déduit (D1). Entrée brute facts/us-gaap/CommonStockSharesOutstanding/units/shares/66 (sha256 ffec0f654b264abf…). À confirmer sur l'instance XBRL.","edgar_normalize.py (règles edgar_v1, automatique)",2026-09-28T12:37:37+00:00,doc:0000320193-0001628280-17-000717,R4
923,facts,0000320193-0001628280-17-004790-us-gaap:CommonStockSharesOutstanding-shares--2016-09-24,source_context,,companyfacts;entite=CIK0000320193;periode=2016-09-24;segment=aucun(deduit D1),"edgar_normalize.py (règles edgar_v1, automatique)",2026-09-28T12:37:37+00:00,doc:0000320193-0001628280-17-004790,X1
924,facts,0000320193-0001628280-17-004790-us-gaap:CommonStockSharesOutstanding-shares--2016-09-24,source_dimensions,INCONNU,,"edgar_normalize.py (règles edgar_v1, automatique)",2026-09-28T12:37:37+00:00,doc:0000320193-0001628280-17-004790,D1 : une seule valeur brute pour cette clé
925,facts,0000320193-0001628280-17-004790-us-gaap:CommonStockSharesOutstanding-shares--2016-09-24,share_class,INCONNU,ordinaire (déduit C1 : titre coté unique AAPL),"edgar_normalize.py (règles edgar_v1, automatique)",2026-09-28T12:37:37+00:00,doc:0000320193-0001628280-17-004790,C1
926,facts,0000320193-0001628280-17-004790-us-gaap:CommonStockSharesOutstanding-shares--2016-09-24,normalized_concept,,shares_outstanding,"edgar_normalize.py (règles edgar_v1, automatique)",2026-09-28T12:37:37+00:00,doc:0000320193-0001628280-17-004790,R4
927,facts,0000320193-0001628280-17-004790-us-gaap:CommonStockSharesOutstanding-shares--2016-09-24,transformation,,aucune,"edgar_normalize.py (règles edgar_v1, automatique)",2026-09-28T12:37:37+00:00,doc:0000320193-0001628280-17-004790,T1
928,facts,0000320193-0001628280-17-004790-us-gaap:CommonStockSharesOutstanding-shares--2016-09-24,value,,5336166000,"edgar_normalize.py (règles edgar_v1, automatique)",2026-09-28T12:37:37+00:00,doc:0000320193-0001628280-17-004790,T1
929,facts,0000320193-0001628280-17-004790-us-gaap:CommonStockSharesOutstanding-shares--2016-09-24,normalization_justification,,"Règle R4 (edgar_v1) : us-gaap:CommonStockSharesOutstanding [shares, instant] -> shares_outstanding. Valeur reprise telle quelle (T1). Dimensions : aucune, déduit (D1). Entrée brute facts/us-gaap/CommonStockSharesOutstanding/units/shares/67 (sha256 c9cfc9d2ed244e56…). À confirmer sur l'instance XBRL.","edgar_normalize.py (règles edgar_v1, automatique)",2026-09-28T12:37:37+00:00,doc:0000320193-0001628280-17-004790,R4
930,facts,0000320193-0000320193-17-000009-us-gaap:CommonStockSharesOutstanding-shares--2016-09-24,source_context,,companyfacts;entite=CIK0000320193;periode=2016-09-24;segment=aucun(deduit D1),"edgar_normalize.py (règles edgar_v1, automatique)",2026-09-28T12:37:37+00:00,doc:0000320193-0000320193-17-000009,X1
931,facts,0000320193-0000320193-17-000009-us-gaap:CommonStockSharesOutstanding-shares--2016-09-24,source_dimensions,INCONNU,,"edgar_normalize.py (règles edgar_v1, automatique)",2026-09-28T12:37:37+00:00,doc:0000320193-0000320193-17-000009,D1 : une seule valeur brute pour cette clé
932,facts,0000320193-0000320193-17-000009-us-gaap:CommonStockSharesOutstanding-shares--2016-09-24,share_class,INCONNU,ordinaire (déduit C1 : titre coté unique AAPL),"edgar_normalize.py (règles edgar_v1, automatique)",2026-09-28T12:37:37+00:00,doc:0000320193-0000320193-17-000009,C1
933,facts,0000320193-0000320193-17-000009-us-gaap:CommonStockSharesOutstanding-shares--2016-09-24,normalized_concept,,shares_outstanding,"edgar_normalize.py (règles edgar_v1, automatique)",2026-09-28T12:37:37+00:00,doc:0000320193-0000320193-17-000009,R4
934,facts,0000320193-0000320193-17-000009-us-gaap:CommonStockSharesOutstanding-shares--2016-09-24,transformation,,aucune,"edgar_normalize.py (règles edgar_v1, automatique)",2026-09-28T12:37:37+00:00,doc:0000320193-0000320193-17-000009,T1
935,facts,0000320193-0000320193-17-000009-us-gaap:CommonStockSharesOutstanding-shares--2016-09-24,value,,5336166000,"edgar_normalize.py (règles edgar_v1, automatique)",2026-09-28T12:37:37+00:00,doc:0000320193-0000320193-17-000009,T1
936,facts,0000320193-0000320193-17-000009-us-gaap:CommonStockSharesOutstanding-shares--2016-09-24,normalization_justification,,"Règle R4 (edgar_v1) : us-gaap:CommonStockSharesOutstanding [shares, instant] -> shares_outstanding. Valeur reprise telle quelle (T1). Dimensions : aucune, déduit (D1). Entrée brute facts/us-gaap/CommonStockSharesOutstanding/units/shares/68 (sha256 54ba67b8caf4cb43…). À confirmer sur l'instance XBRL.","edgar_normalize.py (règles edgar_v1, automatique)",2026-09-28T12:37:37+00:00,doc:0000320193-0000320193-17-000009,R4
937,facts,0000320193-0000320193-17-000070-us-gaap:CommonStockSharesOutstanding-shares--2016-09-24,source_context,,companyfacts;entite=CIK0000320193;periode=2016-09-24;segment=aucun(deduit D1),"edgar_normalize.py (règles edgar_v1, automatique)",2026-09-28T12:37:37+00:00,doc:0000320193-0000320193-17-000070,X1
938,facts,0000320193-0000320193-17-000070-us-gaap:CommonStockSharesOutstanding-shares--2016-09-24,source_dimensions,INCONNU,,"edgar_normalize.py (règles edgar_v1, automatique)",2026-09-28T12:37:37+00:00,doc:0000320193-0000320193-17-000070,D1 : une seule valeur brute pour cette clé
939,facts,0000320193-0000320193-17-000070-us-gaap:CommonStockSharesOutstanding-shares--2016-09-24,share_class,INCONNU,ordinaire (déduit C1 : titre coté unique AAPL),"edgar_normalize.py (règles edgar_v1, automatique)",2026-09-28T12:37:37+00:00,doc:0000320193-0000320193-17-000070,C1
940,facts,0000320193-0000320193-17-000070-us-gaap:CommonStockSharesOutstanding-shares--2016-09-24,normalized_concept,,shares_outstanding,"edgar_normalize.py (règles edgar_v1, automatique)",2026-09-28T12:37:37+00:00,doc:0000320193-0000320193-17-000070,R4
941,facts,0000320193-0000320193-17-000070-us-gaap:CommonStockSharesOutstanding-shares--2016-09-24,transformation,,aucune,"edgar_normalize.py (règles edgar_v1, automatique)",2026-09-28T12:37:37+00:00,doc:0000320193-0000320193-17-000070,T1
942,facts,0000320193-0000320193-17-000070-us-gaap:CommonStockSharesOutstanding-shares--2016-09-24,value,,5336166000,"edgar_normalize.py (règles edgar_v1, automatique)",2026-09-28T12:37:37+00:00,doc:0000320193-0000320193-17-000070,T1
943,facts,0000320193-0000320193-17-000070-us-gaap:CommonStockSharesOutstanding-shares--2016-09-24,normalization_justification,,"Règle R4 (edgar_v1) : us-gaap:CommonStockSharesOutstanding [shares, instant] -> shares_outstanding. Valeur reprise telle quelle (T1). Dimensions : aucune, déduit (D1). Entrée brute facts/us-gaap/CommonStockSharesOutstanding/units/shares/69 (sha256 9d94555ac641974d…). À confirmer sur l'instance XBRL.","edgar_normalize.py (règles edgar_v1, automatique)",2026-09-28T12:37:37+00:00,doc:0000320193-0000320193-17-000070,R4
944,facts,0000320193-0001628280-17-000717-us-gaap:CommonStockSharesOutstanding-shares--2016-12-31,source_context,,companyfacts;entite=CIK0000320193;periode=2016-12-31;segment=aucun(deduit D1),"edgar_normalize.py (règles edgar_v1, automatique)",2026-09-28T12:37:37+00:00,doc:0000320193-0001628280-17-000717,X1
945,facts,0000320193-0001628280-17-000717-us-gaap:CommonStockSharesOutstanding-shares--2016-12-31,source_dimensions,INCONNU,,"edgar_normalize.py (règles edgar_v1, automatique)",2026-09-28T12:37:37+00:00,doc:0000320193-0001628280-17-000717,D1 : une seule valeur brute pour cette clé
946,facts,0000320193-0001628280-17-000717-us-gaap:CommonStockSharesOutstanding-shares--2016-12-31,share_class,INCONNU,ordinaire (déduit C1 : titre coté unique AAPL),"edgar_normalize.py (règles edgar_v1, automatique)",2026-09-28T12:37:37+00:00,doc:0000320193-0001628280-17-000717,C1
947,facts,0000320193-0001628280-17-000717-us-gaap:CommonStockSharesOutstanding-shares--2016-12-31,normalized_concept,,shares_outstanding,"edgar_normalize.py (règles edgar_v1, automatique)",2026-09-28T12:37:37+00:00,doc:0000320193-0001628280-17-000717,R4
948,facts,0000320193-0001628280-17-000717-us-gaap:CommonStockSharesOutstanding-shares--2016-12-31,transformation,,aucune,"edgar_normalize.py (règles edgar_v1, automatique)",2026-09-28T12:37:37+00:00,doc:0000320193-0001628280-17-000717,T1
949,facts,0000320193-0001628280-17-000717-us-gaap:CommonStockSharesOutstanding-shares--2016-12-31,value,,5255423000,"edgar_normalize.py (règles edgar_v1, automatique)",2026-09-28T12:37:37+00:00,doc:0000320193-0001628280-17-000717,T1
950,facts,0000320193-0001628280-17-000717-us-gaap:CommonStockSharesOutstanding-shares--2016-12-31,normalization_justification,,"Règle R4 (edgar_v1) : us-gaap:CommonStockSharesOutstanding [shares, instant] -> shares_outstanding. Valeur reprise telle quelle (T1). Dimensions : aucune, déduit (D1). Entrée brute facts/us-gaap/CommonStockSharesOutstanding/units/shares/70 (sha256 7de33ce9eb64c959…). À confirmer sur l'instance XBRL.","edgar_normalize.py (règles edgar_v1, automatique)",2026-09-28T12:37:37+00:00,doc:0000320193-0001628280-17-000717,R4
951,facts,0000320193-0001628280-17-004790-us-gaap:CommonStockSharesOutstanding-shares--2017-04-01,source_context,,companyfacts;entite=CIK0000320193;periode=2017-04-01;segment=aucun(deduit D1),"edgar_normalize.py (règles edgar_v1, automatique)",2026-09-28T12:37:37+00:00,doc:0000320193-0001628280-17-004790,X1
952,facts,0000320193-0001628280-17-004790-us-gaap:CommonStockSharesOutstanding-shares--2017-04-01,source_dimensions,INCONNU,,"edgar_normalize.py (règles edgar_v1, automatique)",2026-09-28T12:37:37+00:00,doc:0000320193-0001628280-17-004790,D1 : une seule valeur brute pour cette clé
953,facts,0000320193-0001628280-17-004790-us-gaap:CommonStockSharesOutstanding-shares--2017-04-01,share_class,INCONNU,ordinaire (déduit C1 : titre coté unique AAPL),"edgar_normalize.py (règles edgar_v1, automatique)",2026-09-28T12:37:37+00:00,doc:0000320193-0001628280-17-004790,C1
954,facts,0000320193-0001628280-17-004790-us-gaap:CommonStockSharesOutstanding-shares--2017-04-01,normalized_concept,,shares_outstanding,"edgar_normalize.py (règles edgar_v1, automatique)",2026-09-28T12:37:37+00:00,doc:0000320193-0001628280-17-004790,R4
955,facts,0000320193-0001628280-17-004790-us-gaap:CommonStockSharesOutstanding-shares--2017-04-01,transformation,,aucune,"edgar_normalize.py (règles edgar_v1, automatique)",2026-09-28T12:37:37+00:00,doc:0000320193-0001628280-17-004790,T1
956,facts,0000320193-0001628280-17-004790-us-gaap:CommonStockSharesOutstanding-shares--2017-04-01,value,,5205815000,"edgar_normalize.py (règles edgar_v1, automatique)",2026-09-28T12:37:37+00:00,doc:0000320193-0001628280-17-004790,T1
957,facts,0000320193-0001628280-17-004790-us-gaap:CommonStockSharesOutstanding-shares--2017-04-01,normalization_justification,,"Règle R4 (edgar_v1) : us-gaap:CommonStockSharesOutstanding [shares, instant] -> shares_outstanding. Valeur reprise telle quelle (T1). Dimensions : aucune, déduit (D1). Entrée brute facts/us-gaap/CommonStockSharesOutstanding/units/shares/71 (sha256 a1449bc7c92f475c…). À confirmer sur l'instance XBRL.","edgar_normalize.py (règles edgar_v1, automatique)",2026-09-28T12:37:37+00:00,doc:0000320193-0001628280-17-004790,R4
958,facts,0000320193-0000320193-17-000009-us-gaap:CommonStockSharesOutstanding-shares--2017-07-01,source_context,,companyfacts;entite=CIK0000320193;periode=2017-07-01;segment=aucun(deduit D1),"edgar_normalize.py (règles edgar_v1, automatique)",2026-09-28T12:37:37+00:00,doc:0000320193-0000320193-17-000009,X1
959,facts,0000320193-0000320193-17-000009-us-gaap:CommonStockSharesOutstanding-shares--2017-07-01,source_dimensions,INCONNU,,"edgar_normalize.py (règles edgar_v1, automatique)",2026-09-28T12:37:37+00:00,doc:0000320193-0000320193-17-000009,D1 : une seule valeur brute pour cette clé
960,facts,0000320193-0000320193-17-000009-us-gaap:CommonStockSharesOutstanding-shares--2017-07-01,share_class,INCONNU,ordinaire (déduit C1 : titre coté unique AAPL),"edgar_normalize.py (règles edgar_v1, automatique)",2026-09-28T12:37:37+00:00,doc:0000320193-0000320193-17-000009,C1
961,facts,0000320193-0000320193-17-000009-us-gaap:CommonStockSharesOutstanding-shares--2017-07-01,normalized_concept,,shares_outstanding,"edgar_normalize.py (règles edgar_v1, automatique)",2026-09-28T12:37:37+00:00,doc:0000320193-0000320193-17-000009,R4
962,facts,0000320193-0000320193-17-000009-us-gaap:CommonStockSharesOutstanding-shares--2017-07-01,transformation,,aucune,"edgar_normalize.py (règles edgar_v1, automatique)",2026-09-28T12:37:37+00:00,doc:0000320193-0000320193-17-000009,T1
963,facts,0000320193-0000320193-17-000009-us-gaap:CommonStockSharesOutstanding-shares--2017-07-01,value,,5169782000,"edgar_normalize.py (règles edgar_v1, automatique)",2026-09-28T12:37:37+00:00,doc:0000320193-0000320193-17-000009,T1
964,facts,0000320193-0000320193-17-000009-us-gaap:CommonStockSharesOutstanding-shares--2017-07-01,normalization_justification,,"Règle R4 (edgar_v1) : us-gaap:CommonStockSharesOutstanding [shares, instant] -> shares_outstanding. Valeur reprise telle quelle (T1). Dimensions : aucune, déduit (D1). Entrée brute facts/us-gaap/CommonStockSharesOutstanding/units/shares/72 (sha256 e268a5ab6ccee155…). À confirmer sur l'instance XBRL.","edgar_normalize.py (règles edgar_v1, automatique)",2026-09-28T12:37:37+00:00,doc:0000320193-0000320193-17-000009,R4
965,facts,0000320193-0000320193-17-000070-us-gaap:CommonStockSharesOutstanding-shares--2017-09-30,source_context,,companyfacts;entite=CIK0000320193;periode=2017-09-30;segment=aucun(deduit D1),"edgar_normalize.py (règles edgar_v1, automatique)",2026-09-28T12:37:37+00:00,doc:0000320193-0000320193-17-000070,X1
966,facts,0000320193-0000320193-17-000070-us-gaap:CommonStockSharesOutstanding-shares--2017-09-30,source_dimensions,INCONNU,,"edgar_normalize.py (règles edgar_v1, automatique)",2026-09-28T12:37:37+00:00,doc:0000320193-0000320193-17-000070,D1 : une seule valeur brute pour cette clé
967,facts,0000320193-0000320193-17-000070-us-gaap:CommonStockSharesOutstanding-shares--2017-09-30,share_class,INCONNU,ordinaire (déduit C1 : titre coté unique AAPL),"edgar_normalize.py (règles edgar_v1, automatique)",2026-09-28T12:37:37+00:00,doc:0000320193-0000320193-17-000070,C1
968,facts,0000320193-0000320193-17-000070-us-gaap:CommonStockSharesOutstanding-shares--2017-09-30,normalized_concept,,shares_outstanding,"edgar_normalize.py (règles edgar_v1, automatique)",2026-09-28T12:37:37+00:00,doc:0000320193-0000320193-17-000070,R4
969,facts,0000320193-0000320193-17-000070-us-gaap:CommonStockSharesOutstanding-shares--2017-09-30,transformation,,aucune,"edgar_normalize.py (règles edgar_v1, automatique)",2026-09-28T12:37:37+00:00,doc:0000320193-0000320193-17-000070,T1
970,facts,0000320193-0000320193-17-000070-us-gaap:CommonStockSharesOutstanding-shares--2017-09-30,value,,5126201000,"edgar_normalize.py (règles edgar_v1, automatique)",2026-09-28T12:37:37+00:00,doc:0000320193-0000320193-17-000070,T1
971,facts,0000320193-0000320193-17-000070-us-gaap:CommonStockSharesOutstanding-shares--2017-09-30,normalization_justification,,"Règle R4 (edgar_v1) : us-gaap:CommonStockSharesOutstanding [shares, instant] -> shares_outstanding. Valeur reprise telle quelle (T1). Dimensions : aucune, déduit (D1). Entrée brute facts/us-gaap/CommonStockSharesOutstanding/units/shares/73 (sha256 06f5ea479d62fa08…). À confirmer sur l'instance XBRL.","edgar_normalize.py (règles edgar_v1, automatique)",2026-09-28T12:37:37+00:00,doc:0000320193-0000320193-17-000070,R4
972,facts,0000320193-0000320193-18-000007-us-gaap:CommonStockSharesOutstanding-shares--2017-09-30,source_context,,companyfacts;entite=CIK0000320193;periode=2017-09-30;segment=aucun(deduit D1),"edgar_normalize.py (règles edgar_v1, automatique)",2026-09-28T12:37:37+00:00,doc:0000320193-0000320193-18-000007,X1
973,facts,0000320193-0000320193-18-000007-us-gaap:CommonStockSharesOutstanding-shares--2017-09-30,source_dimensions,INCONNU,,"edgar_normalize.py (règles edgar_v1, automatique)",2026-09-28T12:37:37+00:00,doc:0000320193-0000320193-18-000007,D1 : une seule valeur brute pour cette clé
974,facts,0000320193-0000320193-18-000007-us-gaap:CommonStockSharesOutstanding-shares--2017-09-30,share_class,INCONNU,ordinaire (déduit C1 : titre coté unique AAPL),"edgar_normalize.py (règles edgar_v1, automatique)",2026-09-28T12:37:37+00:00,doc:0000320193-0000320193-18-000007,C1
975,facts,0000320193-0000320193-18-000007-us-gaap:CommonStockSharesOutstanding-shares--2017-09-30,normalized_concept,,shares_outstanding,"edgar_normalize.py (règles edgar_v1, automatique)",2026-09-28T12:37:37+00:00,doc:0000320193-0000320193-18-000007,R4
976,facts,0000320193-0000320193-18-000007-us-gaap:CommonStockSharesOutstanding-shares--2017-09-30,transformation,,aucune,"edgar_normalize.py (règles edgar_v1, automatique)",2026-09-28T12:37:37+00:00,doc:0000320193-0000320193-18-000007,T1
977,facts,0000320193-0000320193-18-000007-us-gaap:CommonStockSharesOutstanding-shares--2017-09-30,value,,5126201000,"edgar_normalize.py (règles edgar_v1, automatique)",2026-09-28T12:37:37+00:00,doc:0000320193-0000320193-18-000007,T1
978,facts,0000320193-0000320193-18-000007-us-gaap:CommonStockSharesOutstanding-shares--2017-09-30,normalization_justification,,"Règle R4 (edgar_v1) : us-gaap:CommonStockSharesOutstanding [shares, instant] -> shares_outstanding. Valeur reprise telle quelle (T1). Dimensions : aucune, déduit (D1). Entrée brute facts/us-gaap/CommonStockSharesOutstanding/units/shares/74 (sha256 69cdb014604452a1…). À confirmer sur l'instance XBRL.","edgar_normalize.py (règles edgar_v1, automatique)",2026-09-28T12:37:37+00:00,doc:0000320193-0000320193-18-000007,R4
979,facts,0000320193-0000320193-18-000070-us-gaap:CommonStockSharesOutstanding-shares--2017-09-30,source_context,,companyfacts;entite=CIK0000320193;periode=2017-09-30;segment=aucun(deduit D1),"edgar_normalize.py (règles edgar_v1, automatique)",2026-09-28T12:37:37+00:00,doc:0000320193-0000320193-18-000070,X1
980,facts,0000320193-0000320193-18-000070-us-gaap:CommonStockSharesOutstanding-shares--2017-09-30,source_dimensions,INCONNU,,"edgar_normalize.py (règles edgar_v1, automatique)",2026-09-28T12:37:37+00:00,doc:0000320193-0000320193-18-000070,D1 : une seule valeur brute pour cette clé
981,facts,0000320193-0000320193-18-000070-us-gaap:CommonStockSharesOutstanding-shares--2017-09-30,share_class,INCONNU,ordinaire (déduit C1 : titre coté unique AAPL),"edgar_normalize.py (règles edgar_v1, automatique)",2026-09-28T12:37:37+00:00,doc:0000320193-0000320193-18-000070,C1
982,facts,0000320193-0000320193-18-000070-us-gaap:CommonStockSharesOutstanding-shares--2017-09-30,normalized_concept,,shares_outstanding,"edgar_normalize.py (règles edgar_v1, automatique)",2026-09-28T12:37:37+00:00,doc:0000320193-0000320193-18-000070,R4
983,facts,0000320193-0000320193-18-000070-us-gaap:CommonStockSharesOutstanding-shares--2017-09-30,transformation,,aucune,"edgar_normalize.py (règles edgar_v1, automatique)",2026-09-28T12:37:37+00:00,doc:0000320193-0000320193-18-000070,T1
984,facts,0000320193-0000320193-18-000070-us-gaap:CommonStockSharesOutstanding-shares--2017-09-30,value,,5126201000,"edgar_normalize.py (règles edgar_v1, automatique)",2026-09-28T12:37:37+00:00,doc:0000320193-0000320193-18-000070,T1
985,facts,0000320193-0000320193-18-000070-us-gaap:CommonStockSharesOutstanding-shares--2017-09-30,normalization_justification,,"Règle R4 (edgar_v1) : us-gaap:CommonStockSharesOutstanding [shares, instant] -> shares_outstanding. Valeur reprise telle quelle (T1). Dimensions : aucune, déduit (D1). Entrée brute facts/us-gaap/CommonStockSharesOutstanding/units/shares/75 (sha256 a8ce66e2013d9bce…). À confirmer sur l'instance XBRL.","edgar_normalize.py (règles edgar_v1, automatique)",2026-09-28T12:37:37+00:00,doc:0000320193-0000320193-18-000070,R4
986,facts,0000320193-0000320193-18-000100-us-gaap:CommonStockSharesOutstanding-shares--2017-09-30,source_context,,companyfacts;entite=CIK0000320193;periode=2017-09-30;segment=aucun(deduit D1),"edgar_normalize.py (règles edgar_v1, automatique)",2026-09-28T12:37:37+00:00,doc:0000320193-0000320193-18-000100,X1
987,facts,0000320193-0000320193-18-000100-us-gaap:CommonStockSharesOutstanding-shares--2017-09-30,source_dimensions,INCONNU,,"edgar_normalize.py (règles edgar_v1, automatique)",2026-09-28T12:37:37+00:00,doc:0000320193-0000320193-18-000100,D1 : une seule valeur brute pour cette clé
988,facts,0000320193-0000320193-18-000100-us-gaap:CommonStockSharesOutstanding-shares--2017-09-30,share_class,INCONNU,ordinaire (déduit C1 : titre coté unique AAPL),"edgar_normalize.py (règles edgar_v1, automatique)",2026-09-28T12:37:37+00:00,doc:0000320193-0000320193-18-000100,C1
989,facts,0000320193-0000320193-18-000100-us-gaap:CommonStockSharesOutstanding-shares--2017-09-30,normalized_concept,,shares_outstanding,"edgar_normalize.py (règles edgar_v1, automatique)",2026-09-28T12:37:37+00:00,doc:0000320193-0000320193-18-000100,R4
990,facts,0000320193-0000320193-18-000100-us-gaap:CommonStockSharesOutstanding-shares--2017-09-30,transformation,,aucune,"edgar_normalize.py (règles edgar_v1, automatique)",2026-09-28T12:37:37+00:00,doc:0000320193-0000320193-18-000100,T1
991,facts,0000320193-0000320193-18-000100-us-gaap:CommonStockSharesOutstanding-shares--2017-09-30,value,,5126201000,"edgar_normalize.py (règles edgar_v1, automatique)",2026-09-28T12:37:37+00:00,doc:0000320193-0000320193-18-000100,T1
992,facts,0000320193-0000320193-18-000100-us-gaap:CommonStockSharesOutstanding-shares--2017-09-30,normalization_justification,,"Règle R4 (edgar_v1) : us-gaap:CommonStockSharesOutstanding [shares, instant] -> shares_outstanding. Valeur reprise telle quelle (T1). Dimensions : aucune, déduit (D1). Entrée brute facts/us-gaap/CommonStockSharesOutstanding/units/shares/76 (sha256 ae0a24d2120a3b71…). À confirmer sur l'instance XBRL.","edgar_normalize.py (règles edgar_v1, automatique)",2026-09-28T12:37:37+00:00,doc:0000320193-0000320193-18-000100,R4
993,facts,0000320193-0000320193-18-000145-us-gaap:CommonStockSharesOutstanding-shares--2017-09-30,source_context,,companyfacts;entite=CIK0000320193;periode=2017-09-30;segment=aucun(deduit D1),"edgar_normalize.py (règles edgar_v1, automatique)",2026-09-28T12:37:37+00:00,doc:0000320193-0000320193-18-000145,X1
994,facts,0000320193-0000320193-18-000145-us-gaap:CommonStockSharesOutstanding-shares--2017-09-30,source_dimensions,INCONNU,,"edgar_normalize.py (règles edgar_v1, automatique)",2026-09-28T12:37:37+00:00,doc:0000320193-0000320193-18-000145,D1 : une seule valeur brute pour cette clé
995,facts,0000320193-0000320193-18-000145-us-gaap:CommonStockSharesOutstanding-shares--2017-09-30,share_class,INCONNU,ordinaire (déduit C1 : titre coté unique AAPL),"edgar_normalize.py (règles edgar_v1, automatique)",2026-09-28T12:37:37+00:00,doc:0000320193-0000320193-18-000145,C1
996,facts,0000320193-0000320193-18-000145-us-gaap:CommonStockSharesOutstanding-shares--2017-09-30,normalized_concept,,shares_outstanding,"edgar_normalize.py (règles edgar_v1, automatique)",2026-09-28T12:37:37+00:00,doc:0000320193-0000320193-18-000145,R4
997,facts,0000320193-0000320193-18-000145-us-gaap:CommonStockSharesOutstanding-shares--2017-09-30,transformation,,aucune,"edgar_normalize.py (règles edgar_v1, automatique)",2026-09-28T12:37:37+00:00,doc:0000320193-0000320193-18-000145,T1
998,facts,0000320193-0000320193-18-000145-us-gaap:CommonStockSharesOutstanding-shares--2017-09-30,value,,5126201000,"edgar_normalize.py (règles edgar_v1, automatique)",2026-09-28T12:37:37+00:00,doc:0000320193-0000320193-18-000145,T1
999,facts,0000320193-0000320193-18-000145-us-gaap:CommonStockSharesOutstanding-shares--2017-09-30,normalization_justification,,"Règle R4 (edgar_v1) : us-gaap:CommonStockSharesOutstanding [shares, instant] -> shares_outstanding. Valeur reprise telle quelle (T1). Dimensions : aucune, déduit (D1). Entrée brute facts/us-gaap/CommonStockSharesOutstanding/units/shares/77 (sha256 8e602a538038ee6c…). À confirmer sur l'instance XBRL.","edgar_normalize.py (règles edgar_v1, automatique)",2026-09-28T12:37:37+00:00,doc:0000320193-0000320193-18-000145,R4
1000,facts,0000320193-0000320193-18-000007-us-gaap:CommonStockSharesOutstanding-shares--2017-12-30,source_context,,companyfacts;entite=CIK0000320193;periode=2017-12-30;segment=aucun(deduit D1),"edgar_normalize.py (règles edgar_v1, automatique)",2026-09-28T12:37:37+00:00,doc:0000320193-0000320193-18-000007,X1
1001,facts,0000320193-0000320193-18-000007-us-gaap:CommonStockSharesOutstanding-shares--2017-12-30,source_dimensions,INCONNU,,"edgar_normalize.py (règles edgar_v1, automatique)",2026-09-28T12:37:37+00:00,doc:0000320193-0000320193-18-000007,D1 : une seule valeur brute pour cette clé
1002,facts,0000320193-0000320193-18-000007-us-gaap:CommonStockSharesOutstanding-shares--2017-12-30,share_class,INCONNU,ordinaire (déduit C1 : titre coté unique AAPL),"edgar_normalize.py (règles edgar_v1, automatique)",2026-09-28T12:37:37+00:00,doc:0000320193-0000320193-18-000007,C1
1003,facts,0000320193-0000320193-18-000007-us-gaap:CommonStockSharesOutstanding-shares--2017-12-30,normalized_concept,,shares_outstanding,"edgar_normalize.py (règles edgar_v1, automatique)",2026-09-28T12:37:37+00:00,doc:0000320193-0000320193-18-000007,R4
1004,facts,0000320193-0000320193-18-000007-us-gaap:CommonStockSharesOutstanding-shares--2017-12-30,transformation,,aucune,"edgar_normalize.py (règles edgar_v1, automatique)",2026-09-28T12:37:37+00:00,doc:0000320193-0000320193-18-000007,T1
1005,facts,0000320193-0000320193-18-000007-us-gaap:CommonStockSharesOutstanding-shares--2017-12-30,value,,5081651000,"edgar_normalize.py (règles edgar_v1, automatique)",2026-09-28T12:37:37+00:00,doc:0000320193-0000320193-18-000007,T1
1006,facts,0000320193-0000320193-18-000007-us-gaap:CommonStockSharesOutstanding-shares--2017-12-30,normalization_justification,,"Règle R4 (edgar_v1) : us-gaap:CommonStockSharesOutstanding [shares, instant] -> shares_outstanding. Valeur reprise telle quelle (T1). Dimensions : aucune, déduit (D1). Entrée brute facts/us-gaap/CommonStockSharesOutstanding/units/shares/78 (sha256 bd8def2f3b95b929…). À confirmer sur l'instance XBRL.","edgar_normalize.py (règles edgar_v1, automatique)",2026-09-28T12:37:37+00:00,doc:0000320193-0000320193-18-000007,R4
1007,facts,0000320193-0000320193-18-000070-us-gaap:CommonStockSharesOutstanding-shares--2018-03-31,source_context,,companyfacts;entite=CIK0000320193;periode=2018-03-31;segment=aucun(deduit D1),"edgar_normalize.py (règles edgar_v1, automatique)",2026-09-28T12:37:37+00:00,doc:0000320193-0000320193-18-000070,X1
1008,facts,0000320193-0000320193-18-000070-us-gaap:CommonStockSharesOutstanding-shares--2018-03-31,source_dimensions,INCONNU,,"edgar_normalize.py (règles edgar_v1, automatique)",2026-09-28T12:37:37+00:00,doc:0000320193-0000320193-18-000070,D1 : une seule valeur brute pour cette clé
1009,facts,0000320193-0000320193-18-000070-us-gaap:CommonStockSharesOutstanding-shares--2018-03-31,share_class,INCONNU,ordinaire (déduit C1 : titre coté unique AAPL),"edgar_normalize.py (règles edgar_v1, automatique)",2026-09-28T12:37:37+00:00,doc:0000320193-0000320193-18-000070,C1
1010,facts,0000320193-0000320193-18-000070-us-gaap:CommonStockSharesOutstanding-shares--2018-03-31,normalized_concept,,shares_outstanding,"edgar_normalize.py (règles edgar_v1, automatique)",2026-09-28T12:37:37+00:00,doc:0000320193-0000320193-18-000070,R4
1011,facts,0000320193-0000320193-18-000070-us-gaap:CommonStockSharesOutstanding-shares--2018-03-31,transformation,,aucune,"edgar_normalize.py (règles edgar_v1, automatique)",2026-09-28T12:37:37+00:00,doc:0000320193-0000320193-18-000070,T1
1012,facts,0000320193-0000320193-18-000070-us-gaap:CommonStockSharesOutstanding-shares--2018-03-31,value,,4943282000,"edgar_normalize.py (règles edgar_v1, automatique)",2026-09-28T12:37:37+00:00,doc:0000320193-0000320193-18-000070,T1
1013,facts,0000320193-0000320193-18-000070-us-gaap:CommonStockSharesOutstanding-shares--2018-03-31,normalization_justification,,"Règle R4 (edgar_v1) : us-gaap:CommonStockSharesOutstanding [shares, instant] -> shares_outstanding. Valeur reprise telle quelle (T1). Dimensions : aucune, déduit (D1). Entrée brute facts/us-gaap/CommonStockSharesOutstanding/units/shares/79 (sha256 20e83cbd24a572ac…). À confirmer sur l'instance XBRL.","edgar_normalize.py (règles edgar_v1, automatique)",2026-09-28T12:37:37+00:00,doc:0000320193-0000320193-18-000070,R4
1014,facts,0000320193-0000320193-18-000100-us-gaap:CommonStockSharesOutstanding-shares--2018-06-30,source_context,,companyfacts;entite=CIK0000320193;periode=2018-06-30;segment=aucun(deduit D1),"edgar_normalize.py (règles edgar_v1, automatique)",2026-09-28T12:37:37+00:00,doc:0000320193-0000320193-18-000100,X1
1015,facts,0000320193-0000320193-18-000100-us-gaap:CommonStockSharesOutstanding-shares--2018-06-30,source_dimensions,INCONNU,,"edgar_normalize.py (règles edgar_v1, automatique)",2026-09-28T12:37:37+00:00,doc:0000320193-0000320193-18-000100,D1 : une seule valeur brute pour cette clé
1016,facts,0000320193-0000320193-18-000100-us-gaap:CommonStockSharesOutstanding-shares--2018-06-30,share_class,INCONNU,ordinaire (déduit C1 : titre coté unique AAPL),"edgar_normalize.py (règles edgar_v1, automatique)",2026-09-28T12:37:37+00:00,doc:0000320193-0000320193-18-000100,C1
1017,facts,0000320193-0000320193-18-000100-us-gaap:CommonStockSharesOutstanding-shares--2018-06-30,normalized_concept,,shares_outstanding,"edgar_normalize.py (règles edgar_v1, automatique)",2026-09-28T12:37:37+00:00,doc:0000320193-0000320193-18-000100,R4
1018,facts,0000320193-0000320193-18-000100-us-gaap:CommonStockSharesOutstanding-shares--2018-06-30,transformation,,aucune,"edgar_normalize.py (règles edgar_v1, automatique)",2026-09-28T12:37:37+00:00,doc:0000320193-0000320193-18-000100,T1
1019,facts,0000320193-0000320193-18-000100-us-gaap:CommonStockSharesOutstanding-shares--2018-06-30,value,,4842917000,"edgar_normalize.py (règles edgar_v1, automatique)",2026-09-28T12:37:37+00:00,doc:0000320193-0000320193-18-000100,T1
1020,facts,0000320193-0000320193-18-000100-us-gaap:CommonStockSharesOutstanding-shares--2018-06-30,normalization_justification,,"Règle R4 (edgar_v1) : us-gaap:CommonStockSharesOutstanding [shares, instant] -> shares_outstanding. Valeur reprise telle quelle (T1). Dimensions : aucune, déduit (D1). Entrée brute facts/us-gaap/CommonStockSharesOutstanding/units/shares/80 (sha256 a48a74509f95e15a…). À confirmer sur l'instance XBRL.","edgar_normalize.py (règles edgar_v1, automatique)",2026-09-28T12:37:37+00:00,doc:0000320193-0000320193-18-000100,R4
1021,facts,0000320193-0000320193-18-000145-us-gaap:CommonStockSharesOutstanding-shares--2018-09-29,source_context,,companyfacts;entite=CIK0000320193;periode=2018-09-29;segment=aucun(deduit D1),"edgar_normalize.py (règles edgar_v1, automatique)",2026-09-28T12:37:37+00:00,doc:0000320193-0000320193-18-000145,X1
1022,facts,0000320193-0000320193-18-000145-us-gaap:CommonStockSharesOutstanding-shares--2018-09-29,source_dimensions,INCONNU,,"edgar_normalize.py (règles edgar_v1, automatique)",2026-09-28T12:37:37+00:00,doc:0000320193-0000320193-18-000145,D1 : une seule valeur brute pour cette clé
1023,facts,0000320193-0000320193-18-000145-us-gaap:CommonStockSharesOutstanding-shares--2018-09-29,share_class,INCONNU,ordinaire (déduit C1 : titre coté unique AAPL),"edgar_normalize.py (règles edgar_v1, automatique)",2026-09-28T12:37:37+00:00,doc:0000320193-0000320193-18-000145,C1
1024,facts,0000320193-0000320193-18-000145-us-gaap:CommonStockSharesOutstanding-shares--2018-09-29,normalized_concept,,shares_outstanding,"edgar_normalize.py (règles edgar_v1, automatique)",2026-09-28T12:37:37+00:00,doc:0000320193-0000320193-18-000145,R4
1025,facts,0000320193-0000320193-18-000145-us-gaap:CommonStockSharesOutstanding-shares--2018-09-29,transformation,,aucune,"edgar_normalize.py (règles edgar_v1, automatique)",2026-09-28T12:37:37+00:00,doc:0000320193-0000320193-18-000145,T1
1026,facts,0000320193-0000320193-18-000145-us-gaap:CommonStockSharesOutstanding-shares--2018-09-29,value,,4754986000,"edgar_normalize.py (règles edgar_v1, automatique)",2026-09-28T12:37:37+00:00,doc:0000320193-0000320193-18-000145,T1
1027,facts,0000320193-0000320193-18-000145-us-gaap:CommonStockSharesOutstanding-shares--2018-09-29,normalization_justification,,"Règle R4 (edgar_v1) : us-gaap:CommonStockSharesOutstanding [shares, instant] -> shares_outstanding. Valeur reprise telle quelle (T1). Dimensions : aucune, déduit (D1). Entrée brute facts/us-gaap/CommonStockSharesOutstanding/units/shares/81 (sha256 b9eccbe001f0c88f…). À confirmer sur l'instance XBRL.","edgar_normalize.py (règles edgar_v1, automatique)",2026-09-28T12:37:37+00:00,doc:0000320193-0000320193-18-000145,R4
1028,facts,0000320193-0000320193-19-000010-us-gaap:CommonStockSharesOutstanding-shares--2018-09-29,source_context,,companyfacts;entite=CIK0000320193;periode=2018-09-29;segment=aucun(deduit D1),"edgar_normalize.py (règles edgar_v1, automatique)",2026-09-28T12:37:37+00:00,doc:0000320193-0000320193-19-000010,X1
1029,facts,0000320193-0000320193-19-000010-us-gaap:CommonStockSharesOutstanding-shares--2018-09-29,source_dimensions,INCONNU,,"edgar_normalize.py (règles edgar_v1, automatique)",2026-09-28T12:37:37+00:00,doc:0000320193-0000320193-19-000010,D1 : une seule valeur brute pour cette clé
1030,facts,0000320193-0000320193-19-000010-us-gaap:CommonStockSharesOutstanding-shares--2018-09-29,share_class,INCONNU,ordinaire (déduit C1 : titre coté unique AAPL),"edgar_normalize.py (règles edgar_v1, automatique)",2026-09-28T12:37:37+00:00,doc:0000320193-0000320193-19-000010,C1
1031,facts,0000320193-0000320193-19-000010-us-gaap:CommonStockSharesOutstanding-shares--2018-09-29,normalized_concept,,shares_outstanding,"edgar_normalize.py (règles edgar_v1, automatique)",2026-09-28T12:37:37+00:00,doc:0000320193-0000320193-19-000010,R4
1032,facts,0000320193-0000320193-19-000010-us-gaap:CommonStockSharesOutstanding-shares--2018-09-29,transformation,,aucune,"edgar_normalize.py (règles edgar_v1, automatique)",2026-09-28T12:37:37+00:00,doc:0000320193-0000320193-19-000010,T1
1033,facts,0000320193-0000320193-19-000010-us-gaap:CommonStockSharesOutstanding-shares--2018-09-29,value,,4754986000,"edgar_normalize.py (règles edgar_v1, automatique)",2026-09-28T12:37:37+00:00,doc:0000320193-0000320193-19-000010,T1
1034,facts,0000320193-0000320193-19-000010-us-gaap:CommonStockSharesOutstanding-shares--2018-09-29,normalization_justification,,"Règle R4 (edgar_v1) : us-gaap:CommonStockSharesOutstanding [shares, instant] -> shares_outstanding. Valeur reprise telle quelle (T1). Dimensions : aucune, déduit (D1). Entrée brute facts/us-gaap/CommonStockSharesOutstanding/units/shares/82 (sha256 4eaabd66b4f14bdb…). À confirmer sur l'instance XBRL.","edgar_normalize.py (règles edgar_v1, automatique)",2026-09-28T12:37:37+00:00,doc:0000320193-0000320193-19-000010,R4
1035,facts,0000320193-0000320193-19-000066-us-gaap:CommonStockSharesOutstanding-shares--2018-09-29,source_context,,companyfacts;entite=CIK0000320193;periode=2018-09-29;segment=aucun(deduit D1),"edgar_normalize.py (règles edgar_v1, automatique)",2026-09-28T12:37:37+00:00,doc:0000320193-0000320193-19-000066,X1
1036,facts,0000320193-0000320193-19-000066-us-gaap:CommonStockSharesOutstanding-shares--2018-09-29,source_dimensions,INCONNU,,"edgar_normalize.py (règles edgar_v1, automatique)",2026-09-28T12:37:37+00:00,doc:0000320193-0000320193-19-000066,D1 : une seule valeur brute pour cette clé
1037,facts,0000320193-0000320193-19-000066-us-gaap:CommonStockSharesOutstanding-shares--2018-09-29,share_class,INCONNU,ordinaire (déduit C1 : titre coté unique AAPL),"edgar_normalize.py (règles edgar_v1, automatique)",2026-09-28T12:37:37+00:00,doc:0000320193-0000320193-19-000066,C1
1038,facts,0000320193-0000320193-19-000066-us-gaap:CommonStockSharesOutstanding-shares--2018-09-29,normalized_concept,,shares_outstanding,"edgar_normalize.py (règles edgar_v1, automatique)",2026-09-28T12:37:37+00:00,doc:0000320193-0000320193-19-000066,R4
1039,facts,0000320193-0000320193-19-000066-us-gaap:CommonStockSharesOutstanding-shares--2018-09-29,transformation,,aucune,"edgar_normalize.py (règles edgar_v1, automatique)",2026-09-28T12:37:37+00:00,doc:0000320193-0000320193-19-000066,T1
1040,facts,0000320193-0000320193-19-000066-us-gaap:CommonStockSharesOutstanding-shares--2018-09-29,value,,4754986000,"edgar_normalize.py (règles edgar_v1, automatique)",2026-09-28T12:37:37+00:00,doc:0000320193-0000320193-19-000066,T1
1041,facts,0000320193-0000320193-19-000066-us-gaap:CommonStockSharesOutstanding-shares--2018-09-29,normalization_justification,,"Règle R4 (edgar_v1) : us-gaap:CommonStockSharesOutstanding [shares, instant] -> shares_outstanding. Valeur reprise telle quelle (T1). Dimensions : aucune, déduit (D1). Entrée brute facts/us-gaap/CommonStockSharesOutstanding/units/shares/83 (sha256 623b7c767b8a3c60…). À confirmer sur l'instance XBRL.","edgar_normalize.py (règles edgar_v1, automatique)",2026-09-28T12:37:37+00:00,doc:0000320193-0000320193-19-000066,R4
1042,facts,0000320193-0000320193-19-000076-us-gaap:CommonStockSharesOutstanding-shares--2018-09-29,source_context,,companyfacts;entite=CIK0000320193;periode=2018-09-29;segment=aucun(deduit D1),"edgar_normalize.py (règles edgar_v1, automatique)",2026-09-28T12:37:37+00:00,doc:0000320193-0000320193-19-000076,X1
1043,facts,0000320193-0000320193-19-000076-us-gaap:CommonStockSharesOutstanding-shares--2018-09-29,source_dimensions,INCONNU,,"edgar_normalize.py (règles edgar_v1, automatique)",2026-09-28T12:37:37+00:00,doc:0000320193-0000320193-19-000076,D1 : une seule valeur brute pour cette clé
1044,facts,0000320193-0000320193-19-000076-us-gaap:CommonStockSharesOutstanding-shares--2018-09-29,share_class,INCONNU,ordinaire (déduit C1 : titre coté unique AAPL),"edgar_normalize.py (règles edgar_v1, automatique)",2026-09-28T12:37:37+00:00,doc:0000320193-0000320193-19-000076,C1
1045,facts,0000320193-0000320193-19-000076-us-gaap:CommonStockSharesOutstanding-shares--2018-09-29,normalized_concept,,shares_outstanding,"edgar_normalize.py (règles edgar_v1, automatique)",2026-09-28T12:37:37+00:00,doc:0000320193-0000320193-19-000076,R4
1046,facts,0000320193-0000320193-19-000076-us-gaap:CommonStockSharesOutstanding-shares--2018-09-29,transformation,,aucune,"edgar_normalize.py (règles edgar_v1, automatique)",2026-09-28T12:37:37+00:00,doc:0000320193-0000320193-19-000076,T1
1047,facts,0000320193-0000320193-19-000076-us-gaap:CommonStockSharesOutstanding-shares--2018-09-29,value,,4754986000,"edgar_normalize.py (règles edgar_v1, automatique)",2026-09-28T12:37:37+00:00,doc:0000320193-0000320193-19-000076,T1
1048,facts,0000320193-0000320193-19-000076-us-gaap:CommonStockSharesOutstanding-shares--2018-09-29,normalization_justification,,"Règle R4 (edgar_v1) : us-gaap:CommonStockSharesOutstanding [shares, instant] -> shares_outstanding. Valeur reprise telle quelle (T1). Dimensions : aucune, déduit (D1). Entrée brute facts/us-gaap/CommonStockSharesOutstanding/units/shares/84 (sha256 5316c7a478cec23e…). À confirmer sur l'instance XBRL.","edgar_normalize.py (règles edgar_v1, automatique)",2026-09-28T12:37:37+00:00,doc:0000320193-0000320193-19-000076,R4
1049,facts,0000320193-0000320193-19-000119-us-gaap:CommonStockSharesOutstanding-shares--2018-09-29,source_context,,companyfacts;entite=CIK0000320193;periode=2018-09-29;segment=aucun(deduit D1),"edgar_normalize.py (règles edgar_v1, automatique)",2026-09-28T12:37:37+00:00,doc:0000320193-0000320193-19-000119,X1
1050,facts,0000320193-0000320193-19-000119-us-gaap:CommonStockSharesOutstanding-shares--2018-09-29,source_dimensions,INCONNU,,"edgar_normalize.py (règles edgar_v1, automatique)",2026-09-28T12:37:37+00:00,doc:0000320193-0000320193-19-000119,D1 : une seule valeur brute pour cette clé
1051,facts,0000320193-0000320193-19-000119-us-gaap:CommonStockSharesOutstanding-shares--2018-09-29,share_class,INCONNU,ordinaire (déduit C1 : titre coté unique AAPL),"edgar_normalize.py (règles edgar_v1, automatique)",2026-09-28T12:37:37+00:00,doc:0000320193-0000320193-19-000119,C1
1052,facts,0000320193-0000320193-19-000119-us-gaap:CommonStockSharesOutstanding-shares--2018-09-29,normalized_concept,,shares_outstanding,"edgar_normalize.py (règles edgar_v1, automatique)",2026-09-28T12:37:37+00:00,doc:0000320193-0000320193-19-000119,R4
1053,facts,0000320193-0000320193-19-000119-us-gaap:CommonStockSharesOutstanding-shares--2018-09-29,transformation,,aucune,"edgar_normalize.py (règles edgar_v1, automatique)",2026-09-28T12:37:37+00:00,doc:0000320193-0000320193-19-000119,T1
1054,facts,0000320193-0000320193-19-000119-us-gaap:CommonStockSharesOutstanding-shares--2018-09-29,value,,4754986000,"edgar_normalize.py (règles edgar_v1, automatique)",2026-09-28T12:37:37+00:00,doc:0000320193-0000320193-19-000119,T1
1055,facts,0000320193-0000320193-19-000119-us-gaap:CommonStockSharesOutstanding-shares--2018-09-29,normalization_justification,,"Règle R4 (edgar_v1) : us-gaap:CommonStockSharesOutstanding [shares, instant] -> shares_outstanding. Valeur reprise telle quelle (T1). Dimensions : aucune, déduit (D1). Entrée brute facts/us-gaap/CommonStockSharesOutstanding/units/shares/85 (sha256 93675b9ebaaa0180…). À confirmer sur l'instance XBRL.","edgar_normalize.py (règles edgar_v1, automatique)",2026-09-28T12:37:37+00:00,doc:0000320193-0000320193-19-000119,R4
1056,facts,0000320193-0000320193-19-000010-us-gaap:CommonStockSharesOutstanding-shares--2018-12-29,source_context,,companyfacts;entite=CIK0000320193;periode=2018-12-29;segment=aucun(deduit D1),"edgar_normalize.py (règles edgar_v1, automatique)",2026-09-28T12:37:37+00:00,doc:0000320193-0000320193-19-000010,X1
1057,facts,0000320193-0000320193-19-000010-us-gaap:CommonStockSharesOutstanding-shares--2018-12-29,source_dimensions,INCONNU,,"edgar_normalize.py (règles edgar_v1, automatique)",2026-09-28T12:37:37+00:00,doc:0000320193-0000320193-19-000010,D1 : une seule valeur brute pour cette clé
1058,facts,0000320193-0000320193-19-000010-us-gaap:CommonStockSharesOutstanding-shares--2018-12-29,share_class,INCONNU,ordinaire (déduit C1 : titre coté unique AAPL),"edgar_normalize.py (règles edgar_v1, automatique)",2026-09-28T12:37:37+00:00,doc:0000320193-0000320193-19-000010,C1
1059,facts,0000320193-0000320193-19-000010-us-gaap:CommonStockSharesOutstanding-shares--2018-12-29,normalized_concept,,shares_outstanding,"edgar_normalize.py (règles edgar_v1, automatique)",2026-09-28T12:37:37+00:00,doc:0000320193-0000320193-19-000010,R4
1060,facts,0000320193-0000320193-19-000010-us-gaap:CommonStockSharesOutstanding-shares--2018-12-29,transformation,,aucune,"edgar_normalize.py (règles edgar_v1, automatique)",2026-09-28T12:37:37+00:00,doc:0000320193-0000320193-19-000010,T1
1061,facts,0000320193-0000320193-19-000010-us-gaap:CommonStockSharesOutstanding-shares--2018-12-29,value,,4729803000,"edgar_normalize.py (règles edgar_v1, automatique)",2026-09-28T12:37:37+00:00,doc:0000320193-0000320193-19-000010,T1
1062,facts,0000320193-0000320193-19-000010-us-gaap:CommonStockSharesOutstanding-shares--2018-12-29,normalization_justification,,"Règle R4 (edgar_v1) : us-gaap:CommonStockSharesOutstanding [shares, instant] -> shares_outstanding. Valeur reprise telle quelle (T1). Dimensions : aucune, déduit (D1). Entrée brute facts/us-gaap/CommonStockSharesOutstanding/units/shares/86 (sha256 566d5aeae55e21c8…). À confirmer sur l'instance XBRL.","edgar_normalize.py (règles edgar_v1, automatique)",2026-09-28T12:37:37+00:00,doc:0000320193-0000320193-19-000010,R4
1063,facts,0000320193-0000320193-19-000066-us-gaap:CommonStockSharesOutstanding-shares--2019-03-30,source_context,,companyfacts;entite=CIK0000320193;periode=2019-03-30;segment=aucun(deduit D1),"edgar_normalize.py (règles edgar_v1, automatique)",2026-09-28T12:37:37+00:00,doc:0000320193-0000320193-19-000066,X1
1064,facts,0000320193-0000320193-19-000066-us-gaap:CommonStockSharesOutstanding-shares--2019-03-30,source_dimensions,INCONNU,,"edgar_normalize.py (règles edgar_v1, automatique)",2026-09-28T12:37:37+00:00,doc:0000320193-0000320193-19-000066,D1 : une seule valeur brute pour cette clé
1065,facts,0000320193-0000320193-19-000066-us-gaap:CommonStockSharesOutstanding-shares--2019-03-30,share_class,INCONNU,ordinaire (déduit C1 : titre coté unique AAPL),"edgar_normalize.py (règles edgar_v1, automatique)",2026-09-28T12:37:37+00:00,doc:0000320193-0000320193-19-000066,C1
1066,facts,0000320193-0000320193-19-000066-us-gaap:CommonStockSharesOutstanding-shares--2019-03-30,normalized_concept,,shares_outstanding,"edgar_normalize.py (règles edgar_v1, automatique)",2026-09-28T12:37:37+00:00,doc:0000320193-0000320193-19-000066,R4
1067,facts,0000320193-0000320193-19-000066-us-gaap:CommonStockSharesOutstanding-shares--2019-03-30,transformation,,aucune,"edgar_normalize.py (règles edgar_v1, automatique)",2026-09-28T12:37:37+00:00,doc:0000320193-0000320193-19-000066,T1
1068,facts,0000320193-0000320193-19-000066-us-gaap:CommonStockSharesOutstanding-shares--2019-03-30,value,,4607284000,"edgar_normalize.py (règles edgar_v1, automatique)",2026-09-28T12:37:37+00:00,doc:0000320193-0000320193-19-000066,T1
1069,facts,0000320193-0000320193-19-000066-us-gaap:CommonStockSharesOutstanding-shares--2019-03-30,normalization_justification,,"Règle R4 (edgar_v1) : us-gaap:CommonStockSharesOutstanding [shares, instant] -> shares_outstanding. Valeur reprise telle quelle (T1). Dimensions : aucune, déduit (D1). Entrée brute facts/us-gaap/CommonStockSharesOutstanding/units/shares/87 (sha256 5a29b37dd1626285…). À confirmer sur l'instance XBRL.","edgar_normalize.py (règles edgar_v1, automatique)",2026-09-28T12:37:37+00:00,doc:0000320193-0000320193-19-000066,R4
1070,facts,0000320193-0000320193-19-000076-us-gaap:CommonStockSharesOutstanding-shares--2019-06-29,source_context,,companyfacts;entite=CIK0000320193;periode=2019-06-29;segment=aucun(deduit D1),"edgar_normalize.py (règles edgar_v1, automatique)",2026-09-28T12:37:37+00:00,doc:0000320193-0000320193-19-000076,X1
1071,facts,0000320193-0000320193-19-000076-us-gaap:CommonStockSharesOutstanding-shares--2019-06-29,source_dimensions,INCONNU,,"edgar_normalize.py (règles edgar_v1, automatique)",2026-09-28T12:37:37+00:00,doc:0000320193-0000320193-19-000076,D1 : une seule valeur brute pour cette clé
1072,facts,0000320193-0000320193-19-000076-us-gaap:CommonStockSharesOutstanding-shares--2019-06-29,share_class,INCONNU,ordinaire (déduit C1 : titre coté unique AAPL),"edgar_normalize.py (règles edgar_v1, automatique)",2026-09-28T12:37:37+00:00,doc:0000320193-0000320193-19-000076,C1
1073,facts,0000320193-0000320193-19-000076-us-gaap:CommonStockSharesOutstanding-shares--2019-06-29,normalized_concept,,shares_outstanding,"edgar_normalize.py (règles edgar_v1, automatique)",2026-09-28T12:37:37+00:00,doc:0000320193-0000320193-19-000076,R4
1074,facts,0000320193-0000320193-19-000076-us-gaap:CommonStockSharesOutstanding-shares--2019-06-29,transformation,,aucune,"edgar_normalize.py (règles edgar_v1, automatique)",2026-09-28T12:37:37+00:00,doc:0000320193-0000320193-19-000076,T1
1075,facts,0000320193-0000320193-19-000076-us-gaap:CommonStockSharesOutstanding-shares--2019-06-29,value,,4531395000,"edgar_normalize.py (règles edgar_v1, automatique)",2026-09-28T12:37:37+00:00,doc:0000320193-0000320193-19-000076,T1
1076,facts,0000320193-0000320193-19-000076-us-gaap:CommonStockSharesOutstanding-shares--2019-06-29,normalization_justification,,"Règle R4 (edgar_v1) : us-gaap:CommonStockSharesOutstanding [shares, instant] -> shares_outstanding. Valeur reprise telle quelle (T1). Dimensions : aucune, déduit (D1). Entrée brute facts/us-gaap/CommonStockSharesOutstanding/units/shares/88 (sha256 613b5b540c840ed8…). À confirmer sur l'instance XBRL.","edgar_normalize.py (règles edgar_v1, automatique)",2026-09-28T12:37:37+00:00,doc:0000320193-0000320193-19-000076,R4
1077,facts,0000320193-0000320193-19-000119-us-gaap:CommonStockSharesOutstanding-shares--2019-09-28,source_context,,companyfacts;entite=CIK0000320193;periode=2019-09-28;segment=aucun(deduit D1),"edgar_normalize.py (règles edgar_v1, automatique)",2026-09-28T12:37:37+00:00,doc:0000320193-0000320193-19-000119,X1
1078,facts,0000320193-0000320193-19-000119-us-gaap:CommonStockSharesOutstanding-shares--2019-09-28,source_dimensions,INCONNU,,"edgar_normalize.py (règles edgar_v1, automatique)",2026-09-28T12:37:37+00:00,doc:0000320193-0000320193-19-000119,D1 : une seule valeur brute pour cette clé
1079,facts,0000320193-0000320193-19-000119-us-gaap:CommonStockSharesOutstanding-shares--2019-09-28,share_class,INCONNU,ordinaire (déduit C1 : titre coté unique AAPL),"edgar_normalize.py (règles edgar_v1, automatique)",2026-09-28T12:37:37+00:00,doc:0000320193-0000320193-19-000119,C1
1080,facts,0000320193-0000320193-19-000119-us-gaap:CommonStockSharesOutstanding-shares--2019-09-28,normalized_concept,,shares_outstanding,"edgar_normalize.py (règles edgar_v1, automatique)",2026-09-28T12:37:37+00:00,doc:0000320193-0000320193-19-000119,R4
1081,facts,0000320193-0000320193-19-000119-us-gaap:CommonStockSharesOutstanding-shares--2019-09-28,transformation,,aucune,"edgar_normalize.py (règles edgar_v1, automatique)",2026-09-28T12:37:37+00:00,doc:0000320193-0000320193-19-000119,T1
1082,facts,0000320193-0000320193-19-000119-us-gaap:CommonStockSharesOutstanding-shares--2019-09-28,value,,4443236000,"edgar_normalize.py (règles edgar_v1, automatique)",2026-09-28T12:37:37+00:00,doc:0000320193-0000320193-19-000119,T1
1083,facts,0000320193-0000320193-19-000119-us-gaap:CommonStockSharesOutstanding-shares--2019-09-28,normalization_justification,,"Règle R4 (edgar_v1) : us-gaap:CommonStockSharesOutstanding [shares, instant] -> shares_outstanding. Valeur reprise telle quelle (T1). Dimensions : aucune, déduit (D1). Entrée brute facts/us-gaap/CommonStockSharesOutstanding/units/shares/89 (sha256 07ab292f310a4d33…). À confirmer sur l'instance XBRL.","edgar_normalize.py (règles edgar_v1, automatique)",2026-09-28T12:37:37+00:00,doc:0000320193-0000320193-19-000119,R4
1084,facts,0000320193-0000320193-20-000010-us-gaap:CommonStockSharesOutstanding-shares--2019-09-28,source_context,,companyfacts;entite=CIK0000320193;periode=2019-09-28;segment=aucun(deduit D1),"edgar_normalize.py (règles edgar_v1, automatique)",2026-09-28T12:37:37+00:00,doc:0000320193-0000320193-20-000010,X1
1085,facts,0000320193-0000320193-20-000010-us-gaap:CommonStockSharesOutstanding-shares--2019-09-28,source_dimensions,INCONNU,,"edgar_normalize.py (règles edgar_v1, automatique)",2026-09-28T12:37:37+00:00,doc:0000320193-0000320193-20-000010,D1 : une seule valeur brute pour cette clé
1086,facts,0000320193-0000320193-20-000010-us-gaap:CommonStockSharesOutstanding-shares--2019-09-28,share_class,INCONNU,ordinaire (déduit C1 : titre coté unique AAPL),"edgar_normalize.py (règles edgar_v1, automatique)",2026-09-28T12:37:37+00:00,doc:0000320193-0000320193-20-000010,C1
1087,facts,0000320193-0000320193-20-000010-us-gaap:CommonStockSharesOutstanding-shares--2019-09-28,normalized_concept,,shares_outstanding,"edgar_normalize.py (règles edgar_v1, automatique)",2026-09-28T12:37:37+00:00,doc:0000320193-0000320193-20-000010,R4
1088,facts,0000320193-0000320193-20-000010-us-gaap:CommonStockSharesOutstanding-shares--2019-09-28,transformation,,aucune,"edgar_normalize.py (règles edgar_v1, automatique)",2026-09-28T12:37:37+00:00,doc:0000320193-0000320193-20-000010,T1
1089,facts,0000320193-0000320193-20-000010-us-gaap:CommonStockSharesOutstanding-shares--2019-09-28,value,,4443236000,"edgar_normalize.py (règles edgar_v1, automatique)",2026-09-28T12:37:37+00:00,doc:0000320193-0000320193-20-000010,T1
1090,facts,0000320193-0000320193-20-000010-us-gaap:CommonStockSharesOutstanding-shares--2019-09-28,normalization_justification,,"Règle R4 (edgar_v1) : us-gaap:CommonStockSharesOutstanding [shares, instant] -> shares_outstanding. Valeur reprise telle quelle (T1). Dimensions : aucune, déduit (D1). Entrée brute facts/us-gaap/CommonStockSharesOutstanding/units/shares/90 (sha256 7137d4e4c8c05652…). À confirmer sur l'instance XBRL.","edgar_normalize.py (règles edgar_v1, automatique)",2026-09-28T12:37:37+00:00,doc:0000320193-0000320193-20-000010,R4
1091,facts,0000320193-0000320193-20-000052-us-gaap:CommonStockSharesOutstanding-shares--2019-09-28,source_context,,companyfacts;entite=CIK0000320193;periode=2019-09-28;segment=aucun(deduit D1),"edgar_normalize.py (règles edgar_v1, automatique)",2026-09-28T12:37:37+00:00,doc:0000320193-0000320193-20-000052,X1
1092,facts,0000320193-0000320193-20-000052-us-gaap:CommonStockSharesOutstanding-shares--2019-09-28,source_dimensions,INCONNU,,"edgar_normalize.py (règles edgar_v1, automatique)",2026-09-28T12:37:37+00:00,doc:0000320193-0000320193-20-000052,D1 : une seule valeur brute pour cette clé
1093,facts,0000320193-0000320193-20-000052-us-gaap:CommonStockSharesOutstanding-shares--2019-09-28,share_class,INCONNU,ordinaire (déduit C1 : titre coté unique AAPL),"edgar_normalize.py (règles edgar_v1, automatique)",2026-09-28T12:37:37+00:00,doc:0000320193-0000320193-20-000052,C1
1094,facts,0000320193-0000320193-20-000052-us-gaap:CommonStockSharesOutstanding-shares--2019-09-28,normalized_concept,,shares_outstanding,"edgar_normalize.py (règles edgar_v1, automatique)",2026-09-28T12:37:37+00:00,doc:0000320193-0000320193-20-000052,R4
1095,facts,0000320193-0000320193-20-000052-us-gaap:CommonStockSharesOutstanding-shares--2019-09-28,transformation,,aucune,"edgar_normalize.py (règles edgar_v1, automatique)",2026-09-28T12:37:37+00:00,doc:0000320193-0000320193-20-000052,T1
1096,facts,0000320193-0000320193-20-000052-us-gaap:CommonStockSharesOutstanding-shares--2019-09-28,value,,4443236000,"edgar_normalize.py (règles edgar_v1, automatique)",2026-09-28T12:37:37+00:00,doc:0000320193-0000320193-20-000052,T1
1097,facts,0000320193-0000320193-20-000052-us-gaap:CommonStockSharesOutstanding-shares--2019-09-28,normalization_justification,,"Règle R4 (edgar_v1) : us-gaap:CommonStockSharesOutstanding [shares, instant] -> shares_outstanding. Valeur reprise telle quelle (T1). Dimensions : aucune, déduit (D1). Entrée brute facts/us-gaap/CommonStockSharesOutstanding/units/shares/91 (sha256 23eee2deb2504f52…). À confirmer sur l'instance XBRL.","edgar_normalize.py (règles edgar_v1, automatique)",2026-09-28T12:37:37+00:00,doc:0000320193-0000320193-20-000052,R4
1098,facts,0000320193-0000320193-20-000062-us-gaap:CommonStockSharesOutstanding-shares--2019-09-28,source_context,,companyfacts;entite=CIK0000320193;periode=2019-09-28;segment=aucun(deduit D1),"edgar_normalize.py (règles edgar_v1, automatique)",2026-09-28T12:37:37+00:00,doc:0000320193-0000320193-20-000062,X1
1099,facts,0000320193-0000320193-20-000062-us-gaap:CommonStockSharesOutstanding-shares--2019-09-28,source_dimensions,INCONNU,,"edgar_normalize.py (règles edgar_v1, automatique)",2026-09-28T12:37:37+00:00,doc:0000320193-0000320193-20-000062,D1 : une seule valeur brute pour cette clé
1100,facts,0000320193-0000320193-20-000062-us-gaap:CommonStockSharesOutstanding-shares--2019-09-28,share_class,INCONNU,ordinaire (déduit C1 : titre coté unique AAPL),"edgar_normalize.py (règles edgar_v1, automatique)",2026-09-28T12:37:37+00:00,doc:0000320193-0000320193-20-000062,C1
1101,facts,0000320193-0000320193-20-000062-us-gaap:CommonStockSharesOutstanding-shares--2019-09-28,normalized_concept,,shares_outstanding,"edgar_normalize.py (règles edgar_v1, automatique)",2026-09-28T12:37:37+00:00,doc:0000320193-0000320193-20-000062,R4
1102,facts,0000320193-0000320193-20-000062-us-gaap:CommonStockSharesOutstanding-shares--2019-09-28,transformation,,aucune,"edgar_normalize.py (règles edgar_v1, automatique)",2026-09-28T12:37:37+00:00,doc:0000320193-0000320193-20-000062,T1
1103,facts,0000320193-0000320193-20-000062-us-gaap:CommonStockSharesOutstanding-shares--2019-09-28,value,,4443236000,"edgar_normalize.py (règles edgar_v1, automatique)",2026-09-28T12:37:37+00:00,doc:0000320193-0000320193-20-000062,T1
1104,facts,0000320193-0000320193-20-000062-us-gaap:CommonStockSharesOutstanding-shares--2019-09-28,normalization_justification,,"Règle R4 (edgar_v1) : us-gaap:CommonStockSharesOutstanding [shares, instant] -> shares_outstanding. Valeur reprise telle quelle (T1). Dimensions : aucune, déduit (D1). Entrée brute facts/us-gaap/CommonStockSharesOutstanding/units/shares/92 (sha256 1644a2acbf1e029b…). À confirmer sur l'instance XBRL.","edgar_normalize.py (règles edgar_v1, automatique)",2026-09-28T12:37:37+00:00,doc:0000320193-0000320193-20-000062,R4
1105,facts,0000320193-0000320193-20-000096-us-gaap:CommonStockSharesOutstanding-shares--2019-09-28,source_context,,companyfacts;entite=CIK0000320193;periode=2019-09-28;segment=aucun(deduit D1),"edgar_normalize.py (règles edgar_v1, automatique)",2026-09-28T12:37:37+00:00,doc:0000320193-0000320193-20-000096,X1
1106,facts,0000320193-0000320193-20-000096-us-gaap:CommonStockSharesOutstanding-shares--2019-09-28,source_dimensions,INCONNU,,"edgar_normalize.py (règles edgar_v1, automatique)",2026-09-28T12:37:37+00:00,doc:0000320193-0000320193-20-000096,D1 : une seule valeur brute pour cette clé
1107,facts,0000320193-0000320193-20-000096-us-gaap:CommonStockSharesOutstanding-shares--2019-09-28,share_class,INCONNU,ordinaire (déduit C1 : titre coté unique AAPL),"edgar_normalize.py (règles edgar_v1, automatique)",2026-09-28T12:37:37+00:00,doc:0000320193-0000320193-20-000096,C1
1108,facts,0000320193-0000320193-20-000096-us-gaap:CommonStockSharesOutstanding-shares--2019-09-28,normalized_concept,,shares_outstanding,"edgar_normalize.py (règles edgar_v1, automatique)",2026-09-28T12:37:37+00:00,doc:0000320193-0000320193-20-000096,R4
1109,facts,0000320193-0000320193-20-000096-us-gaap:CommonStockSharesOutstanding-shares--2019-09-28,transformation,,aucune,"edgar_normalize.py (règles edgar_v1, automatique)",2026-09-28T12:37:37+00:00,doc:0000320193-0000320193-20-000096,T1
1110,facts,0000320193-0000320193-20-000096-us-gaap:CommonStockSharesOutstanding-shares--2019-09-28,value,,17772945000,"edgar_normalize.py (règles edgar_v1, automatique)",2026-09-28T12:37:37+00:00,doc:0000320193-0000320193-20-000096,T1
1111,facts,0000320193-0000320193-20-000096-us-gaap:CommonStockSharesOutstanding-shares--2019-09-28,normalization_justification,,"Règle R4 (edgar_v1) : us-gaap:CommonStockSharesOutstanding [shares, instant] -> shares_outstanding. Valeur reprise telle quelle (T1). Dimensions : aucune, déduit (D1). Entrée brute facts/us-gaap/CommonStockSharesOutstanding/units/shares/93 (sha256 2a26519b7b6f9824…). À confirmer sur l'instance XBRL.","edgar_normalize.py (règles edgar_v1, automatique)",2026-09-28T12:37:37+00:00,doc:0000320193-0000320193-20-000096,R4
1112,facts,0000320193-0000320193-20-000010-us-gaap:CommonStockSharesOutstanding-shares--2019-12-28,source_context,,companyfacts;entite=CIK0000320193;periode=2019-12-28;segment=aucun(deduit D1),"edgar_normalize.py (règles edgar_v1, automatique)",2026-09-28T12:37:37+00:00,doc:0000320193-0000320193-20-000010,X1
1113,facts,0000320193-0000320193-20-000010-us-gaap:CommonStockSharesOutstanding-shares--2019-12-28,source_dimensions,INCONNU,,"edgar_normalize.py (règles edgar_v1, automatique)",2026-09-28T12:37:37+00:00,doc:0000320193-0000320193-20-000010,D1 : une seule valeur brute pour cette clé
1114,facts,0000320193-0000320193-20-000010-us-gaap:CommonStockSharesOutstanding-shares--2019-12-28,share_class,INCONNU,ordinaire (déduit C1 : titre coté unique AAPL),"edgar_normalize.py (règles edgar_v1, automatique)",2026-09-28T12:37:37+00:00,doc:0000320193-0000320193-20-000010,C1
1115,facts,0000320193-0000320193-20-000010-us-gaap:CommonStockSharesOutstanding-shares--2019-12-28,normalized_concept,,shares_outstanding,"edgar_normalize.py (règles edgar_v1, automatique)",2026-09-28T12:37:37+00:00,doc:0000320193-0000320193-20-000010,R4
1116,facts,0000320193-0000320193-20-000010-us-gaap:CommonStockSharesOutstanding-shares--2019-12-28,transformation,,aucune,"edgar_normalize.py (règles edgar_v1, automatique)",2026-09-28T12:37:37+00:00,doc:0000320193-0000320193-20-000010,T1
1117,facts,0000320193-0000320193-20-000010-us-gaap:CommonStockSharesOutstanding-shares--2019-12-28,value,,4384959000,"edgar_normalize.py (règles edgar_v1, automatique)",2026-09-28T12:37:37+00:00,doc:0000320193-0000320193-20-000010,T1
1118,facts,0000320193-0000320193-20-000010-us-gaap:CommonStockSharesOutstanding-shares--2019-12-28,normalization_justification,,"Règle R4 (edgar_v1) : us-gaap:CommonStockSharesOutstanding [shares, instant] -> shares_outstanding. Valeur reprise telle quelle (T1). Dimensions : aucune, déduit (D1). Entrée brute facts/us-gaap/CommonStockSharesOutstanding/units/shares/94 (sha256 acd45a42a8ec34ab…). À confirmer sur l'instance XBRL.","edgar_normalize.py (règles edgar_v1, automatique)",2026-09-28T12:37:37+00:00,doc:0000320193-0000320193-20-000010,R4
1119,facts,0000320193-0000320193-20-000052-us-gaap:CommonStockSharesOutstanding-shares--2020-03-28,source_context,,companyfacts;entite=CIK0000320193;periode=2020-03-28;segment=aucun(deduit D1),"edgar_normalize.py (règles edgar_v1, automatique)",2026-09-28T12:37:37+00:00,doc:0000320193-0000320193-20-000052,X1
1120,facts,0000320193-0000320193-20-000052-us-gaap:CommonStockSharesOutstanding-shares--2020-03-28,source_dimensions,INCONNU,,"edgar_normalize.py (règles edgar_v1, automatique)",2026-09-28T12:37:37+00:00,doc:0000320193-0000320193-20-000052,D1 : une seule valeur brute pour cette clé
1121,facts,0000320193-0000320193-20-000052-us-gaap:CommonStockSharesOutstanding-shares--2020-03-28,share_class,INCONNU,ordinaire (déduit C1 : titre coté unique AAPL),"edgar_normalize.py (règles edgar_v1, automatique)",2026-09-28T12:37:37+00:00,doc:0000320193-0000320193-20-000052,C1
1122,facts,0000320193-0000320193-20-000052-us-gaap:CommonStockSharesOutstanding-shares--2020-03-28,normalized_concept,,shares_outstanding,"edgar_normalize.py (règles edgar_v1, automatique)",2026-09-28T12:37:37+00:00,doc:0000320193-0000320193-20-000052,R4
1123,facts,0000320193-0000320193-20-000052-us-gaap:CommonStockSharesOutstanding-shares--2020-03-28,transformation,,aucune,"edgar_normalize.py (règles edgar_v1, automatique)",2026-09-28T12:37:37+00:00,doc:0000320193-0000320193-20-000052,T1
1124,facts,0000320193-0000320193-20-000052-us-gaap:CommonStockSharesOutstanding-shares--2020-03-28,value,,4323987000,"edgar_normalize.py (règles edgar_v1, automatique)",2026-09-28T12:37:37+00:00,doc:0000320193-0000320193-20-000052,T1
1125,facts,0000320193-0000320193-20-000052-us-gaap:CommonStockSharesOutstanding-shares--2020-03-28,normalization_justification,,"Règle R4 (edgar_v1) : us-gaap:CommonStockSharesOutstanding [shares, instant] -> shares_outstanding. Valeur reprise telle quelle (T1). Dimensions : aucune, déduit (D1). Entrée brute facts/us-gaap/CommonStockSharesOutstanding/units/shares/95 (sha256 0f8ba194afa15941…). À confirmer sur l'instance XBRL.","edgar_normalize.py (règles edgar_v1, automatique)",2026-09-28T12:37:37+00:00,doc:0000320193-0000320193-20-000052,R4
1126,facts,0000320193-0000320193-20-000062-us-gaap:CommonStockSharesOutstanding-shares--2020-06-27,source_context,,companyfacts;entite=CIK0000320193;periode=2020-06-27;segment=aucun(deduit D1),"edgar_normalize.py (règles edgar_v1, automatique)",2026-09-28T12:37:37+00:00,doc:0000320193-0000320193-20-000062,X1
1127,facts,0000320193-0000320193-20-000062-us-gaap:CommonStockSharesOutstanding-shares--2020-06-27,source_dimensions,INCONNU,,"edgar_normalize.py (règles edgar_v1, automatique)",2026-09-28T12:37:37+00:00,doc:0000320193-0000320193-20-000062,D1 : une seule valeur brute pour cette clé
1128,facts,0000320193-0000320193-20-000062-us-gaap:CommonStockSharesOutstanding-shares--2020-06-27,share_class,INCONNU,ordinaire (déduit C1 : titre coté unique AAPL),"edgar_normalize.py (règles edgar_v1, automatique)",2026-09-28T12:37:37+00:00,doc:0000320193-0000320193-20-000062,C1
1129,facts,0000320193-0000320193-20-000062-us-gaap:CommonStockSharesOutstanding-shares--2020-06-27,normalized_concept,,shares_outstanding,"edgar_normalize.py (règles edgar_v1, automatique)",2026-09-28T12:37:37+00:00,doc:0000320193-0000320193-20-000062,R4
1130,facts,0000320193-0000320193-20-000062-us-gaap:CommonStockSharesOutstanding-shares--2020-06-27,transformation,,aucune,"edgar_normalize.py (règles edgar_v1, automatique)",2026-09-28T12:37:37+00:00,doc:0000320193-0000320193-20-000062,T1
1131,facts,0000320193-0000320193-20-000062-us-gaap:CommonStockSharesOutstanding-shares--2020-06-27,value,,4283939000,"edgar_normalize.py (règles edgar_v1, automatique)",2026-09-28T12:37:37+00:00,doc:0000320193-0000320193-20-000062,T1
1132,facts,0000320193-0000320193-20-000062-us-gaap:CommonStockSharesOutstanding-shares--2020-06-27,normalization_justification,,"Règle R4 (edgar_v1) : us-gaap:CommonStockSharesOutstanding [shares, instant] -> shares_outstanding. Valeur reprise telle quelle (T1). Dimensions : aucune, déduit (D1). Entrée brute facts/us-gaap/CommonStockSharesOutstanding/units/shares/96 (sha256 8fd70e1d4b82c3aa…). À confirmer sur l'instance XBRL.","edgar_normalize.py (règles edgar_v1, automatique)",2026-09-28T12:37:37+00:00,doc:0000320193-0000320193-20-000062,R4
1133,facts,0000320193-0000320193-20-000096-us-gaap:CommonStockSharesOutstanding-shares--2020-09-26,source_context,,companyfacts;entite=CIK0000320193;periode=2020-09-26;segment=aucun(deduit D1),"edgar_normalize.py (règles edgar_v1, automatique)",2026-09-28T12:37:37+00:00,doc:0000320193-0000320193-20-000096,X1
1134,facts,0000320193-0000320193-20-000096-us-gaap:CommonStockSharesOutstanding-shares--2020-09-26,source_dimensions,INCONNU,,"edgar_normalize.py (règles edgar_v1, automatique)",2026-09-28T12:37:37+00:00,doc:0000320193-0000320193-20-000096,D1 : une seule valeur brute pour cette clé
1135,facts,0000320193-0000320193-20-000096-us-gaap:CommonStockSharesOutstanding-shares--2020-09-26,share_class,INCONNU,ordinaire (déduit C1 : titre coté unique AAPL),"edgar_normalize.py (règles edgar_v1, automatique)",2026-09-28T12:37:37+00:00,doc:0000320193-0000320193-20-000096,C1
1136,facts,0000320193-0000320193-20-000096-us-gaap:CommonStockSharesOutstanding-shares--2020-09-26,normalized_concept,,shares_outstanding,"edgar_normalize.py (règles edgar_v1, automatique)",2026-09-28T12:37:37+00:00,doc:0000320193-0000320193-20-000096,R4
1137,facts,0000320193-0000320193-20-000096-us-gaap:CommonStockSharesOutstanding-shares--2020-09-26,transformation,,aucune,"edgar_normalize.py (règles edgar_v1, automatique)",2026-09-28T12:37:37+00:00,doc:0000320193-0000320193-20-000096,T1
1138,facts,0000320193-0000320193-20-000096-us-gaap:CommonStockSharesOutstanding-shares--2020-09-26,value,,16976763000,"edgar_normalize.py (règles edgar_v1, automatique)",2026-09-28T12:37:37+00:00,doc:0000320193-0000320193-20-000096,T1
1139,facts,0000320193-0000320193-20-000096-us-gaap:CommonStockSharesOutstanding-shares--2020-09-26,normalization_justification,,"Règle R4 (edgar_v1) : us-gaap:CommonStockSharesOutstanding [shares, instant] -> shares_outstanding. Valeur reprise telle quelle (T1). Dimensions : aucune, déduit (D1). Entrée brute facts/us-gaap/CommonStockSharesOutstanding/units/shares/97 (sha256 5b7ece7a47557945…). À confirmer sur l'instance XBRL.","edgar_normalize.py (règles edgar_v1, automatique)",2026-09-28T12:37:37+00:00,doc:0000320193-0000320193-20-000096,R4
1140,facts,0000320193-0000320193-21-000010-us-gaap:CommonStockSharesOutstanding-shares--2020-09-26,source_context,,companyfacts;entite=CIK0000320193;periode=2020-09-26;segment=aucun(deduit D1),"edgar_normalize.py (règles edgar_v1, automatique)",2026-09-28T12:37:37+00:00,doc:0000320193-0000320193-21-000010,X1
1141,facts,0000320193-0000320193-21-000010-us-gaap:CommonStockSharesOutstanding-shares--2020-09-26,source_dimensions,INCONNU,,"edgar_normalize.py (règles edgar_v1, automatique)",2026-09-28T12:37:37+00:00,doc:0000320193-0000320193-21-000010,D1 : une seule valeur brute pour cette clé
1142,facts,0000320193-0000320193-21-000010-us-gaap:CommonStockSharesOutstanding-shares--2020-09-26,share_class,INCONNU,ordinaire (déduit C1 : titre coté unique AAPL),"edgar_normalize.py (règles edgar_v1, automatique)",2026-09-28T12:37:37+00:00,doc:0000320193-0000320193-21-000010,C1
1143,facts,0000320193-0000320193-21-000010-us-gaap:CommonStockSharesOutstanding-shares--2020-09-26,normalized_concept,,shares_outstanding,"edgar_normalize.py (règles edgar_v1, automatique)",2026-09-28T12:37:37+00:00,doc:0000320193-0000320193-21-000010,R4
1144,facts,0000320193-0000320193-21-000010-us-gaap:CommonStockSharesOutstanding-shares--2020-09-26,transformation,,aucune,"edgar_normalize.py (règles edgar_v1, automatique)",2026-09-28T12:37:37+00:00,doc:0000320193-0000320193-21-000010,T1
1145,facts,0000320193-0000320193-21-000010-us-gaap:CommonStockSharesOutstanding-shares--2020-09-26,value,,16976763000,"edgar_normalize.py (règles edgar_v1, automatique)",2026-09-28T12:37:37+00:00,doc:0000320193-0000320193-21-000010,T1
1146,facts,0000320193-0000320193-21-000010-us-gaap:CommonStockSharesOutstanding-shares--2020-09-26,normalization_justification,,"Règle R4 (edgar_v1) : us-gaap:CommonStockSharesOutstanding [shares, instant] -> shares_outstanding. Valeur reprise telle quelle (T1). Dimensions : aucune, déduit (D1). Entrée brute facts/us-gaap/CommonStockSharesOutstanding/units/shares/98 (sha256 338e02eec7035947…). À confirmer sur l'instance XBRL.","edgar_normalize.py (règles edgar_v1, automatique)",2026-09-28T12:37:37+00:00,doc:0000320193-0000320193-21-000010,R4
1147,facts,0000320193-0000320193-21-000056-us-gaap:CommonStockSharesOutstanding-shares--2020-09-26,source_context,,companyfacts;entite=CIK0000320193;periode=2020-09-26;segment=aucun(deduit D1),"edgar_normalize.py (règles edgar_v1, automatique)",2026-09-28T12:37:37+00:00,doc:0000320193-0000320193-21-000056,X1
1148,facts,0000320193-0000320193-21-000056-us-gaap:CommonStockSharesOutstanding-shares--2020-09-26,source_dimensions,INCONNU,,"edgar_normalize.py (règles edgar_v1, automatique)",2026-09-28T12:37:37+00:00,doc:0000320193-0000320193-21-000056,D1 : une seule valeur brute pour cette clé
1149,facts,0000320193-0000320193-21-000056-us-gaap:CommonStockSharesOutstanding-shares--2020-09-26,share_class,INCONNU,ordinaire (déduit C1 : titre coté unique AAPL),"edgar_normalize.py (règles edgar_v1, automatique)",2026-09-28T12:37:37+00:00,doc:0000320193-0000320193-21-000056,C1
1150,facts,0000320193-0000320193-21-000056-us-gaap:CommonStockSharesOutstanding-shares--2020-09-26,normalized_concept,,shares_outstanding,"edgar_normalize.py (règles edgar_v1, automatique)",2026-09-28T12:37:37+00:00,doc:0000320193-0000320193-21-000056,R4
1151,facts,0000320193-0000320193-21-000056-us-gaap:CommonStockSharesOutstanding-shares--2020-09-26,transformation,,aucune,"edgar_normalize.py (règles edgar_v1, automatique)",2026-09-28T12:37:37+00:00,doc:0000320193-0000320193-21-000056,T1
1152,facts,0000320193-0000320193-21-000056-us-gaap:CommonStockSharesOutstanding-shares--2020-09-26,value,,16976763000,"edgar_normalize.py (règles edgar_v1, automatique)",2026-09-28T12:37:37+00:00,doc:0000320193-0000320193-21-000056,T1
1153,facts,0000320193-0000320193-21-000056-us-gaap:CommonStockSharesOutstanding-shares--2020-09-26,normalization_justification,,"Règle R4 (edgar_v1) : us-gaap:CommonStockSharesOutstanding [shares, instant] -> shares_outstanding. Valeur reprise telle quelle (T1). Dimensions : aucune, déduit (D1). Entrée brute facts/us-gaap/CommonStockSharesOutstanding/units/shares/99 (sha256 d585d965f8f5df7c…). À confirmer sur l'instance XBRL.","edgar_normalize.py (règles edgar_v1, automatique)",2026-09-28T12:37:37+00:00,doc:0000320193-0000320193-21-000056,R4
1154,facts,0000320193-0000320193-21-000065-us-gaap:CommonStockSharesOutstanding-shares--2020-09-26,source_context,,companyfacts;entite=CIK0000320193;periode=2020-09-26;segment=aucun(deduit D1),"edgar_normalize.py (règles edgar_v1, automatique)",2026-09-28T12:37:37+00:00,doc:0000320193-0000320193-21-000065,X1
1155,facts,0000320193-0000320193-21-000065-us-gaap:CommonStockSharesOutstanding-shares--2020-09-26,source_dimensions,INCONNU,,"edgar_normalize.py (règles edgar_v1, automatique)",2026-09-28T12:37:37+00:00,doc:0000320193-0000320193-21-000065,D1 : une seule valeur brute pour cette clé
1156,facts,0000320193-0000320193-21-000065-us-gaap:CommonStockSharesOutstanding-shares--2020-09-26,share_class,INCONNU,ordinaire (déduit C1 : titre coté unique AAPL),"edgar_normalize.py (règles edgar_v1, automatique)",2026-09-28T12:37:37+00:00,doc:0000320193-0000320193-21-000065,C1
1157,facts,0000320193-0000320193-21-000065-us-gaap:CommonStockSharesOutstanding-shares--2020-09-26,normalized_concept,,shares_outstanding,"edgar_normalize.py (règles edgar_v1, automatique)",2026-09-28T12:37:37+00:00,doc:0000320193-0000320193-21-000065,R4
1158,facts,0000320193-0000320193-21-000065-us-gaap:CommonStockSharesOutstanding-shares--2020-09-26,transformation,,aucune,"edgar_normalize.py (règles edgar_v1, automatique)",2026-09-28T12:37:37+00:00,doc:0000320193-0000320193-21-000065,T1
1159,facts,0000320193-0000320193-21-000065-us-gaap:CommonStockSharesOutstanding-shares--2020-09-26,value,,16976763000,"edgar_normalize.py (règles edgar_v1, automatique)",2026-09-28T12:37:37+00:00,doc:0000320193-0000320193-21-000065,T1
1160,facts,0000320193-0000320193-21-000065-us-gaap:CommonStockSharesOutstanding-shares--2020-09-26,normalization_justification,,"Règle R4 (edgar_v1) : us-gaap:CommonStockSharesOutstanding [shares, instant] -> shares_outstanding. Valeur reprise telle quelle (T1). Dimensions : aucune, déduit (D1). Entrée brute facts/us-gaap/CommonStockSharesOutstanding/units/shares/100 (sha256 282bd38ddd95aeda…). À confirmer sur l'instance XBRL.","edgar_normalize.py (règles edgar_v1, automatique)",2026-09-28T12:37:37+00:00,doc:0000320193-0000320193-21-000065,R4
1161,facts,0000320193-0000320193-21-000105-us-gaap:CommonStockSharesOutstanding-shares--2020-09-26,source_context,,companyfacts;entite=CIK0000320193;periode=2020-09-26;segment=aucun(deduit D1),"edgar_normalize.py (règles edgar_v1, automatique)",2026-09-28T12:37:37+00:00,doc:0000320193-0000320193-21-000105,X1
1162,facts,0000320193-0000320193-21-000105-us-gaap:CommonStockSharesOutstanding-shares--2020-09-26,source_dimensions,INCONNU,,"edgar_normalize.py (règles edgar_v1, automatique)",2026-09-28T12:37:37+00:00,doc:0000320193-0000320193-21-000105,D1 : une seule valeur brute pour cette clé
1163,facts,0000320193-0000320193-21-000105-us-gaap:CommonStockSharesOutstanding-shares--2020-09-26,share_class,INCONNU,ordinaire (déduit C1 : titre coté unique AAPL),"edgar_normalize.py (règles edgar_v1, automatique)",2026-09-28T12:37:37+00:00,doc:0000320193-0000320193-21-000105,C1
1164,facts,0000320193-0000320193-21-000105-us-gaap:CommonStockSharesOutstanding-shares--2020-09-26,normalized_concept,,shares_outstanding,"edgar_normalize.py (règles edgar_v1, automatique)",2026-09-28T12:37:37+00:00,doc:0000320193-0000320193-21-000105,R4
1165,facts,0000320193-0000320193-21-000105-us-gaap:CommonStockSharesOutstanding-shares--2020-09-26,transformation,,aucune,"edgar_normalize.py (règles edgar_v1, automatique)",2026-09-28T12:37:37+00:00,doc:0000320193-0000320193-21-000105,T1
1166,facts,0000320193-0000320193-21-000105-us-gaap:CommonStockSharesOutstanding-shares--2020-09-26,value,,16976763000,"edgar_normalize.py (règles edgar_v1, automatique)",2026-09-28T12:37:37+00:00,doc:0000320193-0000320193-21-000105,T1
1167,facts,0000320193-0000320193-21-000105-us-gaap:CommonStockSharesOutstanding-shares--2020-09-26,normalization_justification,,"Règle R4 (edgar_v1) : us-gaap:CommonStockSharesOutstanding [shares, instant] -> shares_outstanding. Valeur reprise telle quelle (T1). Dimensions : aucune, déduit (D1). Entrée brute facts/us-gaap/CommonStockSharesOutstanding/units/shares/101 (sha256 6b8234689c084d29…). À confirmer sur l'instance XBRL.","edgar_normalize.py (règles edgar_v1, automatique)",2026-09-28T12:37:37+00:00,doc:0000320193-0000320193-21-000105,R4
1168,facts,0000320193-0000320193-21-000010-us-gaap:CommonStockSharesOutstanding-shares--2020-12-26,source_context,,companyfacts;entite=CIK0000320193;periode=2020-12-26;segment=aucun(deduit D1),"edgar_normalize.py (règles edgar_v1, automatique)",2026-09-28T12:37:37+00:00,doc:0000320193-0000320193-21-000010,X1
1169,facts,0000320193-0000320193-21-000010-us-gaap:CommonStockSharesOutstanding-shares--2020-12-26,source_dimensions,INCONNU,,"edgar_normalize.py (règles edgar_v1, automatique)",2026-09-28T12:37:37+00:00,doc:0000320193-0000320193-21-000010,D1 : une seule valeur brute pour cette clé
1170,facts,0000320193-0000320193-21-000010-us-gaap:CommonStockSharesOutstanding-shares--2020-12-26,share_class,INCONNU,ordinaire (déduit C1 : titre coté unique AAPL),"edgar_normalize.py (règles edgar_v1, automatique)",2026-09-28T12:37:37+00:00,doc:0000320193-0000320193-21-000010,C1
1171,facts,0000320193-0000320193-21-000010-us-gaap:CommonStockSharesOutstanding-shares--2020-12-26,normalized_concept,,shares_outstanding,"edgar_normalize.py (règles edgar_v1, automatique)",2026-09-28T12:37:37+00:00,doc:0000320193-0000320193-21-000010,R4
1172,facts,0000320193-0000320193-21-000010-us-gaap:CommonStockSharesOutstanding-shares--2020-12-26,transformation,,aucune,"edgar_normalize.py (règles edgar_v1, automatique)",2026-09-28T12:37:37+00:00,doc:0000320193-0000320193-21-000010,T1
1173,facts,0000320193-0000320193-21-000010-us-gaap:CommonStockSharesOutstanding-shares--2020-12-26,value,,16823263000,"edgar_normalize.py (règles edgar_v1, automatique)",2026-09-28T12:37:37+00:00,doc:0000320193-0000320193-21-000010,T1
1174,facts,0000320193-0000320193-21-000010-us-gaap:CommonStockSharesOutstanding-shares--2020-12-26,normalization_justification,,"Règle R4 (edgar_v1) : us-gaap:CommonStockSharesOutstanding [shares, instant] -> shares_outstanding. Valeur reprise telle quelle (T1). Dimensions : aucune, déduit (D1). Entrée brute facts/us-gaap/CommonStockSharesOutstanding/units/shares/102 (sha256 08035bd85e30fd6d…). À confirmer sur l'instance XBRL.","edgar_normalize.py (règles edgar_v1, automatique)",2026-09-28T12:37:37+00:00,doc:0000320193-0000320193-21-000010,R4
1175,facts,0000320193-0000320193-21-000056-us-gaap:CommonStockSharesOutstanding-shares--2021-03-27,source_context,,companyfacts;entite=CIK0000320193;periode=2021-03-27;segment=aucun(deduit D1),"edgar_normalize.py (règles edgar_v1, automatique)",2026-09-28T12:37:37+00:00,doc:0000320193-0000320193-21-000056,X1
1176,facts,0000320193-0000320193-21-000056-us-gaap:CommonStockSharesOutstanding-shares--2021-03-27,source_dimensions,INCONNU,,"edgar_normalize.py (règles edgar_v1, automatique)",2026-09-28T12:37:37+00:00,doc:0000320193-0000320193-21-000056,D1 : une seule valeur brute pour cette clé
1177,facts,0000320193-0000320193-21-000056-us-gaap:CommonStockSharesOutstanding-shares--2021-03-27,share_class,INCONNU,ordinaire (déduit C1 : titre coté unique AAPL),"edgar_normalize.py (règles edgar_v1, automatique)",2026-09-28T12:37:37+00:00,doc:0000320193-0000320193-21-000056,C1
1178,facts,0000320193-0000320193-21-000056-us-gaap:CommonStockSharesOutstanding-shares--2021-03-27,normalized_concept,,shares_outstanding,"edgar_normalize.py (règles edgar_v1, automatique)",2026-09-28T12:37:37+00:00,doc:0000320193-0000320193-21-000056,R4
1179,facts,0000320193-0000320193-21-000056-us-gaap:CommonStockSharesOutstanding-shares--2021-03-27,transformation,,aucune,"edgar_normalize.py (règles edgar_v1, automatique)",2026-09-28T12:37:37+00:00,doc:0000320193-0000320193-21-000056,T1
1180,facts,0000320193-0000320193-21-000056-us-gaap:CommonStockSharesOutstanding-shares--2021-03-27,value,,16686305000,"edgar_normalize.py (règles edgar_v1, automatique)",2026-09-28T12:37:37+00:00,doc:0000320193-0000320193-21-000056,T1
1181,facts,0000320193-0000320193-21-000056-us-gaap:CommonStockSharesOutstanding-shares--2021-03-27,normalization_justification,,"Règle R4 (edgar_v1) : us-gaap:CommonStockSharesOutstanding [shares, instant] -> shares_outstanding. Valeur reprise telle quelle (T1). Dimensions : aucune, déduit (D1). Entrée brute facts/us-gaap/CommonStockSharesOutstanding/units/shares/103 (sha256 4ac561b559edfd39…). À confirmer sur l'instance XBRL.","edgar_normalize.py (règles edgar_v1, automatique)",2026-09-28T12:37:37+00:00,doc:0000320193-0000320193-21-000056,R4
1182,facts,0000320193-0000320193-21-000065-us-gaap:CommonStockSharesOutstanding-shares--2021-06-26,source_context,,companyfacts;entite=CIK0000320193;periode=2021-06-26;segment=aucun(deduit D1),"edgar_normalize.py (règles edgar_v1, automatique)",2026-09-28T12:37:37+00:00,doc:0000320193-0000320193-21-000065,X1
1183,facts,0000320193-0000320193-21-000065-us-gaap:CommonStockSharesOutstanding-shares--2021-06-26,source_dimensions,INCONNU,,"edgar_normalize.py (règles edgar_v1, automatique)",2026-09-28T12:37:37+00:00,doc:0000320193-0000320193-21-000065,D1 : une seule valeur brute pour cette clé
1184,facts,0000320193-0000320193-21-000065-us-gaap:CommonStockSharesOutstanding-shares--2021-06-26,share_class,INCONNU,ordinaire (déduit C1 : titre coté unique AAPL),"edgar_normalize.py (règles edgar_v1, automatique)",2026-09-28T12:37:37+00:00,doc:0000320193-0000320193-21-000065,C1
1185,facts,0000320193-0000320193-21-000065-us-gaap:CommonStockSharesOutstanding-shares--2021-06-26,normalized_concept,,shares_outstanding,"edgar_normalize.py (règles edgar_v1, automatique)",2026-09-28T12:37:37+00:00,doc:0000320193-0000320193-21-000065,R4
1186,facts,0000320193-0000320193-21-000065-us-gaap:CommonStockSharesOutstanding-shares--2021-06-26,transformation,,aucune,"edgar_normalize.py (règles edgar_v1, automatique)",2026-09-28T12:37:37+00:00,doc:0000320193-0000320193-21-000065,T1
1187,facts,0000320193-0000320193-21-000065-us-gaap:CommonStockSharesOutstanding-shares--2021-06-26,value,,16556942000,"edgar_normalize.py (règles edgar_v1, automatique)",2026-09-28T12:37:37+00:00,doc:0000320193-0000320193-21-000065,T1
1188,facts,0000320193-0000320193-21-000065-us-gaap:CommonStockSharesOutstanding-shares--2021-06-26,normalization_justification,,"Règle R4 (edgar_v1) : us-gaap:CommonStockSharesOutstanding [shares, instant] -> shares_outstanding. Valeur reprise telle quelle (T1). Dimensions : aucune, déduit (D1). Entrée brute facts/us-gaap/CommonStockSharesOutstanding/units/shares/104 (sha256 de3af5cdd8902bba…). À confirmer sur l'instance XBRL.","edgar_normalize.py (règles edgar_v1, automatique)",2026-09-28T12:37:37+00:00,doc:0000320193-0000320193-21-000065,R4
1189,facts,0000320193-0000320193-21-000105-us-gaap:CommonStockSharesOutstanding-shares--2021-09-25,source_context,,companyfacts;entite=CIK0000320193;periode=2021-09-25;segment=aucun(deduit D1),"edgar_normalize.py (règles edgar_v1, automatique)",2026-09-28T12:37:37+00:00,doc:0000320193-0000320193-21-000105,X1
1190,facts,0000320193-0000320193-21-000105-us-gaap:CommonStockSharesOutstanding-shares--2021-09-25,source_dimensions,INCONNU,,"edgar_normalize.py (règles edgar_v1, automatique)",2026-09-28T12:37:37+00:00,doc:0000320193-0000320193-21-000105,D1 : une seule valeur brute pour cette clé
1191,facts,0000320193-0000320193-21-000105-us-gaap:CommonStockSharesOutstanding-shares--2021-09-25,share_class,INCONNU,ordinaire (déduit C1 : titre coté unique AAPL),"edgar_normalize.py (règles edgar_v1, automatique)",2026-09-28T12:37:37+00:00,doc:0000320193-0000320193-21-000105,C1
1192,facts,0000320193-0000320193-21-000105-us-gaap:CommonStockSharesOutstanding-shares--2021-09-25,normalized_concept,,shares_outstanding,"edgar_normalize.py (règles edgar_v1, automatique)",2026-09-28T12:37:37+00:00,doc:0000320193-0000320193-21-000105,R4
1193,facts,0000320193-0000320193-21-000105-us-gaap:CommonStockSharesOutstanding-shares--2021-09-25,transformation,,aucune,"edgar_normalize.py (règles edgar_v1, automatique)",2026-09-28T12:37:37+00:00,doc:0000320193-0000320193-21-000105,T1
1194,facts,0000320193-0000320193-21-000105-us-gaap:CommonStockSharesOutstanding-shares--2021-09-25,value,,16426786000,"edgar_normalize.py (règles edgar_v1, automatique)",2026-09-28T12:37:37+00:00,doc:0000320193-0000320193-21-000105,T1
1195,facts,0000320193-0000320193-21-000105-us-gaap:CommonStockSharesOutstanding-shares--2021-09-25,normalization_justification,,"Règle R4 (edgar_v1) : us-gaap:CommonStockSharesOutstanding [shares, instant] -> shares_outstanding. Valeur reprise telle quelle (T1). Dimensions : aucune, déduit (D1). Entrée brute facts/us-gaap/CommonStockSharesOutstanding/units/shares/105 (sha256 8528ecf71735ae9a…). À confirmer sur l'instance XBRL.","edgar_normalize.py (règles edgar_v1, automatique)",2026-09-28T12:37:37+00:00,doc:0000320193-0000320193-21-000105,R4
1196,facts,0000320193-0000320193-22-000007-us-gaap:CommonStockSharesOutstanding-shares--2021-09-25,source_context,,companyfacts;entite=CIK0000320193;periode=2021-09-25;segment=aucun(deduit D1),"edgar_normalize.py (règles edgar_v1, automatique)",2026-09-28T12:37:37+00:00,doc:0000320193-0000320193-22-000007,X1
1197,facts,0000320193-0000320193-22-000007-us-gaap:CommonStockSharesOutstanding-shares--2021-09-25,source_dimensions,INCONNU,,"edgar_normalize.py (règles edgar_v1, automatique)",2026-09-28T12:37:37+00:00,doc:0000320193-0000320193-22-000007,D1 : une seule valeur brute pour cette clé
1198,facts,0000320193-0000320193-22-000007-us-gaap:CommonStockSharesOutstanding-shares--2021-09-25,share_class,INCONNU,ordinaire (déduit C1 : titre coté unique AAPL),"edgar_normalize.py (règles edgar_v1, automatique)",2026-09-28T12:37:37+00:00,doc:0000320193-0000320193-22-000007,C1
1199,facts,0000320193-0000320193-22-000007-us-gaap:CommonStockSharesOutstanding-shares--2021-09-25,normalized_concept,,shares_outstanding,"edgar_normalize.py (règles edgar_v1, automatique)",2026-09-28T12:37:37+00:00,doc:0000320193-0000320193-22-000007,R4
1200,facts,0000320193-0000320193-22-000007-us-gaap:CommonStockSharesOutstanding-shares--2021-09-25,transformation,,aucune,"edgar_normalize.py (règles edgar_v1, automatique)",2026-09-28T12:37:37+00:00,doc:0000320193-0000320193-22-000007,T1
1201,facts,0000320193-0000320193-22-000007-us-gaap:CommonStockSharesOutstanding-shares--2021-09-25,value,,16426786000,"edgar_normalize.py (règles edgar_v1, automatique)",2026-09-28T12:37:37+00:00,doc:0000320193-0000320193-22-000007,T1
1202,facts,0000320193-0000320193-22-000007-us-gaap:CommonStockSharesOutstanding-shares--2021-09-25,normalization_justification,,"Règle R4 (edgar_v1) : us-gaap:CommonStockSharesOutstanding [shares, instant] -> shares_outstanding. Valeur reprise telle quelle (T1). Dimensions : aucune, déduit (D1). Entrée brute facts/us-gaap/CommonStockSharesOutstanding/units/shares/106 (sha256 af3a18243c7fa99e…). À confirmer sur l'instance XBRL.","edgar_normalize.py (règles edgar_v1, automatique)",2026-09-28T12:37:37+00:00,doc:0000320193-0000320193-22-000007,R4
1203,facts,0000320193-0000320193-22-000059-us-gaap:CommonStockSharesOutstanding-shares--2021-09-25,source_context,,companyfacts;entite=CIK0000320193;periode=2021-09-25;segment=aucun(deduit D1),"edgar_normalize.py (règles edgar_v1, automatique)",2026-09-28T12:37:37+00:00,doc:0000320193-0000320193-22-000059,X1
1204,facts,0000320193-0000320193-22-000059-us-gaap:CommonStockSharesOutstanding-shares--2021-09-25,source_dimensions,INCONNU,,"edgar_normalize.py (règles edgar_v1, automatique)",2026-09-28T12:37:37+00:00,doc:0000320193-0000320193-22-000059,D1 : une seule valeur brute pour cette clé
1205,facts,0000320193-0000320193-22-000059-us-gaap:CommonStockSharesOutstanding-shares--2021-09-25,share_class,INCONNU,ordinaire (déduit C1 : titre coté unique AAPL),"edgar_normalize.py (règles edgar_v1, automatique)",2026-09-28T12:37:37+00:00,doc:0000320193-0000320193-22-000059,C1
1206,facts,0000320193-0000320193-22-000059-us-gaap:CommonStockSharesOutstanding-shares--2021-09-25,normalized_concept,,shares_outstanding,"edgar_normalize.py (règles edgar_v1, automatique)",2026-09-28T12:37:37+00:00,doc:0000320193-0000320193-22-000059,R4
1207,facts,0000320193-0000320193-22-000059-us-gaap:CommonStockSharesOutstanding-shares--2021-09-25,transformation,,aucune,"edgar_normalize.py (règles edgar_v1, automatique)",2026-09-28T12:37:37+00:00,doc:0000320193-0000320193-22-000059,T1
1208,facts,0000320193-0000320193-22-000059-us-gaap:CommonStockSharesOutstanding-shares--2021-09-25,value,,16426786000,"edgar_normalize.py (règles edgar_v1, automatique)",2026-09-28T12:37:37+00:00,doc:0000320193-0000320193-22-000059,T1
1209,facts,0000320193-0000320193-22-000059-us-gaap:CommonStockSharesOutstanding-shares--2021-09-25,normalization_justification,,"Règle R4 (edgar_v1) : us-gaap:CommonStockSharesOutstanding [shares, instant] -> shares_outstanding. Valeur reprise telle quelle (T1). Dimensions : aucune, déduit (D1). Entrée brute facts/us-gaap/CommonStockSharesOutstanding/units/shares/107 (sha256 c533741a7e9f2f34…). À confirmer sur l'instance XBRL.","edgar_normalize.py (règles edgar_v1, automatique)",2026-09-28T12:37:37+00:00,doc:0000320193-0000320193-22-000059,R4
1210,facts,0000320193-0000320193-22-000070-us-gaap:CommonStockSharesOutstanding-shares--2021-09-25,source_context,,companyfacts;entite=CIK0000320193;periode=2021-09-25;segment=aucun(deduit D1),"edgar_normalize.py (règles edgar_v1, automatique)",2026-09-28T12:37:37+00:00,doc:0000320193-0000320193-22-000070,X1
1211,facts,0000320193-0000320193-22-000070-us-gaap:CommonStockSharesOutstanding-shares--2021-09-25,source_dimensions,INCONNU,,"edgar_normalize.py (règles edgar_v1, automatique)",2026-09-28T12:37:37+00:00,doc:0000320193-0000320193-22-000070,D1 : une seule valeur brute pour cette clé
1212,facts,0000320193-0000320193-22-000070-us-gaap:CommonStockSharesOutstanding-shares--2021-09-25,share_class,INCONNU,ordinaire (déduit C1 : titre coté unique AAPL),"edgar_normalize.py (règles edgar_v1, automatique)",2026-09-28T12:37:37+00:00,doc:0000320193-0000320193-22-000070,C1
1213,facts,0000320193-0000320193-22-000070-us-gaap:CommonStockSharesOutstanding-shares--2021-09-25,normalized_concept,,shares_outstanding,"edgar_normalize.py (règles edgar_v1, automatique)",2026-09-28T12:37:37+00:00,doc:0000320193-0000320193-22-000070,R4
1214,facts,0000320193-0000320193-22-000070-us-gaap:CommonStockSharesOutstanding-shares--2021-09-25,transformation,,aucune,"edgar_normalize.py (règles edgar_v1, automatique)",2026-09-28T12:37:37+00:00,doc:0000320193-0000320193-22-000070,T1
1215,facts,0000320193-0000320193-22-000070-us-gaap:CommonStockSharesOutstanding-shares--2021-09-25,value,,16426786000,"edgar_normalize.py (règles edgar_v1, automatique)",2026-09-28T12:37:37+00:00,doc:0000320193-0000320193-22-000070,T1
1216,facts,0000320193-0000320193-22-000070-us-gaap:CommonStockSharesOutstanding-shares--2021-09-25,normalization_justification,,"Règle R4 (edgar_v1) : us-gaap:CommonStockSharesOutstanding [shares, instant] -> shares_outstanding. Valeur reprise telle quelle (T1). Dimensions : aucune, déduit (D1). Entrée brute facts/us-gaap/CommonStockSharesOutstanding/units/shares/108 (sha256 311b22bafeaea11e…). À confirmer sur l'instance XBRL.","edgar_normalize.py (règles edgar_v1, automatique)",2026-09-28T12:37:37+00:00,doc:0000320193-0000320193-22-000070,R4
1217,facts,0000320193-0000320193-22-000108-us-gaap:CommonStockSharesOutstanding-shares--2021-09-25,source_context,,companyfacts;entite=CIK0000320193;periode=2021-09-25;segment=aucun(deduit D1),"edgar_normalize.py (règles edgar_v1, automatique)",2026-09-28T12:37:37+00:00,doc:0000320193-0000320193-22-000108,X1
1218,facts,0000320193-0000320193-22-000108-us-gaap:CommonStockSharesOutstanding-shares--2021-09-25,source_dimensions,INCONNU,,"edgar_normalize.py (règles edgar_v1, automatique)",2026-09-28T12:37:37+00:00,doc:0000320193-0000320193-22-000108,D1 : une seule valeur brute pour cette clé
1219,facts,0000320193-0000320193-22-000108-us-gaap:CommonStockSharesOutstanding-shares--2021-09-25,share_class,INCONNU,ordinaire (déduit C1 : titre coté unique AAPL),"edgar_normalize.py (règles edgar_v1, automatique)",2026-09-28T12:37:37+00:00,doc:0000320193-0000320193-22-000108,C1
1220,facts,0000320193-0000320193-22-000108-us-gaap:CommonStockSharesOutstanding-shares--2021-09-25,normalized_concept,,shares_outstanding,"edgar_normalize.py (règles edgar_v1, automatique)",2026-09-28T12:37:37+00:00,doc:0000320193-0000320193-22-000108,R4
1221,facts,0000320193-0000320193-22-000108-us-gaap:CommonStockSharesOutstanding-shares--2021-09-25,transformation,,aucune,"edgar_normalize.py (règles edgar_v1, automatique)",2026-09-28T12:37:37+00:00,doc:0000320193-0000320193-22-000108,T1
1222,facts,0000320193-0000320193-22-000108-us-gaap:CommonStockSharesOutstanding-shares--2021-09-25,value,,16426786000,"edgar_normalize.py (règles edgar_v1, automatique)",2026-09-28T12:37:37+00:00,doc:0000320193-0000320193-22-000108,T1
1223,facts,0000320193-0000320193-22-000108-us-gaap:CommonStockSharesOutstanding-shares--2021-09-25,normalization_justification,,"Règle R4 (edgar_v1) : us-gaap:CommonStockSharesOutstanding [shares, instant] -> shares_outstanding. Valeur reprise telle quelle (T1). Dimensions : aucune, déduit (D1). Entrée brute facts/us-gaap/CommonStockSharesOutstanding/units/shares/109 (sha256 498619e850e1da0d…). À confirmer sur l'instance XBRL.","edgar_normalize.py (règles edgar_v1, automatique)",2026-09-28T12:37:37+00:00,doc:0000320193-0000320193-22-000108,R4
1224,facts,0000320193-0000320193-22-000007-us-gaap:CommonStockSharesOutstanding-shares--2021-12-25,source_context,,companyfacts;entite=CIK0000320193;periode=2021-12-25;segment=aucun(deduit D1),"edgar_normalize.py (règles edgar_v1, automatique)",2026-09-28T12:37:37+00:00,doc:0000320193-0000320193-22-000007,X1
1225,facts,0000320193-0000320193-22-000007-us-gaap:CommonStockSharesOutstanding-shares--2021-12-25,source_dimensions,INCONNU,,"edgar_normalize.py (règles edgar_v1, automatique)",2026-09-28T12:37:37+00:00,doc:0000320193-0000320193-22-000007,D1 : une seule valeur brute pour cette clé
1226,facts,0000320193-0000320193-22-000007-us-gaap:CommonStockSharesOutstanding-shares--2021-12-25,share_class,INCONNU,ordinaire (déduit C1 : titre coté unique AAPL),"edgar_normalize.py (règles edgar_v1, automatique)",2026-09-28T12:37:37+00:00,doc:0000320193-0000320193-22-000007,C1
1227,facts,0000320193-0000320193-22-000007-us-gaap:CommonStockSharesOutstanding-shares--2021-12-25,normalized_concept,,shares_outstanding,"edgar_normalize.py (règles edgar_v1, automatique)",2026-09-28T12:37:37+00:00,doc:0000320193-0000320193-22-000007,R4
1228,facts,0000320193-0000320193-22-000007-us-gaap:CommonStockSharesOutstanding-shares--2021-12-25,transformation,,aucune,"edgar_normalize.py (règles edgar_v1, automatique)",2026-09-28T12:37:37+00:00,doc:0000320193-0000320193-22-000007,T1
1229,facts,0000320193-0000320193-22-000007-us-gaap:CommonStockSharesOutstanding-shares--2021-12-25,value,,16340851000,"edgar_normalize.py (règles edgar_v1, automatique)",2026-09-28T12:37:37+00:00,doc:0000320193-0000320193-22-000007,T1
1230,facts,0000320193-0000320193-22-000007-us-gaap:CommonStockSharesOutstanding-shares--2021-12-25,normalization_justification,,"Règle R4 (edgar_v1) : us-gaap:CommonStockSharesOutstanding [shares, instant] -> shares_outstanding. Valeur reprise telle quelle (T1). Dimensions : aucune, déduit (D1). Entrée brute facts/us-gaap/CommonStockSharesOutstanding/units/shares/110 (sha256 687276e93e8d453a…). À confirmer sur l'instance XBRL.","edgar_normalize.py (règles edgar_v1, automatique)",2026-09-28T12:37:37+00:00,doc:0000320193-0000320193-22-000007,R4
1231,facts,0000320193-0000320193-22-000059-us-gaap:CommonStockSharesOutstanding-shares--2022-03-26,source_context,,companyfacts;entite=CIK0000320193;periode=2022-03-26;segment=aucun(deduit D1),"edgar_normalize.py (règles edgar_v1, automatique)",2026-09-28T12:37:37+00:00,doc:0000320193-0000320193-22-000059,X1
1232,facts,0000320193-0000320193-22-000059-us-gaap:CommonStockSharesOutstanding-shares--2022-03-26,source_dimensions,INCONNU,,"edgar_normalize.py (règles edgar_v1, automatique)",2026-09-28T12:37:37+00:00,doc:0000320193-0000320193-22-000059,D1 : une seule valeur brute pour cette clé
1233,facts,0000320193-0000320193-22-000059-us-gaap:CommonStockSharesOutstanding-shares--2022-03-26,share_class,INCONNU,ordinaire (déduit C1 : titre coté unique AAPL),"edgar_normalize.py (règles edgar_v1, automatique)",2026-09-28T12:37:37+00:00,doc:0000320193-0000320193-22-000059,C1
1234,facts,0000320193-0000320193-22-000059-us-gaap:CommonStockSharesOutstanding-shares--2022-03-26,normalized_concept,,shares_outstanding,"edgar_normalize.py (règles edgar_v1, automatique)",2026-09-28T12:37:37+00:00,doc:0000320193-0000320193-22-000059,R4
1235,facts,0000320193-0000320193-22-000059-us-gaap:CommonStockSharesOutstanding-shares--2022-03-26,transformation,,aucune,"edgar_normalize.py (règles edgar_v1, automatique)",2026-09-28T12:37:37+00:00,doc:0000320193-0000320193-22-000059,T1
1236,facts,0000320193-0000320193-22-000059-us-gaap:CommonStockSharesOutstanding-shares--2022-03-26,value,,16207568000,"edgar_normalize.py (règles edgar_v1, automatique)",2026-09-28T12:37:37+00:00,doc:0000320193-0000320193-22-000059,T1
1237,facts,0000320193-0000320193-22-000059-us-gaap:CommonStockSharesOutstanding-shares--2022-03-26,normalization_justification,,"Règle R4 (edgar_v1) : us-gaap:CommonStockSharesOutstanding [shares, instant] -> shares_outstanding. Valeur reprise telle quelle (T1). Dimensions : aucune, déduit (D1). Entrée brute facts/us-gaap/CommonStockSharesOutstanding/units/shares/111 (sha256 c85a791774d3497e…). À confirmer sur l'instance XBRL.","edgar_normalize.py (règles edgar_v1, automatique)",2026-09-28T12:37:37+00:00,doc:0000320193-0000320193-22-000059,R4
1238,facts,0000320193-0000320193-22-000070-us-gaap:CommonStockSharesOutstanding-shares--2022-06-25,source_context,,companyfacts;entite=CIK0000320193;periode=2022-06-25;segment=aucun(deduit D1),"edgar_normalize.py (règles edgar_v1, automatique)",2026-09-28T12:37:37+00:00,doc:0000320193-0000320193-22-000070,X1
1239,facts,0000320193-0000320193-22-000070-us-gaap:CommonStockSharesOutstanding-shares--2022-06-25,source_dimensions,INCONNU,,"edgar_normalize.py (règles edgar_v1, automatique)",2026-09-28T12:37:37+00:00,doc:0000320193-0000320193-22-000070,D1 : une seule valeur brute pour cette clé
1240,facts,0000320193-0000320193-22-000070-us-gaap:CommonStockSharesOutstanding-shares--2022-06-25,share_class,INCONNU,ordinaire (déduit C1 : titre coté unique AAPL),"edgar_normalize.py (règles edgar_v1, automatique)",2026-09-28T12:37:37+00:00,doc:0000320193-0000320193-22-000070,C1
1241,facts,0000320193-0000320193-22-000070-us-gaap:CommonStockSharesOutstanding-shares--2022-06-25,normalized_concept,,shares_outstanding,"edgar_normalize.py (règles edgar_v1, automatique)",2026-09-28T12:37:37+00:00,doc:0000320193-0000320193-22-000070,R4
1242,facts,0000320193-0000320193-22-000070-us-gaap:CommonStockSharesOutstanding-shares--2022-06-25,transformation,,aucune,"edgar_normalize.py (règles edgar_v1, automatique)",2026-09-28T12:37:37+00:00,doc:0000320193-0000320193-22-000070,T1
1243,facts,0000320193-0000320193-22-000070-us-gaap:CommonStockSharesOutstanding-shares--2022-06-25,value,,16095378000,"edgar_normalize.py (règles edgar_v1, automatique)",2026-09-28T12:37:37+00:00,doc:0000320193-0000320193-22-000070,T1
1244,facts,0000320193-0000320193-22-000070-us-gaap:CommonStockSharesOutstanding-shares--2022-06-25,normalization_justification,,"Règle R4 (edgar_v1) : us-gaap:CommonStockSharesOutstanding [shares, instant] -> shares_outstanding. Valeur reprise telle quelle (T1). Dimensions : aucune, déduit (D1). Entrée brute facts/us-gaap/CommonStockSharesOutstanding/units/shares/112 (sha256 c1285390695dd85c…). À confirmer sur l'instance XBRL.","edgar_normalize.py (règles edgar_v1, automatique)",2026-09-28T12:37:37+00:00,doc:0000320193-0000320193-22-000070,R4
1245,facts,0000320193-0000320193-22-000108-us-gaap:CommonStockSharesOutstanding-shares--2022-09-24,source_context,,companyfacts;entite=CIK0000320193;periode=2022-09-24;segment=aucun(deduit D1),"edgar_normalize.py (règles edgar_v1, automatique)",2026-09-28T12:37:37+00:00,doc:0000320193-0000320193-22-000108,X1
1246,facts,0000320193-0000320193-22-000108-us-gaap:CommonStockSharesOutstanding-shares--2022-09-24,source_dimensions,INCONNU,,"edgar_normalize.py (règles edgar_v1, automatique)",2026-09-28T12:37:37+00:00,doc:0000320193-0000320193-22-000108,D1 : une seule valeur brute pour cette clé
1247,facts,0000320193-0000320193-22-000108-us-gaap:CommonStockSharesOutstanding-shares--2022-09-24,share_class,INCONNU,ordinaire (déduit C1 : titre coté unique AAPL),"edgar_normalize.py (règles edgar_v1, automatique)",2026-09-28T12:37:37+00:00,doc:0000320193-0000320193-22-000108,C1
1248,facts,0000320193-0000320193-22-000108-us-gaap:CommonStockSharesOutstanding-shares--2022-09-24,normalized_concept,,shares_outstanding,"edgar_normalize.py (règles edgar_v1, automatique)",2026-09-28T12:37:37+00:00,doc:0000320193-0000320193-22-000108,R4
1249,facts,0000320193-0000320193-22-000108-us-gaap:CommonStockSharesOutstanding-shares--2022-09-24,transformation,,aucune,"edgar_normalize.py (règles edgar_v1, automatique)",2026-09-28T12:37:37+00:00,doc:0000320193-0000320193-22-000108,T1
1250,facts,0000320193-0000320193-22-000108-us-gaap:CommonStockSharesOutstanding-shares--2022-09-24,value,,15943425000,"edgar_normalize.py (règles edgar_v1, automatique)",2026-09-28T12:37:37+00:00,doc:0000320193-0000320193-22-000108,T1
1251,facts,0000320193-0000320193-22-000108-us-gaap:CommonStockSharesOutstanding-shares--2022-09-24,normalization_justification,,"Règle R4 (edgar_v1) : us-gaap:CommonStockSharesOutstanding [shares, instant] -> shares_outstanding. Valeur reprise telle quelle (T1). Dimensions : aucune, déduit (D1). Entrée brute facts/us-gaap/CommonStockSharesOutstanding/units/shares/113 (sha256 7deb4da26f95d4e1…). À confirmer sur l'instance XBRL.","edgar_normalize.py (règles edgar_v1, automatique)",2026-09-28T12:37:37+00:00,doc:0000320193-0000320193-22-000108,R4
1252,facts,0000320193-0000320193-23-000006-us-gaap:CommonStockSharesOutstanding-shares--2022-09-24,source_context,,companyfacts;entite=CIK0000320193;periode=2022-09-24;segment=aucun(deduit D1),"edgar_normalize.py (règles edgar_v1, automatique)",2026-09-28T12:37:37+00:00,doc:0000320193-0000320193-23-000006,X1
1253,facts,0000320193-0000320193-23-000006-us-gaap:CommonStockSharesOutstanding-shares--2022-09-24,source_dimensions,INCONNU,,"edgar_normalize.py (règles edgar_v1, automatique)",2026-09-28T12:37:37+00:00,doc:0000320193-0000320193-23-000006,D1 : une seule valeur brute pour cette clé
1254,facts,0000320193-0000320193-23-000006-us-gaap:CommonStockSharesOutstanding-shares--2022-09-24,share_class,INCONNU,ordinaire (déduit C1 : titre coté unique AAPL),"edgar_normalize.py (règles edgar_v1, automatique)",2026-09-28T12:37:37+00:00,doc:0000320193-0000320193-23-000006,C1
1255,facts,0000320193-0000320193-23-000006-us-gaap:CommonStockSharesOutstanding-shares--2022-09-24,normalized_concept,,shares_outstanding,"edgar_normalize.py (règles edgar_v1, automatique)",2026-09-28T12:37:37+00:00,doc:0000320193-0000320193-23-000006,R4
1256,facts,0000320193-0000320193-23-000006-us-gaap:CommonStockSharesOutstanding-shares--2022-09-24,transformation,,aucune,"edgar_normalize.py (règles edgar_v1, automatique)",2026-09-28T12:37:37+00:00,doc:0000320193-0000320193-23-000006,T1
1257,facts,0000320193-0000320193-23-000006-us-gaap:CommonStockSharesOutstanding-shares--2022-09-24,value,,15943425000,"edgar_normalize.py (règles edgar_v1, automatique)",2026-09-28T12:37:37+00:00,doc:0000320193-0000320193-23-000006,T1
1258,facts,0000320193-0000320193-23-000006-us-gaap:CommonStockSharesOutstanding-shares--2022-09-24,normalization_justification,,"Règle R4 (edgar_v1) : us-gaap:CommonStockSharesOutstanding [shares, instant] -> shares_outstanding. Valeur reprise telle quelle (T1). Dimensions : aucune, déduit (D1). Entrée brute facts/us-gaap/CommonStockSharesOutstanding/units/shares/114 (sha256 ad851f197aeb446d…). À confirmer sur l'instance XBRL.","edgar_normalize.py (règles edgar_v1, automatique)",2026-09-28T12:37:37+00:00,doc:0000320193-0000320193-23-000006,R4
1259,facts,0000320193-0000320193-23-000064-us-gaap:CommonStockSharesOutstanding-shares--2022-09-24,source_context,,companyfacts;entite=CIK0000320193;periode=2022-09-24;segment=aucun(deduit D1),"edgar_normalize.py (règles edgar_v1, automatique)",2026-09-28T12:37:37+00:00,doc:0000320193-0000320193-23-000064,X1
1260,facts,0000320193-0000320193-23-000064-us-gaap:CommonStockSharesOutstanding-shares--2022-09-24,source_dimensions,INCONNU,,"edgar_normalize.py (règles edgar_v1, automatique)",2026-09-28T12:37:37+00:00,doc:0000320193-0000320193-23-000064,D1 : une seule valeur brute pour cette clé
1261,facts,0000320193-0000320193-23-000064-us-gaap:CommonStockSharesOutstanding-shares--2022-09-24,share_class,INCONNU,ordinaire (déduit C1 : titre coté unique AAPL),"edgar_normalize.py (règles edgar_v1, automatique)",2026-09-28T12:37:37+00:00,doc:0000320193-0000320193-23-000064,C1
1262,facts,0000320193-0000320193-23-000064-us-gaap:CommonStockSharesOutstanding-shares--2022-09-24,normalized_concept,,shares_outstanding,"edgar_normalize.py (règles edgar_v1, automatique)",2026-09-28T12:37:37+00:00,doc:0000320193-0000320193-23-000064,R4
1263,facts,0000320193-0000320193-23-000064-us-gaap:CommonStockSharesOutstanding-shares--2022-09-24,transformation,,aucune,"edgar_normalize.py (règles edgar_v1, automatique)",2026-09-28T12:37:37+00:00,doc:0000320193-0000320193-23-000064,T1
1264,facts,0000320193-0000320193-23-000064-us-gaap:CommonStockSharesOutstanding-shares--2022-09-24,value,,15943425000,"edgar_normalize.py (règles edgar_v1, automatique)",2026-09-28T12:37:37+00:00,doc:0000320193-0000320193-23-000064,T1
1265,facts,0000320193-0000320193-23-000064-us-gaap:CommonStockSharesOutstanding-shares--2022-09-24,normalization_justification,,"Règle R4 (edgar_v1) : us-gaap:CommonStockSharesOutstanding [shares, instant] -> shares_outstanding. Valeur reprise telle quelle (T1). Dimensions : aucune, déduit (D1). Entrée brute facts/us-gaap/CommonStockSharesOutstanding/units/shares/115 (sha256 29133199968823cf…). À confirmer sur l'instance XBRL.","edgar_normalize.py (règles edgar_v1, automatique)",2026-09-28T12:37:37+00:00,doc:0000320193-0000320193-23-000064,R4
1266,facts,0000320193-0000320193-23-000077-us-gaap:CommonStockSharesOutstanding-shares--2022-09-24,source_context,,companyfacts;entite=CIK0000320193;periode=2022-09-24;segment=aucun(deduit D1),"edgar_normalize.py (règles edgar_v1, automatique)",2026-09-28T12:37:37+00:00,doc:0000320193-0000320193-23-000077,X1
1267,facts,0000320193-0000320193-23-000077-us-gaap:CommonStockSharesOutstanding-shares--2022-09-24,source_dimensions,INCONNU,,"edgar_normalize.py (règles edgar_v1, automatique)",2026-09-28T12:37:37+00:00,doc:0000320193-0000320193-23-000077,D1 : une seule valeur brute pour cette clé
1268,facts,0000320193-0000320193-23-000077-us-gaap:CommonStockSharesOutstanding-shares--2022-09-24,share_class,INCONNU,ordinaire (déduit C1 : titre coté unique AAPL),"edgar_normalize.py (règles edgar_v1, automatique)",2026-09-28T12:37:37+00:00,doc:0000320193-0000320193-23-000077,C1
1269,facts,0000320193-0000320193-23-000077-us-gaap:CommonStockSharesOutstanding-shares--2022-09-24,normalized_concept,,shares_outstanding,"edgar_normalize.py (règles edgar_v1, automatique)",2026-09-28T12:37:37+00:00,doc:0000320193-0000320193-23-000077,R4
1270,facts,0000320193-0000320193-23-000077-us-gaap:CommonStockSharesOutstanding-shares--2022-09-24,transformation,,aucune,"edgar_normalize.py (règles edgar_v1, automatique)",2026-09-28T12:37:37+00:00,doc:0000320193-0000320193-23-000077,T1
1271,facts,0000320193-0000320193-23-000077-us-gaap:CommonStockSharesOutstanding-shares--2022-09-24,value,,15943425000,"edgar_normalize.py (règles edgar_v1, automatique)",2026-09-28T12:37:37+00:00,doc:0000320193-0000320193-23-000077,T1
1272,facts,0000320193-0000320193-23-000077-us-gaap:CommonStockSharesOutstanding-shares--2022-09-24,normalization_justification,,"Règle R4 (edgar_v1) : us-gaap:CommonStockSharesOutstanding [shares, instant] -> shares_outstanding. Valeur reprise telle quelle (T1). Dimensions : aucune, déduit (D1). Entrée brute facts/us-gaap/CommonStockSharesOutstanding/units/shares/116 (sha256 e85fb9910e514c98…). À confirmer sur l'instance XBRL.","edgar_normalize.py (règles edgar_v1, automatique)",2026-09-28T12:37:37+00:00,doc:0000320193-0000320193-23-000077,R4
1273,facts,0000320193-0000320193-23-000106-us-gaap:CommonStockSharesOutstanding-shares--2022-09-24,source_context,,companyfacts;entite=CIK0000320193;periode=2022-09-24;segment=aucun(deduit D1),"edgar_normalize.py (règles edgar_v1, automatique)",2026-09-28T12:37:37+00:00,doc:0000320193-0000320193-23-000106,X1
1274,facts,0000320193-0000320193-23-000106-us-gaap:CommonStockSharesOutstanding-shares--2022-09-24,source_dimensions,INCONNU,,"edgar_normalize.py (règles edgar_v1, automatique)",2026-09-28T12:37:37+00:00,doc:0000320193-0000320193-23-000106,D1 : une seule valeur brute pour cette clé
1275,facts,0000320193-0000320193-23-000106-us-gaap:CommonStockSharesOutstanding-shares--2022-09-24,share_class,INCONNU,ordinaire (déduit C1 : titre coté unique AAPL),"edgar_normalize.py (règles edgar_v1, automatique)",2026-09-28T12:37:37+00:00,doc:0000320193-0000320193-23-000106,C1
1276,facts,0000320193-0000320193-23-000106-us-gaap:CommonStockSharesOutstanding-shares--2022-09-24,normalized_concept,,shares_outstanding,"edgar_normalize.py (règles edgar_v1, automatique)",2026-09-28T12:37:37+00:00,doc:0000320193-0000320193-23-000106,R4
1277,facts,0000320193-0000320193-23-000106-us-gaap:CommonStockSharesOutstanding-shares--2022-09-24,transformation,,aucune,"edgar_normalize.py (règles edgar_v1, automatique)",2026-09-28T12:37:37+00:00,doc:0000320193-0000320193-23-000106,T1
1278,facts,0000320193-0000320193-23-000106-us-gaap:CommonStockSharesOutstanding-shares--2022-09-24,value,,15943425000,"edgar_normalize.py (règles edgar_v1, automatique)",2026-09-28T12:37:37+00:00,doc:0000320193-0000320193-23-000106,T1
1279,facts,0000320193-0000320193-23-000106-us-gaap:CommonStockSharesOutstanding-shares--2022-09-24,normalization_justification,,"Règle R4 (edgar_v1) : us-gaap:CommonStockSharesOutstanding [shares, instant] -> shares_outstanding. Valeur reprise telle quelle (T1). Dimensions : aucune, déduit (D1). Entrée brute facts/us-gaap/CommonStockSharesOutstanding/units/shares/117 (sha256 4cf83312b260d122…). À confirmer sur l'instance XBRL.","edgar_normalize.py (règles edgar_v1, automatique)",2026-09-28T12:37:37+00:00,doc:0000320193-0000320193-23-000106,R4
1280,facts,0000320193-0000320193-23-000006-us-gaap:CommonStockSharesOutstanding-shares--2022-12-31,source_context,,companyfacts;entite=CIK0000320193;periode=2022-12-31;segment=aucun(deduit D1),"edgar_normalize.py (règles edgar_v1, automatique)",2026-09-28T12:37:37+00:00,doc:0000320193-0000320193-23-000006,X1
1281,facts,0000320193-0000320193-23-000006-us-gaap:CommonStockSharesOutstanding-shares--2022-12-31,source_dimensions,INCONNU,,"edgar_normalize.py (règles edgar_v1, automatique)",2026-09-28T12:37:37+00:00,doc:0000320193-0000320193-23-000006,D1 : une seule valeur brute pour cette clé
1282,facts,0000320193-0000320193-23-000006-us-gaap:CommonStockSharesOutstanding-shares--2022-12-31,share_class,INCONNU,ordinaire (déduit C1 : titre coté unique AAPL),"edgar_normalize.py (règles edgar_v1, automatique)",2026-09-28T12:37:37+00:00,doc:0000320193-0000320193-23-000006,C1
1283,facts,0000320193-0000320193-23-000006-us-gaap:CommonStockSharesOutstanding-shares--2022-12-31,normalized_concept,,shares_outstanding,"edgar_normalize.py (règles edgar_v1, automatique)",2026-09-28T12:37:37+00:00,doc:0000320193-0000320193-23-000006,R4
1284,facts,0000320193-0000320193-23-000006-us-gaap:CommonStockSharesOutstanding-shares--2022-12-31,transformation,,aucune,"edgar_normalize.py (règles edgar_v1, automatique)",2026-09-28T12:37:37+00:00,doc:0000320193-0000320193-23-000006,T1
1285,facts,0000320193-0000320193-23-000006-us-gaap:CommonStockSharesOutstanding-shares--2022-12-31,value,,15842407000,"edgar_normalize.py (règles edgar_v1, automatique)",2026-09-28T12:37:37+00:00,doc:0000320193-0000320193-23-000006,T1
1286,facts,0000320193-0000320193-23-000006-us-gaap:CommonStockSharesOutstanding-shares--2022-12-31,normalization_justification,,"Règle R4 (edgar_v1) : us-gaap:CommonStockSharesOutstanding [shares, instant] -> shares_outstanding. Valeur reprise telle quelle (T1). Dimensions : aucune, déduit (D1). Entrée brute facts/us-gaap/CommonStockSharesOutstanding/units/shares/118 (sha256 e6dc1e5025e17079…). À confirmer sur l'instance XBRL.","edgar_normalize.py (règles edgar_v1, automatique)",2026-09-28T12:37:37+00:00,doc:0000320193-0000320193-23-000006,R4
1287,facts,0000320193-0000320193-23-000064-us-gaap:CommonStockSharesOutstanding-shares--2023-04-01,source_context,,companyfacts;entite=CIK0000320193;periode=2023-04-01;segment=aucun(deduit D1),"edgar_normalize.py (règles edgar_v1, automatique)",2026-09-28T12:37:37+00:00,doc:0000320193-0000320193-23-000064,X1
1288,facts,0000320193-0000320193-23-000064-us-gaap:CommonStockSharesOutstanding-shares--2023-04-01,source_dimensions,INCONNU,,"edgar_normalize.py (règles edgar_v1, automatique)",2026-09-28T12:37:37+00:00,doc:0000320193-0000320193-23-000064,D1 : une seule valeur brute pour cette clé
1289,facts,0000320193-0000320193-23-000064-us-gaap:CommonStockSharesOutstanding-shares--2023-04-01,share_class,INCONNU,ordinaire (déduit C1 : titre coté unique AAPL),"edgar_normalize.py (règles edgar_v1, automatique)",2026-09-28T12:37:37+00:00,doc:0000320193-0000320193-23-000064,C1
1290,facts,0000320193-0000320193-23-000064-us-gaap:CommonStockSharesOutstanding-shares--2023-04-01,normalized_concept,,shares_outstanding,"edgar_normalize.py (règles edgar_v1, automatique)",2026-09-28T12:37:37+00:00,doc:0000320193-0000320193-23-000064,R4
1291,facts,0000320193-0000320193-23-000064-us-gaap:CommonStockSharesOutstanding-shares--2023-04-01,transformation,,aucune,"edgar_normalize.py (règles edgar_v1, automatique)",2026-09-28T12:37:37+00:00,doc:0000320193-0000320193-23-000064,T1
1292,facts,0000320193-0000320193-23-000064-us-gaap:CommonStockSharesOutstanding-shares--2023-04-01,value,,15723406000,"edgar_normalize.py (règles edgar_v1, automatique)",2026-09-28T12:37:37+00:00,doc:0000320193-0000320193-23-000064,T1
1293,facts,0000320193-0000320193-23-000064-us-gaap:CommonStockSharesOutstanding-shares--2023-04-01,normalization_justification,,"Règle R4 (edgar_v1) : us-gaap:CommonStockSharesOutstanding [shares, instant] -> shares_outstanding. Valeur reprise telle quelle (T1). Dimensions : aucune, déduit (D1). Entrée brute facts/us-gaap/CommonStockSharesOutstanding/units/shares/119 (sha256 fa7debc56a1ec717…). À confirmer sur l'instance XBRL.","edgar_normalize.py (règles edgar_v1, automatique)",2026-09-28T12:37:37+00:00,doc:0000320193-0000320193-23-000064,R4
1294,facts,0000320193-0000320193-23-000077-us-gaap:CommonStockSharesOutstanding-shares--2023-07-01,source_context,,companyfacts;entite=CIK0000320193;periode=2023-07-01;segment=aucun(deduit D1),"edgar_normalize.py (règles edgar_v1, automatique)",2026-09-28T12:37:37+00:00,doc:0000320193-0000320193-23-000077,X1
1295,facts,0000320193-0000320193-23-000077-us-gaap:CommonStockSharesOutstanding-shares--2023-07-01,source_dimensions,INCONNU,,"edgar_normalize.py (règles edgar_v1, automatique)",2026-09-28T12:37:37+00:00,doc:0000320193-0000320193-23-000077,D1 : une seule valeur brute pour cette clé
1296,facts,0000320193-0000320193-23-000077-us-gaap:CommonStockSharesOutstanding-shares--2023-07-01,share_class,INCONNU,ordinaire (déduit C1 : titre coté unique AAPL),"edgar_normalize.py (règles edgar_v1, automatique)",2026-09-28T12:37:37+00:00,doc:0000320193-0000320193-23-000077,C1
1297,facts,0000320193-0000320193-23-000077-us-gaap:CommonStockSharesOutstanding-shares--2023-07-01,normalized_concept,,shares_outstanding,"edgar_normalize.py (règles edgar_v1, automatique)",2026-09-28T12:37:37+00:00,doc:0000320193-0000320193-23-000077,R4
1298,facts,0000320193-0000320193-23-000077-us-gaap:CommonStockSharesOutstanding-shares--2023-07-01,transformation,,aucune,"edgar_normalize.py (règles edgar_v1, automatique)",2026-09-28T12:37:37+00:00,doc:0000320193-0000320193-23-000077,T1
1299,facts,0000320193-0000320193-23-000077-us-gaap:CommonStockSharesOutstanding-shares--2023-07-01,value,,15647868000,"edgar_normalize.py (règles edgar_v1, automatique)",2026-09-28T12:37:37+00:00,doc:0000320193-0000320193-23-000077,T1
1300,facts,0000320193-0000320193-23-000077-us-gaap:CommonStockSharesOutstanding-shares--2023-07-01,normalization_justification,,"Règle R4 (edgar_v1) : us-gaap:CommonStockSharesOutstanding [shares, instant] -> shares_outstanding. Valeur reprise telle quelle (T1). Dimensions : aucune, déduit (D1). Entrée brute facts/us-gaap/CommonStockSharesOutstanding/units/shares/120 (sha256 f6f68ccf987149a7…). À confirmer sur l'instance XBRL.","edgar_normalize.py (règles edgar_v1, automatique)",2026-09-28T12:37:37+00:00,doc:0000320193-0000320193-23-000077,R4
1301,facts,0000320193-0000320193-23-000106-us-gaap:CommonStockSharesOutstanding-shares--2023-09-30,source_context,,companyfacts;entite=CIK0000320193;periode=2023-09-30;segment=aucun(deduit D1),"edgar_normalize.py (règles edgar_v1, automatique)",2026-09-28T12:37:37+00:00,doc:0000320193-0000320193-23-000106,X1
1302,facts,0000320193-0000320193-23-000106-us-gaap:CommonStockSharesOutstanding-shares--2023-09-30,source_dimensions,INCONNU,,"edgar_normalize.py (règles edgar_v1, automatique)",2026-09-28T12:37:37+00:00,doc:0000320193-0000320193-23-000106,D1 : une seule valeur brute pour cette clé
1303,facts,0000320193-0000320193-23-000106-us-gaap:CommonStockSharesOutstanding-shares--2023-09-30,share_class,INCONNU,ordinaire (déduit C1 : titre coté unique AAPL),"edgar_normalize.py (règles edgar_v1, automatique)",2026-09-28T12:37:37+00:00,doc:0000320193-0000320193-23-000106,C1
1304,facts,0000320193-0000320193-23-000106-us-gaap:CommonStockSharesOutstanding-shares--2023-09-30,normalized_concept,,shares_outstanding,"edgar_normalize.py (règles edgar_v1, automatique)",2026-09-28T12:37:37+00:00,doc:0000320193-0000320193-23-000106,R4
1305,facts,0000320193-0000320193-23-000106-us-gaap:CommonStockSharesOutstanding-shares--2023-09-30,transformation,,aucune,"edgar_normalize.py (règles edgar_v1, automatique)",2026-09-28T12:37:37+00:00,doc:0000320193-0000320193-23-000106,T1
1306,facts,0000320193-0000320193-23-000106-us-gaap:CommonStockSharesOutstanding-shares--2023-09-30,value,,15550061000,"edgar_normalize.py (règles edgar_v1, automatique)",2026-09-28T12:37:37+00:00,doc:0000320193-0000320193-23-000106,T1
1307,facts,0000320193-0000320193-23-000106-us-gaap:CommonStockSharesOutstanding-shares--2023-09-30,normalization_justification,,"Règle R4 (edgar_v1) : us-gaap:CommonStockSharesOutstanding [shares, instant] -> shares_outstanding. Valeur reprise telle quelle (T1). Dimensions : aucune, déduit (D1). Entrée brute facts/us-gaap/CommonStockSharesOutstanding/units/shares/121 (sha256 d120f9d57f43d2f1…). À confirmer sur l'instance XBRL.","edgar_normalize.py (règles edgar_v1, automatique)",2026-09-28T12:37:37+00:00,doc:0000320193-0000320193-23-000106,R4
1308,facts,0000320193-0000320193-24-000006-us-gaap:CommonStockSharesOutstanding-shares--2023-09-30,source_context,,companyfacts;entite=CIK0000320193;periode=2023-09-30;segment=aucun(deduit D1),"edgar_normalize.py (règles edgar_v1, automatique)",2026-09-28T12:37:37+00:00,doc:0000320193-0000320193-24-000006,X1
1309,facts,0000320193-0000320193-24-000006-us-gaap:CommonStockSharesOutstanding-shares--2023-09-30,source_dimensions,INCONNU,,"edgar_normalize.py (règles edgar_v1, automatique)",2026-09-28T12:37:37+00:00,doc:0000320193-0000320193-24-000006,D1 : une seule valeur brute pour cette clé
1310,facts,0000320193-0000320193-24-000006-us-gaap:CommonStockSharesOutstanding-shares--2023-09-30,share_class,INCONNU,ordinaire (déduit C1 : titre coté unique AAPL),"edgar_normalize.py (règles edgar_v1, automatique)",2026-09-28T12:37:37+00:00,doc:0000320193-0000320193-24-000006,C1
1311,facts,0000320193-0000320193-24-000006-us-gaap:CommonStockSharesOutstanding-shares--2023-09-30,normalized_concept,,shares_outstanding,"edgar_normalize.py (règles edgar_v1, automatique)",2026-09-28T12:37:37+00:00,doc:0000320193-0000320193-24-000006,R4
1312,facts,0000320193-0000320193-24-000006-us-gaap:CommonStockSharesOutstanding-shares--2023-09-30,transformation,,aucune,"edgar_normalize.py (règles edgar_v1, automatique)",2026-09-28T12:37:37+00:00,doc:0000320193-0000320193-24-000006,T1
1313,facts,0000320193-0000320193-24-000006-us-gaap:CommonStockSharesOutstanding-shares--2023-09-30,value,,15550061000,"edgar_normalize.py (règles edgar_v1, automatique)",2026-09-28T12:37:37+00:00,doc:0000320193-0000320193-24-000006,T1
1314,facts,0000320193-0000320193-24-000006-us-gaap:CommonStockSharesOutstanding-shares--2023-09-30,normalization_justification,,"Règle R4 (edgar_v1) : us-gaap:CommonStockSharesOutstanding [shares, instant] -> shares_outstanding. Valeur reprise telle quelle (T1). Dimensions : aucune, déduit (D1). Entrée brute facts/us-gaap/CommonStockSharesOutstanding/units/shares/122 (sha256 55d34484a47b64a7…). À confirmer sur l'instance XBRL.","edgar_normalize.py (règles edgar_v1, automatique)",2026-09-28T12:37:37+00:00,doc:0000320193-0000320193-24-000006,R4
1315,facts,0000320193-0000320193-24-000069-us-gaap:CommonStockSharesOutstanding-shares--2023-09-30,source_context,,companyfacts;entite=CIK0000320193;periode=2023-09-30;segment=aucun(deduit D1),"edgar_normalize.py (règles edgar_v1, automatique)",2026-09-28T12:37:37+00:00,doc:0000320193-0000320193-24-000069,X1
1316,facts,0000320193-0000320193-24-000069-us-gaap:CommonStockSharesOutstanding-shares--2023-09-30,source_dimensions,INCONNU,,"edgar_normalize.py (règles edgar_v1, automatique)",2026-09-28T12:37:37+00:00,doc:0000320193-0000320193-24-000069,D1 : une seule valeur brute pour cette clé
1317,facts,0000320193-0000320193-24-000069-us-gaap:CommonStockSharesOutstanding-shares--2023-09-30,share_class,INCONNU,ordinaire (déduit C1 : titre coté unique AAPL),"edgar_normalize.py (règles edgar_v1, automatique)",2026-09-28T12:37:37+00:00,doc:0000320193-0000320193-24-000069,C1
1318,facts,0000320193-0000320193-24-000069-us-gaap:CommonStockSharesOutstanding-shares--2023-09-30,normalized_concept,,shares_outstanding,"edgar_normalize.py (règles edgar_v1, automatique)",2026-09-28T12:37:37+00:00,doc:0000320193-0000320193-24-000069,R4
1319,facts,0000320193-0000320193-24-000069-us-gaap:CommonStockSharesOutstanding-shares--2023-09-30,transformation,,aucune,"edgar_normalize.py (règles edgar_v1, automatique)",2026-09-28T12:37:37+00:00,doc:0000320193-0000320193-24-000069,T1
1320,facts,0000320193-0000320193-24-000069-us-gaap:CommonStockSharesOutstanding-shares--2023-09-30,value,,15550061000,"edgar_normalize.py (règles edgar_v1, automatique)",2026-09-28T12:37:37+00:00,doc:0000320193-0000320193-24-000069,T1
1321,facts,0000320193-0000320193-24-000069-us-gaap:CommonStockSharesOutstanding-shares--2023-09-30,normalization_justification,,"Règle R4 (edgar_v1) : us-gaap:CommonStockSharesOutstanding [shares, instant] -> shares_outstanding. Valeur reprise telle quelle (T1). Dimensions : aucune, déduit (D1). Entrée brute facts/us-gaap/CommonStockSharesOutstanding/units/shares/123 (sha256 f5560cf007808740…). À confirmer sur l'instance XBRL.","edgar_normalize.py (règles edgar_v1, automatique)",2026-09-28T12:37:37+00:00,doc:0000320193-0000320193-24-000069,R4
1322,facts,0000320193-0000320193-24-000081-us-gaap:CommonStockSharesOutstanding-shares--2023-09-30,source_context,,companyfacts;entite=CIK0000320193;periode=2023-09-30;segment=aucun(deduit D1),"edgar_normalize.py (règles edgar_v1, automatique)",2026-09-28T12:37:37+00:00,doc:0000320193-0000320193-24-000081,X1
1323,facts,0000320193-0000320193-24-000081-us-gaap:CommonStockSharesOutstanding-shares--2023-09-30,source_dimensions,INCONNU,,"edgar_normalize.py (règles edgar_v1, automatique)",2026-09-28T12:37:37+00:00,doc:0000320193-0000320193-24-000081,D1 : une seule valeur brute pour cette clé
1324,facts,0000320193-0000320193-24-000081-us-gaap:CommonStockSharesOutstanding-shares--2023-09-30,share_class,INCONNU,ordinaire (déduit C1 : titre coté unique AAPL),"edgar_normalize.py (règles edgar_v1, automatique)",2026-09-28T12:37:37+00:00,doc:0000320193-0000320193-24-000081,C1
1325,facts,0000320193-0000320193-24-000081-us-gaap:CommonStockSharesOutstanding-shares--2023-09-30,normalized_concept,,shares_outstanding,"edgar_normalize.py (règles edgar_v1, automatique)",2026-09-28T12:37:37+00:00,doc:0000320193-0000320193-24-000081,R4
1326,facts,0000320193-0000320193-24-000081-us-gaap:CommonStockSharesOutstanding-shares--2023-09-30,transformation,,aucune,"edgar_normalize.py (règles edgar_v1, automatique)",2026-09-28T12:37:37+00:00,doc:0000320193-0000320193-24-000081,T1
1327,facts,0000320193-0000320193-24-000081-us-gaap:CommonStockSharesOutstanding-shares--2023-09-30,value,,15550061000,"edgar_normalize.py (règles edgar_v1, automatique)",2026-09-28T12:37:37+00:00,doc:0000320193-0000320193-24-000081,T1
1328,facts,0000320193-0000320193-24-000081-us-gaap:CommonStockSharesOutstanding-shares--2023-09-30,normalization_justification,,"Règle R4 (edgar_v1) : us-gaap:CommonStockSharesOutstanding [shares, instant] -> shares_outstanding. Valeur reprise telle quelle (T1). Dimensions : aucune, déduit (D1). Entrée brute facts/us-gaap/CommonStockSharesOutstanding/units/shares/124 (sha256 a89ff925333a917d…). À confirmer sur l'instance XBRL.","edgar_normalize.py (règles edgar_v1, automatique)",2026-09-28T12:37:37+00:00,doc:0000320193-0000320193-24-000081,R4
1329,facts,0000320193-0000320193-24-000123-us-gaap:CommonStockSharesOutstanding-shares--2023-09-30,source_context,,companyfacts;entite=CIK0000320193;periode=2023-09-30;segment=aucun(deduit D1),"edgar_normalize.py (règles edgar_v1, automatique)",2026-09-28T12:37:37+00:00,doc:0000320193-0000320193-24-000123,X1
1330,facts,0000320193-0000320193-24-000123-us-gaap:CommonStockSharesOutstanding-shares--2023-09-30,source_dimensions,INCONNU,,"edgar_normalize.py (règles edgar_v1, automatique)",2026-09-28T12:37:37+00:00,doc:0000320193-0000320193-24-000123,D1 : une seule valeur brute pour cette clé
1331,facts,0000320193-0000320193-24-000123-us-gaap:CommonStockSharesOutstanding-shares--2023-09-30,share_class,INCONNU,ordinaire (déduit C1 : titre coté unique AAPL),"edgar_normalize.py (règles edgar_v1, automatique)",2026-09-28T12:37:37+00:00,doc:0000320193-0000320193-24-000123,C1
1332,facts,0000320193-0000320193-24-000123-us-gaap:CommonStockSharesOutstanding-shares--2023-09-30,normalized_concept,,shares_outstanding,"edgar_normalize.py (règles edgar_v1, automatique)",2026-09-28T12:37:37+00:00,doc:0000320193-0000320193-24-000123,R4
1333,facts,0000320193-0000320193-24-000123-us-gaap:CommonStockSharesOutstanding-shares--2023-09-30,transformation,,aucune,"edgar_normalize.py (règles edgar_v1, automatique)",2026-09-28T12:37:37+00:00,doc:0000320193-0000320193-24-000123,T1
1334,facts,0000320193-0000320193-24-000123-us-gaap:CommonStockSharesOutstanding-shares--2023-09-30,value,,15550061000,"edgar_normalize.py (règles edgar_v1, automatique)",2026-09-28T12:37:37+00:00,doc:0000320193-0000320193-24-000123,T1
1335,facts,0000320193-0000320193-24-000123-us-gaap:CommonStockSharesOutstanding-shares--2023-09-30,normalization_justification,,"Règle R4 (edgar_v1) : us-gaap:CommonStockSharesOutstanding [shares, instant] -> shares_outstanding. Valeur reprise telle quelle (T1). Dimensions : aucune, déduit (D1). Entrée brute facts/us-gaap/CommonStockSharesOutstanding/units/shares/125 (sha256 77ec5b7d4f529ccf…). À confirmer sur l'instance XBRL.","edgar_normalize.py (règles edgar_v1, automatique)",2026-09-28T12:37:37+00:00,doc:0000320193-0000320193-24-000123,R4
1336,facts,0000320193-0000320193-24-000006-us-gaap:CommonStockSharesOutstanding-shares--2023-12-30,source_context,,companyfacts;entite=CIK0000320193;periode=2023-12-30;segment=aucun(deduit D1),"edgar_normalize.py (règles edgar_v1, automatique)",2026-09-28T12:37:37+00:00,doc:0000320193-0000320193-24-000006,X1
1337,facts,0000320193-0000320193-24-000006-us-gaap:CommonStockSharesOutstanding-shares--2023-12-30,source_dimensions,INCONNU,,"edgar_normalize.py (règles edgar_v1, automatique)",2026-09-28T12:37:37+00:00,doc:0000320193-0000320193-24-000006,D1 : une seule valeur brute pour cette clé
1338,facts,0000320193-0000320193-24-000006-us-gaap:CommonStockSharesOutstanding-shares--2023-12-30,share_class,INCONNU,ordinaire (déduit C1 : titre coté unique AAPL),"edgar_normalize.py (règles edgar_v1, automatique)",2026-09-28T12:37:37+00:00,doc:0000320193-0000320193-24-000006,C1
1339,facts,0000320193-0000320193-24-000006-us-gaap:CommonStockSharesOutstanding-shares--2023-12-30,normalized_concept,,shares_outstanding,"edgar_normalize.py (règles edgar_v1, automatique)",2026-09-28T12:37:37+00:00,doc:0000320193-0000320193-24-000006,R4
1340,facts,0000320193-0000320193-24-000006-us-gaap:CommonStockSharesOutstanding-shares--2023-12-30,transformation,,aucune,"edgar_normalize.py (règles edgar_v1, automatique)",2026-09-28T12:37:37+00:00,doc:0000320193-0000320193-24-000006,T1
1341,facts,0000320193-0000320193-24-000006-us-gaap:CommonStockSharesOutstanding-shares--2023-12-30,value,,15460223000,"edgar_normalize.py (règles edgar_v1, automatique)",2026-09-28T12:37:37+00:00,doc:0000320193-0000320193-24-000006,T1
1342,facts,0000320193-0000320193-24-000006-us-gaap:CommonStockSharesOutstanding-shares--2023-12-30,normalization_justification,,"Règle R4 (edgar_v1) : us-gaap:CommonStockSharesOutstanding [shares, instant] -> shares_outstanding. Valeur reprise telle quelle (T1). Dimensions : aucune, déduit (D1). Entrée brute facts/us-gaap/CommonStockSharesOutstanding/units/shares/126 (sha256 c5f56dbf4e292454…). À confirmer sur l'instance XBRL.","edgar_normalize.py (règles edgar_v1, automatique)",2026-09-28T12:37:37+00:00,doc:0000320193-0000320193-24-000006,R4
1343,facts,0000320193-0000320193-24-000069-us-gaap:CommonStockSharesOutstanding-shares--2024-03-30,source_context,,companyfacts;entite=CIK0000320193;periode=2024-03-30;segment=aucun(deduit D1),"edgar_normalize.py (règles edgar_v1, automatique)",2026-09-28T12:37:37+00:00,doc:0000320193-0000320193-24-000069,X1
1344,facts,0000320193-0000320193-24-000069-us-gaap:CommonStockSharesOutstanding-shares--2024-03-30,source_dimensions,INCONNU,,"edgar_normalize.py (règles edgar_v1, automatique)",2026-09-28T12:37:37+00:00,doc:0000320193-0000320193-24-000069,D1 : une seule valeur brute pour cette clé
1345,facts,0000320193-0000320193-24-000069-us-gaap:CommonStockSharesOutstanding-shares--2024-03-30,share_class,INCONNU,ordinaire (déduit C1 : titre coté unique AAPL),"edgar_normalize.py (règles edgar_v1, automatique)",2026-09-28T12:37:37+00:00,doc:0000320193-0000320193-24-000069,C1
1346,facts,0000320193-0000320193-24-000069-us-gaap:CommonStockSharesOutstanding-shares--2024-03-30,normalized_concept,,shares_outstanding,"edgar_normalize.py (règles edgar_v1, automatique)",2026-09-28T12:37:37+00:00,doc:0000320193-0000320193-24-000069,R4
1347,facts,0000320193-0000320193-24-000069-us-gaap:CommonStockSharesOutstanding-shares--2024-03-30,transformation,,aucune,"edgar_normalize.py (règles edgar_v1, automatique)",2026-09-28T12:37:37+00:00,doc:0000320193-0000320193-24-000069,T1
1348,facts,0000320193-0000320193-24-000069-us-gaap:CommonStockSharesOutstanding-shares--2024-03-30,value,,15337686000,"edgar_normalize.py (règles edgar_v1, automatique)",2026-09-28T12:37:37+00:00,doc:0000320193-0000320193-24-000069,T1
1349,facts,0000320193-0000320193-24-000069-us-gaap:CommonStockSharesOutstanding-shares--2024-03-30,normalization_justification,,"Règle R4 (edgar_v1) : us-gaap:CommonStockSharesOutstanding [shares, instant] -> shares_outstanding. Valeur reprise telle quelle (T1). Dimensions : aucune, déduit (D1). Entrée brute facts/us-gaap/CommonStockSharesOutstanding/units/shares/127 (sha256 a0e452c9abd3b0a0…). À confirmer sur l'instance XBRL.","edgar_normalize.py (règles edgar_v1, automatique)",2026-09-28T12:37:37+00:00,doc:0000320193-0000320193-24-000069,R4
1350,facts,0000320193-0000320193-24-000081-us-gaap:CommonStockSharesOutstanding-shares--2024-06-29,source_context,,companyfacts;entite=CIK0000320193;periode=2024-06-29;segment=aucun(deduit D1),"edgar_normalize.py (règles edgar_v1, automatique)",2026-09-28T12:37:37+00:00,doc:0000320193-0000320193-24-000081,X1
1351,facts,0000320193-0000320193-24-000081-us-gaap:CommonStockSharesOutstanding-shares--2024-06-29,source_dimensions,INCONNU,,"edgar_normalize.py (règles edgar_v1, automatique)",2026-09-28T12:37:37+00:00,doc:0000320193-0000320193-24-000081,D1 : une seule valeur brute pour cette clé
1352,facts,0000320193-0000320193-24-000081-us-gaap:CommonStockSharesOutstanding-shares--2024-06-29,share_class,INCONNU,ordinaire (déduit C1 : titre coté unique AAPL),"edgar_normalize.py (règles edgar_v1, automatique)",2026-09-28T12:37:37+00:00,doc:0000320193-0000320193-24-000081,C1
1353,facts,0000320193-0000320193-24-000081-us-gaap:CommonStockSharesOutstanding-shares--2024-06-29,normalized_concept,,shares_outstanding,"edgar_normalize.py (règles edgar_v1, automatique)",2026-09-28T12:37:37+00:00,doc:0000320193-0000320193-24-000081,R4
1354,facts,0000320193-0000320193-24-000081-us-gaap:CommonStockSharesOutstanding-shares--2024-06-29,transformation,,aucune,"edgar_normalize.py (règles edgar_v1, automatique)",2026-09-28T12:37:37+00:00,doc:0000320193-0000320193-24-000081,T1
1355,facts,0000320193-0000320193-24-000081-us-gaap:CommonStockSharesOutstanding-shares--2024-06-29,value,,15222259000,"edgar_normalize.py (règles edgar_v1, automatique)",2026-09-28T12:37:37+00:00,doc:0000320193-0000320193-24-000081,T1
1356,facts,0000320193-0000320193-24-000081-us-gaap:CommonStockSharesOutstanding-shares--2024-06-29,normalization_justification,,"Règle R4 (edgar_v1) : us-gaap:CommonStockSharesOutstanding [shares, instant] -> shares_outstanding. Valeur reprise telle quelle (T1). Dimensions : aucune, déduit (D1). Entrée brute facts/us-gaap/CommonStockSharesOutstanding/units/shares/128 (sha256 1477dc0d3224f51b…). À confirmer sur l'instance XBRL.","edgar_normalize.py (règles edgar_v1, automatique)",2026-09-28T12:37:37+00:00,doc:0000320193-0000320193-24-000081,R4
1357,facts,0000320193-0000320193-24-000123-us-gaap:CommonStockSharesOutstanding-shares--2024-09-28,source_context,,companyfacts;entite=CIK0000320193;periode=2024-09-28;segment=aucun(deduit D1),"edgar_normalize.py (règles edgar_v1, automatique)",2026-09-28T12:37:37+00:00,doc:0000320193-0000320193-24-000123,X1
1358,facts,0000320193-0000320193-24-000123-us-gaap:CommonStockSharesOutstanding-shares--2024-09-28,source_dimensions,INCONNU,,"edgar_normalize.py (règles edgar_v1, automatique)",2026-09-28T12:37:37+00:00,doc:0000320193-0000320193-24-000123,D1 : une seule valeur brute pour cette clé
1359,facts,0000320193-0000320193-24-000123-us-gaap:CommonStockSharesOutstanding-shares--2024-09-28,share_class,INCONNU,ordinaire (déduit C1 : titre coté unique AAPL),"edgar_normalize.py (règles edgar_v1, automatique)",2026-09-28T12:37:37+00:00,doc:0000320193-0000320193-24-000123,C1
1360,facts,0000320193-0000320193-24-000123-us-gaap:CommonStockSharesOutstanding-shares--2024-09-28,normalized_concept,,shares_outstanding,"edgar_normalize.py (règles edgar_v1, automatique)",2026-09-28T12:37:37+00:00,doc:0000320193-0000320193-24-000123,R4
1361,facts,0000320193-0000320193-24-000123-us-gaap:CommonStockSharesOutstanding-shares--2024-09-28,transformation,,aucune,"edgar_normalize.py (règles edgar_v1, automatique)",2026-09-28T12:37:37+00:00,doc:0000320193-0000320193-24-000123,T1
1362,facts,0000320193-0000320193-24-000123-us-gaap:CommonStockSharesOutstanding-shares--2024-09-28,value,,15116786000,"edgar_normalize.py (règles edgar_v1, automatique)",2026-09-28T12:37:37+00:00,doc:0000320193-0000320193-24-000123,T1
1363,facts,0000320193-0000320193-24-000123-us-gaap:CommonStockSharesOutstanding-shares--2024-09-28,normalization_justification,,"Règle R4 (edgar_v1) : us-gaap:CommonStockSharesOutstanding [shares, instant] -> shares_outstanding. Valeur reprise telle quelle (T1). Dimensions : aucune, déduit (D1). Entrée brute facts/us-gaap/CommonStockSharesOutstanding/units/shares/129 (sha256 e63c0c7069ffe0c9…). À confirmer sur l'instance XBRL.","edgar_normalize.py (règles edgar_v1, automatique)",2026-09-28T12:37:37+00:00,doc:0000320193-0000320193-24-000123,R4
1364,facts,0000320193-0000320193-25-000008-us-gaap:CommonStockSharesOutstanding-shares--2024-09-28,source_context,,companyfacts;entite=CIK0000320193;periode=2024-09-28;segment=aucun(deduit D1),"edgar_normalize.py (règles edgar_v1, automatique)",2026-09-28T12:37:37+00:00,doc:0000320193-0000320193-25-000008,X1
1365,facts,0000320193-0000320193-25-000008-us-gaap:CommonStockSharesOutstanding-shares--2024-09-28,source_dimensions,INCONNU,,"edgar_normalize.py (règles edgar_v1, automatique)",2026-09-28T12:37:37+00:00,doc:0000320193-0000320193-25-000008,D1 : une seule valeur brute pour cette clé
1366,facts,0000320193-0000320193-25-000008-us-gaap:CommonStockSharesOutstanding-shares--2024-09-28,share_class,INCONNU,ordinaire (déduit C1 : titre coté unique AAPL),"edgar_normalize.py (règles edgar_v1, automatique)",2026-09-28T12:37:37+00:00,doc:0000320193-0000320193-25-000008,C1
1367,facts,0000320193-0000320193-25-000008-us-gaap:CommonStockSharesOutstanding-shares--2024-09-28,normalized_concept,,shares_outstanding,"edgar_normalize.py (règles edgar_v1, automatique)",2026-09-28T12:37:37+00:00,doc:0000320193-0000320193-25-000008,R4
1368,facts,0000320193-0000320193-25-000008-us-gaap:CommonStockSharesOutstanding-shares--2024-09-28,transformation,,aucune,"edgar_normalize.py (règles edgar_v1, automatique)",2026-09-28T12:37:37+00:00,doc:0000320193-0000320193-25-000008,T1
1369,facts,0000320193-0000320193-25-000008-us-gaap:CommonStockSharesOutstanding-shares--2024-09-28,value,,15116786000,"edgar_normalize.py (règles edgar_v1, automatique)",2026-09-28T12:37:37+00:00,doc:0000320193-0000320193-25-000008,T1
1370,facts,0000320193-0000320193-25-000008-us-gaap:CommonStockSharesOutstanding-shares--2024-09-28,normalization_justification,,"Règle R4 (edgar_v1) : us-gaap:CommonStockSharesOutstanding [shares, instant] -> shares_outstanding. Valeur reprise telle quelle (T1). Dimensions : aucune, déduit (D1). Entrée brute facts/us-gaap/CommonStockSharesOutstanding/units/shares/130 (sha256 ac098fd900a9d591…). À confirmer sur l'instance XBRL.","edgar_normalize.py (règles edgar_v1, automatique)",2026-09-28T12:37:37+00:00,doc:0000320193-0000320193-25-000008,R4
1371,facts,0000320193-0000320193-25-000057-us-gaap:CommonStockSharesOutstanding-shares--2024-09-28,source_context,,companyfacts;entite=CIK0000320193;periode=2024-09-28;segment=aucun(deduit D1),"edgar_normalize.py (règles edgar_v1, automatique)",2026-09-28T12:37:37+00:00,doc:0000320193-0000320193-25-000057,X1
1372,facts,0000320193-0000320193-25-000057-us-gaap:CommonStockSharesOutstanding-shares--2024-09-28,source_dimensions,INCONNU,,"edgar_normalize.py (règles edgar_v1, automatique)",2026-09-28T12:37:37+00:00,doc:0000320193-0000320193-25-000057,D1 : une seule valeur brute pour cette clé
1373,facts,0000320193-0000320193-25-000057-us-gaap:CommonStockSharesOutstanding-shares--2024-09-28,share_class,INCONNU,ordinaire (déduit C1 : titre coté unique AAPL),"edgar_normalize.py (règles edgar_v1, automatique)",2026-09-28T12:37:37+00:00,doc:0000320193-0000320193-25-000057,C1
1374,facts,0000320193-0000320193-25-000057-us-gaap:CommonStockSharesOutstanding-shares--2024-09-28,normalized_concept,,shares_outstanding,"edgar_normalize.py (règles edgar_v1, automatique)",2026-09-28T12:37:37+00:00,doc:0000320193-0000320193-25-000057,R4
1375,facts,0000320193-0000320193-25-000057-us-gaap:CommonStockSharesOutstanding-shares--2024-09-28,transformation,,aucune,"edgar_normalize.py (règles edgar_v1, automatique)",2026-09-28T12:37:37+00:00,doc:0000320193-0000320193-25-000057,T1
1376,facts,0000320193-0000320193-25-000057-us-gaap:CommonStockSharesOutstanding-shares--2024-09-28,value,,15116786000,"edgar_normalize.py (règles edgar_v1, automatique)",2026-09-28T12:37:37+00:00,doc:0000320193-0000320193-25-000057,T1
1377,facts,0000320193-0000320193-25-000057-us-gaap:CommonStockSharesOutstanding-shares--2024-09-28,normalization_justification,,"Règle R4 (edgar_v1) : us-gaap:CommonStockSharesOutstanding [shares, instant] -> shares_outstanding. Valeur reprise telle quelle (T1). Dimensions : aucune, déduit (D1). Entrée brute facts/us-gaap/CommonStockSharesOutstanding/units/shares/131 (sha256 95d21249193b5f78…). À confirmer sur l'instance XBRL.","edgar_normalize.py (règles edgar_v1, automatique)",2026-09-28T12:37:37+00:00,doc:0000320193-0000320193-25-000057,R4
1378,facts,0000320193-0000320193-25-000073-us-gaap:CommonStockSharesOutstanding-shares--2024-09-28,source_context,,companyfacts;entite=CIK0000320193;periode=2024-09-28;segment=aucun(deduit D1),"edgar_normalize.py (règles edgar_v1, automatique)",2026-09-28T12:37:37+00:00,doc:0000320193-0000320193-25-000073,X1
1379,facts,0000320193-0000320193-25-000073-us-gaap:CommonStockSharesOutstanding-shares--2024-09-28,source_dimensions,INCONNU,,"edgar_normalize.py (règles edgar_v1, automatique)",2026-09-28T12:37:37+00:00,doc:0000320193-0000320193-25-000073,D1 : une seule valeur brute pour cette clé
1380,facts,0000320193-0000320193-25-000073-us-gaap:CommonStockSharesOutstanding-shares--2024-09-28,share_class,INCONNU,ordinaire (déduit C1 : titre coté unique AAPL),"edgar_normalize.py (règles edgar_v1, automatique)",2026-09-28T12:37:37+00:00,doc:0000320193-0000320193-25-000073,C1
1381,facts,0000320193-0000320193-25-000073-us-gaap:CommonStockSharesOutstanding-shares--2024-09-28,normalized_concept,,shares_outstanding,"edgar_normalize.py (règles edgar_v1, automatique)",2026-09-28T12:37:37+00:00,doc:0000320193-0000320193-25-000073,R4
1382,facts,0000320193-0000320193-25-000073-us-gaap:CommonStockSharesOutstanding-shares--2024-09-28,transformation,,aucune,"edgar_normalize.py (règles edgar_v1, automatique)",2026-09-28T12:37:37+00:00,doc:0000320193-0000320193-25-000073,T1
1383,facts,0000320193-0000320193-25-000073-us-gaap:CommonStockSharesOutstanding-shares--2024-09-28,value,,15116786000,"edgar_normalize.py (règles edgar_v1, automatique)",2026-09-28T12:37:37+00:00,doc:0000320193-0000320193-25-000073,T1
1384,facts,0000320193-0000320193-25-000073-us-gaap:CommonStockSharesOutstanding-shares--2024-09-28,normalization_justification,,"Règle R4 (edgar_v1) : us-gaap:CommonStockSharesOutstanding [shares, instant] -> shares_outstanding. Valeur reprise telle quelle (T1). Dimensions : aucune, déduit (D1). Entrée brute facts/us-gaap/CommonStockSharesOutstanding/units/shares/132 (sha256 e155fb08a084d2e4…). À confirmer sur l'instance XBRL.","edgar_normalize.py (règles edgar_v1, automatique)",2026-09-28T12:37:37+00:00,doc:0000320193-0000320193-25-000073,R4
1385,facts,0000320193-0000320193-25-000079-us-gaap:CommonStockSharesOutstanding-shares--2024-09-28,source_context,,companyfacts;entite=CIK0000320193;periode=2024-09-28;segment=aucun(deduit D1),"edgar_normalize.py (règles edgar_v1, automatique)",2026-09-28T12:37:37+00:00,doc:0000320193-0000320193-25-000079,X1
1386,facts,0000320193-0000320193-25-000079-us-gaap:CommonStockSharesOutstanding-shares--2024-09-28,source_dimensions,INCONNU,,"edgar_normalize.py (règles edgar_v1, automatique)",2026-09-28T12:37:37+00:00,doc:0000320193-0000320193-25-000079,D1 : une seule valeur brute pour cette clé
1387,facts,0000320193-0000320193-25-000079-us-gaap:CommonStockSharesOutstanding-shares--2024-09-28,share_class,INCONNU,ordinaire (déduit C1 : titre coté unique AAPL),"edgar_normalize.py (règles edgar_v1, automatique)",2026-09-28T12:37:37+00:00,doc:0000320193-0000320193-25-000079,C1
1388,facts,0000320193-0000320193-25-000079-us-gaap:CommonStockSharesOutstanding-shares--2024-09-28,normalized_concept,,shares_outstanding,"edgar_normalize.py (règles edgar_v1, automatique)",2026-09-28T12:37:37+00:00,doc:0000320193-0000320193-25-000079,R4
1389,facts,0000320193-0000320193-25-000079-us-gaap:CommonStockSharesOutstanding-shares--2024-09-28,transformation,,aucune,"edgar_normalize.py (règles edgar_v1, automatique)",2026-09-28T12:37:37+00:00,doc:0000320193-0000320193-25-000079,T1
1390,facts,0000320193-0000320193-25-000079-us-gaap:CommonStockSharesOutstanding-shares--2024-09-28,value,,15116786000,"edgar_normalize.py (règles edgar_v1, automatique)",2026-09-28T12:37:37+00:00,doc:0000320193-0000320193-25-000079,T1
1391,facts,0000320193-0000320193-25-000079-us-gaap:CommonStockSharesOutstanding-shares--2024-09-28,normalization_justification,,"Règle R4 (edgar_v1) : us-gaap:CommonStockSharesOutstanding [shares, instant] -> shares_outstanding. Valeur reprise telle quelle (T1). Dimensions : aucune, déduit (D1). Entrée brute facts/us-gaap/CommonStockSharesOutstanding/units/shares/133 (sha256 65d4e94d02dcfd49…). À confirmer sur l'instance XBRL.","edgar_normalize.py (règles edgar_v1, automatique)",2026-09-28T12:37:37+00:00,doc:0000320193-0000320193-25-000079,R4
1392,facts,0000320193-0000320193-25-000008-us-gaap:CommonStockSharesOutstanding-shares--2024-12-28,source_context,,companyfacts;entite=CIK0000320193;periode=2024-12-28;segment=aucun(deduit D1),"edgar_normalize.py (règles edgar_v1, automatique)",2026-09-28T12:37:37+00:00,doc:0000320193-0000320193-25-000008,X1
1393,facts,0000320193-0000320193-25-000008-us-gaap:CommonStockSharesOutstanding-shares--2024-12-28,source_dimensions,INCONNU,,"edgar_normalize.py (règles edgar_v1, automatique)",2026-09-28T12:37:37+00:00,doc:0000320193-0000320193-25-000008,D1 : une seule valeur brute pour cette clé
1394,facts,0000320193-0000320193-25-000008-us-gaap:CommonStockSharesOutstanding-shares--2024-12-28,share_class,INCONNU,ordinaire (déduit C1 : titre coté unique AAPL),"edgar_normalize.py (règles edgar_v1, automatique)",2026-09-28T12:37:37+00:00,doc:0000320193-0000320193-25-000008,C1
1395,facts,0000320193-0000320193-25-000008-us-gaap:CommonStockSharesOutstanding-shares--2024-12-28,normalized_concept,,shares_outstanding,"edgar_normalize.py (règles edgar_v1, automatique)",2026-09-28T12:37:37+00:00,doc:0000320193-0000320193-25-000008,R4
1396,facts,0000320193-0000320193-25-000008-us-gaap:CommonStockSharesOutstanding-shares--2024-12-28,transformation,,aucune,"edgar_normalize.py (règles edgar_v1, automatique)",2026-09-28T12:37:37+00:00,doc:0000320193-0000320193-25-000008,T1
1397,facts,0000320193-0000320193-25-000008-us-gaap:CommonStockSharesOutstanding-shares--2024-12-28,value,,15040731000,"edgar_normalize.py (règles edgar_v1, automatique)",2026-09-28T12:37:37+00:00,doc:0000320193-0000320193-25-000008,T1
1398,facts,0000320193-0000320193-25-000008-us-gaap:CommonStockSharesOutstanding-shares--2024-12-28,normalization_justification,,"Règle R4 (edgar_v1) : us-gaap:CommonStockSharesOutstanding [shares, instant] -> shares_outstanding. Valeur reprise telle quelle (T1). Dimensions : aucune, déduit (D1). Entrée brute facts/us-gaap/CommonStockSharesOutstanding/units/shares/134 (sha256 c999e9ed2338a15d…). À confirmer sur l'instance XBRL.","edgar_normalize.py (règles edgar_v1, automatique)",2026-09-28T12:37:37+00:00,doc:0000320193-0000320193-25-000008,R4
1399,facts,0000320193-0000320193-25-000057-us-gaap:CommonStockSharesOutstanding-shares--2025-03-29,source_context,,companyfacts;entite=CIK0000320193;periode=2025-03-29;segment=aucun(deduit D1),"edgar_normalize.py (règles edgar_v1, automatique)",2026-09-28T12:37:37+00:00,doc:0000320193-0000320193-25-000057,X1
1400,facts,0000320193-0000320193-25-000057-us-gaap:CommonStockSharesOutstanding-shares--2025-03-29,source_dimensions,INCONNU,,"edgar_normalize.py (règles edgar_v1, automatique)",2026-09-28T12:37:37+00:00,doc:0000320193-0000320193-25-000057,D1 : une seule valeur brute pour cette clé
1401,facts,0000320193-0000320193-25-000057-us-gaap:CommonStockSharesOutstanding-shares--2025-03-29,share_class,INCONNU,ordinaire (déduit C1 : titre coté unique AAPL),"edgar_normalize.py (règles edgar_v1, automatique)",2026-09-28T12:37:37+00:00,doc:0000320193-0000320193-25-000057,C1
1402,facts,0000320193-0000320193-25-000057-us-gaap:CommonStockSharesOutstanding-shares--2025-03-29,normalized_concept,,shares_outstanding,"edgar_normalize.py (règles edgar_v1, automatique)",2026-09-28T12:37:37+00:00,doc:0000320193-0000320193-25-000057,R4
1403,facts,0000320193-0000320193-25-000057-us-gaap:CommonStockSharesOutstanding-shares--2025-03-29,transformation,,aucune,"edgar_normalize.py (règles edgar_v1, automatique)",2026-09-28T12:37:37+00:00,doc:0000320193-0000320193-25-000057,T1
1404,facts,0000320193-0000320193-25-000057-us-gaap:CommonStockSharesOutstanding-shares--2025-03-29,value,,14939315000,"edgar_normalize.py (règles edgar_v1, automatique)",2026-09-28T12:37:37+00:00,doc:0000320193-0000320193-25-000057,T1
1405,facts,0000320193-0000320193-25-000057-us-gaap:CommonStockSharesOutstanding-shares--2025-03-29,normalization_justification,,"Règle R4 (edgar_v1) : us-gaap:CommonStockSharesOutstanding [shares, instant] -> shares_outstanding. Valeur reprise telle quelle (T1). Dimensions : aucune, déduit (D1). Entrée brute facts/us-gaap/CommonStockSharesOutstanding/units/shares/135 (sha256 269d0dcedc5e359f…). À confirmer sur l'instance XBRL.","edgar_normalize.py (règles edgar_v1, automatique)",2026-09-28T12:37:37+00:00,doc:0000320193-0000320193-25-000057,R4
1406,facts,0000320193-0000320193-25-000073-us-gaap:CommonStockSharesOutstanding-shares--2025-06-28,source_context,,companyfacts;entite=CIK0000320193;periode=2025-06-28;segment=aucun(deduit D1),"edgar_normalize.py (règles edgar_v1, automatique)",2026-09-28T12:37:37+00:00,doc:0000320193-0000320193-25-000073,X1
1407,facts,0000320193-0000320193-25-000073-us-gaap:CommonStockSharesOutstanding-shares--2025-06-28,source_dimensions,INCONNU,,"edgar_normalize.py (règles edgar_v1, automatique)",2026-09-28T12:37:37+00:00,doc:0000320193-0000320193-25-000073,D1 : une seule valeur brute pour cette clé
1408,facts,0000320193-0000320193-25-000073-us-gaap:CommonStockSharesOutstanding-shares--2025-06-28,share_class,INCONNU,ordinaire (déduit C1 : titre coté unique AAPL),"edgar_normalize.py (règles edgar_v1, automatique)",2026-09-28T12:37:37+00:00,doc:0000320193-0000320193-25-000073,C1
1409,facts,0000320193-0000320193-25-000073-us-gaap:CommonStockSharesOutstanding-shares--2025-06-28,normalized_concept,,shares_outstanding,"edgar_normalize.py (règles edgar_v1, automatique)",2026-09-28T12:37:37+00:00,doc:0000320193-0000320193-25-000073,R4
1410,facts,0000320193-0000320193-25-000073-us-gaap:CommonStockSharesOutstanding-shares--2025-06-28,transformation,,aucune,"edgar_normalize.py (règles edgar_v1, automatique)",2026-09-28T12:37:37+00:00,doc:0000320193-0000320193-25-000073,T1
1411,facts,0000320193-0000320193-25-000073-us-gaap:CommonStockSharesOutstanding-shares--2025-06-28,value,,14856722000,"edgar_normalize.py (règles edgar_v1, automatique)",2026-09-28T12:37:37+00:00,doc:0000320193-0000320193-25-000073,T1
1412,facts,0000320193-0000320193-25-000073-us-gaap:CommonStockSharesOutstanding-shares--2025-06-28,normalization_justification,,"Règle R4 (edgar_v1) : us-gaap:CommonStockSharesOutstanding [shares, instant] -> shares_outstanding. Valeur reprise telle quelle (T1). Dimensions : aucune, déduit (D1). Entrée brute facts/us-gaap/CommonStockSharesOutstanding/units/shares/136 (sha256 7a60acded6d94d58…). À confirmer sur l'instance XBRL.","edgar_normalize.py (règles edgar_v1, automatique)",2026-09-28T12:37:37+00:00,doc:0000320193-0000320193-25-000073,R4
1413,facts,0000320193-0000320193-25-000079-us-gaap:CommonStockSharesOutstanding-shares--2025-09-27,source_context,,companyfacts;entite=CIK0000320193;periode=2025-09-27;segment=aucun(deduit D1),"edgar_normalize.py (règles edgar_v1, automatique)",2026-09-28T12:37:37+00:00,doc:0000320193-0000320193-25-000079,X1
1414,facts,0000320193-0000320193-25-000079-us-gaap:CommonStockSharesOutstanding-shares--2025-09-27,source_dimensions,INCONNU,,"edgar_normalize.py (règles edgar_v1, automatique)",2026-09-28T12:37:37+00:00,doc:0000320193-0000320193-25-000079,D1 : une seule valeur brute pour cette clé
1415,facts,0000320193-0000320193-25-000079-us-gaap:CommonStockSharesOutstanding-shares--2025-09-27,share_class,INCONNU,ordinaire (déduit C1 : titre coté unique AAPL),"edgar_normalize.py (règles edgar_v1, automatique)",2026-09-28T12:37:37+00:00,doc:0000320193-0000320193-25-000079,C1
1416,facts,0000320193-0000320193-25-000079-us-gaap:CommonStockSharesOutstanding-shares--2025-09-27,normalized_concept,,shares_outstanding,"edgar_normalize.py (règles edgar_v1, automatique)",2026-09-28T12:37:37+00:00,doc:0000320193-0000320193-25-000079,R4
1417,facts,0000320193-0000320193-25-000079-us-gaap:CommonStockSharesOutstanding-shares--2025-09-27,transformation,,aucune,"edgar_normalize.py (règles edgar_v1, automatique)",2026-09-28T12:37:37+00:00,doc:0000320193-0000320193-25-000079,T1
1418,facts,0000320193-0000320193-25-000079-us-gaap:CommonStockSharesOutstanding-shares--2025-09-27,value,,14773260000,"edgar_normalize.py (règles edgar_v1, automatique)",2026-09-28T12:37:37+00:00,doc:0000320193-0000320193-25-000079,T1
1419,facts,0000320193-0000320193-25-000079-us-gaap:CommonStockSharesOutstanding-shares--2025-09-27,normalization_justification,,"Règle R4 (edgar_v1) : us-gaap:CommonStockSharesOutstanding [shares, instant] -> shares_outstanding. Valeur reprise telle quelle (T1). Dimensions : aucune, déduit (D1). Entrée brute facts/us-gaap/CommonStockSharesOutstanding/units/shares/137 (sha256 290d5cd8144d5445…). À confirmer sur l'instance XBRL.","edgar_normalize.py (règles edgar_v1, automatique)",2026-09-28T12:37:37+00:00,doc:0000320193-0000320193-25-000079,R4
1420,facts,0000320193-0000320193-26-000006-us-gaap:CommonStockSharesOutstanding-shares--2025-09-27,source_context,,companyfacts;entite=CIK0000320193;periode=2025-09-27;segment=aucun(deduit D1),"edgar_normalize.py (règles edgar_v1, automatique)",2026-09-28T12:37:37+00:00,doc:0000320193-0000320193-26-000006,X1
1421,facts,0000320193-0000320193-26-000006-us-gaap:CommonStockSharesOutstanding-shares--2025-09-27,source_dimensions,INCONNU,,"edgar_normalize.py (règles edgar_v1, automatique)",2026-09-28T12:37:37+00:00,doc:0000320193-0000320193-26-000006,D1 : une seule valeur brute pour cette clé
1422,facts,0000320193-0000320193-26-000006-us-gaap:CommonStockSharesOutstanding-shares--2025-09-27,share_class,INCONNU,ordinaire (déduit C1 : titre coté unique AAPL),"edgar_normalize.py (règles edgar_v1, automatique)",2026-09-28T12:37:37+00:00,doc:0000320193-0000320193-26-000006,C1
1423,facts,0000320193-0000320193-26-000006-us-gaap:CommonStockSharesOutstanding-shares--2025-09-27,normalized_concept,,shares_outstanding,"edgar_normalize.py (règles edgar_v1, automatique)",2026-09-28T12:37:37+00:00,doc:0000320193-0000320193-26-000006,R4
1424,facts,0000320193-0000320193-26-000006-us-gaap:CommonStockSharesOutstanding-shares--2025-09-27,transformation,,aucune,"edgar_normalize.py (règles edgar_v1, automatique)",2026-09-28T12:37:37+00:00,doc:0000320193-0000320193-26-000006,T1
1425,facts,0000320193-0000320193-26-000006-us-gaap:CommonStockSharesOutstanding-shares--2025-09-27,value,,14773260000,"edgar_normalize.py (règles edgar_v1, automatique)",2026-09-28T12:37:37+00:00,doc:0000320193-0000320193-26-000006,T1
1426,facts,0000320193-0000320193-26-000006-us-gaap:CommonStockSharesOutstanding-shares--2025-09-27,normalization_justification,,"Règle R4 (edgar_v1) : us-gaap:CommonStockSharesOutstanding [shares, instant] -> shares_outstanding. Valeur reprise telle quelle (T1). Dimensions : aucune, déduit (D1). Entrée brute facts/us-gaap/CommonStockSharesOutstanding/units/shares/138 (sha256 8872b26b3bdfc3fa…). À confirmer sur l'instance XBRL.","edgar_normalize.py (règles edgar_v1, automatique)",2026-09-28T12:37:37+00:00,doc:0000320193-0000320193-26-000006,R4
1427,facts,0000320193-0000320193-26-000013-us-gaap:CommonStockSharesOutstanding-shares--2025-09-27,source_context,,companyfacts;entite=CIK0000320193;periode=2025-09-27;segment=aucun(deduit D1),"edgar_normalize.py (règles edgar_v1, automatique)",2026-09-28T12:37:37+00:00,doc:0000320193-0000320193-26-000013,X1
1428,facts,0000320193-0000320193-26-000013-us-gaap:CommonStockSharesOutstanding-shares--2025-09-27,source_dimensions,INCONNU,,"edgar_normalize.py (règles edgar_v1, automatique)",2026-09-28T12:37:37+00:00,doc:0000320193-0000320193-26-000013,D1 : une seule valeur brute pour cette clé
1429,facts,0000320193-0000320193-26-000013-us-gaap:CommonStockSharesOutstanding-shares--2025-09-27,share_class,INCONNU,ordinaire (déduit C1 : titre coté unique AAPL),"edgar_normalize.py (règles edgar_v1, automatique)",2026-09-28T12:37:37+00:00,doc:0000320193-0000320193-26-000013,C1
1430,facts,0000320193-0000320193-26-000013-us-gaap:CommonStockSharesOutstanding-shares--2025-09-27,normalized_concept,,shares_outstanding,"edgar_normalize.py (règles edgar_v1, automatique)",2026-09-28T12:37:37+00:00,doc:0000320193-0000320193-26-000013,R4
1431,facts,0000320193-0000320193-26-000013-us-gaap:CommonStockSharesOutstanding-shares--2025-09-27,transformation,,aucune,"edgar_normalize.py (règles edgar_v1, automatique)",2026-09-28T12:37:37+00:00,doc:0000320193-0000320193-26-000013,T1
1432,facts,0000320193-0000320193-26-000013-us-gaap:CommonStockSharesOutstanding-shares--2025-09-27,value,,14773260000,"edgar_normalize.py (règles edgar_v1, automatique)",2026-09-28T12:37:37+00:00,doc:0000320193-0000320193-26-000013,T1
1433,facts,0000320193-0000320193-26-000013-us-gaap:CommonStockSharesOutstanding-shares--2025-09-27,normalization_justification,,"Règle R4 (edgar_v1) : us-gaap:CommonStockSharesOutstanding [shares, instant] -> shares_outstanding. Valeur reprise telle quelle (T1). Dimensions : aucune, déduit (D1). Entrée brute facts/us-gaap/CommonStockSharesOutstanding/units/shares/139 (sha256 5b732d9c9a3d4b7e…). À confirmer sur l'instance XBRL.","edgar_normalize.py (règles edgar_v1, automatique)",2026-09-28T12:37:37+00:00,doc:0000320193-0000320193-26-000013,R4
1434,facts,0000320193-0000320193-26-000020-us-gaap:CommonStockSharesOutstanding-shares--2025-09-27,source_context,,companyfacts;entite=CIK0000320193;periode=2025-09-27;segment=aucun(deduit D1),"edgar_normalize.py (règles edgar_v1, automatique)",2026-09-28T12:37:37+00:00,doc:0000320193-0000320193-26-000020,X1
1435,facts,0000320193-0000320193-26-000020-us-gaap:CommonStockSharesOutstanding-shares--2025-09-27,source_dimensions,INCONNU,,"edgar_normalize.py (règles edgar_v1, automatique)",2026-09-28T12:37:37+00:00,doc:0000320193-0000320193-26-000020,D1 : une seule valeur brute pour cette clé
1436,facts,0000320193-0000320193-26-000020-us-gaap:CommonStockSharesOutstanding-shares--2025-09-27,share_class,INCONNU,ordinaire (déduit C1 : titre coté unique AAPL),"edgar_normalize.py (règles edgar_v1, automatique)",2026-09-28T12:37:37+00:00,doc:0000320193-0000320193-26-000020,C1
1437,facts,0000320193-0000320193-26-000020-us-gaap:CommonStockSharesOutstanding-shares--2025-09-27,normalized_concept,,shares_outstanding,"edgar_normalize.py (règles edgar_v1, automatique)",2026-09-28T12:37:37+00:00,doc:0000320193-0000320193-26-000020,R4
1438,facts,0000320193-0000320193-26-000020-us-gaap:CommonStockSharesOutstanding-shares--2025-09-27,transformation,,aucune,"edgar_normalize.py (règles edgar_v1, automatique)",2026-09-28T12:37:37+00:00,doc:0000320193-0000320193-26-000020,T1
1439,facts,0000320193-0000320193-26-000020-us-gaap:CommonStockSharesOutstanding-shares--2025-09-27,value,,14773260000,"edgar_normalize.py (règles edgar_v1, automatique)",2026-09-28T12:37:37+00:00,doc:0000320193-0000320193-26-000020,T1
1440,facts,0000320193-0000320193-26-000020-us-gaap:CommonStockSharesOutstanding-shares--2025-09-27,normalization_justification,,"Règle R4 (edgar_v1) : us-gaap:CommonStockSharesOutstanding [shares, instant] -> shares_outstanding. Valeur reprise telle quelle (T1). Dimensions : aucune, déduit (D1). Entrée brute facts/us-gaap/CommonStockSharesOutstanding/units/shares/140 (sha256 ec2c4ca558a0ba28…). À confirmer sur l'instance XBRL.","edgar_normalize.py (règles edgar_v1, automatique)",2026-09-28T12:37:37+00:00,doc:0000320193-0000320193-26-000020,R4
1441,facts,0000320193-0000320193-26-000006-us-gaap:CommonStockSharesOutstanding-shares--2025-12-27,source_context,,companyfacts;entite=CIK0000320193;periode=2025-12-27;segment=aucun(deduit D1),"edgar_normalize.py (règles edgar_v1, automatique)",2026-09-28T12:37:37+00:00,doc:0000320193-0000320193-26-000006,X1
1442,facts,0000320193-0000320193-26-000006-us-gaap:CommonStockSharesOutstanding-shares--2025-12-27,source_dimensions,INCONNU,,"edgar_normalize.py (règles edgar_v1, automatique)",2026-09-28T12:37:37+00:00,doc:0000320193-0000320193-26-000006,D1 : une seule valeur brute pour cette clé
1443,facts,0000320193-0000320193-26-000006-us-gaap:CommonStockSharesOutstanding-shares--2025-12-27,share_class,INCONNU,ordinaire (déduit C1 : titre coté unique AAPL),"edgar_normalize.py (règles edgar_v1, automatique)",2026-09-28T12:37:37+00:00,doc:0000320193-0000320193-26-000006,C1
1444,facts,0000320193-0000320193-26-000006-us-gaap:CommonStockSharesOutstanding-shares--2025-12-27,normalized_concept,,shares_outstanding,"edgar_normalize.py (règles edgar_v1, automatique)",2026-09-28T12:37:37+00:00,doc:0000320193-0000320193-26-000006,R4
1445,facts,0000320193-0000320193-26-000006-us-gaap:CommonStockSharesOutstanding-shares--2025-12-27,transformation,,aucune,"edgar_normalize.py (règles edgar_v1, automatique)",2026-09-28T12:37:37+00:00,doc:0000320193-0000320193-26-000006,T1
1446,facts,0000320193-0000320193-26-000006-us-gaap:CommonStockSharesOutstanding-shares--2025-12-27,value,,14702703000,"edgar_normalize.py (règles edgar_v1, automatique)",2026-09-28T12:37:37+00:00,doc:0000320193-0000320193-26-000006,T1
1447,facts,0000320193-0000320193-26-000006-us-gaap:CommonStockSharesOutstanding-shares--2025-12-27,normalization_justification,,"Règle R4 (edgar_v1) : us-gaap:CommonStockSharesOutstanding [shares, instant] -> shares_outstanding. Valeur reprise telle quelle (T1). Dimensions : aucune, déduit (D1). Entrée brute facts/us-gaap/CommonStockSharesOutstanding/units/shares/141 (sha256 bc8c7f0fe5144e67…). À confirmer sur l'instance XBRL.","edgar_normalize.py (règles edgar_v1, automatique)",2026-09-28T12:37:37+00:00,doc:0000320193-0000320193-26-000006,R4
1448,facts,0000320193-0000320193-26-000013-us-gaap:CommonStockSharesOutstanding-shares--2026-03-28,source_context,,companyfacts;entite=CIK0000320193;periode=2026-03-28;segment=aucun(deduit D1),"edgar_normalize.py (règles edgar_v1, automatique)",2026-09-28T12:37:37+00:00,doc:0000320193-0000320193-26-000013,X1
1449,facts,0000320193-0000320193-26-000013-us-gaap:CommonStockSharesOutstanding-shares--2026-03-28,source_dimensions,INCONNU,,"edgar_normalize.py (règles edgar_v1, automatique)",2026-09-28T12:37:37+00:00,doc:0000320193-0000320193-26-000013,D1 : une seule valeur brute pour cette clé
1450,facts,0000320193-0000320193-26-000013-us-gaap:CommonStockSharesOutstanding-shares--2026-03-28,share_class,INCONNU,ordinaire (déduit C1 : titre coté unique AAPL),"edgar_normalize.py (règles edgar_v1, automatique)",2026-09-28T12:37:37+00:00,doc:0000320193-0000320193-26-000013,C1
1451,facts,0000320193-0000320193-26-000013-us-gaap:CommonStockSharesOutstanding-shares--2026-03-28,normalized_concept,,shares_outstanding,"edgar_normalize.py (règles edgar_v1, automatique)",2026-09-28T12:37:37+00:00,doc:0000320193-0000320193-26-000013,R4
1452,facts,0000320193-0000320193-26-000013-us-gaap:CommonStockSharesOutstanding-shares--2026-03-28,transformation,,aucune,"edgar_normalize.py (règles edgar_v1, automatique)",2026-09-28T12:37:37+00:00,doc:0000320193-0000320193-26-000013,T1
1453,facts,0000320193-0000320193-26-000013-us-gaap:CommonStockSharesOutstanding-shares--2026-03-28,value,,14667688000,"edgar_normalize.py (règles edgar_v1, automatique)",2026-09-28T12:37:37+00:00,doc:0000320193-0000320193-26-000013,T1
1454,facts,0000320193-0000320193-26-000013-us-gaap:CommonStockSharesOutstanding-shares--2026-03-28,normalization_justification,,"Règle R4 (edgar_v1) : us-gaap:CommonStockSharesOutstanding [shares, instant] -> shares_outstanding. Valeur reprise telle quelle (T1). Dimensions : aucune, déduit (D1). Entrée brute facts/us-gaap/CommonStockSharesOutstanding/units/shares/142 (sha256 1fbd942c6dbab25a…). À confirmer sur l'instance XBRL.","edgar_normalize.py (règles edgar_v1, automatique)",2026-09-28T12:37:37+00:00,doc:0000320193-0000320193-26-000013,R4
1455,facts,0000320193-0000320193-26-000020-us-gaap:CommonStockSharesOutstanding-shares--2026-06-27,source_context,,companyfacts;entite=CIK0000320193;periode=2026-06-27;segment=aucun(deduit D1),"edgar_normalize.py (règles edgar_v1, automatique)",2026-09-28T12:37:37+00:00,doc:0000320193-0000320193-26-000020,X1
1456,facts,0000320193-0000320193-26-000020-us-gaap:CommonStockSharesOutstanding-shares--2026-06-27,source_dimensions,INCONNU,,"edgar_normalize.py (règles edgar_v1, automatique)",2026-09-28T12:37:37+00:00,doc:0000320193-0000320193-26-000020,D1 : une seule valeur brute pour cette clé
1457,facts,0000320193-0000320193-26-000020-us-gaap:CommonStockSharesOutstanding-shares--2026-06-27,share_class,INCONNU,ordinaire (déduit C1 : titre coté unique AAPL),"edgar_normalize.py (règles edgar_v1, automatique)",2026-09-28T12:37:37+00:00,doc:0000320193-0000320193-26-000020,C1
1458,facts,0000320193-0000320193-26-000020-us-gaap:CommonStockSharesOutstanding-shares--2026-06-27,normalized_concept,,shares_outstanding,"edgar_normalize.py (règles edgar_v1, automatique)",2026-09-28T12:37:37+00:00,doc:0000320193-0000320193-26-000020,R4
1459,facts,0000320193-0000320193-26-000020-us-gaap:CommonStockSharesOutstanding-shares--2026-06-27,transformation,,aucune,"edgar_normalize.py (règles edgar_v1, automatique)",2026-09-28T12:37:37+00:00,doc:0000320193-0000320193-26-000020,T1
1460,facts,0000320193-0000320193-26-000020-us-gaap:CommonStockSharesOutstanding-shares--2026-06-27,value,,14608963000,"edgar_normalize.py (règles edgar_v1, automatique)",2026-09-28T12:37:37+00:00,doc:0000320193-0000320193-26-000020,T1
1461,facts,0000320193-0000320193-26-000020-us-gaap:CommonStockSharesOutstanding-shares--2026-06-27,normalization_justification,,"Règle R4 (edgar_v1) : us-gaap:CommonStockSharesOutstanding [shares, instant] -> shares_outstanding. Valeur reprise telle quelle (T1). Dimensions : aucune, déduit (D1). Entrée brute facts/us-gaap/CommonStockSharesOutstanding/units/shares/143 (sha256 527e76ecd1e7ac01…). À confirmer sur l'instance XBRL.","edgar_normalize.py (règles edgar_v1, automatique)",2026-09-28T12:37:37+00:00,doc:0000320193-0000320193-26-000020,R4
1462,concept_map,us-gaap:RevenueFromContractWithCustomerExcludingAssessedTax,source_concept,,us-gaap:RevenueFromContractWithCustomerExcludingAssessedTax,"edgar_normalize.py (règles edgar_v1, automatique)",2026-09-28T12:37:37+00:00,url:https://data.sec.gov/api/xbrl/companyfacts/CIK0000320193.json,"règle R1 (edgar_v1) ; libellé taxonomie : Revenue from Contract with Customer, Excluding Assessed Tax"
1463,concept_map,us-gaap:RevenueFromContractWithCustomerExcludingAssessedTax,normalized_concept,,total_revenue,"edgar_normalize.py (règles edgar_v1, automatique)",2026-09-28T12:37:37+00:00,url:https://data.sec.gov/api/xbrl/companyfacts/CIK0000320193.json,"règle R1 (edgar_v1) ; libellé taxonomie : Revenue from Contract with Customer, Excluding Assessed Tax"
1464,concept_map,us-gaap:RevenueFromContractWithCustomerExcludingAssessedTax,justification,,"Chiffre d'affaires tiré des contrats clients (ASC 606), hors taxes collectées pour des tiers : total des revenus de l'entité quand le fait est sans dimension. Définition de la taxonomie recopiée depuis companyfacts (champ description). Définition (us-gaap) : « Amount, excluding tax collected from customer, of revenue from satisfaction of performance obligation by transferring promised good or service to customer. Tax collected from customer is tax assessed by governmental authority that is both imposed on and concurrent with specific revenue-producing transaction, including, but not limited to, sales, use, value added and excise. »","edgar_normalize.py (règles edgar_v1, automatique)",2026-09-28T12:37:37+00:00,url:https://data.sec.gov/api/xbrl/companyfacts/CIK0000320193.json,"règle R1 (edgar_v1) ; libellé taxonomie : Revenue from Contract with Customer, Excluding Assessed Tax"
1465,facts,0000320193-0000320193-19-000119-us-gaap:RevenueFromContractWithCustomerExcludingAssessedTax-USD-2016-09-25-2017-09-30,source_context,,companyfacts;entite=CIK0000320193;periode=2016-09-25/2017-09-30;segment=aucun(deduit D1),"edgar_normalize.py (règles edgar_v1, automatique)",2026-09-28T12:37:37+00:00,doc:0000320193-0000320193-19-000119,X1
1466,facts,0000320193-0000320193-19-000119-us-gaap:RevenueFromContractWithCustomerExcludingAssessedTax-USD-2016-09-25-2017-09-30,source_dimensions,INCONNU,,"edgar_normalize.py (règles edgar_v1, automatique)",2026-09-28T12:37:37+00:00,doc:0000320193-0000320193-19-000119,D1 : une seule valeur brute pour cette clé
1467,facts,0000320193-0000320193-19-000119-us-gaap:RevenueFromContractWithCustomerExcludingAssessedTax-USD-2016-09-25-2017-09-30,normalized_concept,,total_revenue,"edgar_normalize.py (règles edgar_v1, automatique)",2026-09-28T12:37:37+00:00,doc:0000320193-0000320193-19-000119,R1
1468,facts,0000320193-0000320193-19-000119-us-gaap:RevenueFromContractWithCustomerExcludingAssessedTax-USD-2016-09-25-2017-09-30,transformation,,aucune,"edgar_normalize.py (règles edgar_v1, automatique)",2026-09-28T12:37:37+00:00,doc:0000320193-0000320193-19-000119,T1
1469,facts,0000320193-0000320193-19-000119-us-gaap:RevenueFromContractWithCustomerExcludingAssessedTax-USD-2016-09-25-2017-09-30,value,,229234000000,"edgar_normalize.py (règles edgar_v1, automatique)",2026-09-28T12:37:37+00:00,doc:0000320193-0000320193-19-000119,T1
1470,facts,0000320193-0000320193-19-000119-us-gaap:RevenueFromContractWithCustomerExcludingAssessedTax-USD-2016-09-25-2017-09-30,normalization_justification,,"Règle R1 (edgar_v1) : us-gaap:RevenueFromContractWithCustomerExcludingAssessedTax [USD, duration] -> total_revenue. Valeur reprise telle quelle (T1). Dimensions : aucune, déduit (D1). Entrée brute facts/us-gaap/RevenueFromContractWithCustomerExcludingAssessedTax/units/USD/0 (sha256 b48601020b523dc1…). À confirmer sur l'instance XBRL.","edgar_normalize.py (règles edgar_v1, automatique)",2026-09-28T12:37:37+00:00,doc:0000320193-0000320193-19-000119,R1
1471,facts,0000320193-0000320193-19-000010-us-gaap:RevenueFromContractWithCustomerExcludingAssessedTax-USD-2017-10-01-2017-12-30,source_context,,companyfacts;entite=CIK0000320193;periode=2017-10-01/2017-12-30;segment=aucun(deduit D1),"edgar_normalize.py (règles edgar_v1, automatique)",2026-09-28T12:37:37+00:00,doc:0000320193-0000320193-19-000010,X1
1472,facts,0000320193-0000320193-19-000010-us-gaap:RevenueFromContractWithCustomerExcludingAssessedTax-USD-2017-10-01-2017-12-30,source_dimensions,INCONNU,,"edgar_normalize.py (règles edgar_v1, automatique)",2026-09-28T12:37:37+00:00,doc:0000320193-0000320193-19-000010,D1 : une seule valeur brute pour cette clé
1473,facts,0000320193-0000320193-19-000010-us-gaap:RevenueFromContractWithCustomerExcludingAssessedTax-USD-2017-10-01-2017-12-30,normalized_concept,,total_revenue,"edgar_normalize.py (règles edgar_v1, automatique)",2026-09-28T12:37:37+00:00,doc:0000320193-0000320193-19-000010,R1
1474,facts,0000320193-0000320193-19-000010-us-gaap:RevenueFromContractWithCustomerExcludingAssessedTax-USD-2017-10-01-2017-12-30,transformation,,aucune,"edgar_normalize.py (règles edgar_v1, automatique)",2026-09-28T12:37:37+00:00,doc:0000320193-0000320193-19-000010,T1
1475,facts,0000320193-0000320193-19-000010-us-gaap:RevenueFromContractWithCustomerExcludingAssessedTax-USD-2017-10-01-2017-12-30,value,,88293000000,"edgar_normalize.py (règles edgar_v1, automatique)",2026-09-28T12:37:37+00:00,doc:0000320193-0000320193-19-000010,T1
1476,facts,0000320193-0000320193-19-000010-us-gaap:RevenueFromContractWithCustomerExcludingAssessedTax-USD-2017-10-01-2017-12-30,normalization_justification,,"Règle R1 (edgar_v1) : us-gaap:RevenueFromContractWithCustomerExcludingAssessedTax [USD, duration] -> total_revenue. Valeur reprise telle quelle (T1). Dimensions : aucune, déduit (D1). Entrée brute facts/us-gaap/RevenueFromContractWithCustomerExcludingAssessedTax/units/USD/1 (sha256 1007243451f30252…). À confirmer sur l'instance XBRL.","edgar_normalize.py (règles edgar_v1, automatique)",2026-09-28T12:37:37+00:00,doc:0000320193-0000320193-19-000010,R1
1477,facts,0000320193-0000320193-19-000119-us-gaap:RevenueFromContractWithCustomerExcludingAssessedTax-USD-2017-10-01-2017-12-30,source_context,,companyfacts;entite=CIK0000320193;periode=2017-10-01/2017-12-30;segment=aucun(deduit D1),"edgar_normalize.py (règles edgar_v1, automatique)",2026-09-28T12:37:37+00:00,doc:0000320193-0000320193-19-000119,X1
1478,facts,0000320193-0000320193-19-000119-us-gaap:RevenueFromContractWithCustomerExcludingAssessedTax-USD-2017-10-01-2017-12-30,source_dimensions,INCONNU,,"edgar_normalize.py (règles edgar_v1, automatique)",2026-09-28T12:37:37+00:00,doc:0000320193-0000320193-19-000119,D1 : une seule valeur brute pour cette clé
1479,facts,0000320193-0000320193-19-000119-us-gaap:RevenueFromContractWithCustomerExcludingAssessedTax-USD-2017-10-01-2017-12-30,normalized_concept,,total_revenue,"edgar_normalize.py (règles edgar_v1, automatique)",2026-09-28T12:37:37+00:00,doc:0000320193-0000320193-19-000119,R1
1480,facts,0000320193-0000320193-19-000119-us-gaap:RevenueFromContractWithCustomerExcludingAssessedTax-USD-2017-10-01-2017-12-30,transformation,,aucune,"edgar_normalize.py (règles edgar_v1, automatique)",2026-09-28T12:37:37+00:00,doc:0000320193-0000320193-19-000119,T1
1481,facts,0000320193-0000320193-19-000119-us-gaap:RevenueFromContractWithCustomerExcludingAssessedTax-USD-2017-10-01-2017-12-30,value,,88293000000,"edgar_normalize.py (règles edgar_v1, automatique)",2026-09-28T12:37:37+00:00,doc:0000320193-0000320193-19-000119,T1
1482,facts,0000320193-0000320193-19-000119-us-gaap:RevenueFromContractWithCustomerExcludingAssessedTax-USD-2017-10-01-2017-12-30,normalization_justification,,"Règle R1 (edgar_v1) : us-gaap:RevenueFromContractWithCustomerExcludingAssessedTax [USD, duration] -> total_revenue. Valeur reprise telle quelle (T1). Dimensions : aucune, déduit (D1). Entrée brute facts/us-gaap/RevenueFromContractWithCustomerExcludingAssessedTax/units/USD/2 (sha256 c7e139b6df6e69f6…). À confirmer sur l'instance XBRL.","edgar_normalize.py (règles edgar_v1, automatique)",2026-09-28T12:37:37+00:00,doc:0000320193-0000320193-19-000119,R1
1483,facts,0000320193-0000320193-19-000066-us-gaap:RevenueFromContractWithCustomerExcludingAssessedTax-USD-2017-10-01-2018-03-31,source_context,,companyfacts;entite=CIK0000320193;periode=2017-10-01/2018-03-31;segment=aucun(deduit D1),"edgar_normalize.py (règles edgar_v1, automatique)",2026-09-28T12:37:37+00:00,doc:0000320193-0000320193-19-000066,X1
1484,facts,0000320193-0000320193-19-000066-us-gaap:RevenueFromContractWithCustomerExcludingAssessedTax-USD-2017-10-01-2018-03-31,source_dimensions,INCONNU,,"edgar_normalize.py (règles edgar_v1, automatique)",2026-09-28T12:37:37+00:00,doc:0000320193-0000320193-19-000066,D1 : une seule valeur brute pour cette clé
1485,facts,0000320193-0000320193-19-000066-us-gaap:RevenueFromContractWithCustomerExcludingAssessedTax-USD-2017-10-01-2018-03-31,normalized_concept,,total_revenue,"edgar_normalize.py (règles edgar_v1, automatique)",2026-09-28T12:37:37+00:00,doc:0000320193-0000320193-19-000066,R1
1486,facts,0000320193-0000320193-19-000066-us-gaap:RevenueFromContractWithCustomerExcludingAssessedTax-USD-2017-10-01-2018-03-31,transformation,,aucune,"edgar_normalize.py (règles edgar_v1, automatique)",2026-09-28T12:37:37+00:00,doc:0000320193-0000320193-19-000066,T1
1487,facts,0000320193-0000320193-19-000066-us-gaap:RevenueFromContractWithCustomerExcludingAssessedTax-USD-2017-10-01-2018-03-31,value,,149430000000,"edgar_normalize.py (règles edgar_v1, automatique)",2026-09-28T12:37:37+00:00,doc:0000320193-0000320193-19-000066,T1
1488,facts,0000320193-0000320193-19-000066-us-gaap:RevenueFromContractWithCustomerExcludingAssessedTax-USD-2017-10-01-2018-03-31,normalization_justification,,"Règle R1 (edgar_v1) : us-gaap:RevenueFromContractWithCustomerExcludingAssessedTax [USD, duration] -> total_revenue. Valeur reprise telle quelle (T1). Dimensions : aucune, déduit (D1). Entrée brute facts/us-gaap/RevenueFromContractWithCustomerExcludingAssessedTax/units/USD/3 (sha256 abb77a7586d369ee…). À confirmer sur l'instance XBRL.","edgar_normalize.py (règles edgar_v1, automatique)",2026-09-28T12:37:37+00:00,doc:0000320193-0000320193-19-000066,R1
1489,facts,0000320193-0000320193-19-000066-us-gaap:RevenueFromContractWithCustomerExcludingAssessedTax-USD-2017-12-31-2018-03-31,source_context,,companyfacts;entite=CIK0000320193;periode=2017-12-31/2018-03-31;segment=aucun(deduit D1),"edgar_normalize.py (règles edgar_v1, automatique)",2026-09-28T12:37:37+00:00,doc:0000320193-0000320193-19-000066,X1
1490,facts,0000320193-0000320193-19-000066-us-gaap:RevenueFromContractWithCustomerExcludingAssessedTax-USD-2017-12-31-2018-03-31,source_dimensions,INCONNU,,"edgar_normalize.py (règles edgar_v1, automatique)",2026-09-28T12:37:37+00:00,doc:0000320193-0000320193-19-000066,D1 : une seule valeur brute pour cette clé
1491,facts,0000320193-0000320193-19-000066-us-gaap:RevenueFromContractWithCustomerExcludingAssessedTax-USD-2017-12-31-2018-03-31,normalized_concept,,total_revenue,"edgar_normalize.py (règles edgar_v1, automatique)",2026-09-28T12:37:37+00:00,doc:0000320193-0000320193-19-000066,R1
1492,facts,0000320193-0000320193-19-000066-us-gaap:RevenueFromContractWithCustomerExcludingAssessedTax-USD-2017-12-31-2018-03-31,transformation,,aucune,"edgar_normalize.py (règles edgar_v1, automatique)",2026-09-28T12:37:37+00:00,doc:0000320193-0000320193-19-000066,T1
1493,facts,0000320193-0000320193-19-000066-us-gaap:RevenueFromContractWithCustomerExcludingAssessedTax-USD-2017-12-31-2018-03-31,value,,61137000000,"edgar_normalize.py (règles edgar_v1, automatique)",2026-09-28T12:37:37+00:00,doc:0000320193-0000320193-19-000066,T1
1494,facts,0000320193-0000320193-19-000066-us-gaap:RevenueFromContractWithCustomerExcludingAssessedTax-USD-2017-12-31-2018-03-31,normalization_justification,,"Règle R1 (edgar_v1) : us-gaap:RevenueFromContractWithCustomerExcludingAssessedTax [USD, duration] -> total_revenue. Valeur reprise telle quelle (T1). Dimensions : aucune, déduit (D1). Entrée brute facts/us-gaap/RevenueFromContractWithCustomerExcludingAssessedTax/units/USD/4 (sha256 98297de9d87b3509…). À confirmer sur l'instance XBRL.","edgar_normalize.py (règles edgar_v1, automatique)",2026-09-28T12:37:37+00:00,doc:0000320193-0000320193-19-000066,R1
1495,facts,0000320193-0000320193-19-000119-us-gaap:RevenueFromContractWithCustomerExcludingAssessedTax-USD-2017-12-31-2018-03-31,source_context,,companyfacts;entite=CIK0000320193;periode=2017-12-31/2018-03-31;segment=aucun(deduit D1),"edgar_normalize.py (règles edgar_v1, automatique)",2026-09-28T12:37:37+00:00,doc:0000320193-0000320193-19-000119,X1
1496,facts,0000320193-0000320193-19-000119-us-gaap:RevenueFromContractWithCustomerExcludingAssessedTax-USD-2017-12-31-2018-03-31,source_dimensions,INCONNU,,"edgar_normalize.py (règles edgar_v1, automatique)",2026-09-28T12:37:37+00:00,doc:0000320193-0000320193-19-000119,D1 : une seule valeur brute pour cette clé
1497,facts,0000320193-0000320193-19-000119-us-gaap:RevenueFromContractWithCustomerExcludingAssessedTax-USD-2017-12-31-2018-03-31,normalized_concept,,total_revenue,"edgar_normalize.py (règles edgar_v1, automatique)",2026-09-28T12:37:37+00:00,doc:0000320193-0000320193-19-000119,R1
1498,facts,0000320193-0000320193-19-000119-us-gaap:RevenueFromContractWithCustomerExcludingAssessedTax-USD-2017-12-31-2018-03-31,transformation,,aucune,"edgar_normalize.py (règles edgar_v1, automatique)",2026-09-28T12:37:37+00:00,doc:0000320193-0000320193-19-000119,T1
1499,facts,0000320193-0000320193-19-000119-us-gaap:RevenueFromContractWithCustomerExcludingAssessedTax-USD-2017-12-31-2018-03-31,value,,61137000000,"edgar_normalize.py (règles edgar_v1, automatique)",2026-09-28T12:37:37+00:00,doc:0000320193-0000320193-19-000119,T1
1500,facts,0000320193-0000320193-19-000119-us-gaap:RevenueFromContractWithCustomerExcludingAssessedTax-USD-2017-12-31-2018-03-31,normalization_justification,,"Règle R1 (edgar_v1) : us-gaap:RevenueFromContractWithCustomerExcludingAssessedTax [USD, duration] -> total_revenue. Valeur reprise telle quelle (T1). Dimensions : aucune, déduit (D1). Entrée brute facts/us-gaap/RevenueFromContractWithCustomerExcludingAssessedTax/units/USD/5 (sha256 e05354f232678ed4…). À confirmer sur l'instance XBRL.","edgar_normalize.py (règles edgar_v1, automatique)",2026-09-28T12:37:37+00:00,doc:0000320193-0000320193-19-000119,R1
1501,facts,0000320193-0000320193-19-000076-us-gaap:RevenueFromContractWithCustomerExcludingAssessedTax-USD-2017-10-01-2018-06-30,source_context,,companyfacts;entite=CIK0000320193;periode=2017-10-01/2018-06-30;segment=aucun(deduit D1),"edgar_normalize.py (règles edgar_v1, automatique)",2026-09-28T12:37:37+00:00,doc:0000320193-0000320193-19-000076,X1
1502,facts,0000320193-0000320193-19-000076-us-gaap:RevenueFromContractWithCustomerExcludingAssessedTax-USD-2017-10-01-2018-06-30,source_dimensions,INCONNU,,"edgar_normalize.py (règles edgar_v1, automatique)",2026-09-28T12:37:37+00:00,doc:0000320193-0000320193-19-000076,D1 : une seule valeur brute pour cette clé
1503,facts,0000320193-0000320193-19-000076-us-gaap:RevenueFromContractWithCustomerExcludingAssessedTax-USD-2017-10-01-2018-06-30,normalized_concept,,total_revenue,"edgar_normalize.py (règles edgar_v1, automatique)",2026-09-28T12:37:37+00:00,doc:0000320193-0000320193-19-000076,R1
1504,facts,0000320193-0000320193-19-000076-us-gaap:RevenueFromContractWithCustomerExcludingAssessedTax-USD-2017-10-01-2018-06-30,transformation,,aucune,"edgar_normalize.py (règles edgar_v1, automatique)",2026-09-28T12:37:37+00:00,doc:0000320193-0000320193-19-000076,T1
1505,facts,0000320193-0000320193-19-000076-us-gaap:RevenueFromContractWithCustomerExcludingAssessedTax-USD-2017-10-01-2018-06-30,value,,202695000000,"edgar_normalize.py (règles edgar_v1, automatique)",2026-09-28T12:37:37+00:00,doc:0000320193-0000320193-19-000076,T1
1506,facts,0000320193-0000320193-19-000076-us-gaap:RevenueFromContractWithCustomerExcludingAssessedTax-USD-2017-10-01-2018-06-30,normalization_justification,,"Règle R1 (edgar_v1) : us-gaap:RevenueFromContractWithCustomerExcludingAssessedTax [USD, duration] -> total_revenue. Valeur reprise telle quelle (T1). Dimensions : aucune, déduit (D1). Entrée brute facts/us-gaap/RevenueFromContractWithCustomerExcludingAssessedTax/units/USD/6 (sha256 53f900dfddd313d8…). À confirmer sur l'instance XBRL.","edgar_normalize.py (règles edgar_v1, automatique)",2026-09-28T12:37:37+00:00,doc:0000320193-0000320193-19-000076,R1
1507,facts,0000320193-0000320193-19-000076-us-gaap:RevenueFromContractWithCustomerExcludingAssessedTax-USD-2018-04-01-2018-06-30,source_context,,companyfacts;entite=CIK0000320193;periode=2018-04-01/2018-06-30;segment=aucun(deduit D1),"edgar_normalize.py (règles edgar_v1, automatique)",2026-09-28T12:37:37+00:00,doc:0000320193-0000320193-19-000076,X1
1508,facts,0000320193-0000320193-19-000076-us-gaap:RevenueFromContractWithCustomerExcludingAssessedTax-USD-2018-04-01-2018-06-30,source_dimensions,INCONNU,,"edgar_normalize.py (règles edgar_v1, automatique)",2026-09-28T12:37:37+00:00,doc:0000320193-0000320193-19-000076,D1 : une seule valeur brute pour cette clé
1509,facts,0000320193-0000320193-19-000076-us-gaap:RevenueFromContractWithCustomerExcludingAssessedTax-USD-2018-04-01-2018-06-30,normalized_concept,,total_revenue,"edgar_normalize.py (règles edgar_v1, automatique)",2026-09-28T12:37:37+00:00,doc:0000320193-0000320193-19-000076,R1
1510,facts,0000320193-0000320193-19-000076-us-gaap:RevenueFromContractWithCustomerExcludingAssessedTax-USD-2018-04-01-2018-06-30,transformation,,aucune,"edgar_normalize.py (règles edgar_v1, automatique)",2026-09-28T12:37:37+00:00,doc:0000320193-0000320193-19-000076,T1
1511,facts,0000320193-0000320193-19-000076-us-gaap:RevenueFromContractWithCustomerExcludingAssessedTax-USD-2018-04-01-2018-06-30,value,,53265000000,"edgar_normalize.py (règles edgar_v1, automatique)",2026-09-28T12:37:37+00:00,doc:0000320193-0000320193-19-000076,T1
1512,facts,0000320193-0000320193-19-000076-us-gaap:RevenueFromContractWithCustomerExcludingAssessedTax-USD-2018-04-01-2018-06-30,normalization_justification,,"Règle R1 (edgar_v1) : us-gaap:RevenueFromContractWithCustomerExcludingAssessedTax [USD, duration] -> total_revenue. Valeur reprise telle quelle (T1). Dimensions : aucune, déduit (D1). Entrée brute facts/us-gaap/RevenueFromContractWithCustomerExcludingAssessedTax/units/USD/7 (sha256 f56cf33aea9541c4…). À confirmer sur l'instance XBRL.","edgar_normalize.py (règles edgar_v1, automatique)",2026-09-28T12:37:37+00:00,doc:0000320193-0000320193-19-000076,R1
1513,facts,0000320193-0000320193-19-000119-us-gaap:RevenueFromContractWithCustomerExcludingAssessedTax-USD-2018-04-01-2018-06-30,source_context,,companyfacts;entite=CIK0000320193;periode=2018-04-01/2018-06-30;segment=aucun(deduit D1),"edgar_normalize.py (règles edgar_v1, automatique)",2026-09-28T12:37:37+00:00,doc:0000320193-0000320193-19-000119,X1
1514,facts,0000320193-0000320193-19-000119-us-gaap:RevenueFromContractWithCustomerExcludingAssessedTax-USD-2018-04-01-2018-06-30,source_dimensions,INCONNU,,"edgar_normalize.py (règles edgar_v1, automatique)",2026-09-28T12:37:37+00:00,doc:0000320193-0000320193-19-000119,D1 : une seule valeur brute pour cette clé
1515,facts,0000320193-0000320193-19-000119-us-gaap:RevenueFromContractWithCustomerExcludingAssessedTax-USD-2018-04-01-2018-06-30,normalized_concept,,total_revenue,"edgar_normalize.py (règles edgar_v1, automatique)",2026-09-28T12:37:37+00:00,doc:0000320193-0000320193-19-000119,R1
1516,facts,0000320193-0000320193-19-000119-us-gaap:RevenueFromContractWithCustomerExcludingAssessedTax-USD-2018-04-01-2018-06-30,transformation,,aucune,"edgar_normalize.py (règles edgar_v1, automatique)",2026-09-28T12:37:37+00:00,doc:0000320193-0000320193-19-000119,T1
1517,facts,0000320193-0000320193-19-000119-us-gaap:RevenueFromContractWithCustomerExcludingAssessedTax-USD-2018-04-01-2018-06-30,value,,53265000000,"edgar_normalize.py (règles edgar_v1, automatique)",2026-09-28T12:37:37+00:00,doc:0000320193-0000320193-19-000119,T1
1518,facts,0000320193-0000320193-19-000119-us-gaap:RevenueFromContractWithCustomerExcludingAssessedTax-USD-2018-04-01-2018-06-30,normalization_justification,,"Règle R1 (edgar_v1) : us-gaap:RevenueFromContractWithCustomerExcludingAssessedTax [USD, duration] -> total_revenue. Valeur reprise telle quelle (T1). Dimensions : aucune, déduit (D1). Entrée brute facts/us-gaap/RevenueFromContractWithCustomerExcludingAssessedTax/units/USD/8 (sha256 86f1ceb7ef7bf6eb…). À confirmer sur l'instance XBRL.","edgar_normalize.py (règles edgar_v1, automatique)",2026-09-28T12:37:37+00:00,doc:0000320193-0000320193-19-000119,R1
1519,facts,0000320193-0000320193-19-000119-us-gaap:RevenueFromContractWithCustomerExcludingAssessedTax-USD-2017-10-01-2018-09-29,source_context,,companyfacts;entite=CIK0000320193;periode=2017-10-01/2018-09-29;segment=aucun(deduit D1),"edgar_normalize.py (règles edgar_v1, automatique)",2026-09-28T12:37:37+00:00,doc:0000320193-0000320193-19-000119,X1
1520,facts,0000320193-0000320193-19-000119-us-gaap:RevenueFromContractWithCustomerExcludingAssessedTax-USD-2017-10-01-2018-09-29,source_dimensions,INCONNU,,"edgar_normalize.py (règles edgar_v1, automatique)",2026-09-28T12:37:37+00:00,doc:0000320193-0000320193-19-000119,D1 : une seule valeur brute pour cette clé
1521,facts,0000320193-0000320193-19-000119-us-gaap:RevenueFromContractWithCustomerExcludingAssessedTax-USD-2017-10-01-2018-09-29,normalized_concept,,total_revenue,"edgar_normalize.py (règles edgar_v1, automatique)",2026-09-28T12:37:37+00:00,doc:0000320193-0000320193-19-000119,R1
1522,facts,0000320193-0000320193-19-000119-us-gaap:RevenueFromContractWithCustomerExcludingAssessedTax-USD-2017-10-01-2018-09-29,transformation,,aucune,"edgar_normalize.py (règles edgar_v1, automatique)",2026-09-28T12:37:37+00:00,doc:0000320193-0000320193-19-000119,T1
1523,facts,0000320193-0000320193-19-000119-us-gaap:RevenueFromContractWithCustomerExcludingAssessedTax-USD-2017-10-01-2018-09-29,value,,265595000000,"edgar_normalize.py (règles edgar_v1, automatique)",2026-09-28T12:37:37+00:00,doc:0000320193-0000320193-19-000119,T1
1524,facts,0000320193-0000320193-19-000119-us-gaap:RevenueFromContractWithCustomerExcludingAssessedTax-USD-2017-10-01-2018-09-29,normalization_justification,,"Règle R1 (edgar_v1) : us-gaap:RevenueFromContractWithCustomerExcludingAssessedTax [USD, duration] -> total_revenue. Valeur reprise telle quelle (T1). Dimensions : aucune, déduit (D1). Entrée brute facts/us-gaap/RevenueFromContractWithCustomerExcludingAssessedTax/units/USD/9 (sha256 85db957b757edbbf…). À confirmer sur l'instance XBRL.","edgar_normalize.py (règles edgar_v1, automatique)",2026-09-28T12:37:37+00:00,doc:0000320193-0000320193-19-000119,R1
1525,facts,0000320193-0000320193-20-000096-us-gaap:RevenueFromContractWithCustomerExcludingAssessedTax-USD-2017-10-01-2018-09-29,source_context,,companyfacts;entite=CIK0000320193;periode=2017-10-01/2018-09-29;segment=aucun(deduit D1),"edgar_normalize.py (règles edgar_v1, automatique)",2026-09-28T12:37:37+00:00,doc:0000320193-0000320193-20-000096,X1
1526,facts,0000320193-0000320193-20-000096-us-gaap:RevenueFromContractWithCustomerExcludingAssessedTax-USD-2017-10-01-2018-09-29,source_dimensions,INCONNU,,"edgar_normalize.py (règles edgar_v1, automatique)",2026-09-28T12:37:37+00:00,doc:0000320193-0000320193-20-000096,D1 : une seule valeur brute pour cette clé
1527,facts,0000320193-0000320193-20-000096-us-gaap:RevenueFromContractWithCustomerExcludingAssessedTax-USD-2017-10-01-2018-09-29,normalized_concept,,total_revenue,"edgar_normalize.py (règles edgar_v1, automatique)",2026-09-28T12:37:37+00:00,doc:0000320193-0000320193-20-000096,R1
1528,facts,0000320193-0000320193-20-000096-us-gaap:RevenueFromContractWithCustomerExcludingAssessedTax-USD-2017-10-01-2018-09-29,transformation,,aucune,"edgar_normalize.py (règles edgar_v1, automatique)",2026-09-28T12:37:37+00:00,doc:0000320193-0000320193-20-000096,T1
1529,facts,0000320193-0000320193-20-000096-us-gaap:RevenueFromContractWithCustomerExcludingAssessedTax-USD-2017-10-01-2018-09-29,value,,265595000000,"edgar_normalize.py (règles edgar_v1, automatique)",2026-09-28T12:37:37+00:00,doc:0000320193-0000320193-20-000096,T1
1530,facts,0000320193-0000320193-20-000096-us-gaap:RevenueFromContractWithCustomerExcludingAssessedTax-USD-2017-10-01-2018-09-29,normalization_justification,,"Règle R1 (edgar_v1) : us-gaap:RevenueFromContractWithCustomerExcludingAssessedTax [USD, duration] -> total_revenue. Valeur reprise telle quelle (T1). Dimensions : aucune, déduit (D1). Entrée brute facts/us-gaap/RevenueFromContractWithCustomerExcludingAssessedTax/units/USD/10 (sha256 3a79bdfe7e11fdbb…). À confirmer sur l'instance XBRL.","edgar_normalize.py (règles edgar_v1, automatique)",2026-09-28T12:37:37+00:00,doc:0000320193-0000320193-20-000096,R1
1531,facts,0000320193-0000320193-19-000119-us-gaap:RevenueFromContractWithCustomerExcludingAssessedTax-USD-2018-07-01-2018-09-29,source_context,,companyfacts;entite=CIK0000320193;periode=2018-07-01/2018-09-29;segment=aucun(deduit D1),"edgar_normalize.py (règles edgar_v1, automatique)",2026-09-28T12:37:37+00:00,doc:0000320193-0000320193-19-000119,X1
1532,facts,0000320193-0000320193-19-000119-us-gaap:RevenueFromContractWithCustomerExcludingAssessedTax-USD-2018-07-01-2018-09-29,source_dimensions,INCONNU,,"edgar_normalize.py (règles edgar_v1, automatique)",2026-09-28T12:37:37+00:00,doc:0000320193-0000320193-19-000119,D1 : une seule valeur brute pour cette clé
1533,facts,0000320193-0000320193-19-000119-us-gaap:RevenueFromContractWithCustomerExcludingAssessedTax-USD-2018-07-01-2018-09-29,normalized_concept,,total_revenue,"edgar_normalize.py (règles edgar_v1, automatique)",2026-09-28T12:37:37+00:00,doc:0000320193-0000320193-19-000119,R1
1534,facts,0000320193-0000320193-19-000119-us-gaap:RevenueFromContractWithCustomerExcludingAssessedTax-USD-2018-07-01-2018-09-29,transformation,,aucune,"edgar_normalize.py (règles edgar_v1, automatique)",2026-09-28T12:37:37+00:00,doc:0000320193-0000320193-19-000119,T1
1535,facts,0000320193-0000320193-19-000119-us-gaap:RevenueFromContractWithCustomerExcludingAssessedTax-USD-2018-07-01-2018-09-29,value,,62900000000,"edgar_normalize.py (règles edgar_v1, automatique)",2026-09-28T12:37:37+00:00,doc:0000320193-0000320193-19-000119,T1
1536,facts,0000320193-0000320193-19-000119-us-gaap:RevenueFromContractWithCustomerExcludingAssessedTax-USD-2018-07-01-2018-09-29,normalization_justification,,"Règle R1 (edgar_v1) : us-gaap:RevenueFromContractWithCustomerExcludingAssessedTax [USD, duration] -> total_revenue. Valeur reprise telle quelle (T1). Dimensions : aucune, déduit (D1). Entrée brute facts/us-gaap/RevenueFromContractWithCustomerExcludingAssessedTax/units/USD/11 (sha256 e89b4c68857afa09…). À confirmer sur l'instance XBRL.","edgar_normalize.py (règles edgar_v1, automatique)",2026-09-28T12:37:37+00:00,doc:0000320193-0000320193-19-000119,R1
1537,facts,0000320193-0000320193-19-000010-us-gaap:RevenueFromContractWithCustomerExcludingAssessedTax-USD-2018-09-30-2018-12-29,source_context,,companyfacts;entite=CIK0000320193;periode=2018-09-30/2018-12-29;segment=aucun(deduit D1),"edgar_normalize.py (règles edgar_v1, automatique)",2026-09-28T12:37:37+00:00,doc:0000320193-0000320193-19-000010,X1
1538,facts,0000320193-0000320193-19-000010-us-gaap:RevenueFromContractWithCustomerExcludingAssessedTax-USD-2018-09-30-2018-12-29,source_dimensions,INCONNU,,"edgar_normalize.py (règles edgar_v1, automatique)",2026-09-28T12:37:37+00:00,doc:0000320193-0000320193-19-000010,D1 : une seule valeur brute pour cette clé
1539,facts,0000320193-0000320193-19-000010-us-gaap:RevenueFromContractWithCustomerExcludingAssessedTax-USD-2018-09-30-2018-12-29,normalized_concept,,total_revenue,"edgar_normalize.py (règles edgar_v1, automatique)",2026-09-28T12:37:37+00:00,doc:0000320193-0000320193-19-000010,R1
1540,facts,0000320193-0000320193-19-000010-us-gaap:RevenueFromContractWithCustomerExcludingAssessedTax-USD-2018-09-30-2018-12-29,transformation,,aucune,"edgar_normalize.py (règles edgar_v1, automatique)",2026-09-28T12:37:37+00:00,doc:0000320193-0000320193-19-000010,T1
1541,facts,0000320193-0000320193-19-000010-us-gaap:RevenueFromContractWithCustomerExcludingAssessedTax-USD-2018-09-30-2018-12-29,value,,84310000000,"edgar_normalize.py (règles edgar_v1, automatique)",2026-09-28T12:37:37+00:00,doc:0000320193-0000320193-19-000010,T1
1542,facts,0000320193-0000320193-19-000010-us-gaap:RevenueFromContractWithCustomerExcludingAssessedTax-USD-2018-09-30-2018-12-29,normalization_justification,,"Règle R1 (edgar_v1) : us-gaap:RevenueFromContractWithCustomerExcludingAssessedTax [USD, duration] -> total_revenue. Valeur reprise telle quelle (T1). Dimensions : aucune, déduit (D1). Entrée brute facts/us-gaap/RevenueFromContractWithCustomerExcludingAssessedTax/units/USD/12 (sha256 b9ce460153fdc461…). À confirmer sur l'instance XBRL.","edgar_normalize.py (règles edgar_v1, automatique)",2026-09-28T12:37:37+00:00,doc:0000320193-0000320193-19-000010,R1
1543,facts,0000320193-0000320193-19-000119-us-gaap:RevenueFromContractWithCustomerExcludingAssessedTax-USD-2018-09-30-2018-12-29,source_context,,companyfacts;entite=CIK0000320193;periode=2018-09-30/2018-12-29;segment=aucun(deduit D1),"edgar_normalize.py (règles edgar_v1, automatique)",2026-09-28T12:37:37+00:00,doc:0000320193-0000320193-19-000119,X1
1544,facts,0000320193-0000320193-19-000119-us-gaap:RevenueFromContractWithCustomerExcludingAssessedTax-USD-2018-09-30-2018-12-29,source_dimensions,INCONNU,,"edgar_normalize.py (règles edgar_v1, automatique)",2026-09-28T12:37:37+00:00,doc:0000320193-0000320193-19-000119,D1 : une seule valeur brute pour cette clé
1545,facts,0000320193-0000320193-19-000119-us-gaap:RevenueFromContractWithCustomerExcludingAssessedTax-USD-2018-09-30-2018-12-29,normalized_concept,,total_revenue,"edgar_normalize.py (règles edgar_v1, automatique)",2026-09-28T12:37:37+00:00,doc:0000320193-0000320193-19-000119,R1
1546,facts,0000320193-0000320193-19-000119-us-gaap:RevenueFromContractWithCustomerExcludingAssessedTax-USD-2018-09-30-2018-12-29,transformation,,aucune,"edgar_normalize.py (règles edgar_v1, automatique)",2026-09-28T12:37:37+00:00,doc:0000320193-0000320193-19-000119,T1
1547,facts,0000320193-0000320193-19-000119-us-gaap:RevenueFromContractWithCustomerExcludingAssessedTax-USD-2018-09-30-2018-12-29,value,,84310000000,"edgar_normalize.py (règles edgar_v1, automatique)",2026-09-28T12:37:37+00:00,doc:0000320193-0000320193-19-000119,T1
1548,facts,0000320193-0000320193-19-000119-us-gaap:RevenueFromContractWithCustomerExcludingAssessedTax-USD-2018-09-30-2018-12-29,normalization_justification,,"Règle R1 (edgar_v1) : us-gaap:RevenueFromContractWithCustomerExcludingAssessedTax [USD, duration] -> total_revenue. Valeur reprise telle quelle (T1). Dimensions : aucune, déduit (D1). Entrée brute facts/us-gaap/RevenueFromContractWithCustomerExcludingAssessedTax/units/USD/13 (sha256 d18141466833cc6f…). À confirmer sur l'instance XBRL.","edgar_normalize.py (règles edgar_v1, automatique)",2026-09-28T12:37:37+00:00,doc:0000320193-0000320193-19-000119,R1
1549,facts,0000320193-0000320193-20-000010-us-gaap:RevenueFromContractWithCustomerExcludingAssessedTax-USD-2018-09-30-2018-12-29,source_context,,companyfacts;entite=CIK0000320193;periode=2018-09-30/2018-12-29;segment=aucun(deduit D1),"edgar_normalize.py (règles edgar_v1, automatique)",2026-09-28T12:37:37+00:00,doc:0000320193-0000320193-20-000010,X1
1550,facts,0000320193-0000320193-20-000010-us-gaap:RevenueFromContractWithCustomerExcludingAssessedTax-USD-2018-09-30-2018-12-29,source_dimensions,INCONNU,,"edgar_normalize.py (règles edgar_v1, automatique)",2026-09-28T12:37:37+00:00,doc:0000320193-0000320193-20-000010,D1 : une seule valeur brute pour cette clé
1551,facts,0000320193-0000320193-20-000010-us-gaap:RevenueFromContractWithCustomerExcludingAssessedTax-USD-2018-09-30-2018-12-29,normalized_concept,,total_revenue,"edgar_normalize.py (règles edgar_v1, automatique)",2026-09-28T12:37:37+00:00,doc:0000320193-0000320193-20-000010,R1
1552,facts,0000320193-0000320193-20-000010-us-gaap:RevenueFromContractWithCustomerExcludingAssessedTax-USD-2018-09-30-2018-12-29,transformation,,aucune,"edgar_normalize.py (règles edgar_v1, automatique)",2026-09-28T12:37:37+00:00,doc:0000320193-0000320193-20-000010,T1
1553,facts,0000320193-0000320193-20-000010-us-gaap:RevenueFromContractWithCustomerExcludingAssessedTax-USD-2018-09-30-2018-12-29,value,,84310000000,"edgar_normalize.py (règles edgar_v1, automatique)",2026-09-28T12:37:37+00:00,doc:0000320193-0000320193-20-000010,T1
1554,facts,0000320193-0000320193-20-000010-us-gaap:RevenueFromContractWithCustomerExcludingAssessedTax-USD-2018-09-30-2018-12-29,normalization_justification,,"Règle R1 (edgar_v1) : us-gaap:RevenueFromContractWithCustomerExcludingAssessedTax [USD, duration] -> total_revenue. Valeur reprise telle quelle (T1). Dimensions : aucune, déduit (D1). Entrée brute facts/us-gaap/RevenueFromContractWithCustomerExcludingAssessedTax/units/USD/14 (sha256 42b53dd5bf0d369d…). À confirmer sur l'instance XBRL.","edgar_normalize.py (règles edgar_v1, automatique)",2026-09-28T12:37:37+00:00,doc:0000320193-0000320193-20-000010,R1
1555,facts,0000320193-0000320193-20-000096-us-gaap:RevenueFromContractWithCustomerExcludingAssessedTax-USD-2018-09-30-2018-12-29,source_context,,companyfacts;entite=CIK0000320193;periode=2018-09-30/2018-12-29;segment=aucun(deduit D1),"edgar_normalize.py (règles edgar_v1, automatique)",2026-09-28T12:37:37+00:00,doc:0000320193-0000320193-20-000096,X1
1556,facts,0000320193-0000320193-20-000096-us-gaap:RevenueFromContractWithCustomerExcludingAssessedTax-USD-2018-09-30-2018-12-29,source_dimensions,INCONNU,,"edgar_normalize.py (règles edgar_v1, automatique)",2026-09-28T12:37:37+00:00,doc:0000320193-0000320193-20-000096,D1 : une seule valeur brute pour cette clé
1557,facts,0000320193-0000320193-20-000096-us-gaap:RevenueFromContractWithCustomerExcludingAssessedTax-USD-2018-09-30-2018-12-29,normalized_concept,,total_revenue,"edgar_normalize.py (règles edgar_v1, automatique)",2026-09-28T12:37:37+00:00,doc:0000320193-0000320193-20-000096,R1
1558,facts,0000320193-0000320193-20-000096-us-gaap:RevenueFromContractWithCustomerExcludingAssessedTax-USD-2018-09-30-2018-12-29,transformation,,aucune,"edgar_normalize.py (règles edgar_v1, automatique)",2026-09-28T12:37:37+00:00,doc:0000320193-0000320193-20-000096,T1
1559,facts,0000320193-0000320193-20-000096-us-gaap:RevenueFromContractWithCustomerExcludingAssessedTax-USD-2018-09-30-2018-12-29,value,,84310000000,"edgar_normalize.py (règles edgar_v1, automatique)",2026-09-28T12:37:37+00:00,doc:0000320193-0000320193-20-000096,T1
1560,facts,0000320193-0000320193-20-000096-us-gaap:RevenueFromContractWithCustomerExcludingAssessedTax-USD-2018-09-30-2018-12-29,normalization_justification,,"Règle R1 (edgar_v1) : us-gaap:RevenueFromContractWithCustomerExcludingAssessedTax [USD, duration] -> total_revenue. Valeur reprise telle quelle (T1). Dimensions : aucune, déduit (D1). Entrée brute facts/us-gaap/RevenueFromContractWithCustomerExcludingAssessedTax/units/USD/15 (sha256 9382621e4b5a68fe…). À confirmer sur l'instance XBRL.","edgar_normalize.py (règles edgar_v1, automatique)",2026-09-28T12:37:37+00:00,doc:0000320193-0000320193-20-000096,R1
1561,facts,0000320193-0000320193-19-000066-us-gaap:RevenueFromContractWithCustomerExcludingAssessedTax-USD-2018-09-30-2019-03-30,source_context,,companyfacts;entite=CIK0000320193;periode=2018-09-30/2019-03-30;segment=aucun(deduit D1),"edgar_normalize.py (règles edgar_v1, automatique)",2026-09-28T12:37:37+00:00,doc:0000320193-0000320193-19-000066,X1
1562,facts,0000320193-0000320193-19-000066-us-gaap:RevenueFromContractWithCustomerExcludingAssessedTax-USD-2018-09-30-2019-03-30,source_dimensions,INCONNU,,"edgar_normalize.py (règles edgar_v1, automatique)",2026-09-28T12:37:37+00:00,doc:0000320193-0000320193-19-000066,D1 : une seule valeur brute pour cette clé
1563,facts,0000320193-0000320193-19-000066-us-gaap:RevenueFromContractWithCustomerExcludingAssessedTax-USD-2018-09-30-2019-03-30,normalized_concept,,total_revenue,"edgar_normalize.py (règles edgar_v1, automatique)",2026-09-28T12:37:37+00:00,doc:0000320193-0000320193-19-000066,R1
1564,facts,0000320193-0000320193-19-000066-us-gaap:RevenueFromContractWithCustomerExcludingAssessedTax-USD-2018-09-30-2019-03-30,transformation,,aucune,"edgar_normalize.py (règles edgar_v1, automatique)",2026-09-28T12:37:37+00:00,doc:0000320193-0000320193-19-000066,T1
1565,facts,0000320193-0000320193-19-000066-us-gaap:RevenueFromContractWithCustomerExcludingAssessedTax-USD-2018-09-30-2019-03-30,value,,142325000000,"edgar_normalize.py (règles edgar_v1, automatique)",2026-09-28T12:37:37+00:00,doc:0000320193-0000320193-19-000066,T1
1566,facts,0000320193-0000320193-19-000066-us-gaap:RevenueFromContractWithCustomerExcludingAssessedTax-USD-2018-09-30-2019-03-30,normalization_justification,,"Règle R1 (edgar_v1) : us-gaap:RevenueFromContractWithCustomerExcludingAssessedTax [USD, duration] -> total_revenue. Valeur reprise telle quelle (T1). Dimensions : aucune, déduit (D1). Entrée brute facts/us-gaap/RevenueFromContractWithCustomerExcludingAssessedTax/units/USD/16 (sha256 93dc86bb8e1dc9d1…). À confirmer sur l'instance XBRL.","edgar_normalize.py (règles edgar_v1, automatique)",2026-09-28T12:37:37+00:00,doc:0000320193-0000320193-19-000066,R1
1567,facts,0000320193-0000320193-20-000052-us-gaap:RevenueFromContractWithCustomerExcludingAssessedTax-USD-2018-09-30-2019-03-30,source_context,,companyfacts;entite=CIK0000320193;periode=2018-09-30/2019-03-30;segment=aucun(deduit D1),"edgar_normalize.py (règles edgar_v1, automatique)",2026-09-28T12:37:37+00:00,doc:0000320193-0000320193-20-000052,X1
1568,facts,0000320193-0000320193-20-000052-us-gaap:RevenueFromContractWithCustomerExcludingAssessedTax-USD-2018-09-30-2019-03-30,source_dimensions,INCONNU,,"edgar_normalize.py (règles edgar_v1, automatique)",2026-09-28T12:37:37+00:00,doc:0000320193-0000320193-20-000052,D1 : une seule valeur brute pour cette clé
1569,facts,0000320193-0000320193-20-000052-us-gaap:RevenueFromContractWithCustomerExcludingAssessedTax-USD-2018-09-30-2019-03-30,normalized_concept,,total_revenue,"edgar_normalize.py (règles edgar_v1, automatique)",2026-09-28T12:37:37+00:00,doc:0000320193-0000320193-20-000052,R1
1570,facts,0000320193-0000320193-20-000052-us-gaap:RevenueFromContractWithCustomerExcludingAssessedTax-USD-2018-09-30-2019-03-30,transformation,,aucune,"edgar_normalize.py (règles edgar_v1, automatique)",2026-09-28T12:37:37+00:00,doc:0000320193-0000320193-20-000052,T1
1571,facts,0000320193-0000320193-20-000052-us-gaap:RevenueFromContractWithCustomerExcludingAssessedTax-USD-2018-09-30-2019-03-30,value,,142325000000,"edgar_normalize.py (règles edgar_v1, automatique)",2026-09-28T12:37:37+00:00,doc:0000320193-0000320193-20-000052,T1
1572,facts,0000320193-0000320193-20-000052-us-gaap:RevenueFromContractWithCustomerExcludingAssessedTax-USD-2018-09-30-2019-03-30,normalization_justification,,"Règle R1 (edgar_v1) : us-gaap:RevenueFromContractWithCustomerExcludingAssessedTax [USD, duration] -> total_revenue. Valeur reprise telle quelle (T1). Dimensions : aucune, déduit (D1). Entrée brute facts/us-gaap/RevenueFromContractWithCustomerExcludingAssessedTax/units/USD/17 (sha256 275702a336a1058b…). À confirmer sur l'instance XBRL.","edgar_normalize.py (règles edgar_v1, automatique)",2026-09-28T12:37:37+00:00,doc:0000320193-0000320193-20-000052,R1
1573,facts,0000320193-0000320193-19-000066-us-gaap:RevenueFromContractWithCustomerExcludingAssessedTax-USD-2018-12-30-2019-03-30,source_context,,companyfacts;entite=CIK0000320193;periode=2018-12-30/2019-03-30;segment=aucun(deduit D1),"edgar_normalize.py (règles edgar_v1, automatique)",2026-09-28T12:37:37+00:00,doc:0000320193-0000320193-19-000066,X1
1574,facts,0000320193-0000320193-19-000066-us-gaap:RevenueFromContractWithCustomerExcludingAssessedTax-USD-2018-12-30-2019-03-30,source_dimensions,INCONNU,,"edgar_normalize.py (règles edgar_v1, automatique)",2026-09-28T12:37:37+00:00,doc:0000320193-0000320193-19-000066,D1 : une seule valeur brute pour cette clé
1575,facts,0000320193-0000320193-19-000066-us-gaap:RevenueFromContractWithCustomerExcludingAssessedTax-USD-2018-12-30-2019-03-30,normalized_concept,,total_revenue,"edgar_normalize.py (règles edgar_v1, automatique)",2026-09-28T12:37:37+00:00,doc:0000320193-0000320193-19-000066,R1
1576,facts,0000320193-0000320193-19-000066-us-gaap:RevenueFromContractWithCustomerExcludingAssessedTax-USD-2018-12-30-2019-03-30,transformation,,aucune,"edgar_normalize.py (règles edgar_v1, automatique)",2026-09-28T12:37:37+00:00,doc:0000320193-0000320193-19-000066,T1
1577,facts,0000320193-0000320193-19-000066-us-gaap:RevenueFromContractWithCustomerExcludingAssessedTax-USD-2018-12-30-2019-03-30,value,,58015000000,"edgar_normalize.py (règles edgar_v1, automatique)",2026-09-28T12:37:37+00:00,doc:0000320193-0000320193-19-000066,T1
1578,facts,0000320193-0000320193-19-000066-us-gaap:RevenueFromContractWithCustomerExcludingAssessedTax-USD-2018-12-30-2019-03-30,normalization_justification,,"Règle R1 (edgar_v1) : us-gaap:RevenueFromContractWithCustomerExcludingAssessedTax [USD, duration] -> total_revenue. Valeur reprise telle quelle (T1). Dimensions : aucune, déduit (D1). Entrée brute facts/us-gaap/RevenueFromContractWithCustomerExcludingAssessedTax/units/USD/18 (sha256 fae367b541a0df88…). À confirmer sur l'instance XBRL.","edgar_normalize.py (règles edgar_v1, automatique)",2026-09-28T12:37:37+00:00,doc:0000320193-0000320193-19-000066,R1
1579,facts,0000320193-0000320193-19-000119-us-gaap:RevenueFromContractWithCustomerExcludingAssessedTax-USD-2018-12-30-2019-03-30,source_context,,companyfacts;entite=CIK0000320193;periode=2018-12-30/2019-03-30;segment=aucun(deduit D1),"edgar_normalize.py (règles edgar_v1, automatique)",2026-09-28T12:37:37+00:00,doc:0000320193-0000320193-19-000119,X1
1580,facts,0000320193-0000320193-19-000119-us-gaap:RevenueFromContractWithCustomerExcludingAssessedTax-USD-2018-12-30-2019-03-30,source_dimensions,INCONNU,,"edgar_normalize.py (règles edgar_v1, automatique)",2026-09-28T12:37:37+00:00,doc:0000320193-0000320193-19-000119,D1 : une seule valeur brute pour cette clé
1581,facts,0000320193-0000320193-19-000119-us-gaap:RevenueFromContractWithCustomerExcludingAssessedTax-USD-2018-12-30-2019-03-30,normalized_concept,,total_revenue,"edgar_normalize.py (règles edgar_v1, automatique)",2026-09-28T12:37:37+00:00,doc:0000320193-0000320193-19-000119,R1
1582,facts,0000320193-0000320193-19-000119-us-gaap:RevenueFromContractWithCustomerExcludingAssessedTax-USD-2018-12-30-2019-03-30,transformation,,aucune,"edgar_normalize.py (règles edgar_v1, automatique)",2026-09-28T12:37:37+00:00,doc:0000320193-0000320193-19-000119,T1
1583,facts,0000320193-0000320193-19-000119-us-gaap:RevenueFromContractWithCustomerExcludingAssessedTax-USD-2018-12-30-2019-03-30,value,,58015000000,"edgar_normalize.py (règles edgar_v1, automatique)",2026-09-28T12:37:37+00:00,doc:0000320193-0000320193-19-000119,T1
1584,facts,0000320193-0000320193-19-000119-us-gaap:RevenueFromContractWithCustomerExcludingAssessedTax-USD-2018-12-30-2019-03-30,normalization_justification,,"Règle R1 (edgar_v1) : us-gaap:RevenueFromContractWithCustomerExcludingAssessedTax [USD, duration] -> total_revenue. Valeur reprise telle quelle (T1). Dimensions : aucune, déduit (D1). Entrée brute facts/us-gaap/RevenueFromContractWithCustomerExcludingAssessedTax/units/USD/19 (sha256 986d464873074557…). À confirmer sur l'instance XBRL.","edgar_normalize.py (règles edgar_v1, automatique)",2026-09-28T12:37:37+00:00,doc:0000320193-0000320193-19-000119,R1
1585,facts,0000320193-0000320193-20-000052-us-gaap:RevenueFromContractWithCustomerExcludingAssessedTax-USD-2018-12-30-2019-03-30,source_context,,companyfacts;entite=CIK0000320193;periode=2018-12-30/2019-03-30;segment=aucun(deduit D1),"edgar_normalize.py (règles edgar_v1, automatique)",2026-09-28T12:37:37+00:00,doc:0000320193-0000320193-20-000052,X1
1586,facts,0000320193-0000320193-20-000052-us-gaap:RevenueFromContractWithCustomerExcludingAssessedTax-USD-2018-12-30-2019-03-30,source_dimensions,INCONNU,,"edgar_normalize.py (règles edgar_v1, automatique)",2026-09-28T12:37:37+00:00,doc:0000320193-0000320193-20-000052,D1 : une seule valeur brute pour cette clé
1587,facts,0000320193-0000320193-20-000052-us-gaap:RevenueFromContractWithCustomerExcludingAssessedTax-USD-2018-12-30-2019-03-30,normalized_concept,,total_revenue,"edgar_normalize.py (règles edgar_v1, automatique)",2026-09-28T12:37:37+00:00,doc:0000320193-0000320193-20-000052,R1
1588,facts,0000320193-0000320193-20-000052-us-gaap:RevenueFromContractWithCustomerExcludingAssessedTax-USD-2018-12-30-2019-03-30,transformation,,aucune,"edgar_normalize.py (règles edgar_v1, automatique)",2026-09-28T12:37:37+00:00,doc:0000320193-0000320193-20-000052,T1
1589,facts,0000320193-0000320193-20-000052-us-gaap:RevenueFromContractWithCustomerExcludingAssessedTax-USD-2018-12-30-2019-03-30,value,,58015000000,"edgar_normalize.py (règles edgar_v1, automatique)",2026-09-28T12:37:37+00:00,doc:0000320193-0000320193-20-000052,T1
1590,facts,0000320193-0000320193-20-000052-us-gaap:RevenueFromContractWithCustomerExcludingAssessedTax-USD-2018-12-30-2019-03-30,normalization_justification,,"Règle R1 (edgar_v1) : us-gaap:RevenueFromContractWithCustomerExcludingAssessedTax [USD, duration] -> total_revenue. Valeur reprise telle quelle (T1). Dimensions : aucune, déduit (D1). Entrée brute facts/us-gaap/RevenueFromContractWithCustomerExcludingAssessedTax/units/USD/20 (sha256 2484e85d5a05b8d0…). À confirmer sur l'instance XBRL.","edgar_normalize.py (règles edgar_v1, automatique)",2026-09-28T12:37:37+00:00,doc:0000320193-0000320193-20-000052,R1
1591,facts,0000320193-0000320193-20-000096-us-gaap:RevenueFromContractWithCustomerExcludingAssessedTax-USD-2018-12-30-2019-03-30,source_context,,companyfacts;entite=CIK0000320193;periode=2018-12-30/2019-03-30;segment=aucun(deduit D1),"edgar_normalize.py (règles edgar_v1, automatique)",2026-09-28T12:37:37+00:00,doc:0000320193-0000320193-20-000096,X1
1592,facts,0000320193-0000320193-20-000096-us-gaap:RevenueFromContractWithCustomerExcludingAssessedTax-USD-2018-12-30-2019-03-30,source_dimensions,INCONNU,,"edgar_normalize.py (règles edgar_v1, automatique)",2026-09-28T12:37:37+00:00,doc:0000320193-0000320193-20-000096,D1 : une seule valeur brute pour cette clé
1593,facts,0000320193-0000320193-20-000096-us-gaap:RevenueFromContractWithCustomerExcludingAssessedTax-USD-2018-12-30-2019-03-30,normalized_concept,,total_revenue,"edgar_normalize.py (règles edgar_v1, automatique)",2026-09-28T12:37:37+00:00,doc:0000320193-0000320193-20-000096,R1
1594,facts,0000320193-0000320193-20-000096-us-gaap:RevenueFromContractWithCustomerExcludingAssessedTax-USD-2018-12-30-2019-03-30,transformation,,aucune,"edgar_normalize.py (règles edgar_v1, automatique)",2026-09-28T12:37:37+00:00,doc:0000320193-0000320193-20-000096,T1
1595,facts,0000320193-0000320193-20-000096-us-gaap:RevenueFromContractWithCustomerExcludingAssessedTax-USD-2018-12-30-2019-03-30,value,,58015000000,"edgar_normalize.py (règles edgar_v1, automatique)",2026-09-28T12:37:37+00:00,doc:0000320193-0000320193-20-000096,T1
1596,facts,0000320193-0000320193-20-000096-us-gaap:RevenueFromContractWithCustomerExcludingAssessedTax-USD-2018-12-30-2019-03-30,normalization_justification,,"Règle R1 (edgar_v1) : us-gaap:RevenueFromContractWithCustomerExcludingAssessedTax [USD, duration] -> total_revenue. Valeur reprise telle quelle (T1). Dimensions : aucune, déduit (D1). Entrée brute facts/us-gaap/RevenueFromContractWithCustomerExcludingAssessedTax/units/USD/21 (sha256 48be66edb1b61ac0…). À confirmer sur l'instance XBRL.","edgar_normalize.py (règles edgar_v1, automatique)",2026-09-28T12:37:37+00:00,doc:0000320193-0000320193-20-000096,R1
1597,facts,0000320193-0000320193-19-000076-us-gaap:RevenueFromContractWithCustomerExcludingAssessedTax-USD-2018-09-30-2019-06-29,source_context,,companyfacts;entite=CIK0000320193;periode=2018-09-30/2019-06-29;segment=aucun(deduit D1),"edgar_normalize.py (règles edgar_v1, automatique)",2026-09-28T12:37:37+00:00,doc:0000320193-0000320193-19-000076,X1
1598,facts,0000320193-0000320193-19-000076-us-gaap:RevenueFromContractWithCustomerExcludingAssessedTax-USD-2018-09-30-2019-06-29,source_dimensions,INCONNU,,"edgar_normalize.py (règles edgar_v1, automatique)",2026-09-28T12:37:37+00:00,doc:0000320193-0000320193-19-000076,D1 : une seule valeur brute pour cette clé
1599,facts,0000320193-0000320193-19-000076-us-gaap:RevenueFromContractWithCustomerExcludingAssessedTax-USD-2018-09-30-2019-06-29,normalized_concept,,total_revenue,"edgar_normalize.py (règles edgar_v1, automatique)",2026-09-28T12:37:37+00:00,doc:0000320193-0000320193-19-000076,R1
1600,facts,0000320193-0000320193-19-000076-us-gaap:RevenueFromContractWithCustomerExcludingAssessedTax-USD-2018-09-30-2019-06-29,transformation,,aucune,"edgar_normalize.py (règles edgar_v1, automatique)",2026-09-28T12:37:37+00:00,doc:0000320193-0000320193-19-000076,T1
1601,facts,0000320193-0000320193-19-000076-us-gaap:RevenueFromContractWithCustomerExcludingAssessedTax-USD-2018-09-30-2019-06-29,value,,196134000000,"edgar_normalize.py (règles edgar_v1, automatique)",2026-09-28T12:37:37+00:00,doc:0000320193-0000320193-19-000076,T1
1602,facts,0000320193-0000320193-19-000076-us-gaap:RevenueFromContractWithCustomerExcludingAssessedTax-USD-2018-09-30-2019-06-29,normalization_justification,,"Règle R1 (edgar_v1) : us-gaap:RevenueFromContractWithCustomerExcludingAssessedTax [USD, duration] -> total_revenue. Valeur reprise telle quelle (T1). Dimensions : aucune, déduit (D1). Entrée brute facts/us-gaap/RevenueFromContractWithCustomerExcludingAssessedTax/units/USD/22 (sha256 3468860cecc6f79a…). À confirmer sur l'instance XBRL.","edgar_normalize.py (règles edgar_v1, automatique)",2026-09-28T12:37:37+00:00,doc:0000320193-0000320193-19-000076,R1
1603,facts,0000320193-0000320193-20-000062-us-gaap:RevenueFromContractWithCustomerExcludingAssessedTax-USD-2018-09-30-2019-06-29,source_context,,companyfacts;entite=CIK0000320193;periode=2018-09-30/2019-06-29;segment=aucun(deduit D1),"edgar_normalize.py (règles edgar_v1, automatique)",2026-09-28T12:37:37+00:00,doc:0000320193-0000320193-20-000062,X1
1604,facts,0000320193-0000320193-20-000062-us-gaap:RevenueFromContractWithCustomerExcludingAssessedTax-USD-2018-09-30-2019-06-29,source_dimensions,INCONNU,,"edgar_normalize.py (règles edgar_v1, automatique)",2026-09-28T12:37:37+00:00,doc:0000320193-0000320193-20-000062,D1 : une seule valeur brute pour cette clé
1605,facts,0000320193-0000320193-20-000062-us-gaap:RevenueFromContractWithCustomerExcludingAssessedTax-USD-2018-09-30-2019-06-29,normalized_concept,,total_revenue,"edgar_normalize.py (règles edgar_v1, automatique)",2026-09-28T12:37:37+00:00,doc:0000320193-0000320193-20-000062,R1
1606,facts,0000320193-0000320193-20-000062-us-gaap:RevenueFromContractWithCustomerExcludingAssessedTax-USD-2018-09-30-2019-06-29,transformation,,aucune,"edgar_normalize.py (règles edgar_v1, automatique)",2026-09-28T12:37:37+00:00,doc:0000320193-0000320193-20-000062,T1
1607,facts,0000320193-0000320193-20-000062-us-gaap:RevenueFromContractWithCustomerExcludingAssessedTax-USD-2018-09-30-2019-06-29,value,,196134000000,"edgar_normalize.py (règles edgar_v1, automatique)",2026-09-28T12:37:37+00:00,doc:0000320193-0000320193-20-000062,T1
1608,facts,0000320193-0000320193-20-000062-us-gaap:RevenueFromContractWithCustomerExcludingAssessedTax-USD-2018-09-30-2019-06-29,normalization_justification,,"Règle R1 (edgar_v1) : us-gaap:RevenueFromContractWithCustomerExcludingAssessedTax [USD, duration] -> total_revenue. Valeur reprise telle quelle (T1). Dimensions : aucune, déduit (D1). Entrée brute facts/us-gaap/RevenueFromContractWithCustomerExcludingAssessedTax/units/USD/23 (sha256 cb10ec5d48b6f8fc…). À confirmer sur l'instance XBRL.","edgar_normalize.py (règles edgar_v1, automatique)",2026-09-28T12:37:37+00:00,doc:0000320193-0000320193-20-000062,R1
1609,facts,0000320193-0000320193-19-000076-us-gaap:RevenueFromContractWithCustomerExcludingAssessedTax-USD-2019-03-31-2019-06-29,source_context,,companyfacts;entite=CIK0000320193;periode=2019-03-31/2019-06-29;segment=aucun(deduit D1),"edgar_normalize.py (règles edgar_v1, automatique)",2026-09-28T12:37:37+00:00,doc:0000320193-0000320193-19-000076,X1
1610,facts,0000320193-0000320193-19-000076-us-gaap:RevenueFromContractWithCustomerExcludingAssessedTax-USD-2019-03-31-2019-06-29,source_dimensions,INCONNU,,"edgar_normalize.py (règles edgar_v1, automatique)",2026-09-28T12:37:37+00:00,doc:0000320193-0000320193-19-000076,D1 : une seule valeur brute pour cette clé
1611,facts,0000320193-0000320193-19-000076-us-gaap:RevenueFromContractWithCustomerExcludingAssessedTax-USD-2019-03-31-2019-06-29,normalized_concept,,total_revenue,"edgar_normalize.py (règles edgar_v1, automatique)",2026-09-28T12:37:37+00:00,doc:0000320193-0000320193-19-000076,R1
1612,facts,0000320193-0000320193-19-000076-us-gaap:RevenueFromContractWithCustomerExcludingAssessedTax-USD-2019-03-31-2019-06-29,transformation,,aucune,"edgar_normalize.py (règles edgar_v1, automatique)",2026-09-28T12:37:37+00:00,doc:0000320193-0000320193-19-000076,T1
1613,facts,0000320193-0000320193-19-000076-us-gaap:RevenueFromContractWithCustomerExcludingAssessedTax-USD-2019-03-31-2019-06-29,value,,53809000000,"edgar_normalize.py (règles edgar_v1, automatique)",2026-09-28T12:37:37+00:00,doc:0000320193-0000320193-19-000076,T1
1614,facts,0000320193-0000320193-19-000076-us-gaap:RevenueFromContractWithCustomerExcludingAssessedTax-USD-2019-03-31-2019-06-29,normalization_justification,,"Règle R1 (edgar_v1) : us-gaap:RevenueFromContractWithCustomerExcludingAssessedTax [USD, duration] -> total_revenue. Valeur reprise telle quelle (T1). Dimensions : aucune, déduit (D1). Entrée brute facts/us-gaap/RevenueFromContractWithCustomerExcludingAssessedTax/units/USD/24 (sha256 4a4d4a218cbb5ef9…). À confirmer sur l'instance XBRL.","edgar_normalize.py (règles edgar_v1, automatique)",2026-09-28T12:37:37+00:00,doc:0000320193-0000320193-19-000076,R1
1615,facts,0000320193-0000320193-19-000119-us-gaap:RevenueFromContractWithCustomerExcludingAssessedTax-USD-2019-03-31-2019-06-29,source_context,,companyfacts;entite=CIK0000320193;periode=2019-03-31/2019-06-29;segment=aucun(deduit D1),"edgar_normalize.py (règles edgar_v1, automatique)",2026-09-28T12:37:37+00:00,doc:0000320193-0000320193-19-000119,X1
1616,facts,0000320193-0000320193-19-000119-us-gaap:RevenueFromContractWithCustomerExcludingAssessedTax-USD-2019-03-31-2019-06-29,source_dimensions,INCONNU,,"edgar_normalize.py (règles edgar_v1, automatique)",2026-09-28T12:37:37+00:00,doc:0000320193-0000320193-19-000119,D1 : une seule valeur brute pour cette clé
1617,facts,0000320193-0000320193-19-000119-us-gaap:RevenueFromContractWithCustomerExcludingAssessedTax-USD-2019-03-31-2019-06-29,normalized_concept,,total_revenue,"edgar_normalize.py (règles edgar_v1, automatique)",2026-09-28T12:37:37+00:00,doc:0000320193-0000320193-19-000119,R1
1618,facts,0000320193-0000320193-19-000119-us-gaap:RevenueFromContractWithCustomerExcludingAssessedTax-USD-2019-03-31-2019-06-29,transformation,,aucune,"edgar_normalize.py (règles edgar_v1, automatique)",2026-09-28T12:37:37+00:00,doc:0000320193-0000320193-19-000119,T1
1619,facts,0000320193-0000320193-19-000119-us-gaap:RevenueFromContractWithCustomerExcludingAssessedTax-USD-2019-03-31-2019-06-29,value,,53809000000,"edgar_normalize.py (règles edgar_v1, automatique)",2026-09-28T12:37:37+00:00,doc:0000320193-0000320193-19-000119,T1
1620,facts,0000320193-0000320193-19-000119-us-gaap:RevenueFromContractWithCustomerExcludingAssessedTax-USD-2019-03-31-2019-06-29,normalization_justification,,"Règle R1 (edgar_v1) : us-gaap:RevenueFromContractWithCustomerExcludingAssessedTax [USD, duration] -> total_revenue. Valeur reprise telle quelle (T1). Dimensions : aucune, déduit (D1). Entrée brute facts/us-gaap/RevenueFromContractWithCustomerExcludingAssessedTax/units/USD/25 (sha256 e687f2eee797e4ff…). À confirmer sur l'instance XBRL.","edgar_normalize.py (règles edgar_v1, automatique)",2026-09-28T12:37:37+00:00,doc:0000320193-0000320193-19-000119,R1
1621,facts,0000320193-0000320193-20-000062-us-gaap:RevenueFromContractWithCustomerExcludingAssessedTax-USD-2019-03-31-2019-06-29,source_context,,companyfacts;entite=CIK0000320193;periode=2019-03-31/2019-06-29;segment=aucun(deduit D1),"edgar_normalize.py (règles edgar_v1, automatique)",2026-09-28T12:37:37+00:00,doc:0000320193-0000320193-20-000062,X1
1622,facts,0000320193-0000320193-20-000062-us-gaap:RevenueFromContractWithCustomerExcludingAssessedTax-USD-2019-03-31-2019-06-29,source_dimensions,INCONNU,,"edgar_normalize.py (règles edgar_v1, automatique)",2026-09-28T12:37:37+00:00,doc:0000320193-0000320193-20-000062,D1 : une seule valeur brute pour cette clé
1623,facts,0000320193-0000320193-20-000062-us-gaap:RevenueFromContractWithCustomerExcludingAssessedTax-USD-2019-03-31-2019-06-29,normalized_concept,,total_revenue,"edgar_normalize.py (règles edgar_v1, automatique)",2026-09-28T12:37:37+00:00,doc:0000320193-0000320193-20-000062,R1
1624,facts,0000320193-0000320193-20-000062-us-gaap:RevenueFromContractWithCustomerExcludingAssessedTax-USD-2019-03-31-2019-06-29,transformation,,aucune,"edgar_normalize.py (règles edgar_v1, automatique)",2026-09-28T12:37:37+00:00,doc:0000320193-0000320193-20-000062,T1
1625,facts,0000320193-0000320193-20-000062-us-gaap:RevenueFromContractWithCustomerExcludingAssessedTax-USD-2019-03-31-2019-06-29,value,,53809000000,"edgar_normalize.py (règles edgar_v1, automatique)",2026-09-28T12:37:37+00:00,doc:0000320193-0000320193-20-000062,T1
1626,facts,0000320193-0000320193-20-000062-us-gaap:RevenueFromContractWithCustomerExcludingAssessedTax-USD-2019-03-31-2019-06-29,normalization_justification,,"Règle R1 (edgar_v1) : us-gaap:RevenueFromContractWithCustomerExcludingAssessedTax [USD, duration] -> total_revenue. Valeur reprise telle quelle (T1). Dimensions : aucune, déduit (D1). Entrée brute facts/us-gaap/RevenueFromContractWithCustomerExcludingAssessedTax/units/USD/26 (sha256 396ec95c9a634720…). À confirmer sur l'instance XBRL.","edgar_normalize.py (règles edgar_v1, automatique)",2026-09-28T12:37:37+00:00,doc:0000320193-0000320193-20-000062,R1
1627,facts,0000320193-0000320193-20-000096-us-gaap:RevenueFromContractWithCustomerExcludingAssessedTax-USD-2019-03-31-2019-06-29,source_context,,companyfacts;entite=CIK0000320193;periode=2019-03-31/2019-06-29;segment=aucun(deduit D1),"edgar_normalize.py (règles edgar_v1, automatique)",2026-09-28T12:37:37+00:00,doc:0000320193-0000320193-20-000096,X1
1628,facts,0000320193-0000320193-20-000096-us-gaap:RevenueFromContractWithCustomerExcludingAssessedTax-USD-2019-03-31-2019-06-29,source_dimensions,INCONNU,,"edgar_normalize.py (règles edgar_v1, automatique)",2026-09-28T12:37:37+00:00,doc:0000320193-0000320193-20-000096,D1 : une seule valeur brute pour cette clé
1629,facts,0000320193-0000320193-20-000096-us-gaap:RevenueFromContractWithCustomerExcludingAssessedTax-USD-2019-03-31-2019-06-29,normalized_concept,,total_revenue,"edgar_normalize.py (règles edgar_v1, automatique)",2026-09-28T12:37:37+00:00,doc:0000320193-0000320193-20-000096,R1
1630,facts,0000320193-0000320193-20-000096-us-gaap:RevenueFromContractWithCustomerExcludingAssessedTax-USD-2019-03-31-2019-06-29,transformation,,aucune,"edgar_normalize.py (règles edgar_v1, automatique)",2026-09-28T12:37:37+00:00,doc:0000320193-0000320193-20-000096,T1
1631,facts,0000320193-0000320193-20-000096-us-gaap:RevenueFromContractWithCustomerExcludingAssessedTax-USD-2019-03-31-2019-06-29,value,,53809000000,"edgar_normalize.py (règles edgar_v1, automatique)",2026-09-28T12:37:37+00:00,doc:0000320193-0000320193-20-000096,T1
1632,facts,0000320193-0000320193-20-000096-us-gaap:RevenueFromContractWithCustomerExcludingAssessedTax-USD-2019-03-31-2019-06-29,normalization_justification,,"Règle R1 (edgar_v1) : us-gaap:RevenueFromContractWithCustomerExcludingAssessedTax [USD, duration] -> total_revenue. Valeur reprise telle quelle (T1). Dimensions : aucune, déduit (D1). Entrée brute facts/us-gaap/RevenueFromContractWithCustomerExcludingAssessedTax/units/USD/27 (sha256 1af5c0d906492a29…). À confirmer sur l'instance XBRL.","edgar_normalize.py (règles edgar_v1, automatique)",2026-09-28T12:37:37+00:00,doc:0000320193-0000320193-20-000096,R1
1633,facts,0000320193-0000320193-19-000119-us-gaap:RevenueFromContractWithCustomerExcludingAssessedTax-USD-2018-09-30-2019-09-28,source_context,,companyfacts;entite=CIK0000320193;periode=2018-09-30/2019-09-28;segment=aucun(deduit D1),"edgar_normalize.py (règles edgar_v1, automatique)",2026-09-28T12:37:37+00:00,doc:0000320193-0000320193-19-000119,X1
1634,facts,0000320193-0000320193-19-000119-us-gaap:RevenueFromContractWithCustomerExcludingAssessedTax-USD-2018-09-30-2019-09-28,source_dimensions,INCONNU,,"edgar_normalize.py (règles edgar_v1, automatique)",2026-09-28T12:37:37+00:00,doc:0000320193-0000320193-19-000119,D1 : une seule valeur brute pour cette clé
1635,facts,0000320193-0000320193-19-000119-us-gaap:RevenueFromContractWithCustomerExcludingAssessedTax-USD-2018-09-30-2019-09-28,normalized_concept,,total_revenue,"edgar_normalize.py (règles edgar_v1, automatique)",2026-09-28T12:37:37+00:00,doc:0000320193-0000320193-19-000119,R1
1636,facts,0000320193-0000320193-19-000119-us-gaap:RevenueFromContractWithCustomerExcludingAssessedTax-USD-2018-09-30-2019-09-28,transformation,,aucune,"edgar_normalize.py (règles edgar_v1, automatique)",2026-09-28T12:37:37+00:00,doc:0000320193-0000320193-19-000119,T1
1637,facts,0000320193-0000320193-19-000119-us-gaap:RevenueFromContractWithCustomerExcludingAssessedTax-USD-2018-09-30-2019-09-28,value,,260174000000,"edgar_normalize.py (règles edgar_v1, automatique)",2026-09-28T12:37:37+00:00,doc:0000320193-0000320193-19-000119,T1
1638,facts,0000320193-0000320193-19-000119-us-gaap:RevenueFromContractWithCustomerExcludingAssessedTax-USD-2018-09-30-2019-09-28,normalization_justification,,"Règle R1 (edgar_v1) : us-gaap:RevenueFromContractWithCustomerExcludingAssessedTax [USD, duration] -> total_revenue. Valeur reprise telle quelle (T1). Dimensions : aucune, déduit (D1). Entrée brute facts/us-gaap/RevenueFromContractWithCustomerExcludingAssessedTax/units/USD/28 (sha256 bf1f9035440f0f4f…). À confirmer sur l'instance XBRL.","edgar_normalize.py (règles edgar_v1, automatique)",2026-09-28T12:37:37+00:00,doc:0000320193-0000320193-19-000119,R1
1639,facts,0000320193-0000320193-20-000096-us-gaap:RevenueFromContractWithCustomerExcludingAssessedTax-USD-2018-09-30-2019-09-28,source_context,,companyfacts;entite=CIK0000320193;periode=2018-09-30/2019-09-28;segment=aucun(deduit D1),"edgar_normalize.py (règles edgar_v1, automatique)",2026-09-28T12:37:37+00:00,doc:0000320193-0000320193-20-000096,X1
1640,facts,0000320193-0000320193-20-000096-us-gaap:RevenueFromContractWithCustomerExcludingAssessedTax-USD-2018-09-30-2019-09-28,source_dimensions,INCONNU,,"edgar_normalize.py (règles edgar_v1, automatique)",2026-09-28T12:37:37+00:00,doc:0000320193-0000320193-20-000096,D1 : une seule valeur brute pour cette clé
1641,facts,0000320193-0000320193-20-000096-us-gaap:RevenueFromContractWithCustomerExcludingAssessedTax-USD-2018-09-30-2019-09-28,normalized_concept,,total_revenue,"edgar_normalize.py (règles edgar_v1, automatique)",2026-09-28T12:37:37+00:00,doc:0000320193-0000320193-20-000096,R1
1642,facts,0000320193-0000320193-20-000096-us-gaap:RevenueFromContractWithCustomerExcludingAssessedTax-USD-2018-09-30-2019-09-28,transformation,,aucune,"edgar_normalize.py (règles edgar_v1, automatique)",2026-09-28T12:37:37+00:00,doc:0000320193-0000320193-20-000096,T1
1643,facts,0000320193-0000320193-20-000096-us-gaap:RevenueFromContractWithCustomerExcludingAssessedTax-USD-2018-09-30-2019-09-28,value,,260174000000,"edgar_normalize.py (règles edgar_v1, automatique)",2026-09-28T12:37:37+00:00,doc:0000320193-0000320193-20-000096,T1
1644,facts,0000320193-0000320193-20-000096-us-gaap:RevenueFromContractWithCustomerExcludingAssessedTax-USD-2018-09-30-2019-09-28,normalization_justification,,"Règle R1 (edgar_v1) : us-gaap:RevenueFromContractWithCustomerExcludingAssessedTax [USD, duration] -> total_revenue. Valeur reprise telle quelle (T1). Dimensions : aucune, déduit (D1). Entrée brute facts/us-gaap/RevenueFromContractWithCustomerExcludingAssessedTax/units/USD/29 (sha256 f2f5d4a91bad0a00…). À confirmer sur l'instance XBRL.","edgar_normalize.py (règles edgar_v1, automatique)",2026-09-28T12:37:37+00:00,doc:0000320193-0000320193-20-000096,R1
1645,facts,0000320193-0000320193-21-000105-us-gaap:RevenueFromContractWithCustomerExcludingAssessedTax-USD-2018-09-30-2019-09-28,source_context,,companyfacts;entite=CIK0000320193;periode=2018-09-30/2019-09-28;segment=aucun(deduit D1),"edgar_normalize.py (règles edgar_v1, automatique)",2026-09-28T12:37:37+00:00,doc:0000320193-0000320193-21-000105,X1
1646,facts,0000320193-0000320193-21-000105-us-gaap:RevenueFromContractWithCustomerExcludingAssessedTax-USD-2018-09-30-2019-09-28,source_dimensions,INCONNU,,"edgar_normalize.py (règles edgar_v1, automatique)",2026-09-28T12:37:37+00:00,doc:0000320193-0000320193-21-000105,D1 : une seule valeur brute pour cette clé
1647,facts,0000320193-0000320193-21-000105-us-gaap:RevenueFromContractWithCustomerExcludingAssessedTax-USD-2018-09-30-2019-09-28,normalized_concept,,total_revenue,"edgar_normalize.py (règles edgar_v1, automatique)",2026-09-28T12:37:37+00:00,doc:0000320193-0000320193-21-000105,R1
1648,facts,0000320193-0000320193-21-000105-us-gaap:RevenueFromContractWithCustomerExcludingAssessedTax-USD-2018-09-30-2019-09-28,transformation,,aucune,"edgar_normalize.py (règles edgar_v1, automatique)",2026-09-28T12:37:37+00:00,doc:0000320193-0000320193-21-000105,T1
1649,facts,0000320193-0000320193-21-000105-us-gaap:RevenueFromContractWithCustomerExcludingAssessedTax-USD-2018-09-30-2019-09-28,value,,260174000000,"edgar_normalize.py (règles edgar_v1, automatique)",2026-09-28T12:37:37+00:00,doc:0000320193-0000320193-21-000105,T1
1650,facts,0000320193-0000320193-21-000105-us-gaap:RevenueFromContractWithCustomerExcludingAssessedTax-USD-2018-09-30-2019-09-28,normalization_justification,,"Règle R1 (edgar_v1) : us-gaap:RevenueFromContractWithCustomerExcludingAssessedTax [USD, duration] -> total_revenue. Valeur reprise telle quelle (T1). Dimensions : aucune, déduit (D1). Entrée brute facts/us-gaap/RevenueFromContractWithCustomerExcludingAssessedTax/units/USD/30 (sha256 657046126dddbecb…). À confirmer sur l'instance XBRL.","edgar_normalize.py (règles edgar_v1, automatique)",2026-09-28T12:37:37+00:00,doc:0000320193-0000320193-21-000105,R1
1651,facts,0000320193-0000320193-19-000119-us-gaap:RevenueFromContractWithCustomerExcludingAssessedTax-USD-2019-06-30-2019-09-28,source_context,,companyfacts;entite=CIK0000320193;periode=2019-06-30/2019-09-28;segment=aucun(deduit D1),"edgar_normalize.py (règles edgar_v1, automatique)",2026-09-28T12:37:37+00:00,doc:0000320193-0000320193-19-000119,X1
1652,facts,0000320193-0000320193-19-000119-us-gaap:RevenueFromContractWithCustomerExcludingAssessedTax-USD-2019-06-30-2019-09-28,source_dimensions,INCONNU,,"edgar_normalize.py (règles edgar_v1, automatique)",2026-09-28T12:37:37+00:00,doc:0000320193-0000320193-19-000119,D1 : une seule valeur brute pour cette clé
1653,facts,0000320193-0000320193-19-000119-us-gaap:RevenueFromContractWithCustomerExcludingAssessedTax-USD-2019-06-30-2019-09-28,normalized_concept,,total_revenue,"edgar_normalize.py (règles edgar_v1, automatique)",2026-09-28T12:37:37+00:00,doc:0000320193-0000320193-19-000119,R1
1654,facts,0000320193-0000320193-19-000119-us-gaap:RevenueFromContractWithCustomerExcludingAssessedTax-USD-2019-06-30-2019-09-28,transformation,,aucune,"edgar_normalize.py (règles edgar_v1, automatique)",2026-09-28T12:37:37+00:00,doc:0000320193-0000320193-19-000119,T1
1655,facts,0000320193-0000320193-19-000119-us-gaap:RevenueFromContractWithCustomerExcludingAssessedTax-USD-2019-06-30-2019-09-28,value,,64040000000,"edgar_normalize.py (règles edgar_v1, automatique)",2026-09-28T12:37:37+00:00,doc:0000320193-0000320193-19-000119,T1
1656,facts,0000320193-0000320193-19-000119-us-gaap:RevenueFromContractWithCustomerExcludingAssessedTax-USD-2019-06-30-2019-09-28,normalization_justification,,"Règle R1 (edgar_v1) : us-gaap:RevenueFromContractWithCustomerExcludingAssessedTax [USD, duration] -> total_revenue. Valeur reprise telle quelle (T1). Dimensions : aucune, déduit (D1). Entrée brute facts/us-gaap/RevenueFromContractWithCustomerExcludingAssessedTax/units/USD/31 (sha256 bcea79406ff01481…). À confirmer sur l'instance XBRL.","edgar_normalize.py (règles edgar_v1, automatique)",2026-09-28T12:37:37+00:00,doc:0000320193-0000320193-19-000119,R1
1657,facts,0000320193-0000320193-20-000096-us-gaap:RevenueFromContractWithCustomerExcludingAssessedTax-USD-2019-06-30-2019-09-28,source_context,,companyfacts;entite=CIK0000320193;periode=2019-06-30/2019-09-28;segment=aucun(deduit D1),"edgar_normalize.py (règles edgar_v1, automatique)",2026-09-28T12:37:37+00:00,doc:0000320193-0000320193-20-000096,X1
1658,facts,0000320193-0000320193-20-000096-us-gaap:RevenueFromContractWithCustomerExcludingAssessedTax-USD-2019-06-30-2019-09-28,source_dimensions,INCONNU,,"edgar_normalize.py (règles edgar_v1, automatique)",2026-09-28T12:37:37+00:00,doc:0000320193-0000320193-20-000096,D1 : une seule valeur brute pour cette clé
1659,facts,0000320193-0000320193-20-000096-us-gaap:RevenueFromContractWithCustomerExcludingAssessedTax-USD-2019-06-30-2019-09-28,normalized_concept,,total_revenue,"edgar_normalize.py (règles edgar_v1, automatique)",2026-09-28T12:37:37+00:00,doc:0000320193-0000320193-20-000096,R1
1660,facts,0000320193-0000320193-20-000096-us-gaap:RevenueFromContractWithCustomerExcludingAssessedTax-USD-2019-06-30-2019-09-28,transformation,,aucune,"edgar_normalize.py (règles edgar_v1, automatique)",2026-09-28T12:37:37+00:00,doc:0000320193-0000320193-20-000096,T1
1661,facts,0000320193-0000320193-20-000096-us-gaap:RevenueFromContractWithCustomerExcludingAssessedTax-USD-2019-06-30-2019-09-28,value,,64040000000,"edgar_normalize.py (règles edgar_v1, automatique)",2026-09-28T12:37:37+00:00,doc:0000320193-0000320193-20-000096,T1
1662,facts,0000320193-0000320193-20-000096-us-gaap:RevenueFromContractWithCustomerExcludingAssessedTax-USD-2019-06-30-2019-09-28,normalization_justification,,"Règle R1 (edgar_v1) : us-gaap:RevenueFromContractWithCustomerExcludingAssessedTax [USD, duration] -> total_revenue. Valeur reprise telle quelle (T1). Dimensions : aucune, déduit (D1). Entrée brute facts/us-gaap/RevenueFromContractWithCustomerExcludingAssessedTax/units/USD/32 (sha256 6f97f4f3aa9eb2de…). À confirmer sur l'instance XBRL.","edgar_normalize.py (règles edgar_v1, automatique)",2026-09-28T12:37:37+00:00,doc:0000320193-0000320193-20-000096,R1
1663,facts,0000320193-0000320193-20-000010-us-gaap:RevenueFromContractWithCustomerExcludingAssessedTax-USD-2019-09-29-2019-12-28,source_context,,companyfacts;entite=CIK0000320193;periode=2019-09-29/2019-12-28;segment=aucun(deduit D1),"edgar_normalize.py (règles edgar_v1, automatique)",2026-09-28T12:37:37+00:00,doc:0000320193-0000320193-20-000010,X1
1664,facts,0000320193-0000320193-20-000010-us-gaap:RevenueFromContractWithCustomerExcludingAssessedTax-USD-2019-09-29-2019-12-28,source_dimensions,INCONNU,,"edgar_normalize.py (règles edgar_v1, automatique)",2026-09-28T12:37:37+00:00,doc:0000320193-0000320193-20-000010,D1 : une seule valeur brute pour cette clé
1665,facts,0000320193-0000320193-20-000010-us-gaap:RevenueFromContractWithCustomerExcludingAssessedTax-USD-2019-09-29-2019-12-28,normalized_concept,,total_revenue,"edgar_normalize.py (règles edgar_v1, automatique)",2026-09-28T12:37:37+00:00,doc:0000320193-0000320193-20-000010,R1
1666,facts,0000320193-0000320193-20-000010-us-gaap:RevenueFromContractWithCustomerExcludingAssessedTax-USD-2019-09-29-2019-12-28,transformation,,aucune,"edgar_normalize.py (règles edgar_v1, automatique)",2026-09-28T12:37:37+00:00,doc:0000320193-0000320193-20-000010,T1
1667,facts,0000320193-0000320193-20-000010-us-gaap:RevenueFromContractWithCustomerExcludingAssessedTax-USD-2019-09-29-2019-12-28,value,,91819000000,"edgar_normalize.py (règles edgar_v1, automatique)",2026-09-28T12:37:37+00:00,doc:0000320193-0000320193-20-000010,T1
1668,facts,0000320193-0000320193-20-000010-us-gaap:RevenueFromContractWithCustomerExcludingAssessedTax-USD-2019-09-29-2019-12-28,normalization_justification,,"Règle R1 (edgar_v1) : us-gaap:RevenueFromContractWithCustomerExcludingAssessedTax [USD, duration] -> total_revenue. Valeur reprise telle quelle (T1). Dimensions : aucune, déduit (D1). Entrée brute facts/us-gaap/RevenueFromContractWithCustomerExcludingAssessedTax/units/USD/33 (sha256 3cfda38afccb6187…). À confirmer sur l'instance XBRL.","edgar_normalize.py (règles edgar_v1, automatique)",2026-09-28T12:37:37+00:00,doc:0000320193-0000320193-20-000010,R1
1669,facts,0000320193-0000320193-20-000096-us-gaap:RevenueFromContractWithCustomerExcludingAssessedTax-USD-2019-09-29-2019-12-28,source_context,,companyfacts;entite=CIK0000320193;periode=2019-09-29/2019-12-28;segment=aucun(deduit D1),"edgar_normalize.py (règles edgar_v1, automatique)",2026-09-28T12:37:37+00:00,doc:0000320193-0000320193-20-000096,X1
1670,facts,0000320193-0000320193-20-000096-us-gaap:RevenueFromContractWithCustomerExcludingAssessedTax-USD-2019-09-29-2019-12-28,source_dimensions,INCONNU,,"edgar_normalize.py (règles edgar_v1, automatique)",2026-09-28T12:37:37+00:00,doc:0000320193-0000320193-20-000096,D1 : une seule valeur brute pour cette clé
1671,facts,0000320193-0000320193-20-000096-us-gaap:RevenueFromContractWithCustomerExcludingAssessedTax-USD-2019-09-29-2019-12-28,normalized_concept,,total_revenue,"edgar_normalize.py (règles edgar_v1, automatique)",2026-09-28T12:37:37+00:00,doc:0000320193-0000320193-20-000096,R1
1672,facts,0000320193-0000320193-20-000096-us-gaap:RevenueFromContractWithCustomerExcludingAssessedTax-USD-2019-09-29-2019-12-28,transformation,,aucune,"edgar_normalize.py (règles edgar_v1, automatique)",2026-09-28T12:37:37+00:00,doc:0000320193-0000320193-20-000096,T1
1673,facts,0000320193-0000320193-20-000096-us-gaap:RevenueFromContractWithCustomerExcludingAssessedTax-USD-2019-09-29-2019-12-28,value,,91819000000,"edgar_normalize.py (règles edgar_v1, automatique)",2026-09-28T12:37:37+00:00,doc:0000320193-0000320193-20-000096,T1
1674,facts,0000320193-0000320193-20-000096-us-gaap:RevenueFromContractWithCustomerExcludingAssessedTax-USD-2019-09-29-2019-12-28,normalization_justification,,"Règle R1 (edgar_v1) : us-gaap:RevenueFromContractWithCustomerExcludingAssessedTax [USD, duration] -> total_revenue. Valeur reprise telle quelle (T1). Dimensions : aucune, déduit (D1). Entrée brute facts/us-gaap/RevenueFromContractWithCustomerExcludingAssessedTax/units/USD/34 (sha256 4fd6676fd8243ea6…). À confirmer sur l'instance XBRL.","edgar_normalize.py (règles edgar_v1, automatique)",2026-09-28T12:37:37+00:00,doc:0000320193-0000320193-20-000096,R1
1675,facts,0000320193-0000320193-21-000010-us-gaap:RevenueFromContractWithCustomerExcludingAssessedTax-USD-2019-09-29-2019-12-28,source_context,,companyfacts;entite=CIK0000320193;periode=2019-09-29/2019-12-28;segment=aucun(deduit D1),"edgar_normalize.py (règles edgar_v1, automatique)",2026-09-28T12:37:37+00:00,doc:0000320193-0000320193-21-000010,X1
1676,facts,0000320193-0000320193-21-000010-us-gaap:RevenueFromContractWithCustomerExcludingAssessedTax-USD-2019-09-29-2019-12-28,source_dimensions,INCONNU,,"edgar_normalize.py (règles edgar_v1, automatique)",2026-09-28T12:37:37+00:00,doc:0000320193-0000320193-21-000010,D1 : une seule valeur brute pour cette clé
1677,facts,0000320193-0000320193-21-000010-us-gaap:RevenueFromContractWithCustomerExcludingAssessedTax-USD-2019-09-29-2019-12-28,normalized_concept,,total_revenue,"edgar_normalize.py (règles edgar_v1, automatique)",2026-09-28T12:37:37+00:00,doc:0000320193-0000320193-21-000010,R1
1678,facts,0000320193-0000320193-21-000010-us-gaap:RevenueFromContractWithCustomerExcludingAssessedTax-USD-2019-09-29-2019-12-28,transformation,,aucune,"edgar_normalize.py (règles edgar_v1, automatique)",2026-09-28T12:37:37+00:00,doc:0000320193-0000320193-21-000010,T1
1679,facts,0000320193-0000320193-21-000010-us-gaap:RevenueFromContractWithCustomerExcludingAssessedTax-USD-2019-09-29-2019-12-28,value,,91819000000,"edgar_normalize.py (règles edgar_v1, automatique)",2026-09-28T12:37:37+00:00,doc:0000320193-0000320193-21-000010,T1
1680,facts,0000320193-0000320193-21-000010-us-gaap:RevenueFromContractWithCustomerExcludingAssessedTax-USD-2019-09-29-2019-12-28,normalization_justification,,"Règle R1 (edgar_v1) : us-gaap:RevenueFromContractWithCustomerExcludingAssessedTax [USD, duration] -> total_revenue. Valeur reprise telle quelle (T1). Dimensions : aucune, déduit (D1). Entrée brute facts/us-gaap/RevenueFromContractWithCustomerExcludingAssessedTax/units/USD/35 (sha256 d23c33efebfa7235…). À confirmer sur l'instance XBRL.","edgar_normalize.py (règles edgar_v1, automatique)",2026-09-28T12:37:37+00:00,doc:0000320193-0000320193-21-000010,R1
1681,facts,0000320193-0000320193-20-000052-us-gaap:RevenueFromContractWithCustomerExcludingAssessedTax-USD-2019-09-29-2020-03-28,source_context,,companyfacts;entite=CIK0000320193;periode=2019-09-29/2020-03-28;segment=aucun(deduit D1),"edgar_normalize.py (règles edgar_v1, automatique)",2026-09-28T12:37:37+00:00,doc:0000320193-0000320193-20-000052,X1
1682,facts,0000320193-0000320193-20-000052-us-gaap:RevenueFromContractWithCustomerExcludingAssessedTax-USD-2019-09-29-2020-03-28,source_dimensions,INCONNU,,"edgar_normalize.py (règles edgar_v1, automatique)",2026-09-28T12:37:37+00:00,doc:0000320193-0000320193-20-000052,D1 : une seule valeur brute pour cette clé
1683,facts,0000320193-0000320193-20-000052-us-gaap:RevenueFromContractWithCustomerExcludingAssessedTax-USD-2019-09-29-2020-03-28,normalized_concept,,total_revenue,"edgar_normalize.py (règles edgar_v1, automatique)",2026-09-28T12:37:37+00:00,doc:0000320193-0000320193-20-000052,R1
1684,facts,0000320193-0000320193-20-000052-us-gaap:RevenueFromContractWithCustomerExcludingAssessedTax-USD-2019-09-29-2020-03-28,transformation,,aucune,"edgar_normalize.py (règles edgar_v1, automatique)",2026-09-28T12:37:37+00:00,doc:0000320193-0000320193-20-000052,T1
1685,facts,0000320193-0000320193-20-000052-us-gaap:RevenueFromContractWithCustomerExcludingAssessedTax-USD-2019-09-29-2020-03-28,value,,150132000000,"edgar_normalize.py (règles edgar_v1, automatique)",2026-09-28T12:37:37+00:00,doc:0000320193-0000320193-20-000052,T1
1686,facts,0000320193-0000320193-20-000052-us-gaap:RevenueFromContractWithCustomerExcludingAssessedTax-USD-2019-09-29-2020-03-28,normalization_justification,,"Règle R1 (edgar_v1) : us-gaap:RevenueFromContractWithCustomerExcludingAssessedTax [USD, duration] -> total_revenue. Valeur reprise telle quelle (T1). Dimensions : aucune, déduit (D1). Entrée brute facts/us-gaap/RevenueFromContractWithCustomerExcludingAssessedTax/units/USD/36 (sha256 9adff8214429cc71…). À confirmer sur l'instance XBRL.","edgar_normalize.py (règles edgar_v1, automatique)",2026-09-28T12:37:37+00:00,doc:0000320193-0000320193-20-000052,R1
1687,facts,0000320193-0000320193-21-000056-us-gaap:RevenueFromContractWithCustomerExcludingAssessedTax-USD-2019-09-29-2020-03-28,source_context,,companyfacts;entite=CIK0000320193;periode=2019-09-29/2020-03-28;segment=aucun(deduit D1),"edgar_normalize.py (règles edgar_v1, automatique)",2026-09-28T12:37:37+00:00,doc:0000320193-0000320193-21-000056,X1
1688,facts,0000320193-0000320193-21-000056-us-gaap:RevenueFromContractWithCustomerExcludingAssessedTax-USD-2019-09-29-2020-03-28,source_dimensions,INCONNU,,"edgar_normalize.py (règles edgar_v1, automatique)",2026-09-28T12:37:37+00:00,doc:0000320193-0000320193-21-000056,D1 : une seule valeur brute pour cette clé
1689,facts,0000320193-0000320193-21-000056-us-gaap:RevenueFromContractWithCustomerExcludingAssessedTax-USD-2019-09-29-2020-03-28,normalized_concept,,total_revenue,"edgar_normalize.py (règles edgar_v1, automatique)",2026-09-28T12:37:37+00:00,doc:0000320193-0000320193-21-000056,R1
1690,facts,0000320193-0000320193-21-000056-us-gaap:RevenueFromContractWithCustomerExcludingAssessedTax-USD-2019-09-29-2020-03-28,transformation,,aucune,"edgar_normalize.py (règles edgar_v1, automatique)",2026-09-28T12:37:37+00:00,doc:0000320193-0000320193-21-000056,T1
1691,facts,0000320193-0000320193-21-000056-us-gaap:RevenueFromContractWithCustomerExcludingAssessedTax-USD-2019-09-29-2020-03-28,value,,150132000000,"edgar_normalize.py (règles edgar_v1, automatique)",2026-09-28T12:37:37+00:00,doc:0000320193-0000320193-21-000056,T1
1692,facts,0000320193-0000320193-21-000056-us-gaap:RevenueFromContractWithCustomerExcludingAssessedTax-USD-2019-09-29-2020-03-28,normalization_justification,,"Règle R1 (edgar_v1) : us-gaap:RevenueFromContractWithCustomerExcludingAssessedTax [USD, duration] -> total_revenue. Valeur reprise telle quelle (T1). Dimensions : aucune, déduit (D1). Entrée brute facts/us-gaap/RevenueFromContractWithCustomerExcludingAssessedTax/units/USD/37 (sha256 321e5dcda6e2aede…). À confirmer sur l'instance XBRL.","edgar_normalize.py (règles edgar_v1, automatique)",2026-09-28T12:37:37+00:00,doc:0000320193-0000320193-21-000056,R1
1693,facts,0000320193-0000320193-20-000052-us-gaap:RevenueFromContractWithCustomerExcludingAssessedTax-USD-2019-12-29-2020-03-28,source_context,,companyfacts;entite=CIK0000320193;periode=2019-12-29/2020-03-28;segment=aucun(deduit D1),"edgar_normalize.py (règles edgar_v1, automatique)",2026-09-28T12:37:37+00:00,doc:0000320193-0000320193-20-000052,X1
1694,facts,0000320193-0000320193-20-000052-us-gaap:RevenueFromContractWithCustomerExcludingAssessedTax-USD-2019-12-29-2020-03-28,source_dimensions,INCONNU,,"edgar_normalize.py (règles edgar_v1, automatique)",2026-09-28T12:37:37+00:00,doc:0000320193-0000320193-20-000052,D1 : une seule valeur brute pour cette clé
1695,facts,0000320193-0000320193-20-000052-us-gaap:RevenueFromContractWithCustomerExcludingAssessedTax-USD-2019-12-29-2020-03-28,normalized_concept,,total_revenue,"edgar_normalize.py (règles edgar_v1, automatique)",2026-09-28T12:37:37+00:00,doc:0000320193-0000320193-20-000052,R1
1696,facts,0000320193-0000320193-20-000052-us-gaap:RevenueFromContractWithCustomerExcludingAssessedTax-USD-2019-12-29-2020-03-28,transformation,,aucune,"edgar_normalize.py (règles edgar_v1, automatique)",2026-09-28T12:37:37+00:00,doc:0000320193-0000320193-20-000052,T1
1697,facts,0000320193-0000320193-20-000052-us-gaap:RevenueFromContractWithCustomerExcludingAssessedTax-USD-2019-12-29-2020-03-28,value,,58313000000,"edgar_normalize.py (règles edgar_v1, automatique)",2026-09-28T12:37:37+00:00,doc:0000320193-0000320193-20-000052,T1
1698,facts,0000320193-0000320193-20-000052-us-gaap:RevenueFromContractWithCustomerExcludingAssessedTax-USD-2019-12-29-2020-03-28,normalization_justification,,"Règle R1 (edgar_v1) : us-gaap:RevenueFromContractWithCustomerExcludingAssessedTax [USD, duration] -> total_revenue. Valeur reprise telle quelle (T1). Dimensions : aucune, déduit (D1). Entrée brute facts/us-gaap/RevenueFromContractWithCustomerExcludingAssessedTax/units/USD/38 (sha256 96ed7e8b9567515b…). À confirmer sur l'instance XBRL.","edgar_normalize.py (règles edgar_v1, automatique)",2026-09-28T12:37:37+00:00,doc:0000320193-0000320193-20-000052,R1
1699,facts,0000320193-0000320193-20-000096-us-gaap:RevenueFromContractWithCustomerExcludingAssessedTax-USD-2019-12-29-2020-03-28,source_context,,companyfacts;entite=CIK0000320193;periode=2019-12-29/2020-03-28;segment=aucun(deduit D1),"edgar_normalize.py (règles edgar_v1, automatique)",2026-09-28T12:37:37+00:00,doc:0000320193-0000320193-20-000096,X1
1700,facts,0000320193-0000320193-20-000096-us-gaap:RevenueFromContractWithCustomerExcludingAssessedTax-USD-2019-12-29-2020-03-28,source_dimensions,INCONNU,,"edgar_normalize.py (règles edgar_v1, automatique)",2026-09-28T12:37:37+00:00,doc:0000320193-0000320193-20-000096,D1 : une seule valeur brute pour cette clé
1701,facts,0000320193-0000320193-20-000096-us-gaap:RevenueFromContractWithCustomerExcludingAssessedTax-USD-2019-12-29-2020-03-28,normalized_concept,,total_revenue,"edgar_normalize.py (règles edgar_v1, automatique)",2026-09-28T12:37:37+00:00,doc:0000320193-0000320193-20-000096,R1
1702,facts,0000320193-0000320193-20-000096-us-gaap:RevenueFromContractWithCustomerExcludingAssessedTax-USD-2019-12-29-2020-03-28,transformation,,aucune,"edgar_normalize.py (règles edgar_v1, automatique)",2026-09-28T12:37:37+00:00,doc:0000320193-0000320193-20-000096,T1
1703,facts,0000320193-0000320193-20-000096-us-gaap:RevenueFromContractWithCustomerExcludingAssessedTax-USD-2019-12-29-2020-03-28,value,,58313000000,"edgar_normalize.py (règles edgar_v1, automatique)",2026-09-28T12:37:37+00:00,doc:0000320193-0000320193-20-000096,T1
1704,facts,0000320193-0000320193-20-000096-us-gaap:RevenueFromContractWithCustomerExcludingAssessedTax-USD-2019-12-29-2020-03-28,normalization_justification,,"Règle R1 (edgar_v1) : us-gaap:RevenueFromContractWithCustomerExcludingAssessedTax [USD, duration] -> total_revenue. Valeur reprise telle quelle (T1). Dimensions : aucune, déduit (D1). Entrée brute facts/us-gaap/RevenueFromContractWithCustomerExcludingAssessedTax/units/USD/39 (sha256 1c544fad2c16689a…). À confirmer sur l'instance XBRL.","edgar_normalize.py (règles edgar_v1, automatique)",2026-09-28T12:37:37+00:00,doc:0000320193-0000320193-20-000096,R1
1705,facts,0000320193-0000320193-21-000056-us-gaap:RevenueFromContractWithCustomerExcludingAssessedTax-USD-2019-12-29-2020-03-28,source_context,,companyfacts;entite=CIK0000320193;periode=2019-12-29/2020-03-28;segment=aucun(deduit D1),"edgar_normalize.py (règles edgar_v1, automatique)",2026-09-28T12:37:37+00:00,doc:0000320193-0000320193-21-000056,X1
1706,facts,0000320193-0000320193-21-000056-us-gaap:RevenueFromContractWithCustomerExcludingAssessedTax-USD-2019-12-29-2020-03-28,source_dimensions,INCONNU,,"edgar_normalize.py (règles edgar_v1, automatique)",2026-09-28T12:37:37+00:00,doc:0000320193-0000320193-21-000056,D1 : une seule valeur brute pour cette clé
1707,facts,0000320193-0000320193-21-000056-us-gaap:RevenueFromContractWithCustomerExcludingAssessedTax-USD-2019-12-29-2020-03-28,normalized_concept,,total_revenue,"edgar_normalize.py (règles edgar_v1, automatique)",2026-09-28T12:37:37+00:00,doc:0000320193-0000320193-21-000056,R1
1708,facts,0000320193-0000320193-21-000056-us-gaap:RevenueFromContractWithCustomerExcludingAssessedTax-USD-2019-12-29-2020-03-28,transformation,,aucune,"edgar_normalize.py (règles edgar_v1, automatique)",2026-09-28T12:37:37+00:00,doc:0000320193-0000320193-21-000056,T1
1709,facts,0000320193-0000320193-21-000056-us-gaap:RevenueFromContractWithCustomerExcludingAssessedTax-USD-2019-12-29-2020-03-28,value,,58313000000,"edgar_normalize.py (règles edgar_v1, automatique)",2026-09-28T12:37:37+00:00,doc:0000320193-0000320193-21-000056,T1
1710,facts,0000320193-0000320193-21-000056-us-gaap:RevenueFromContractWithCustomerExcludingAssessedTax-USD-2019-12-29-2020-03-28,normalization_justification,,"Règle R1 (edgar_v1) : us-gaap:RevenueFromContractWithCustomerExcludingAssessedTax [USD, duration] -> total_revenue. Valeur reprise telle quelle (T1). Dimensions : aucune, déduit (D1). Entrée brute facts/us-gaap/RevenueFromContractWithCustomerExcludingAssessedTax/units/USD/40 (sha256 5303800784e8c91c…). À confirmer sur l'instance XBRL.","edgar_normalize.py (règles edgar_v1, automatique)",2026-09-28T12:37:37+00:00,doc:0000320193-0000320193-21-000056,R1
1711,facts,0000320193-0000320193-20-000062-us-gaap:RevenueFromContractWithCustomerExcludingAssessedTax-USD-2019-09-29-2020-06-27,source_context,,companyfacts;entite=CIK0000320193;periode=2019-09-29/2020-06-27;segment=aucun(deduit D1),"edgar_normalize.py (règles edgar_v1, automatique)",2026-09-28T12:37:37+00:00,doc:0000320193-0000320193-20-000062,X1
1712,facts,0000320193-0000320193-20-000062-us-gaap:RevenueFromContractWithCustomerExcludingAssessedTax-USD-2019-09-29-2020-06-27,source_dimensions,INCONNU,,"edgar_normalize.py (règles edgar_v1, automatique)",2026-09-28T12:37:37+00:00,doc:0000320193-0000320193-20-000062,D1 : une seule valeur brute pour cette clé
1713,facts,0000320193-0000320193-20-000062-us-gaap:RevenueFromContractWithCustomerExcludingAssessedTax-USD-2019-09-29-2020-06-27,normalized_concept,,total_revenue,"edgar_normalize.py (règles edgar_v1, automatique)",2026-09-28T12:37:37+00:00,doc:0000320193-0000320193-20-000062,R1
1714,facts,0000320193-0000320193-20-000062-us-gaap:RevenueFromContractWithCustomerExcludingAssessedTax-USD-2019-09-29-2020-06-27,transformation,,aucune,"edgar_normalize.py (règles edgar_v1, automatique)",2026-09-28T12:37:37+00:00,doc:0000320193-0000320193-20-000062,T1
1715,facts,0000320193-0000320193-20-000062-us-gaap:RevenueFromContractWithCustomerExcludingAssessedTax-USD-2019-09-29-2020-06-27,value,,209817000000,"edgar_normalize.py (règles edgar_v1, automatique)",2026-09-28T12:37:37+00:00,doc:0000320193-0000320193-20-000062,T1
1716,facts,0000320193-0000320193-20-000062-us-gaap:RevenueFromContractWithCustomerExcludingAssessedTax-USD-2019-09-29-2020-06-27,normalization_justification,,"Règle R1 (edgar_v1) : us-gaap:RevenueFromContractWithCustomerExcludingAssessedTax [USD, duration] -> total_revenue. Valeur reprise telle quelle (T1). Dimensions : aucune, déduit (D1). Entrée brute facts/us-gaap/RevenueFromContractWithCustomerExcludingAssessedTax/units/USD/41 (sha256 9d60cc54860190be…). À confirmer sur l'instance XBRL.","edgar_normalize.py (règles edgar_v1, automatique)",2026-09-28T12:37:37+00:00,doc:0000320193-0000320193-20-000062,R1
1717,facts,0000320193-0000320193-21-000065-us-gaap:RevenueFromContractWithCustomerExcludingAssessedTax-USD-2019-09-29-2020-06-27,source_context,,companyfacts;entite=CIK0000320193;periode=2019-09-29/2020-06-27;segment=aucun(deduit D1),"edgar_normalize.py (règles edgar_v1, automatique)",2026-09-28T12:37:37+00:00,doc:0000320193-0000320193-21-000065,X1
1718,facts,0000320193-0000320193-21-000065-us-gaap:RevenueFromContractWithCustomerExcludingAssessedTax-USD-2019-09-29-2020-06-27,source_dimensions,INCONNU,,"edgar_normalize.py (règles edgar_v1, automatique)",2026-09-28T12:37:37+00:00,doc:0000320193-0000320193-21-000065,D1 : une seule valeur brute pour cette clé
1719,facts,0000320193-0000320193-21-000065-us-gaap:RevenueFromContractWithCustomerExcludingAssessedTax-USD-2019-09-29-2020-06-27,normalized_concept,,total_revenue,"edgar_normalize.py (règles edgar_v1, automatique)",2026-09-28T12:37:37+00:00,doc:0000320193-0000320193-21-000065,R1
1720,facts,0000320193-0000320193-21-000065-us-gaap:RevenueFromContractWithCustomerExcludingAssessedTax-USD-2019-09-29-2020-06-27,transformation,,aucune,"edgar_normalize.py (règles edgar_v1, automatique)",2026-09-28T12:37:37+00:00,doc:0000320193-0000320193-21-000065,T1
1721,facts,0000320193-0000320193-21-000065-us-gaap:RevenueFromContractWithCustomerExcludingAssessedTax-USD-2019-09-29-2020-06-27,value,,209817000000,"edgar_normalize.py (règles edgar_v1, automatique)",2026-09-28T12:37:37+00:00,doc:0000320193-0000320193-21-000065,T1
1722,facts,0000320193-0000320193-21-000065-us-gaap:RevenueFromContractWithCustomerExcludingAssessedTax-USD-2019-09-29-2020-06-27,normalization_justification,,"Règle R1 (edgar_v1) : us-gaap:RevenueFromContractWithCustomerExcludingAssessedTax [USD, duration] -> total_revenue. Valeur reprise telle quelle (T1). Dimensions : aucune, déduit (D1). Entrée brute facts/us-gaap/RevenueFromContractWithCustomerExcludingAssessedTax/units/USD/42 (sha256 f23569b2f7ea4cc6…). À confirmer sur l'instance XBRL.","edgar_normalize.py (règles edgar_v1, automatique)",2026-09-28T12:37:37+00:00,doc:0000320193-0000320193-21-000065,R1
1723,facts,0000320193-0000320193-20-000062-us-gaap:RevenueFromContractWithCustomerExcludingAssessedTax-USD-2020-03-29-2020-06-27,source_context,,companyfacts;entite=CIK0000320193;periode=2020-03-29/2020-06-27;segment=aucun(deduit D1),"edgar_normalize.py (règles edgar_v1, automatique)",2026-09-28T12:37:37+00:00,doc:0000320193-0000320193-20-000062,X1
1724,facts,0000320193-0000320193-20-000062-us-gaap:RevenueFromContractWithCustomerExcludingAssessedTax-USD-2020-03-29-2020-06-27,source_dimensions,INCONNU,,"edgar_normalize.py (règles edgar_v1, automatique)",2026-09-28T12:37:37+00:00,doc:0000320193-0000320193-20-000062,D1 : une seule valeur brute pour cette clé
1725,facts,0000320193-0000320193-20-000062-us-gaap:RevenueFromContractWithCustomerExcludingAssessedTax-USD-2020-03-29-2020-06-27,normalized_concept,,total_revenue,"edgar_normalize.py (règles edgar_v1, automatique)",2026-09-28T12:37:37+00:00,doc:0000320193-0000320193-20-000062,R1
1726,facts,0000320193-0000320193-20-000062-us-gaap:RevenueFromContractWithCustomerExcludingAssessedTax-USD-2020-03-29-2020-06-27,transformation,,aucune,"edgar_normalize.py (règles edgar_v1, automatique)",2026-09-28T12:37:37+00:00,doc:0000320193-0000320193-20-000062,T1
1727,facts,0000320193-0000320193-20-000062-us-gaap:RevenueFromContractWithCustomerExcludingAssessedTax-USD-2020-03-29-2020-06-27,value,,59685000000,"edgar_normalize.py (règles edgar_v1, automatique)",2026-09-28T12:37:37+00:00,doc:0000320193-0000320193-20-000062,T1
1728,facts,0000320193-0000320193-20-000062-us-gaap:RevenueFromContractWithCustomerExcludingAssessedTax-USD-2020-03-29-2020-06-27,normalization_justification,,"Règle R1 (edgar_v1) : us-gaap:RevenueFromContractWithCustomerExcludingAssessedTax [USD, duration] -> total_revenue. Valeur reprise telle quelle (T1). Dimensions : aucune, déduit (D1). Entrée brute facts/us-gaap/RevenueFromContractWithCustomerExcludingAssessedTax/units/USD/43 (sha256 c05edf8fa0868a8c…). À confirmer sur l'instance XBRL.","edgar_normalize.py (règles edgar_v1, automatique)",2026-09-28T12:37:37+00:00,doc:0000320193-0000320193-20-000062,R1
1729,facts,0000320193-0000320193-20-000096-us-gaap:RevenueFromContractWithCustomerExcludingAssessedTax-USD-2020-03-29-2020-06-27,source_context,,companyfacts;entite=CIK0000320193;periode=2020-03-29/2020-06-27;segment=aucun(deduit D1),"edgar_normalize.py (règles edgar_v1, automatique)",2026-09-28T12:37:37+00:00,doc:0000320193-0000320193-20-000096,X1
1730,facts,0000320193-0000320193-20-000096-us-gaap:RevenueFromContractWithCustomerExcludingAssessedTax-USD-2020-03-29-2020-06-27,source_dimensions,INCONNU,,"edgar_normalize.py (règles edgar_v1, automatique)",2026-09-28T12:37:37+00:00,doc:0000320193-0000320193-20-000096,D1 : une seule valeur brute pour cette clé
1731,facts,0000320193-0000320193-20-000096-us-gaap:RevenueFromContractWithCustomerExcludingAssessedTax-USD-2020-03-29-2020-06-27,normalized_concept,,total_revenue,"edgar_normalize.py (règles edgar_v1, automatique)",2026-09-28T12:37:37+00:00,doc:0000320193-0000320193-20-000096,R1
1732,facts,0000320193-0000320193-20-000096-us-gaap:RevenueFromContractWithCustomerExcludingAssessedTax-USD-2020-03-29-2020-06-27,transformation,,aucune,"edgar_normalize.py (règles edgar_v1, automatique)",2026-09-28T12:37:37+00:00,doc:0000320193-0000320193-20-000096,T1
1733,facts,0000320193-0000320193-20-000096-us-gaap:RevenueFromContractWithCustomerExcludingAssessedTax-USD-2020-03-29-2020-06-27,value,,59685000000,"edgar_normalize.py (règles edgar_v1, automatique)",2026-09-28T12:37:37+00:00,doc:0000320193-0000320193-20-000096,T1
1734,facts,0000320193-0000320193-20-000096-us-gaap:RevenueFromContractWithCustomerExcludingAssessedTax-USD-2020-03-29-2020-06-27,normalization_justification,,"Règle R1 (edgar_v1) : us-gaap:RevenueFromContractWithCustomerExcludingAssessedTax [USD, duration] -> total_revenue. Valeur reprise telle quelle (T1). Dimensions : aucune, déduit (D1). Entrée brute facts/us-gaap/RevenueFromContractWithCustomerExcludingAssessedTax/units/USD/44 (sha256 b96494e1a6700132…). À confirmer sur l'instance XBRL.","edgar_normalize.py (règles edgar_v1, automatique)",2026-09-28T12:37:37+00:00,doc:0000320193-0000320193-20-000096,R1
1735,facts,0000320193-0000320193-21-000065-us-gaap:RevenueFromContractWithCustomerExcludingAssessedTax-USD-2020-03-29-2020-06-27,source_context,,companyfacts;entite=CIK0000320193;periode=2020-03-29/2020-06-27;segment=aucun(deduit D1),"edgar_normalize.py (règles edgar_v1, automatique)",2026-09-28T12:37:37+00:00,doc:0000320193-0000320193-21-000065,X1
1736,facts,0000320193-0000320193-21-000065-us-gaap:RevenueFromContractWithCustomerExcludingAssessedTax-USD-2020-03-29-2020-06-27,source_dimensions,INCONNU,,"edgar_normalize.py (règles edgar_v1, automatique)",2026-09-28T12:37:37+00:00,doc:0000320193-0000320193-21-000065,D1 : une seule valeur brute pour cette clé
1737,facts,0000320193-0000320193-21-000065-us-gaap:RevenueFromContractWithCustomerExcludingAssessedTax-USD-2020-03-29-2020-06-27,normalized_concept,,total_revenue,"edgar_normalize.py (règles edgar_v1, automatique)",2026-09-28T12:37:37+00:00,doc:0000320193-0000320193-21-000065,R1
1738,facts,0000320193-0000320193-21-000065-us-gaap:RevenueFromContractWithCustomerExcludingAssessedTax-USD-2020-03-29-2020-06-27,transformation,,aucune,"edgar_normalize.py (règles edgar_v1, automatique)",2026-09-28T12:37:37+00:00,doc:0000320193-0000320193-21-000065,T1
1739,facts,0000320193-0000320193-21-000065-us-gaap:RevenueFromContractWithCustomerExcludingAssessedTax-USD-2020-03-29-2020-06-27,value,,59685000000,"edgar_normalize.py (règles edgar_v1, automatique)",2026-09-28T12:37:37+00:00,doc:0000320193-0000320193-21-000065,T1
1740,facts,0000320193-0000320193-21-000065-us-gaap:RevenueFromContractWithCustomerExcludingAssessedTax-USD-2020-03-29-2020-06-27,normalization_justification,,"Règle R1 (edgar_v1) : us-gaap:RevenueFromContractWithCustomerExcludingAssessedTax [USD, duration] -> total_revenue. Valeur reprise telle quelle (T1). Dimensions : aucune, déduit (D1). Entrée brute facts/us-gaap/RevenueFromContractWithCustomerExcludingAssessedTax/units/USD/45 (sha256 dd4dcf7a4c980d06…). À confirmer sur l'instance XBRL.","edgar_normalize.py (règles edgar_v1, automatique)",2026-09-28T12:37:37+00:00,doc:0000320193-0000320193-21-000065,R1
1741,facts,0000320193-0000320193-20-000096-us-gaap:RevenueFromContractWithCustomerExcludingAssessedTax-USD-2019-09-29-2020-09-26,source_context,,companyfacts;entite=CIK0000320193;periode=2019-09-29/2020-09-26;segment=aucun(deduit D1),"edgar_normalize.py (règles edgar_v1, automatique)",2026-09-28T12:37:37+00:00,doc:0000320193-0000320193-20-000096,X1
1742,facts,0000320193-0000320193-20-000096-us-gaap:RevenueFromContractWithCustomerExcludingAssessedTax-USD-2019-09-29-2020-09-26,source_dimensions,INCONNU,,"edgar_normalize.py (règles edgar_v1, automatique)",2026-09-28T12:37:37+00:00,doc:0000320193-0000320193-20-000096,D1 : une seule valeur brute pour cette clé
1743,facts,0000320193-0000320193-20-000096-us-gaap:RevenueFromContractWithCustomerExcludingAssessedTax-USD-2019-09-29-2020-09-26,normalized_concept,,total_revenue,"edgar_normalize.py (règles edgar_v1, automatique)",2026-09-28T12:37:37+00:00,doc:0000320193-0000320193-20-000096,R1
1744,facts,0000320193-0000320193-20-000096-us-gaap:RevenueFromContractWithCustomerExcludingAssessedTax-USD-2019-09-29-2020-09-26,transformation,,aucune,"edgar_normalize.py (règles edgar_v1, automatique)",2026-09-28T12:37:37+00:00,doc:0000320193-0000320193-20-000096,T1
1745,facts,0000320193-0000320193-20-000096-us-gaap:RevenueFromContractWithCustomerExcludingAssessedTax-USD-2019-09-29-2020-09-26,value,,274515000000,"edgar_normalize.py (règles edgar_v1, automatique)",2026-09-28T12:37:37+00:00,doc:0000320193-0000320193-20-000096,T1
1746,facts,0000320193-0000320193-20-000096-us-gaap:RevenueFromContractWithCustomerExcludingAssessedTax-USD-2019-09-29-2020-09-26,normalization_justification,,"Règle R1 (edgar_v1) : us-gaap:RevenueFromContractWithCustomerExcludingAssessedTax [USD, duration] -> total_revenue. Valeur reprise telle quelle (T1). Dimensions : aucune, déduit (D1). Entrée brute facts/us-gaap/RevenueFromContractWithCustomerExcludingAssessedTax/units/USD/46 (sha256 55e51a000c413842…). À confirmer sur l'instance XBRL.","edgar_normalize.py (règles edgar_v1, automatique)",2026-09-28T12:37:37+00:00,doc:0000320193-0000320193-20-000096,R1
1747,facts,0000320193-0000320193-21-000105-us-gaap:RevenueFromContractWithCustomerExcludingAssessedTax-USD-2019-09-29-2020-09-26,source_context,,companyfacts;entite=CIK0000320193;periode=2019-09-29/2020-09-26;segment=aucun(deduit D1),"edgar_normalize.py (règles edgar_v1, automatique)",2026-09-28T12:37:37+00:00,doc:0000320193-0000320193-21-000105,X1
1748,facts,0000320193-0000320193-21-000105-us-gaap:RevenueFromContractWithCustomerExcludingAssessedTax-USD-2019-09-29-2020-09-26,source_dimensions,INCONNU,,"edgar_normalize.py (règles edgar_v1, automatique)",2026-09-28T12:37:37+00:00,doc:0000320193-0000320193-21-000105,D1 : une seule valeur brute pour cette clé
1749,facts,0000320193-0000320193-21-000105-us-gaap:RevenueFromContractWithCustomerExcludingAssessedTax-USD-2019-09-29-2020-09-26,normalized_concept,,total_revenue,"edgar_normalize.py (règles edgar_v1, automatique)",2026-09-28T12:37:37+00:00,doc:0000320193-0000320193-21-000105,R1
1750,facts,0000320193-0000320193-21-000105-us-gaap:RevenueFromContractWithCustomerExcludingAssessedTax-USD-2019-09-29-2020-09-26,transformation,,aucune,"edgar_normalize.py (règles edgar_v1, automatique)",2026-09-28T12:37:37+00:00,doc:0000320193-0000320193-21-000105,T1
1751,facts,0000320193-0000320193-21-000105-us-gaap:RevenueFromContractWithCustomerExcludingAssessedTax-USD-2019-09-29-2020-09-26,value,,274515000000,"edgar_normalize.py (règles edgar_v1, automatique)",2026-09-28T12:37:37+00:00,doc:0000320193-0000320193-21-000105,T1
1752,facts,0000320193-0000320193-21-000105-us-gaap:RevenueFromContractWithCustomerExcludingAssessedTax-USD-2019-09-29-2020-09-26,normalization_justification,,"Règle R1 (edgar_v1) : us-gaap:RevenueFromContractWithCustomerExcludingAssessedTax [USD, duration] -> total_revenue. Valeur reprise telle quelle (T1). Dimensions : aucune, déduit (D1). Entrée brute facts/us-gaap/RevenueFromContractWithCustomerExcludingAssessedTax/units/USD/47 (sha256 24cc4ae01fe8ce6a…). À confirmer sur l'instance XBRL.","edgar_normalize.py (règles edgar_v1, automatique)",2026-09-28T12:37:37+00:00,doc:0000320193-0000320193-21-000105,R1
1753,facts,0000320193-0000320193-22-000108-us-gaap:RevenueFromContractWithCustomerExcludingAssessedTax-USD-2019-09-29-2020-09-26,source_context,,companyfacts;entite=CIK0000320193;periode=2019-09-29/2020-09-26;segment=aucun(deduit D1),"edgar_normalize.py (règles edgar_v1, automatique)",2026-09-28T12:37:37+00:00,doc:0000320193-0000320193-22-000108,X1
1754,facts,0000320193-0000320193-22-000108-us-gaap:RevenueFromContractWithCustomerExcludingAssessedTax-USD-2019-09-29-2020-09-26,source_dimensions,INCONNU,,"edgar_normalize.py (règles edgar_v1, automatique)",2026-09-28T12:37:37+00:00,doc:0000320193-0000320193-22-000108,D1 : une seule valeur brute pour cette clé
1755,facts,0000320193-0000320193-22-000108-us-gaap:RevenueFromContractWithCustomerExcludingAssessedTax-USD-2019-09-29-2020-09-26,normalized_concept,,total_revenue,"edgar_normalize.py (règles edgar_v1, automatique)",2026-09-28T12:37:37+00:00,doc:0000320193-0000320193-22-000108,R1
1756,facts,0000320193-0000320193-22-000108-us-gaap:RevenueFromContractWithCustomerExcludingAssessedTax-USD-2019-09-29-2020-09-26,transformation,,aucune,"edgar_normalize.py (règles edgar_v1, automatique)",2026-09-28T12:37:37+00:00,doc:0000320193-0000320193-22-000108,T1
1757,facts,0000320193-0000320193-22-000108-us-gaap:RevenueFromContractWithCustomerExcludingAssessedTax-USD-2019-09-29-2020-09-26,value,,274515000000,"edgar_normalize.py (règles edgar_v1, automatique)",2026-09-28T12:37:37+00:00,doc:0000320193-0000320193-22-000108,T1
1758,facts,0000320193-0000320193-22-000108-us-gaap:RevenueFromContractWithCustomerExcludingAssessedTax-USD-2019-09-29-2020-09-26,normalization_justification,,"Règle R1 (edgar_v1) : us-gaap:RevenueFromContractWithCustomerExcludingAssessedTax [USD, duration] -> total_revenue. Valeur reprise telle quelle (T1). Dimensions : aucune, déduit (D1). Entrée brute facts/us-gaap/RevenueFromContractWithCustomerExcludingAssessedTax/units/USD/48 (sha256 bc61bd39ca8d0d11…). À confirmer sur l'instance XBRL.","edgar_normalize.py (règles edgar_v1, automatique)",2026-09-28T12:37:37+00:00,doc:0000320193-0000320193-22-000108,R1
1759,facts,0000320193-0000320193-20-000096-us-gaap:RevenueFromContractWithCustomerExcludingAssessedTax-USD-2020-06-28-2020-09-26,source_context,,companyfacts;entite=CIK0000320193;periode=2020-06-28/2020-09-26;segment=aucun(deduit D1),"edgar_normalize.py (règles edgar_v1, automatique)",2026-09-28T12:37:37+00:00,doc:0000320193-0000320193-20-000096,X1
1760,facts,0000320193-0000320193-20-000096-us-gaap:RevenueFromContractWithCustomerExcludingAssessedTax-USD-2020-06-28-2020-09-26,source_dimensions,INCONNU,,"edgar_normalize.py (règles edgar_v1, automatique)",2026-09-28T12:37:37+00:00,doc:0000320193-0000320193-20-000096,D1 : une seule valeur brute pour cette clé
1761,facts,0000320193-0000320193-20-000096-us-gaap:RevenueFromContractWithCustomerExcludingAssessedTax-USD-2020-06-28-2020-09-26,normalized_concept,,total_revenue,"edgar_normalize.py (règles edgar_v1, automatique)",2026-09-28T12:37:37+00:00,doc:0000320193-0000320193-20-000096,R1
1762,facts,0000320193-0000320193-20-000096-us-gaap:RevenueFromContractWithCustomerExcludingAssessedTax-USD-2020-06-28-2020-09-26,transformation,,aucune,"edgar_normalize.py (règles edgar_v1, automatique)",2026-09-28T12:37:37+00:00,doc:0000320193-0000320193-20-000096,T1
1763,facts,0000320193-0000320193-20-000096-us-gaap:RevenueFromContractWithCustomerExcludingAssessedTax-USD-2020-06-28-2020-09-26,value,,64698000000,"edgar_normalize.py (règles edgar_v1, automatique)",2026-09-28T12:37:37+00:00,doc:0000320193-0000320193-20-000096,T1
1764,facts,0000320193-0000320193-20-000096-us-gaap:RevenueFromContractWithCustomerExcludingAssessedTax-USD-2020-06-28-2020-09-26,normalization_justification,,"Règle R1 (edgar_v1) : us-gaap:RevenueFromContractWithCustomerExcludingAssessedTax [USD, duration] -> total_revenue. Valeur reprise telle quelle (T1). Dimensions : aucune, déduit (D1). Entrée brute facts/us-gaap/RevenueFromContractWithCustomerExcludingAssessedTax/units/USD/49 (sha256 5d4ce45f504d9d49…). À confirmer sur l'instance XBRL.","edgar_normalize.py (règles edgar_v1, automatique)",2026-09-28T12:37:37+00:00,doc:0000320193-0000320193-20-000096,R1
1765,facts,0000320193-0000320193-21-000010-us-gaap:RevenueFromContractWithCustomerExcludingAssessedTax-USD-2020-09-27-2020-12-26,source_context,,companyfacts;entite=CIK0000320193;periode=2020-09-27/2020-12-26;segment=aucun(deduit D1),"edgar_normalize.py (règles edgar_v1, automatique)",2026-09-28T12:37:37+00:00,doc:0000320193-0000320193-21-000010,X1
1766,facts,0000320193-0000320193-21-000010-us-gaap:RevenueFromContractWithCustomerExcludingAssessedTax-USD-2020-09-27-2020-12-26,source_dimensions,INCONNU,,"edgar_normalize.py (règles edgar_v1, automatique)",2026-09-28T12:37:37+00:00,doc:0000320193-0000320193-21-000010,D1 : une seule valeur brute pour cette clé
1767,facts,0000320193-0000320193-21-000010-us-gaap:RevenueFromContractWithCustomerExcludingAssessedTax-USD-2020-09-27-2020-12-26,normalized_concept,,total_revenue,"edgar_normalize.py (règles edgar_v1, automatique)",2026-09-28T12:37:37+00:00,doc:0000320193-0000320193-21-000010,R1
1768,facts,0000320193-0000320193-21-000010-us-gaap:RevenueFromContractWithCustomerExcludingAssessedTax-USD-2020-09-27-2020-12-26,transformation,,aucune,"edgar_normalize.py (règles edgar_v1, automatique)",2026-09-28T12:37:37+00:00,doc:0000320193-0000320193-21-000010,T1
1769,facts,0000320193-0000320193-21-000010-us-gaap:RevenueFromContractWithCustomerExcludingAssessedTax-USD-2020-09-27-2020-12-26,value,,111439000000,"edgar_normalize.py (règles edgar_v1, automatique)",2026-09-28T12:37:37+00:00,doc:0000320193-0000320193-21-000010,T1
1770,facts,0000320193-0000320193-21-000010-us-gaap:RevenueFromContractWithCustomerExcludingAssessedTax-USD-2020-09-27-2020-12-26,normalization_justification,,"Règle R1 (edgar_v1) : us-gaap:RevenueFromContractWithCustomerExcludingAssessedTax [USD, duration] -> total_revenue. Valeur reprise telle quelle (T1). Dimensions : aucune, déduit (D1). Entrée brute facts/us-gaap/RevenueFromContractWithCustomerExcludingAssessedTax/units/USD/50 (sha256 163c1e9d8c853496…). À confirmer sur l'instance XBRL.","edgar_normalize.py (règles edgar_v1, automatique)",2026-09-28T12:37:37+00:00,doc:0000320193-0000320193-21-000010,R1
1771,facts,0000320193-0000320193-22-000007-us-gaap:RevenueFromContractWithCustomerExcludingAssessedTax-USD-2020-09-27-2020-12-26,source_context,,companyfacts;entite=CIK0000320193;periode=2020-09-27/2020-12-26;segment=aucun(deduit D1),"edgar_normalize.py (règles edgar_v1, automatique)",2026-09-28T12:37:37+00:00,doc:0000320193-0000320193-22-000007,X1
1772,facts,0000320193-0000320193-22-000007-us-gaap:RevenueFromContractWithCustomerExcludingAssessedTax-USD-2020-09-27-2020-12-26,source_dimensions,INCONNU,,"edgar_normalize.py (règles edgar_v1, automatique)",2026-09-28T12:37:37+00:00,doc:0000320193-0000320193-22-000007,D1 : une seule valeur brute pour cette clé
1773,facts,0000320193-0000320193-22-000007-us-gaap:RevenueFromContractWithCustomerExcludingAssessedTax-USD-2020-09-27-2020-12-26,normalized_concept,,total_revenue,"edgar_normalize.py (règles edgar_v1, automatique)",2026-09-28T12:37:37+00:00,doc:0000320193-0000320193-22-000007,R1
1774,facts,0000320193-0000320193-22-000007-us-gaap:RevenueFromContractWithCustomerExcludingAssessedTax-USD-2020-09-27-2020-12-26,transformation,,aucune,"edgar_normalize.py (règles edgar_v1, automatique)",2026-09-28T12:37:37+00:00,doc:0000320193-0000320193-22-000007,T1
1775,facts,0000320193-0000320193-22-000007-us-gaap:RevenueFromContractWithCustomerExcludingAssessedTax-USD-2020-09-27-2020-12-26,value,,111439000000,"edgar_normalize.py (règles edgar_v1, automatique)",2026-09-28T12:37:37+00:00,doc:0000320193-0000320193-22-000007,T1
1776,facts,0000320193-0000320193-22-000007-us-gaap:RevenueFromContractWithCustomerExcludingAssessedTax-USD-2020-09-27-2020-12-26,normalization_justification,,"Règle R1 (edgar_v1) : us-gaap:RevenueFromContractWithCustomerExcludingAssessedTax [USD, duration] -> total_revenue. Valeur reprise telle quelle (T1). Dimensions : aucune, déduit (D1). Entrée brute facts/us-gaap/RevenueFromContractWithCustomerExcludingAssessedTax/units/USD/51 (sha256 3537f63061907291…). À confirmer sur l'instance XBRL.","edgar_normalize.py (règles edgar_v1, automatique)",2026-09-28T12:37:37+00:00,doc:0000320193-0000320193-22-000007,R1
1777,facts,0000320193-0000320193-21-000056-us-gaap:RevenueFromContractWithCustomerExcludingAssessedTax-USD-2020-09-27-2021-03-27,source_context,,companyfacts;entite=CIK0000320193;periode=2020-09-27/2021-03-27;segment=aucun(deduit D1),"edgar_normalize.py (règles edgar_v1, automatique)",2026-09-28T12:37:37+00:00,doc:0000320193-0000320193-21-000056,X1
1778,facts,0000320193-0000320193-21-000056-us-gaap:RevenueFromContractWithCustomerExcludingAssessedTax-USD-2020-09-27-2021-03-27,source_dimensions,INCONNU,,"edgar_normalize.py (règles edgar_v1, automatique)",2026-09-28T12:37:37+00:00,doc:0000320193-0000320193-21-000056,D1 : une seule valeur brute pour cette clé
1779,facts,0000320193-0000320193-21-000056-us-gaap:RevenueFromContractWithCustomerExcludingAssessedTax-USD-2020-09-27-2021-03-27,normalized_concept,,total_revenue,"edgar_normalize.py (règles edgar_v1, automatique)",2026-09-28T12:37:37+00:00,doc:0000320193-0000320193-21-000056,R1
1780,facts,0000320193-0000320193-21-000056-us-gaap:RevenueFromContractWithCustomerExcludingAssessedTax-USD-2020-09-27-2021-03-27,transformation,,aucune,"edgar_normalize.py (règles edgar_v1, automatique)",2026-09-28T12:37:37+00:00,doc:0000320193-0000320193-21-000056,T1
1781,facts,0000320193-0000320193-21-000056-us-gaap:RevenueFromContractWithCustomerExcludingAssessedTax-USD-2020-09-27-2021-03-27,value,,201023000000,"edgar_normalize.py (règles edgar_v1, automatique)",2026-09-28T12:37:37+00:00,doc:0000320193-0000320193-21-000056,T1
1782,facts,0000320193-0000320193-21-000056-us-gaap:RevenueFromContractWithCustomerExcludingAssessedTax-USD-2020-09-27-2021-03-27,normalization_justification,,"Règle R1 (edgar_v1) : us-gaap:RevenueFromContractWithCustomerExcludingAssessedTax [USD, duration] -> total_revenue. Valeur reprise telle quelle (T1). Dimensions : aucune, déduit (D1). Entrée brute facts/us-gaap/RevenueFromContractWithCustomerExcludingAssessedTax/units/USD/52 (sha256 26da33e31e091ecd…). À confirmer sur l'instance XBRL.","edgar_normalize.py (règles edgar_v1, automatique)",2026-09-28T12:37:37+00:00,doc:0000320193-0000320193-21-000056,R1
1783,facts,0000320193-0000320193-22-000059-us-gaap:RevenueFromContractWithCustomerExcludingAssessedTax-USD-2020-09-27-2021-03-27,source_context,,companyfacts;entite=CIK0000320193;periode=2020-09-27/2021-03-27;segment=aucun(deduit D1),"edgar_normalize.py (règles edgar_v1, automatique)",2026-09-28T12:37:37+00:00,doc:0000320193-0000320193-22-000059,X1
1784,facts,0000320193-0000320193-22-000059-us-gaap:RevenueFromContractWithCustomerExcludingAssessedTax-USD-2020-09-27-2021-03-27,source_dimensions,INCONNU,,"edgar_normalize.py (règles edgar_v1, automatique)",2026-09-28T12:37:37+00:00,doc:0000320193-0000320193-22-000059,D1 : une seule valeur brute pour cette clé
1785,facts,0000320193-0000320193-22-000059-us-gaap:RevenueFromContractWithCustomerExcludingAssessedTax-USD-2020-09-27-2021-03-27,normalized_concept,,total_revenue,"edgar_normalize.py (règles edgar_v1, automatique)",2026-09-28T12:37:37+00:00,doc:0000320193-0000320193-22-000059,R1
1786,facts,0000320193-0000320193-22-000059-us-gaap:RevenueFromContractWithCustomerExcludingAssessedTax-USD-2020-09-27-2021-03-27,transformation,,aucune,"edgar_normalize.py (règles edgar_v1, automatique)",2026-09-28T12:37:37+00:00,doc:0000320193-0000320193-22-000059,T1
1787,facts,0000320193-0000320193-22-000059-us-gaap:RevenueFromContractWithCustomerExcludingAssessedTax-USD-2020-09-27-2021-03-27,value,,201023000000,"edgar_normalize.py (règles edgar_v1, automatique)",2026-09-28T12:37:37+00:00,doc:0000320193-0000320193-22-000059,T1
1788,facts,0000320193-0000320193-22-000059-us-gaap:RevenueFromContractWithCustomerExcludingAssessedTax-USD-2020-09-27-2021-03-27,normalization_justification,,"Règle R1 (edgar_v1) : us-gaap:RevenueFromContractWithCustomerExcludingAssessedTax [USD, duration] -> total_revenue. Valeur reprise telle quelle (T1). Dimensions : aucune, déduit (D1). Entrée brute facts/us-gaap/RevenueFromContractWithCustomerExcludingAssessedTax/units/USD/53 (sha256 a12542a0f9bb4fc0…). À confirmer sur l'instance XBRL.","edgar_normalize.py (règles edgar_v1, automatique)",2026-09-28T12:37:37+00:00,doc:0000320193-0000320193-22-000059,R1
1789,facts,0000320193-0000320193-21-000056-us-gaap:RevenueFromContractWithCustomerExcludingAssessedTax-USD-2020-12-27-2021-03-27,source_context,,companyfacts;entite=CIK0000320193;periode=2020-12-27/2021-03-27;segment=aucun(deduit D1),"edgar_normalize.py (règles edgar_v1, automatique)",2026-09-28T12:37:37+00:00,doc:0000320193-0000320193-21-000056,X1
1790,facts,0000320193-0000320193-21-000056-us-gaap:RevenueFromContractWithCustomerExcludingAssessedTax-USD-2020-12-27-2021-03-27,source_dimensions,INCONNU,,"edgar_normalize.py (règles edgar_v1, automatique)",2026-09-28T12:37:37+00:00,doc:0000320193-0000320193-21-000056,D1 : une seule valeur brute pour cette clé
1791,facts,0000320193-0000320193-21-000056-us-gaap:RevenueFromContractWithCustomerExcludingAssessedTax-USD-2020-12-27-2021-03-27,normalized_concept,,total_revenue,"edgar_normalize.py (règles edgar_v1, automatique)",2026-09-28T12:37:37+00:00,doc:0000320193-0000320193-21-000056,R1
1792,facts,0000320193-0000320193-21-000056-us-gaap:RevenueFromContractWithCustomerExcludingAssessedTax-USD-2020-12-27-2021-03-27,transformation,,aucune,"edgar_normalize.py (règles edgar_v1, automatique)",2026-09-28T12:37:37+00:00,doc:0000320193-0000320193-21-000056,T1
1793,facts,0000320193-0000320193-21-000056-us-gaap:RevenueFromContractWithCustomerExcludingAssessedTax-USD-2020-12-27-2021-03-27,value,,89584000000,"edgar_normalize.py (règles edgar_v1, automatique)",2026-09-28T12:37:37+00:00,doc:0000320193-0000320193-21-000056,T1
1794,facts,0000320193-0000320193-21-000056-us-gaap:RevenueFromContractWithCustomerExcludingAssessedTax-USD-2020-12-27-2021-03-27,normalization_justification,,"Règle R1 (edgar_v1) : us-gaap:RevenueFromContractWithCustomerExcludingAssessedTax [USD, duration] -> total_revenue. Valeur reprise telle quelle (T1). Dimensions : aucune, déduit (D1). Entrée brute facts/us-gaap/RevenueFromContractWithCustomerExcludingAssessedTax/units/USD/54 (sha256 fc25fb8af6de0a81…). À confirmer sur l'instance XBRL.","edgar_normalize.py (règles edgar_v1, automatique)",2026-09-28T12:37:37+00:00,doc:0000320193-0000320193-21-000056,R1
1795,facts,0000320193-0000320193-22-000059-us-gaap:RevenueFromContractWithCustomerExcludingAssessedTax-USD-2020-12-27-2021-03-27,source_context,,companyfacts;entite=CIK0000320193;periode=2020-12-27/2021-03-27;segment=aucun(deduit D1),"edgar_normalize.py (règles edgar_v1, automatique)",2026-09-28T12:37:37+00:00,doc:0000320193-0000320193-22-000059,X1
1796,facts,0000320193-0000320193-22-000059-us-gaap:RevenueFromContractWithCustomerExcludingAssessedTax-USD-2020-12-27-2021-03-27,source_dimensions,INCONNU,,"edgar_normalize.py (règles edgar_v1, automatique)",2026-09-28T12:37:37+00:00,doc:0000320193-0000320193-22-000059,D1 : une seule valeur brute pour cette clé
1797,facts,0000320193-0000320193-22-000059-us-gaap:RevenueFromContractWithCustomerExcludingAssessedTax-USD-2020-12-27-2021-03-27,normalized_concept,,total_revenue,"edgar_normalize.py (règles edgar_v1, automatique)",2026-09-28T12:37:37+00:00,doc:0000320193-0000320193-22-000059,R1
1798,facts,0000320193-0000320193-22-000059-us-gaap:RevenueFromContractWithCustomerExcludingAssessedTax-USD-2020-12-27-2021-03-27,transformation,,aucune,"edgar_normalize.py (règles edgar_v1, automatique)",2026-09-28T12:37:37+00:00,doc:0000320193-0000320193-22-000059,T1
1799,facts,0000320193-0000320193-22-000059-us-gaap:RevenueFromContractWithCustomerExcludingAssessedTax-USD-2020-12-27-2021-03-27,value,,89584000000,"edgar_normalize.py (règles edgar_v1, automatique)",2026-09-28T12:37:37+00:00,doc:0000320193-0000320193-22-000059,T1
1800,facts,0000320193-0000320193-22-000059-us-gaap:RevenueFromContractWithCustomerExcludingAssessedTax-USD-2020-12-27-2021-03-27,normalization_justification,,"Règle R1 (edgar_v1) : us-gaap:RevenueFromContractWithCustomerExcludingAssessedTax [USD, duration] -> total_revenue. Valeur reprise telle quelle (T1). Dimensions : aucune, déduit (D1). Entrée brute facts/us-gaap/RevenueFromContractWithCustomerExcludingAssessedTax/units/USD/55 (sha256 a07f58efa003d2ed…). À confirmer sur l'instance XBRL.","edgar_normalize.py (règles edgar_v1, automatique)",2026-09-28T12:37:37+00:00,doc:0000320193-0000320193-22-000059,R1
1801,facts,0000320193-0000320193-21-000065-us-gaap:RevenueFromContractWithCustomerExcludingAssessedTax-USD-2020-09-27-2021-06-26,source_context,,companyfacts;entite=CIK0000320193;periode=2020-09-27/2021-06-26;segment=aucun(deduit D1),"edgar_normalize.py (règles edgar_v1, automatique)",2026-09-28T12:37:37+00:00,doc:0000320193-0000320193-21-000065,X1
1802,facts,0000320193-0000320193-21-000065-us-gaap:RevenueFromContractWithCustomerExcludingAssessedTax-USD-2020-09-27-2021-06-26,source_dimensions,INCONNU,,"edgar_normalize.py (règles edgar_v1, automatique)",2026-09-28T12:37:37+00:00,doc:0000320193-0000320193-21-000065,D1 : une seule valeur brute pour cette clé
1803,facts,0000320193-0000320193-21-000065-us-gaap:RevenueFromContractWithCustomerExcludingAssessedTax-USD-2020-09-27-2021-06-26,normalized_concept,,total_revenue,"edgar_normalize.py (règles edgar_v1, automatique)",2026-09-28T12:37:37+00:00,doc:0000320193-0000320193-21-000065,R1
1804,facts,0000320193-0000320193-21-000065-us-gaap:RevenueFromContractWithCustomerExcludingAssessedTax-USD-2020-09-27-2021-06-26,transformation,,aucune,"edgar_normalize.py (règles edgar_v1, automatique)",2026-09-28T12:37:37+00:00,doc:0000320193-0000320193-21-000065,T1
1805,facts,0000320193-0000320193-21-000065-us-gaap:RevenueFromContractWithCustomerExcludingAssessedTax-USD-2020-09-27-2021-06-26,value,,282457000000,"edgar_normalize.py (règles edgar_v1, automatique)",2026-09-28T12:37:37+00:00,doc:0000320193-0000320193-21-000065,T1
1806,facts,0000320193-0000320193-21-000065-us-gaap:RevenueFromContractWithCustomerExcludingAssessedTax-USD-2020-09-27-2021-06-26,normalization_justification,,"Règle R1 (edgar_v1) : us-gaap:RevenueFromContractWithCustomerExcludingAssessedTax [USD, duration] -> total_revenue. Valeur reprise telle quelle (T1). Dimensions : aucune, déduit (D1). Entrée brute facts/us-gaap/RevenueFromContractWithCustomerExcludingAssessedTax/units/USD/56 (sha256 9a149783bce748ae…). À confirmer sur l'instance XBRL.","edgar_normalize.py (règles edgar_v1, automatique)",2026-09-28T12:37:37+00:00,doc:0000320193-0000320193-21-000065,R1
1807,facts,0000320193-0000320193-22-000070-us-gaap:RevenueFromContractWithCustomerExcludingAssessedTax-USD-2020-09-27-2021-06-26,source_context,,companyfacts;entite=CIK0000320193;periode=2020-09-27/2021-06-26;segment=aucun(deduit D1),"edgar_normalize.py (règles edgar_v1, automatique)",2026-09-28T12:37:37+00:00,doc:0000320193-0000320193-22-000070,X1
1808,facts,0000320193-0000320193-22-000070-us-gaap:RevenueFromContractWithCustomerExcludingAssessedTax-USD-2020-09-27-2021-06-26,source_dimensions,INCONNU,,"edgar_normalize.py (règles edgar_v1, automatique)",2026-09-28T12:37:37+00:00,doc:0000320193-0000320193-22-000070,D1 : une seule valeur brute pour cette clé
1809,facts,0000320193-0000320193-22-000070-us-gaap:RevenueFromContractWithCustomerExcludingAssessedTax-USD-2020-09-27-2021-06-26,normalized_concept,,total_revenue,"edgar_normalize.py (règles edgar_v1, automatique)",2026-09-28T12:37:37+00:00,doc:0000320193-0000320193-22-000070,R1
1810,facts,0000320193-0000320193-22-000070-us-gaap:RevenueFromContractWithCustomerExcludingAssessedTax-USD-2020-09-27-2021-06-26,transformation,,aucune,"edgar_normalize.py (règles edgar_v1, automatique)",2026-09-28T12:37:37+00:00,doc:0000320193-0000320193-22-000070,T1
1811,facts,0000320193-0000320193-22-000070-us-gaap:RevenueFromContractWithCustomerExcludingAssessedTax-USD-2020-09-27-2021-06-26,value,,282457000000,"edgar_normalize.py (règles edgar_v1, automatique)",2026-09-28T12:37:37+00:00,doc:0000320193-0000320193-22-000070,T1
1812,facts,0000320193-0000320193-22-000070-us-gaap:RevenueFromContractWithCustomerExcludingAssessedTax-USD-2020-09-27-2021-06-26,normalization_justification,,"Règle R1 (edgar_v1) : us-gaap:RevenueFromContractWithCustomerExcludingAssessedTax [USD, duration] -> total_revenue. Valeur reprise telle quelle (T1). Dimensions : aucune, déduit (D1). Entrée brute facts/us-gaap/RevenueFromContractWithCustomerExcludingAssessedTax/units/USD/57 (sha256 e7aa27dc6d6dafea…). À confirmer sur l'instance XBRL.","edgar_normalize.py (règles edgar_v1, automatique)",2026-09-28T12:37:37+00:00,doc:0000320193-0000320193-22-000070,R1
1813,facts,0000320193-0000320193-21-000065-us-gaap:RevenueFromContractWithCustomerExcludingAssessedTax-USD-2021-03-28-2021-06-26,source_context,,companyfacts;entite=CIK0000320193;periode=2021-03-28/2021-06-26;segment=aucun(deduit D1),"edgar_normalize.py (règles edgar_v1, automatique)",2026-09-28T12:37:37+00:00,doc:0000320193-0000320193-21-000065,X1
1814,facts,0000320193-0000320193-21-000065-us-gaap:RevenueFromContractWithCustomerExcludingAssessedTax-USD-2021-03-28-2021-06-26,source_dimensions,INCONNU,,"edgar_normalize.py (règles edgar_v1, automatique)",2026-09-28T12:37:37+00:00,doc:0000320193-0000320193-21-000065,D1 : une seule valeur brute pour cette clé
1815,facts,0000320193-0000320193-21-000065-us-gaap:RevenueFromContractWithCustomerExcludingAssessedTax-USD-2021-03-28-2021-06-26,normalized_concept,,total_revenue,"edgar_normalize.py (règles edgar_v1, automatique)",2026-09-28T12:37:37+00:00,doc:0000320193-0000320193-21-000065,R1
1816,facts,0000320193-0000320193-21-000065-us-gaap:RevenueFromContractWithCustomerExcludingAssessedTax-USD-2021-03-28-2021-06-26,transformation,,aucune,"edgar_normalize.py (règles edgar_v1, automatique)",2026-09-28T12:37:37+00:00,doc:0000320193-0000320193-21-000065,T1
1817,facts,0000320193-0000320193-21-000065-us-gaap:RevenueFromContractWithCustomerExcludingAssessedTax-USD-2021-03-28-2021-06-26,value,,81434000000,"edgar_normalize.py (règles edgar_v1, automatique)",2026-09-28T12:37:37+00:00,doc:0000320193-0000320193-21-000065,T1
1818,facts,0000320193-0000320193-21-000065-us-gaap:RevenueFromContractWithCustomerExcludingAssessedTax-USD-2021-03-28-2021-06-26,normalization_justification,,"Règle R1 (edgar_v1) : us-gaap:RevenueFromContractWithCustomerExcludingAssessedTax [USD, duration] -> total_revenue. Valeur reprise telle quelle (T1). Dimensions : aucune, déduit (D1). Entrée brute facts/us-gaap/RevenueFromContractWithCustomerExcludingAssessedTax/units/USD/58 (sha256 6327545cb4729dd7…). À confirmer sur l'instance XBRL.","edgar_normalize.py (règles edgar_v1, automatique)",2026-09-28T12:37:37+00:00,doc:0000320193-0000320193-21-000065,R1
1819,facts,0000320193-0000320193-22-000070-us-gaap:RevenueFromContractWithCustomerExcludingAssessedTax-USD-2021-03-28-2021-06-26,source_context,,companyfacts;entite=CIK0000320193;periode=2021-03-28/2021-06-26;segment=aucun(deduit D1),"edgar_normalize.py (règles edgar_v1, automatique)",2026-09-28T12:37:37+00:00,doc:0000320193-0000320193-22-000070,X1
1820,facts,0000320193-0000320193-22-000070-us-gaap:RevenueFromContractWithCustomerExcludingAssessedTax-USD-2021-03-28-2021-06-26,source_dimensions,INCONNU,,"edgar_normalize.py (règles edgar_v1, automatique)",2026-09-28T12:37:37+00:00,doc:0000320193-0000320193-22-000070,D1 : une seule valeur brute pour cette clé
1821,facts,0000320193-0000320193-22-000070-us-gaap:RevenueFromContractWithCustomerExcludingAssessedTax-USD-2021-03-28-2021-06-26,normalized_concept,,total_revenue,"edgar_normalize.py (règles edgar_v1, automatique)",2026-09-28T12:37:37+00:00,doc:0000320193-0000320193-22-000070,R1
1822,facts,0000320193-0000320193-22-000070-us-gaap:RevenueFromContractWithCustomerExcludingAssessedTax-USD-2021-03-28-2021-06-26,transformation,,aucune,"edgar_normalize.py (règles edgar_v1, automatique)",2026-09-28T12:37:37+00:00,doc:0000320193-0000320193-22-000070,T1
1823,facts,0000320193-0000320193-22-000070-us-gaap:RevenueFromContractWithCustomerExcludingAssessedTax-USD-2021-03-28-2021-06-26,value,,81434000000,"edgar_normalize.py (règles edgar_v1, automatique)",2026-09-28T12:37:37+00:00,doc:0000320193-0000320193-22-000070,T1
1824,facts,0000320193-0000320193-22-000070-us-gaap:RevenueFromContractWithCustomerExcludingAssessedTax-USD-2021-03-28-2021-06-26,normalization_justification,,"Règle R1 (edgar_v1) : us-gaap:RevenueFromContractWithCustomerExcludingAssessedTax [USD, duration] -> total_revenue. Valeur reprise telle quelle (T1). Dimensions : aucune, déduit (D1). Entrée brute facts/us-gaap/RevenueFromContractWithCustomerExcludingAssessedTax/units/USD/59 (sha256 9bdc875b26435fad…). À confirmer sur l'instance XBRL.","edgar_normalize.py (règles edgar_v1, automatique)",2026-09-28T12:37:37+00:00,doc:0000320193-0000320193-22-000070,R1
1825,facts,0000320193-0000320193-21-000105-us-gaap:RevenueFromContractWithCustomerExcludingAssessedTax-USD-2020-09-27-2021-09-25,source_context,,companyfacts;entite=CIK0000320193;periode=2020-09-27/2021-09-25;segment=aucun(deduit D1),"edgar_normalize.py (règles edgar_v1, automatique)",2026-09-28T12:37:37+00:00,doc:0000320193-0000320193-21-000105,X1
1826,facts,0000320193-0000320193-21-000105-us-gaap:RevenueFromContractWithCustomerExcludingAssessedTax-USD-2020-09-27-2021-09-25,source_dimensions,INCONNU,,"edgar_normalize.py (règles edgar_v1, automatique)",2026-09-28T12:37:37+00:00,doc:0000320193-0000320193-21-000105,D1 : une seule valeur brute pour cette clé
1827,facts,0000320193-0000320193-21-000105-us-gaap:RevenueFromContractWithCustomerExcludingAssessedTax-USD-2020-09-27-2021-09-25,normalized_concept,,total_revenue,"edgar_normalize.py (règles edgar_v1, automatique)",2026-09-28T12:37:37+00:00,doc:0000320193-0000320193-21-000105,R1
1828,facts,0000320193-0000320193-21-000105-us-gaap:RevenueFromContractWithCustomerExcludingAssessedTax-USD-2020-09-27-2021-09-25,transformation,,aucune,"edgar_normalize.py (règles edgar_v1, automatique)",2026-09-28T12:37:37+00:00,doc:0000320193-0000320193-21-000105,T1
1829,facts,0000320193-0000320193-21-000105-us-gaap:RevenueFromContractWithCustomerExcludingAssessedTax-USD-2020-09-27-2021-09-25,value,,365817000000,"edgar_normalize.py (règles edgar_v1, automatique)",2026-09-28T12:37:37+00:00,doc:0000320193-0000320193-21-000105,T1
1830,facts,0000320193-0000320193-21-000105-us-gaap:RevenueFromContractWithCustomerExcludingAssessedTax-USD-2020-09-27-2021-09-25,normalization_justification,,"Règle R1 (edgar_v1) : us-gaap:RevenueFromContractWithCustomerExcludingAssessedTax [USD, duration] -> total_revenue. Valeur reprise telle quelle (T1). Dimensions : aucune, déduit (D1). Entrée brute facts/us-gaap/RevenueFromContractWithCustomerExcludingAssessedTax/units/USD/60 (sha256 8300a93c79b41436…). À confirmer sur l'instance XBRL.","edgar_normalize.py (règles edgar_v1, automatique)",2026-09-28T12:37:37+00:00,doc:0000320193-0000320193-21-000105,R1
1831,facts,0000320193-0000320193-22-000108-us-gaap:RevenueFromContractWithCustomerExcludingAssessedTax-USD-2020-09-27-2021-09-25,source_context,,companyfacts;entite=CIK0000320193;periode=2020-09-27/2021-09-25;segment=aucun(deduit D1),"edgar_normalize.py (règles edgar_v1, automatique)",2026-09-28T12:37:37+00:00,doc:0000320193-0000320193-22-000108,X1
1832,facts,0000320193-0000320193-22-000108-us-gaap:RevenueFromContractWithCustomerExcludingAssessedTax-USD-2020-09-27-2021-09-25,source_dimensions,INCONNU,,"edgar_normalize.py (règles edgar_v1, automatique)",2026-09-28T12:37:37+00:00,doc:0000320193-0000320193-22-000108,D1 : une seule valeur brute pour cette clé
1833,facts,0000320193-0000320193-22-000108-us-gaap:RevenueFromContractWithCustomerExcludingAssessedTax-USD-2020-09-27-2021-09-25,normalized_concept,,total_revenue,"edgar_normalize.py (règles edgar_v1, automatique)",2026-09-28T12:37:37+00:00,doc:0000320193-0000320193-22-000108,R1
1834,facts,0000320193-0000320193-22-000108-us-gaap:RevenueFromContractWithCustomerExcludingAssessedTax-USD-2020-09-27-2021-09-25,transformation,,aucune,"edgar_normalize.py (règles edgar_v1, automatique)",2026-09-28T12:37:37+00:00,doc:0000320193-0000320193-22-000108,T1
1835,facts,0000320193-0000320193-22-000108-us-gaap:RevenueFromContractWithCustomerExcludingAssessedTax-USD-2020-09-27-2021-09-25,value,,365817000000,"edgar_normalize.py (règles edgar_v1, automatique)",2026-09-28T12:37:37+00:00,doc:0000320193-0000320193-22-000108,T1
1836,facts,0000320193-0000320193-22-000108-us-gaap:RevenueFromContractWithCustomerExcludingAssessedTax-USD-2020-09-27-2021-09-25,normalization_justification,,"Règle R1 (edgar_v1) : us-gaap:RevenueFromContractWithCustomerExcludingAssessedTax [USD, duration] -> total_revenue. Valeur reprise telle quelle (T1). Dimensions : aucune, déduit (D1). Entrée brute facts/us-gaap/RevenueFromContractWithCustomerExcludingAssessedTax/units/USD/61 (sha256 79ef7fb1a92b842d…). À confirmer sur l'instance XBRL.","edgar_normalize.py (règles edgar_v1, automatique)",2026-09-28T12:37:37+00:00,doc:0000320193-0000320193-22-000108,R1
1837,facts,0000320193-0000320193-23-000106-us-gaap:RevenueFromContractWithCustomerExcludingAssessedTax-USD-2020-09-27-2021-09-25,source_context,,companyfacts;entite=CIK0000320193;periode=2020-09-27/2021-09-25;segment=aucun(deduit D1),"edgar_normalize.py (règles edgar_v1, automatique)",2026-09-28T12:37:37+00:00,doc:0000320193-0000320193-23-000106,X1
1838,facts,0000320193-0000320193-23-000106-us-gaap:RevenueFromContractWithCustomerExcludingAssessedTax-USD-2020-09-27-2021-09-25,source_dimensions,INCONNU,,"edgar_normalize.py (règles edgar_v1, automatique)",2026-09-28T12:37:37+00:00,doc:0000320193-0000320193-23-000106,D1 : une seule valeur brute pour cette clé
1839,facts,0000320193-0000320193-23-000106-us-gaap:RevenueFromContractWithCustomerExcludingAssessedTax-USD-2020-09-27-2021-09-25,normalized_concept,,total_revenue,"edgar_normalize.py (règles edgar_v1, automatique)",2026-09-28T12:37:37+00:00,doc:0000320193-0000320193-23-000106,R1
1840,facts,0000320193-0000320193-23-000106-us-gaap:RevenueFromContractWithCustomerExcludingAssessedTax-USD-2020-09-27-2021-09-25,transformation,,aucune,"edgar_normalize.py (règles edgar_v1, automatique)",2026-09-28T12:37:37+00:00,doc:0000320193-0000320193-23-000106,T1
1841,facts,0000320193-0000320193-23-000106-us-gaap:RevenueFromContractWithCustomerExcludingAssessedTax-USD-2020-09-27-2021-09-25,value,,365817000000,"edgar_normalize.py (règles edgar_v1, automatique)",2026-09-28T12:37:37+00:00,doc:0000320193-0000320193-23-000106,T1
1842,facts,0000320193-0000320193-23-000106-us-gaap:RevenueFromContractWithCustomerExcludingAssessedTax-USD-2020-09-27-2021-09-25,normalization_justification,,"Règle R1 (edgar_v1) : us-gaap:RevenueFromContractWithCustomerExcludingAssessedTax [USD, duration] -> total_revenue. Valeur reprise telle quelle (T1). Dimensions : aucune, déduit (D1). Entrée brute facts/us-gaap/RevenueFromContractWithCustomerExcludingAssessedTax/units/USD/62 (sha256 cd65245ae1a34c19…). À confirmer sur l'instance XBRL.","edgar_normalize.py (règles edgar_v1, automatique)",2026-09-28T12:37:37+00:00,doc:0000320193-0000320193-23-000106,R1
1843,facts,0000320193-0000320193-22-000007-us-gaap:RevenueFromContractWithCustomerExcludingAssessedTax-USD-2021-09-26-2021-12-25,source_context,,companyfacts;entite=CIK0000320193;periode=2021-09-26/2021-12-25;segment=aucun(deduit D1),"edgar_normalize.py (règles edgar_v1, automatique)",2026-09-28T12:37:37+00:00,doc:0000320193-0000320193-22-000007,X1
1844,facts,0000320193-0000320193-22-000007-us-gaap:RevenueFromContractWithCustomerExcludingAssessedTax-USD-2021-09-26-2021-12-25,source_dimensions,INCONNU,,"edgar_normalize.py (règles edgar_v1, automatique)",2026-09-28T12:37:37+00:00,doc:0000320193-0000320193-22-000007,D1 : une seule valeur brute pour cette clé
1845,facts,0000320193-0000320193-22-000007-us-gaap:RevenueFromContractWithCustomerExcludingAssessedTax-USD-2021-09-26-2021-12-25,normalized_concept,,total_revenue,"edgar_normalize.py (règles edgar_v1, automatique)",2026-09-28T12:37:37+00:00,doc:0000320193-0000320193-22-000007,R1
1846,facts,0000320193-0000320193-22-000007-us-gaap:RevenueFromContractWithCustomerExcludingAssessedTax-USD-2021-09-26-2021-12-25,transformation,,aucune,"edgar_normalize.py (règles edgar_v1, automatique)",2026-09-28T12:37:37+00:00,doc:0000320193-0000320193-22-000007,T1
1847,facts,0000320193-0000320193-22-000007-us-gaap:RevenueFromContractWithCustomerExcludingAssessedTax-USD-2021-09-26-2021-12-25,value,,123945000000,"edgar_normalize.py (règles edgar_v1, automatique)",2026-09-28T12:37:37+00:00,doc:0000320193-0000320193-22-000007,T1
1848,facts,0000320193-0000320193-22-000007-us-gaap:RevenueFromContractWithCustomerExcludingAssessedTax-USD-2021-09-26-2021-12-25,normalization_justification,,"Règle R1 (edgar_v1) : us-gaap:RevenueFromContractWithCustomerExcludingAssessedTax [USD, duration] -> total_revenue. Valeur reprise telle quelle (T1). Dimensions : aucune, déduit (D1). Entrée brute facts/us-gaap/RevenueFromContractWithCustomerExcludingAssessedTax/units/USD/63 (sha256 9ecb7ed9a9924f56…). À confirmer sur l'instance XBRL.","edgar_normalize.py (règles edgar_v1, automatique)",2026-09-28T12:37:37+00:00,doc:0000320193-0000320193-22-000007,R1
1849,facts,0000320193-0000320193-23-000006-us-gaap:RevenueFromContractWithCustomerExcludingAssessedTax-USD-2021-09-26-2021-12-25,source_context,,companyfacts;entite=CIK0000320193;periode=2021-09-26/2021-12-25;segment=aucun(deduit D1),"edgar_normalize.py (règles edgar_v1, automatique)",2026-09-28T12:37:37+00:00,doc:0000320193-0000320193-23-000006,X1
1850,facts,0000320193-0000320193-23-000006-us-gaap:RevenueFromContractWithCustomerExcludingAssessedTax-USD-2021-09-26-2021-12-25,source_dimensions,INCONNU,,"edgar_normalize.py (règles edgar_v1, automatique)",2026-09-28T12:37:37+00:00,doc:0000320193-0000320193-23-000006,D1 : une seule valeur brute pour cette clé
1851,facts,0000320193-0000320193-23-000006-us-gaap:RevenueFromContractWithCustomerExcludingAssessedTax-USD-2021-09-26-2021-12-25,normalized_concept,,total_revenue,"edgar_normalize.py (règles edgar_v1, automatique)",2026-09-28T12:37:37+00:00,doc:0000320193-0000320193-23-000006,R1
1852,facts,0000320193-0000320193-23-000006-us-gaap:RevenueFromContractWithCustomerExcludingAssessedTax-USD-2021-09-26-2021-12-25,transformation,,aucune,"edgar_normalize.py (règles edgar_v1, automatique)",2026-09-28T12:37:37+00:00,doc:0000320193-0000320193-23-000006,T1
1853,facts,0000320193-0000320193-23-000006-us-gaap:RevenueFromContractWithCustomerExcludingAssessedTax-USD-2021-09-26-2021-12-25,value,,123945000000,"edgar_normalize.py (règles edgar_v1, automatique)",2026-09-28T12:37:37+00:00,doc:0000320193-0000320193-23-000006,T1
1854,facts,0000320193-0000320193-23-000006-us-gaap:RevenueFromContractWithCustomerExcludingAssessedTax-USD-2021-09-26-2021-12-25,normalization_justification,,"Règle R1 (edgar_v1) : us-gaap:RevenueFromContractWithCustomerExcludingAssessedTax [USD, duration] -> total_revenue. Valeur reprise telle quelle (T1). Dimensions : aucune, déduit (D1). Entrée brute facts/us-gaap/RevenueFromContractWithCustomerExcludingAssessedTax/units/USD/64 (sha256 667699430bd44429…). À confirmer sur l'instance XBRL.","edgar_normalize.py (règles edgar_v1, automatique)",2026-09-28T12:37:37+00:00,doc:0000320193-0000320193-23-000006,R1
1855,facts,0000320193-0000320193-22-000059-us-gaap:RevenueFromContractWithCustomerExcludingAssessedTax-USD-2021-09-26-2022-03-26,source_context,,companyfacts;entite=CIK0000320193;periode=2021-09-26/2022-03-26;segment=aucun(deduit D1),"edgar_normalize.py (règles edgar_v1, automatique)",2026-09-28T12:37:37+00:00,doc:0000320193-0000320193-22-000059,X1
1856,facts,0000320193-0000320193-22-000059-us-gaap:RevenueFromContractWithCustomerExcludingAssessedTax-USD-2021-09-26-2022-03-26,source_dimensions,INCONNU,,"edgar_normalize.py (règles edgar_v1, automatique)",2026-09-28T12:37:37+00:00,doc:0000320193-0000320193-22-000059,D1 : une seule valeur brute pour cette clé
1857,facts,0000320193-0000320193-22-000059-us-gaap:RevenueFromContractWithCustomerExcludingAssessedTax-USD-2021-09-26-2022-03-26,normalized_concept,,total_revenue,"edgar_normalize.py (règles edgar_v1, automatique)",2026-09-28T12:37:37+00:00,doc:0000320193-0000320193-22-000059,R1
1858,facts,0000320193-0000320193-22-000059-us-gaap:RevenueFromContractWithCustomerExcludingAssessedTax-USD-2021-09-26-2022-03-26,transformation,,aucune,"edgar_normalize.py (règles edgar_v1, automatique)",2026-09-28T12:37:37+00:00,doc:0000320193-0000320193-22-000059,T1
1859,facts,0000320193-0000320193-22-000059-us-gaap:RevenueFromContractWithCustomerExcludingAssessedTax-USD-2021-09-26-2022-03-26,value,,221223000000,"edgar_normalize.py (règles edgar_v1, automatique)",2026-09-28T12:37:37+00:00,doc:0000320193-0000320193-22-000059,T1
1860,facts,0000320193-0000320193-22-000059-us-gaap:RevenueFromContractWithCustomerExcludingAssessedTax-USD-2021-09-26-2022-03-26,normalization_justification,,"Règle R1 (edgar_v1) : us-gaap:RevenueFromContractWithCustomerExcludingAssessedTax [USD, duration] -> total_revenue. Valeur reprise telle quelle (T1). Dimensions : aucune, déduit (D1). Entrée brute facts/us-gaap/RevenueFromContractWithCustomerExcludingAssessedTax/units/USD/65 (sha256 b125fade0f2dd71b…). À confirmer sur l'instance XBRL.","edgar_normalize.py (règles edgar_v1, automatique)",2026-09-28T12:37:37+00:00,doc:0000320193-0000320193-22-000059,R1
1861,facts,0000320193-0000320193-23-000064-us-gaap:RevenueFromContractWithCustomerExcludingAssessedTax-USD-2021-09-26-2022-03-26,source_context,,companyfacts;entite=CIK0000320193;periode=2021-09-26/2022-03-26;segment=aucun(deduit D1),"edgar_normalize.py (règles edgar_v1, automatique)",2026-09-28T12:37:37+00:00,doc:0000320193-0000320193-23-000064,X1
1862,facts,0000320193-0000320193-23-000064-us-gaap:RevenueFromContractWithCustomerExcludingAssessedTax-USD-2021-09-26-2022-03-26,source_dimensions,INCONNU,,"edgar_normalize.py (règles edgar_v1, automatique)",2026-09-28T12:37:37+00:00,doc:0000320193-0000320193-23-000064,D1 : une seule valeur brute pour cette clé
1863,facts,0000320193-0000320193-23-000064-us-gaap:RevenueFromContractWithCustomerExcludingAssessedTax-USD-2021-09-26-2022-03-26,normalized_concept,,total_revenue,"edgar_normalize.py (règles edgar_v1, automatique)",2026-09-28T12:37:37+00:00,doc:0000320193-0000320193-23-000064,R1
1864,facts,0000320193-0000320193-23-000064-us-gaap:RevenueFromContractWithCustomerExcludingAssessedTax-USD-2021-09-26-2022-03-26,transformation,,aucune,"edgar_normalize.py (règles edgar_v1, automatique)",2026-09-28T12:37:37+00:00,doc:0000320193-0000320193-23-000064,T1
1865,facts,0000320193-0000320193-23-000064-us-gaap:RevenueFromContractWithCustomerExcludingAssessedTax-USD-2021-09-26-2022-03-26,value,,221223000000,"edgar_normalize.py (règles edgar_v1, automatique)",2026-09-28T12:37:37+00:00,doc:0000320193-0000320193-23-000064,T1
1866,facts,0000320193-0000320193-23-000064-us-gaap:RevenueFromContractWithCustomerExcludingAssessedTax-USD-2021-09-26-2022-03-26,normalization_justification,,"Règle R1 (edgar_v1) : us-gaap:RevenueFromContractWithCustomerExcludingAssessedTax [USD, duration] -> total_revenue. Valeur reprise telle quelle (T1). Dimensions : aucune, déduit (D1). Entrée brute facts/us-gaap/RevenueFromContractWithCustomerExcludingAssessedTax/units/USD/66 (sha256 aa33f82244dbdccd…). À confirmer sur l'instance XBRL.","edgar_normalize.py (règles edgar_v1, automatique)",2026-09-28T12:37:37+00:00,doc:0000320193-0000320193-23-000064,R1
1867,facts,0000320193-0000320193-22-000059-us-gaap:RevenueFromContractWithCustomerExcludingAssessedTax-USD-2021-12-26-2022-03-26,source_context,,companyfacts;entite=CIK0000320193;periode=2021-12-26/2022-03-26;segment=aucun(deduit D1),"edgar_normalize.py (règles edgar_v1, automatique)",2026-09-28T12:37:37+00:00,doc:0000320193-0000320193-22-000059,X1
1868,facts,0000320193-0000320193-22-000059-us-gaap:RevenueFromContractWithCustomerExcludingAssessedTax-USD-2021-12-26-2022-03-26,source_dimensions,INCONNU,,"edgar_normalize.py (règles edgar_v1, automatique)",2026-09-28T12:37:37+00:00,doc:0000320193-0000320193-22-000059,D1 : une seule valeur brute pour cette clé
1869,facts,0000320193-0000320193-22-000059-us-gaap:RevenueFromContractWithCustomerExcludingAssessedTax-USD-2021-12-26-2022-03-26,normalized_concept,,total_revenue,"edgar_normalize.py (règles edgar_v1, automatique)",2026-09-28T12:37:37+00:00,doc:0000320193-0000320193-22-000059,R1
1870,facts,0000320193-0000320193-22-000059-us-gaap:RevenueFromContractWithCustomerExcludingAssessedTax-USD-2021-12-26-2022-03-26,transformation,,aucune,"edgar_normalize.py (règles edgar_v1, automatique)",2026-09-28T12:37:37+00:00,doc:0000320193-0000320193-22-000059,T1
1871,facts,0000320193-0000320193-22-000059-us-gaap:RevenueFromContractWithCustomerExcludingAssessedTax-USD-2021-12-26-2022-03-26,value,,97278000000,"edgar_normalize.py (règles edgar_v1, automatique)",2026-09-28T12:37:37+00:00,doc:0000320193-0000320193-22-000059,T1
1872,facts,0000320193-0000320193-22-000059-us-gaap:RevenueFromContractWithCustomerExcludingAssessedTax-USD-2021-12-26-2022-03-26,normalization_justification,,"Règle R1 (edgar_v1) : us-gaap:RevenueFromContractWithCustomerExcludingAssessedTax [USD, duration] -> total_revenue. Valeur reprise telle quelle (T1). Dimensions : aucune, déduit (D1). Entrée brute facts/us-gaap/RevenueFromContractWithCustomerExcludingAssessedTax/units/USD/67 (sha256 3c92a1a798e8dca2…). À confirmer sur l'instance XBRL.","edgar_normalize.py (règles edgar_v1, automatique)",2026-09-28T12:37:37+00:00,doc:0000320193-0000320193-22-000059,R1
1873,facts,0000320193-0000320193-23-000064-us-gaap:RevenueFromContractWithCustomerExcludingAssessedTax-USD-2021-12-26-2022-03-26,source_context,,companyfacts;entite=CIK0000320193;periode=2021-12-26/2022-03-26;segment=aucun(deduit D1),"edgar_normalize.py (règles edgar_v1, automatique)",2026-09-28T12:37:37+00:00,doc:0000320193-0000320193-23-000064,X1
1874,facts,0000320193-0000320193-23-000064-us-gaap:RevenueFromContractWithCustomerExcludingAssessedTax-USD-2021-12-26-2022-03-26,source_dimensions,INCONNU,,"edgar_normalize.py (règles edgar_v1, automatique)",2026-09-28T12:37:37+00:00,doc:0000320193-0000320193-23-000064,D1 : une seule valeur brute pour cette clé
1875,facts,0000320193-0000320193-23-000064-us-gaap:RevenueFromContractWithCustomerExcludingAssessedTax-USD-2021-12-26-2022-03-26,normalized_concept,,total_revenue,"edgar_normalize.py (règles edgar_v1, automatique)",2026-09-28T12:37:37+00:00,doc:0000320193-0000320193-23-000064,R1
1876,facts,0000320193-0000320193-23-000064-us-gaap:RevenueFromContractWithCustomerExcludingAssessedTax-USD-2021-12-26-2022-03-26,transformation,,aucune,"edgar_normalize.py (règles edgar_v1, automatique)",2026-09-28T12:37:37+00:00,doc:0000320193-0000320193-23-000064,T1
1877,facts,0000320193-0000320193-23-000064-us-gaap:RevenueFromContractWithCustomerExcludingAssessedTax-USD-2021-12-26-2022-03-26,value,,97278000000,"edgar_normalize.py (règles edgar_v1, automatique)",2026-09-28T12:37:37+00:00,doc:0000320193-0000320193-23-000064,T1
1878,facts,0000320193-0000320193-23-000064-us-gaap:RevenueFromContractWithCustomerExcludingAssessedTax-USD-2021-12-26-2022-03-26,normalization_justification,,"Règle R1 (edgar_v1) : us-gaap:RevenueFromContractWithCustomerExcludingAssessedTax [USD, duration] -> total_revenue. Valeur reprise telle quelle (T1). Dimensions : aucune, déduit (D1). Entrée brute facts/us-gaap/RevenueFromContractWithCustomerExcludingAssessedTax/units/USD/68 (sha256 aed728b80c3559bf…). À confirmer sur l'instance XBRL.","edgar_normalize.py (règles edgar_v1, automatique)",2026-09-28T12:37:37+00:00,doc:0000320193-0000320193-23-000064,R1
1879,facts,0000320193-0000320193-22-000070-us-gaap:RevenueFromContractWithCustomerExcludingAssessedTax-USD-2021-09-26-2022-06-25,source_context,,companyfacts;entite=CIK0000320193;periode=2021-09-26/2022-06-25;segment=aucun(deduit D1),"edgar_normalize.py (règles edgar_v1, automatique)",2026-09-28T12:37:37+00:00,doc:0000320193-0000320193-22-000070,X1
1880,facts,0000320193-0000320193-22-000070-us-gaap:RevenueFromContractWithCustomerExcludingAssessedTax-USD-2021-09-26-2022-06-25,source_dimensions,INCONNU,,"edgar_normalize.py (règles edgar_v1, automatique)",2026-09-28T12:37:37+00:00,doc:0000320193-0000320193-22-000070,D1 : une seule valeur brute pour cette clé
1881,facts,0000320193-0000320193-22-000070-us-gaap:RevenueFromContractWithCustomerExcludingAssessedTax-USD-2021-09-26-2022-06-25,normalized_concept,,total_revenue,"edgar_normalize.py (règles edgar_v1, automatique)",2026-09-28T12:37:37+00:00,doc:0000320193-0000320193-22-000070,R1
1882,facts,0000320193-0000320193-22-000070-us-gaap:RevenueFromContractWithCustomerExcludingAssessedTax-USD-2021-09-26-2022-06-25,transformation,,aucune,"edgar_normalize.py (règles edgar_v1, automatique)",2026-09-28T12:37:37+00:00,doc:0000320193-0000320193-22-000070,T1
1883,facts,0000320193-0000320193-22-000070-us-gaap:RevenueFromContractWithCustomerExcludingAssessedTax-USD-2021-09-26-2022-06-25,value,,304182000000,"edgar_normalize.py (règles edgar_v1, automatique)",2026-09-28T12:37:37+00:00,doc:0000320193-0000320193-22-000070,T1
1884,facts,0000320193-0000320193-22-000070-us-gaap:RevenueFromContractWithCustomerExcludingAssessedTax-USD-2021-09-26-2022-06-25,normalization_justification,,"Règle R1 (edgar_v1) : us-gaap:RevenueFromContractWithCustomerExcludingAssessedTax [USD, duration] -> total_revenue. Valeur reprise telle quelle (T1). Dimensions : aucune, déduit (D1). Entrée brute facts/us-gaap/RevenueFromContractWithCustomerExcludingAssessedTax/units/USD/69 (sha256 b0acdf39f49909ee…). À confirmer sur l'instance XBRL.","edgar_normalize.py (règles edgar_v1, automatique)",2026-09-28T12:37:37+00:00,doc:0000320193-0000320193-22-000070,R1
1885,facts,0000320193-0000320193-23-000077-us-gaap:RevenueFromContractWithCustomerExcludingAssessedTax-USD-2021-09-26-2022-06-25,source_context,,companyfacts;entite=CIK0000320193;periode=2021-09-26/2022-06-25;segment=aucun(deduit D1),"edgar_normalize.py (règles edgar_v1, automatique)",2026-09-28T12:37:37+00:00,doc:0000320193-0000320193-23-000077,X1
1886,facts,0000320193-0000320193-23-000077-us-gaap:RevenueFromContractWithCustomerExcludingAssessedTax-USD-2021-09-26-2022-06-25,source_dimensions,INCONNU,,"edgar_normalize.py (règles edgar_v1, automatique)",2026-09-28T12:37:37+00:00,doc:0000320193-0000320193-23-000077,D1 : une seule valeur brute pour cette clé
1887,facts,0000320193-0000320193-23-000077-us-gaap:RevenueFromContractWithCustomerExcludingAssessedTax-USD-2021-09-26-2022-06-25,normalized_concept,,total_revenue,"edgar_normalize.py (règles edgar_v1, automatique)",2026-09-28T12:37:37+00:00,doc:0000320193-0000320193-23-000077,R1
1888,facts,0000320193-0000320193-23-000077-us-gaap:RevenueFromContractWithCustomerExcludingAssessedTax-USD-2021-09-26-2022-06-25,transformation,,aucune,"edgar_normalize.py (règles edgar_v1, automatique)",2026-09-28T12:37:37+00:00,doc:0000320193-0000320193-23-000077,T1
1889,facts,0000320193-0000320193-23-000077-us-gaap:RevenueFromContractWithCustomerExcludingAssessedTax-USD-2021-09-26-2022-06-25,value,,304182000000,"edgar_normalize.py (règles edgar_v1, automatique)",2026-09-28T12:37:37+00:00,doc:0000320193-0000320193-23-000077,T1
1890,facts,0000320193-0000320193-23-000077-us-gaap:RevenueFromContractWithCustomerExcludingAssessedTax-USD-2021-09-26-2022-06-25,normalization_justification,,"Règle R1 (edgar_v1) : us-gaap:RevenueFromContractWithCustomerExcludingAssessedTax [USD, duration] -> total_revenue. Valeur reprise telle quelle (T1). Dimensions : aucune, déduit (D1). Entrée brute facts/us-gaap/RevenueFromContractWithCustomerExcludingAssessedTax/units/USD/70 (sha256 6ac0c384c1b4b050…). À confirmer sur l'instance XBRL.","edgar_normalize.py (règles edgar_v1, automatique)",2026-09-28T12:37:37+00:00,doc:0000320193-0000320193-23-000077,R1
1891,facts,0000320193-0000320193-22-000070-us-gaap:RevenueFromContractWithCustomerExcludingAssessedTax-USD-2022-03-27-2022-06-25,source_context,,companyfacts;entite=CIK0000320193;periode=2022-03-27/2022-06-25;segment=aucun(deduit D1),"edgar_normalize.py (règles edgar_v1, automatique)",2026-09-28T12:37:37+00:00,doc:0000320193-0000320193-22-000070,X1
1892,facts,0000320193-0000320193-22-000070-us-gaap:RevenueFromContractWithCustomerExcludingAssessedTax-USD-2022-03-27-2022-06-25,source_dimensions,INCONNU,,"edgar_normalize.py (règles edgar_v1, automatique)",2026-09-28T12:37:37+00:00,doc:0000320193-0000320193-22-000070,D1 : une seule valeur brute pour cette clé
1893,facts,0000320193-0000320193-22-000070-us-gaap:RevenueFromContractWithCustomerExcludingAssessedTax-USD-2022-03-27-2022-06-25,normalized_concept,,total_revenue,"edgar_normalize.py (règles edgar_v1, automatique)",2026-09-28T12:37:37+00:00,doc:0000320193-0000320193-22-000070,R1
1894,facts,0000320193-0000320193-22-000070-us-gaap:RevenueFromContractWithCustomerExcludingAssessedTax-USD-2022-03-27-2022-06-25,transformation,,aucune,"edgar_normalize.py (règles edgar_v1, automatique)",2026-09-28T12:37:37+00:00,doc:0000320193-0000320193-22-000070,T1
1895,facts,0000320193-0000320193-22-000070-us-gaap:RevenueFromContractWithCustomerExcludingAssessedTax-USD-2022-03-27-2022-06-25,value,,82959000000,"edgar_normalize.py (règles edgar_v1, automatique)",2026-09-28T12:37:37+00:00,doc:0000320193-0000320193-22-000070,T1
1896,facts,0000320193-0000320193-22-000070-us-gaap:RevenueFromContractWithCustomerExcludingAssessedTax-USD-2022-03-27-2022-06-25,normalization_justification,,"Règle R1 (edgar_v1) : us-gaap:RevenueFromContractWithCustomerExcludingAssessedTax [USD, duration] -> total_revenue. Valeur reprise telle quelle (T1). Dimensions : aucune, déduit (D1). Entrée brute facts/us-gaap/RevenueFromContractWithCustomerExcludingAssessedTax/units/USD/71 (sha256 3e232ed447e02599…). À confirmer sur l'instance XBRL.","edgar_normalize.py (règles edgar_v1, automatique)",2026-09-28T12:37:37+00:00,doc:0000320193-0000320193-22-000070,R1
1897,facts,0000320193-0000320193-23-000077-us-gaap:RevenueFromContractWithCustomerExcludingAssessedTax-USD-2022-03-27-2022-06-25,source_context,,companyfacts;entite=CIK0000320193;periode=2022-03-27/2022-06-25;segment=aucun(deduit D1),"edgar_normalize.py (règles edgar_v1, automatique)",2026-09-28T12:37:37+00:00,doc:0000320193-0000320193-23-000077,X1
1898,facts,0000320193-0000320193-23-000077-us-gaap:RevenueFromContractWithCustomerExcludingAssessedTax-USD-2022-03-27-2022-06-25,source_dimensions,INCONNU,,"edgar_normalize.py (règles edgar_v1, automatique)",2026-09-28T12:37:37+00:00,doc:0000320193-0000320193-23-000077,D1 : une seule valeur brute pour cette clé
1899,facts,0000320193-0000320193-23-000077-us-gaap:RevenueFromContractWithCustomerExcludingAssessedTax-USD-2022-03-27-2022-06-25,normalized_concept,,total_revenue,"edgar_normalize.py (règles edgar_v1, automatique)",2026-09-28T12:37:37+00:00,doc:0000320193-0000320193-23-000077,R1
1900,facts,0000320193-0000320193-23-000077-us-gaap:RevenueFromContractWithCustomerExcludingAssessedTax-USD-2022-03-27-2022-06-25,transformation,,aucune,"edgar_normalize.py (règles edgar_v1, automatique)",2026-09-28T12:37:37+00:00,doc:0000320193-0000320193-23-000077,T1
1901,facts,0000320193-0000320193-23-000077-us-gaap:RevenueFromContractWithCustomerExcludingAssessedTax-USD-2022-03-27-2022-06-25,value,,82959000000,"edgar_normalize.py (règles edgar_v1, automatique)",2026-09-28T12:37:37+00:00,doc:0000320193-0000320193-23-000077,T1
1902,facts,0000320193-0000320193-23-000077-us-gaap:RevenueFromContractWithCustomerExcludingAssessedTax-USD-2022-03-27-2022-06-25,normalization_justification,,"Règle R1 (edgar_v1) : us-gaap:RevenueFromContractWithCustomerExcludingAssessedTax [USD, duration] -> total_revenue. Valeur reprise telle quelle (T1). Dimensions : aucune, déduit (D1). Entrée brute facts/us-gaap/RevenueFromContractWithCustomerExcludingAssessedTax/units/USD/72 (sha256 603e0083948e725d…). À confirmer sur l'instance XBRL.","edgar_normalize.py (règles edgar_v1, automatique)",2026-09-28T12:37:37+00:00,doc:0000320193-0000320193-23-000077,R1
1903,facts,0000320193-0000320193-22-000108-us-gaap:RevenueFromContractWithCustomerExcludingAssessedTax-USD-2021-09-26-2022-09-24,source_context,,companyfacts;entite=CIK0000320193;periode=2021-09-26/2022-09-24;segment=aucun(deduit D1),"edgar_normalize.py (règles edgar_v1, automatique)",2026-09-28T12:37:37+00:00,doc:0000320193-0000320193-22-000108,X1
1904,facts,0000320193-0000320193-22-000108-us-gaap:RevenueFromContractWithCustomerExcludingAssessedTax-USD-2021-09-26-2022-09-24,source_dimensions,INCONNU,,"edgar_normalize.py (règles edgar_v1, automatique)",2026-09-28T12:37:37+00:00,doc:0000320193-0000320193-22-000108,D1 : une seule valeur brute pour cette clé
1905,facts,0000320193-0000320193-22-000108-us-gaap:RevenueFromContractWithCustomerExcludingAssessedTax-USD-2021-09-26-2022-09-24,normalized_concept,,total_revenue,"edgar_normalize.py (règles edgar_v1, automatique)",2026-09-28T12:37:37+00:00,doc:0000320193-0000320193-22-000108,R1
1906,facts,0000320193-0000320193-22-000108-us-gaap:RevenueFromContractWithCustomerExcludingAssessedTax-USD-2021-09-26-2022-09-24,transformation,,aucune,"edgar_normalize.py (règles edgar_v1, automatique)",2026-09-28T12:37:37+00:00,doc:0000320193-0000320193-22-000108,T1
1907,facts,0000320193-0000320193-22-000108-us-gaap:RevenueFromContractWithCustomerExcludingAssessedTax-USD-2021-09-26-2022-09-24,value,,394328000000,"edgar_normalize.py (règles edgar_v1, automatique)",2026-09-28T12:37:37+00:00,doc:0000320193-0000320193-22-000108,T1
1908,facts,0000320193-0000320193-22-000108-us-gaap:RevenueFromContractWithCustomerExcludingAssessedTax-USD-2021-09-26-2022-09-24,normalization_justification,,"Règle R1 (edgar_v1) : us-gaap:RevenueFromContractWithCustomerExcludingAssessedTax [USD, duration] -> total_revenue. Valeur reprise telle quelle (T1). Dimensions : aucune, déduit (D1). Entrée brute facts/us-gaap/RevenueFromContractWithCustomerExcludingAssessedTax/units/USD/73 (sha256 d7d7d2da3cfcfa91…). À confirmer sur l'instance XBRL.","edgar_normalize.py (règles edgar_v1, automatique)",2026-09-28T12:37:37+00:00,doc:0000320193-0000320193-22-000108,R1
1909,facts,0000320193-0000320193-23-000106-us-gaap:RevenueFromContractWithCustomerExcludingAssessedTax-USD-2021-09-26-2022-09-24,source_context,,companyfacts;entite=CIK0000320193;periode=2021-09-26/2022-09-24;segment=aucun(deduit D1),"edgar_normalize.py (règles edgar_v1, automatique)",2026-09-28T12:37:37+00:00,doc:0000320193-0000320193-23-000106,X1
1910,facts,0000320193-0000320193-23-000106-us-gaap:RevenueFromContractWithCustomerExcludingAssessedTax-USD-2021-09-26-2022-09-24,source_dimensions,INCONNU,,"edgar_normalize.py (règles edgar_v1, automatique)",2026-09-28T12:37:37+00:00,doc:0000320193-0000320193-23-000106,D1 : une seule valeur brute pour cette clé
1911,facts,0000320193-0000320193-23-000106-us-gaap:RevenueFromContractWithCustomerExcludingAssessedTax-USD-2021-09-26-2022-09-24,normalized_concept,,total_revenue,"edgar_normalize.py (règles edgar_v1, automatique)",2026-09-28T12:37:37+00:00,doc:0000320193-0000320193-23-000106,R1
1912,facts,0000320193-0000320193-23-000106-us-gaap:RevenueFromContractWithCustomerExcludingAssessedTax-USD-2021-09-26-2022-09-24,transformation,,aucune,"edgar_normalize.py (règles edgar_v1, automatique)",2026-09-28T12:37:37+00:00,doc:0000320193-0000320193-23-000106,T1
1913,facts,0000320193-0000320193-23-000106-us-gaap:RevenueFromContractWithCustomerExcludingAssessedTax-USD-2021-09-26-2022-09-24,value,,394328000000,"edgar_normalize.py (règles edgar_v1, automatique)",2026-09-28T12:37:37+00:00,doc:0000320193-0000320193-23-000106,T1
1914,facts,0000320193-0000320193-23-000106-us-gaap:RevenueFromContractWithCustomerExcludingAssessedTax-USD-2021-09-26-2022-09-24,normalization_justification,,"Règle R1 (edgar_v1) : us-gaap:RevenueFromContractWithCustomerExcludingAssessedTax [USD, duration] -> total_revenue. Valeur reprise telle quelle (T1). Dimensions : aucune, déduit (D1). Entrée brute facts/us-gaap/RevenueFromContractWithCustomerExcludingAssessedTax/units/USD/74 (sha256 4c452db6a7aad0e4…). À confirmer sur l'instance XBRL.","edgar_normalize.py (règles edgar_v1, automatique)",2026-09-28T12:37:37+00:00,doc:0000320193-0000320193-23-000106,R1
1915,facts,0000320193-0000320193-24-000123-us-gaap:RevenueFromContractWithCustomerExcludingAssessedTax-USD-2021-09-26-2022-09-24,source_context,,companyfacts;entite=CIK0000320193;periode=2021-09-26/2022-09-24;segment=aucun(deduit D1),"edgar_normalize.py (règles edgar_v1, automatique)",2026-09-28T12:37:37+00:00,doc:0000320193-0000320193-24-000123,X1
1916,facts,0000320193-0000320193-24-000123-us-gaap:RevenueFromContractWithCustomerExcludingAssessedTax-USD-2021-09-26-2022-09-24,source_dimensions,INCONNU,,"edgar_normalize.py (règles edgar_v1, automatique)",2026-09-28T12:37:37+00:00,doc:0000320193-0000320193-24-000123,D1 : une seule valeur brute pour cette clé
1917,facts,0000320193-0000320193-24-000123-us-gaap:RevenueFromContractWithCustomerExcludingAssessedTax-USD-2021-09-26-2022-09-24,normalized_concept,,total_revenue,"edgar_normalize.py (règles edgar_v1, automatique)",2026-09-28T12:37:37+00:00,doc:0000320193-0000320193-24-000123,R1
1918,facts,0000320193-0000320193-24-000123-us-gaap:RevenueFromContractWithCustomerExcludingAssessedTax-USD-2021-09-26-2022-09-24,transformation,,aucune,"edgar_normalize.py (règles edgar_v1, automatique)",2026-09-28T12:37:37+00:00,doc:0000320193-0000320193-24-000123,T1
1919,facts,0000320193-0000320193-24-000123-us-gaap:RevenueFromContractWithCustomerExcludingAssessedTax-USD-2021-09-26-2022-09-24,value,,394328000000,"edgar_normalize.py (règles edgar_v1, automatique)",2026-09-28T12:37:37+00:00,doc:0000320193-0000320193-24-000123,T1
1920,facts,0000320193-0000320193-24-000123-us-gaap:RevenueFromContractWithCustomerExcludingAssessedTax-USD-2021-09-26-2022-09-24,normalization_justification,,"Règle R1 (edgar_v1) : us-gaap:RevenueFromContractWithCustomerExcludingAssessedTax [USD, duration] -> total_revenue. Valeur reprise telle quelle (T1). Dimensions : aucune, déduit (D1). Entrée brute facts/us-gaap/RevenueFromContractWithCustomerExcludingAssessedTax/units/USD/75 (sha256 4338e2e094bd067f…). À confirmer sur l'instance XBRL.","edgar_normalize.py (règles edgar_v1, automatique)",2026-09-28T12:37:37+00:00,doc:0000320193-0000320193-24-000123,R1
1921,facts,0000320193-0000320193-23-000006-us-gaap:RevenueFromContractWithCustomerExcludingAssessedTax-USD-2022-09-25-2022-12-31,source_context,,companyfacts;entite=CIK0000320193;periode=2022-09-25/2022-12-31;segment=aucun(deduit D1),"edgar_normalize.py (règles edgar_v1, automatique)",2026-09-28T12:37:37+00:00,doc:0000320193-0000320193-23-000006,X1
1922,facts,0000320193-0000320193-23-000006-us-gaap:RevenueFromContractWithCustomerExcludingAssessedTax-USD-2022-09-25-2022-12-31,source_dimensions,INCONNU,,"edgar_normalize.py (règles edgar_v1, automatique)",2026-09-28T12:37:37+00:00,doc:0000320193-0000320193-23-000006,D1 : une seule valeur brute pour cette clé
1923,facts,0000320193-0000320193-23-000006-us-gaap:RevenueFromContractWithCustomerExcludingAssessedTax-USD-2022-09-25-2022-12-31,normalized_concept,,total_revenue,"edgar_normalize.py (règles edgar_v1, automatique)",2026-09-28T12:37:37+00:00,doc:0000320193-0000320193-23-000006,R1
1924,facts,0000320193-0000320193-23-000006-us-gaap:RevenueFromContractWithCustomerExcludingAssessedTax-USD-2022-09-25-2022-12-31,transformation,,aucune,"edgar_normalize.py (règles edgar_v1, automatique)",2026-09-28T12:37:37+00:00,doc:0000320193-0000320193-23-000006,T1
1925,facts,0000320193-0000320193-23-000006-us-gaap:RevenueFromContractWithCustomerExcludingAssessedTax-USD-2022-09-25-2022-12-31,value,,117154000000,"edgar_normalize.py (règles edgar_v1, automatique)",2026-09-28T12:37:37+00:00,doc:0000320193-0000320193-23-000006,T1
1926,facts,0000320193-0000320193-23-000006-us-gaap:RevenueFromContractWithCustomerExcludingAssessedTax-USD-2022-09-25-2022-12-31,normalization_justification,,"Règle R1 (edgar_v1) : us-gaap:RevenueFromContractWithCustomerExcludingAssessedTax [USD, duration] -> total_revenue. Valeur reprise telle quelle (T1). Dimensions : aucune, déduit (D1). Entrée brute facts/us-gaap/RevenueFromContractWithCustomerExcludingAssessedTax/units/USD/76 (sha256 6f2285f11d047df6…). À confirmer sur l'instance XBRL.","edgar_normalize.py (règles edgar_v1, automatique)",2026-09-28T12:37:37+00:00,doc:0000320193-0000320193-23-000006,R1
1927,facts,0000320193-0000320193-24-000006-us-gaap:RevenueFromContractWithCustomerExcludingAssessedTax-USD-2022-09-25-2022-12-31,source_context,,companyfacts;entite=CIK0000320193;periode=2022-09-25/2022-12-31;segment=aucun(deduit D1),"edgar_normalize.py (règles edgar_v1, automatique)",2026-09-28T12:37:37+00:00,doc:0000320193-0000320193-24-000006,X1
1928,facts,0000320193-0000320193-24-000006-us-gaap:RevenueFromContractWithCustomerExcludingAssessedTax-USD-2022-09-25-2022-12-31,source_dimensions,INCONNU,,"edgar_normalize.py (règles edgar_v1, automatique)",2026-09-28T12:37:37+00:00,doc:0000320193-0000320193-24-000006,D1 : une seule valeur brute pour cette clé
1929,facts,0000320193-0000320193-24-000006-us-gaap:RevenueFromContractWithCustomerExcludingAssessedTax-USD-2022-09-25-2022-12-31,normalized_concept,,total_revenue,"edgar_normalize.py (règles edgar_v1, automatique)",2026-09-28T12:37:37+00:00,doc:0000320193-0000320193-24-000006,R1
1930,facts,0000320193-0000320193-24-000006-us-gaap:RevenueFromContractWithCustomerExcludingAssessedTax-USD-2022-09-25-2022-12-31,transformation,,aucune,"edgar_normalize.py (règles edgar_v1, automatique)",2026-09-28T12:37:37+00:00,doc:0000320193-0000320193-24-000006,T1
1931,facts,0000320193-0000320193-24-000006-us-gaap:RevenueFromContractWithCustomerExcludingAssessedTax-USD-2022-09-25-2022-12-31,value,,117154000000,"edgar_normalize.py (règles edgar_v1, automatique)",2026-09-28T12:37:37+00:00,doc:0000320193-0000320193-24-000006,T1
1932,facts,0000320193-0000320193-24-000006-us-gaap:RevenueFromContractWithCustomerExcludingAssessedTax-USD-2022-09-25-2022-12-31,normalization_justification,,"Règle R1 (edgar_v1) : us-gaap:RevenueFromContractWithCustomerExcludingAssessedTax [USD, duration] -> total_revenue. Valeur reprise telle quelle (T1). Dimensions : aucune, déduit (D1). Entrée brute facts/us-gaap/RevenueFromContractWithCustomerExcludingAssessedTax/units/USD/77 (sha256 34e9602a8b97f922…). À confirmer sur l'instance XBRL.","edgar_normalize.py (règles edgar_v1, automatique)",2026-09-28T12:37:37+00:00,doc:0000320193-0000320193-24-000006,R1
1933,facts,0000320193-0000320193-23-000064-us-gaap:RevenueFromContractWithCustomerExcludingAssessedTax-USD-2022-09-25-2023-04-01,source_context,,companyfacts;entite=CIK0000320193;periode=2022-09-25/2023-04-01;segment=aucun(deduit D1),"edgar_normalize.py (règles edgar_v1, automatique)",2026-09-28T12:37:37+00:00,doc:0000320193-0000320193-23-000064,X1
1934,facts,0000320193-0000320193-23-000064-us-gaap:RevenueFromContractWithCustomerExcludingAssessedTax-USD-2022-09-25-2023-04-01,source_dimensions,INCONNU,,"edgar_normalize.py (règles edgar_v1, automatique)",2026-09-28T12:37:37+00:00,doc:0000320193-0000320193-23-000064,D1 : une seule valeur brute pour cette clé
1935,facts,0000320193-0000320193-23-000064-us-gaap:RevenueFromContractWithCustomerExcludingAssessedTax-USD-2022-09-25-2023-04-01,normalized_concept,,total_revenue,"edgar_normalize.py (règles edgar_v1, automatique)",2026-09-28T12:37:37+00:00,doc:0000320193-0000320193-23-000064,R1
1936,facts,0000320193-0000320193-23-000064-us-gaap:RevenueFromContractWithCustomerExcludingAssessedTax-USD-2022-09-25-2023-04-01,transformation,,aucune,"edgar_normalize.py (règles edgar_v1, automatique)",2026-09-28T12:37:37+00:00,doc:0000320193-0000320193-23-000064,T1
1937,facts,0000320193-0000320193-23-000064-us-gaap:RevenueFromContractWithCustomerExcludingAssessedTax-USD-2022-09-25-2023-04-01,value,,211990000000,"edgar_normalize.py (règles edgar_v1, automatique)",2026-09-28T12:37:37+00:00,doc:0000320193-0000320193-23-000064,T1
1938,facts,0000320193-0000320193-23-000064-us-gaap:RevenueFromContractWithCustomerExcludingAssessedTax-USD-2022-09-25-2023-04-01,normalization_justification,,"Règle R1 (edgar_v1) : us-gaap:RevenueFromContractWithCustomerExcludingAssessedTax [USD, duration] -> total_revenue. Valeur reprise telle quelle (T1). Dimensions : aucune, déduit (D1). Entrée brute facts/us-gaap/RevenueFromContractWithCustomerExcludingAssessedTax/units/USD/78 (sha256 05c3187953afb0de…). À confirmer sur l'instance XBRL.","edgar_normalize.py (règles edgar_v1, automatique)",2026-09-28T12:37:37+00:00,doc:0000320193-0000320193-23-000064,R1
1939,facts,0000320193-0000320193-24-000069-us-gaap:RevenueFromContractWithCustomerExcludingAssessedTax-USD-2022-09-25-2023-04-01,source_context,,companyfacts;entite=CIK0000320193;periode=2022-09-25/2023-04-01;segment=aucun(deduit D1),"edgar_normalize.py (règles edgar_v1, automatique)",2026-09-28T12:37:37+00:00,doc:0000320193-0000320193-24-000069,X1
1940,facts,0000320193-0000320193-24-000069-us-gaap:RevenueFromContractWithCustomerExcludingAssessedTax-USD-2022-09-25-2023-04-01,source_dimensions,INCONNU,,"edgar_normalize.py (règles edgar_v1, automatique)",2026-09-28T12:37:37+00:00,doc:0000320193-0000320193-24-000069,D1 : une seule valeur brute pour cette clé
1941,facts,0000320193-0000320193-24-000069-us-gaap:RevenueFromContractWithCustomerExcludingAssessedTax-USD-2022-09-25-2023-04-01,normalized_concept,,total_revenue,"edgar_normalize.py (règles edgar_v1, automatique)",2026-09-28T12:37:37+00:00,doc:0000320193-0000320193-24-000069,R1
1942,facts,0000320193-0000320193-24-000069-us-gaap:RevenueFromContractWithCustomerExcludingAssessedTax-USD-2022-09-25-2023-04-01,transformation,,aucune,"edgar_normalize.py (règles edgar_v1, automatique)",2026-09-28T12:37:37+00:00,doc:0000320193-0000320193-24-000069,T1
1943,facts,0000320193-0000320193-24-000069-us-gaap:RevenueFromContractWithCustomerExcludingAssessedTax-USD-2022-09-25-2023-04-01,value,,211990000000,"edgar_normalize.py (règles edgar_v1, automatique)",2026-09-28T12:37:37+00:00,doc:0000320193-0000320193-24-000069,T1
1944,facts,0000320193-0000320193-24-000069-us-gaap:RevenueFromContractWithCustomerExcludingAssessedTax-USD-2022-09-25-2023-04-01,normalization_justification,,"Règle R1 (edgar_v1) : us-gaap:RevenueFromContractWithCustomerExcludingAssessedTax [USD, duration] -> total_revenue. Valeur reprise telle quelle (T1). Dimensions : aucune, déduit (D1). Entrée brute facts/us-gaap/RevenueFromContractWithCustomerExcludingAssessedTax/units/USD/79 (sha256 7d65ec5b19a4d273…). À confirmer sur l'instance XBRL.","edgar_normalize.py (règles edgar_v1, automatique)",2026-09-28T12:37:37+00:00,doc:0000320193-0000320193-24-000069,R1
1945,facts,0000320193-0000320193-23-000064-us-gaap:RevenueFromContractWithCustomerExcludingAssessedTax-USD-2023-01-01-2023-04-01,source_context,,companyfacts;entite=CIK0000320193;periode=2023-01-01/2023-04-01;segment=aucun(deduit D1),"edgar_normalize.py (règles edgar_v1, automatique)",2026-09-28T12:37:37+00:00,doc:0000320193-0000320193-23-000064,X1
1946,facts,0000320193-0000320193-23-000064-us-gaap:RevenueFromContractWithCustomerExcludingAssessedTax-USD-2023-01-01-2023-04-01,source_dimensions,INCONNU,,"edgar_normalize.py (règles edgar_v1, automatique)",2026-09-28T12:37:37+00:00,doc:0000320193-0000320193-23-000064,D1 : une seule valeur brute pour cette clé
1947,facts,0000320193-0000320193-23-000064-us-gaap:RevenueFromContractWithCustomerExcludingAssessedTax-USD-2023-01-01-2023-04-01,normalized_concept,,total_revenue,"edgar_normalize.py (règles edgar_v1, automatique)",2026-09-28T12:37:37+00:00,doc:0000320193-0000320193-23-000064,R1
1948,facts,0000320193-0000320193-23-000064-us-gaap:RevenueFromContractWithCustomerExcludingAssessedTax-USD-2023-01-01-2023-04-01,transformation,,aucune,"edgar_normalize.py (règles edgar_v1, automatique)",2026-09-28T12:37:37+00:00,doc:0000320193-0000320193-23-000064,T1
1949,facts,0000320193-0000320193-23-000064-us-gaap:RevenueFromContractWithCustomerExcludingAssessedTax-USD-2023-01-01-2023-04-01,value,,94836000000,"edgar_normalize.py (règles edgar_v1, automatique)",2026-09-28T12:37:37+00:00,doc:0000320193-0000320193-23-000064,T1
1950,facts,0000320193-0000320193-23-000064-us-gaap:RevenueFromContractWithCustomerExcludingAssessedTax-USD-2023-01-01-2023-04-01,normalization_justification,,"Règle R1 (edgar_v1) : us-gaap:RevenueFromContractWithCustomerExcludingAssessedTax [USD, duration] -> total_revenue. Valeur reprise telle quelle (T1). Dimensions : aucune, déduit (D1). Entrée brute facts/us-gaap/RevenueFromContractWithCustomerExcludingAssessedTax/units/USD/80 (sha256 8029557841ef4231…). À confirmer sur l'instance XBRL.","edgar_normalize.py (règles edgar_v1, automatique)",2026-09-28T12:37:37+00:00,doc:0000320193-0000320193-23-000064,R1
1951,facts,0000320193-0000320193-24-000069-us-gaap:RevenueFromContractWithCustomerExcludingAssessedTax-USD-2023-01-01-2023-04-01,source_context,,companyfacts;entite=CIK0000320193;periode=2023-01-01/2023-04-01;segment=aucun(deduit D1),"edgar_normalize.py (règles edgar_v1, automatique)",2026-09-28T12:37:37+00:00,doc:0000320193-0000320193-24-000069,X1
1952,facts,0000320193-0000320193-24-000069-us-gaap:RevenueFromContractWithCustomerExcludingAssessedTax-USD-2023-01-01-2023-04-01,source_dimensions,INCONNU,,"edgar_normalize.py (règles edgar_v1, automatique)",2026-09-28T12:37:37+00:00,doc:0000320193-0000320193-24-000069,D1 : une seule valeur brute pour cette clé
1953,facts,0000320193-0000320193-24-000069-us-gaap:RevenueFromContractWithCustomerExcludingAssessedTax-USD-2023-01-01-2023-04-01,normalized_concept,,total_revenue,"edgar_normalize.py (règles edgar_v1, automatique)",2026-09-28T12:37:37+00:00,doc:0000320193-0000320193-24-000069,R1
1954,facts,0000320193-0000320193-24-000069-us-gaap:RevenueFromContractWithCustomerExcludingAssessedTax-USD-2023-01-01-2023-04-01,transformation,,aucune,"edgar_normalize.py (règles edgar_v1, automatique)",2026-09-28T12:37:37+00:00,doc:0000320193-0000320193-24-000069,T1
1955,facts,0000320193-0000320193-24-000069-us-gaap:RevenueFromContractWithCustomerExcludingAssessedTax-USD-2023-01-01-2023-04-01,value,,94836000000,"edgar_normalize.py (règles edgar_v1, automatique)",2026-09-28T12:37:37+00:00,doc:0000320193-0000320193-24-000069,T1
1956,facts,0000320193-0000320193-24-000069-us-gaap:RevenueFromContractWithCustomerExcludingAssessedTax-USD-2023-01-01-2023-04-01,normalization_justification,,"Règle R1 (edgar_v1) : us-gaap:RevenueFromContractWithCustomerExcludingAssessedTax [USD, duration] -> total_revenue. Valeur reprise telle quelle (T1). Dimensions : aucune, déduit (D1). Entrée brute facts/us-gaap/RevenueFromContractWithCustomerExcludingAssessedTax/units/USD/81 (sha256 af2e4c702aa10b4b…). À confirmer sur l'instance XBRL.","edgar_normalize.py (règles edgar_v1, automatique)",2026-09-28T12:37:37+00:00,doc:0000320193-0000320193-24-000069,R1
1957,facts,0000320193-0000320193-23-000077-us-gaap:RevenueFromContractWithCustomerExcludingAssessedTax-USD-2022-09-25-2023-07-01,source_context,,companyfacts;entite=CIK0000320193;periode=2022-09-25/2023-07-01;segment=aucun(deduit D1),"edgar_normalize.py (règles edgar_v1, automatique)",2026-09-28T12:37:37+00:00,doc:0000320193-0000320193-23-000077,X1
1958,facts,0000320193-0000320193-23-000077-us-gaap:RevenueFromContractWithCustomerExcludingAssessedTax-USD-2022-09-25-2023-07-01,source_dimensions,INCONNU,,"edgar_normalize.py (règles edgar_v1, automatique)",2026-09-28T12:37:37+00:00,doc:0000320193-0000320193-23-000077,D1 : une seule valeur brute pour cette clé
1959,facts,0000320193-0000320193-23-000077-us-gaap:RevenueFromContractWithCustomerExcludingAssessedTax-USD-2022-09-25-2023-07-01,normalized_concept,,total_revenue,"edgar_normalize.py (règles edgar_v1, automatique)",2026-09-28T12:37:37+00:00,doc:0000320193-0000320193-23-000077,R1
1960,facts,0000320193-0000320193-23-000077-us-gaap:RevenueFromContractWithCustomerExcludingAssessedTax-USD-2022-09-25-2023-07-01,transformation,,aucune,"edgar_normalize.py (règles edgar_v1, automatique)",2026-09-28T12:37:37+00:00,doc:0000320193-0000320193-23-000077,T1
1961,facts,0000320193-0000320193-23-000077-us-gaap:RevenueFromContractWithCustomerExcludingAssessedTax-USD-2022-09-25-2023-07-01,value,,293787000000,"edgar_normalize.py (règles edgar_v1, automatique)",2026-09-28T12:37:37+00:00,doc:0000320193-0000320193-23-000077,T1
1962,facts,0000320193-0000320193-23-000077-us-gaap:RevenueFromContractWithCustomerExcludingAssessedTax-USD-2022-09-25-2023-07-01,normalization_justification,,"Règle R1 (edgar_v1) : us-gaap:RevenueFromContractWithCustomerExcludingAssessedTax [USD, duration] -> total_revenue. Valeur reprise telle quelle (T1). Dimensions : aucune, déduit (D1). Entrée brute facts/us-gaap/RevenueFromContractWithCustomerExcludingAssessedTax/units/USD/82 (sha256 a2eda7f34b38be45…). À confirmer sur l'instance XBRL.","edgar_normalize.py (règles edgar_v1, automatique)",2026-09-28T12:37:37+00:00,doc:0000320193-0000320193-23-000077,R1
1963,facts,0000320193-0000320193-24-000081-us-gaap:RevenueFromContractWithCustomerExcludingAssessedTax-USD-2022-09-25-2023-07-01,source_context,,companyfacts;entite=CIK0000320193;periode=2022-09-25/2023-07-01;segment=aucun(deduit D1),"edgar_normalize.py (règles edgar_v1, automatique)",2026-09-28T12:37:37+00:00,doc:0000320193-0000320193-24-000081,X1
1964,facts,0000320193-0000320193-24-000081-us-gaap:RevenueFromContractWithCustomerExcludingAssessedTax-USD-2022-09-25-2023-07-01,source_dimensions,INCONNU,,"edgar_normalize.py (règles edgar_v1, automatique)",2026-09-28T12:37:37+00:00,doc:0000320193-0000320193-24-000081,D1 : une seule valeur brute pour cette clé
1965,facts,0000320193-0000320193-24-000081-us-gaap:RevenueFromContractWithCustomerExcludingAssessedTax-USD-2022-09-25-2023-07-01,normalized_concept,,total_revenue,"edgar_normalize.py (règles edgar_v1, automatique)",2026-09-28T12:37:37+00:00,doc:0000320193-0000320193-24-000081,R1
1966,facts,0000320193-0000320193-24-000081-us-gaap:RevenueFromContractWithCustomerExcludingAssessedTax-USD-2022-09-25-2023-07-01,transformation,,aucune,"edgar_normalize.py (règles edgar_v1, automatique)",2026-09-28T12:37:37+00:00,doc:0000320193-0000320193-24-000081,T1
1967,facts,0000320193-0000320193-24-000081-us-gaap:RevenueFromContractWithCustomerExcludingAssessedTax-USD-2022-09-25-2023-07-01,value,,293787000000,"edgar_normalize.py (règles edgar_v1, automatique)",2026-09-28T12:37:37+00:00,doc:0000320193-0000320193-24-000081,T1
1968,facts,0000320193-0000320193-24-000081-us-gaap:RevenueFromContractWithCustomerExcludingAssessedTax-USD-2022-09-25-2023-07-01,normalization_justification,,"Règle R1 (edgar_v1) : us-gaap:RevenueFromContractWithCustomerExcludingAssessedTax [USD, duration] -> total_revenue. Valeur reprise telle quelle (T1). Dimensions : aucune, déduit (D1). Entrée brute facts/us-gaap/RevenueFromContractWithCustomerExcludingAssessedTax/units/USD/83 (sha256 e240c487e907c406…). À confirmer sur l'instance XBRL.","edgar_normalize.py (règles edgar_v1, automatique)",2026-09-28T12:37:37+00:00,doc:0000320193-0000320193-24-000081,R1
1969,facts,0000320193-0000320193-23-000077-us-gaap:RevenueFromContractWithCustomerExcludingAssessedTax-USD-2023-04-02-2023-07-01,source_context,,companyfacts;entite=CIK0000320193;periode=2023-04-02/2023-07-01;segment=aucun(deduit D1),"edgar_normalize.py (règles edgar_v1, automatique)",2026-09-28T12:37:37+00:00,doc:0000320193-0000320193-23-000077,X1
1970,facts,0000320193-0000320193-23-000077-us-gaap:RevenueFromContractWithCustomerExcludingAssessedTax-USD-2023-04-02-2023-07-01,source_dimensions,INCONNU,,"edgar_normalize.py (règles edgar_v1, automatique)",2026-09-28T12:37:37+00:00,doc:0000320193-0000320193-23-000077,D1 : une seule valeur brute pour cette clé
1971,facts,0000320193-0000320193-23-000077-us-gaap:RevenueFromContractWithCustomerExcludingAssessedTax-USD-2023-04-02-2023-07-01,normalized_concept,,total_revenue,"edgar_normalize.py (règles edgar_v1, automatique)",2026-09-28T12:37:37+00:00,doc:0000320193-0000320193-23-000077,R1
1972,facts,0000320193-0000320193-23-000077-us-gaap:RevenueFromContractWithCustomerExcludingAssessedTax-USD-2023-04-02-2023-07-01,transformation,,aucune,"edgar_normalize.py (règles edgar_v1, automatique)",2026-09-28T12:37:37+00:00,doc:0000320193-0000320193-23-000077,T1
1973,facts,0000320193-0000320193-23-000077-us-gaap:RevenueFromContractWithCustomerExcludingAssessedTax-USD-2023-04-02-2023-07-01,value,,81797000000,"edgar_normalize.py (règles edgar_v1, automatique)",2026-09-28T12:37:37+00:00,doc:0000320193-0000320193-23-000077,T1
1974,facts,0000320193-0000320193-23-000077-us-gaap:RevenueFromContractWithCustomerExcludingAssessedTax-USD-2023-04-02-2023-07-01,normalization_justification,,"Règle R1 (edgar_v1) : us-gaap:RevenueFromContractWithCustomerExcludingAssessedTax [USD, duration] -> total_revenue. Valeur reprise telle quelle (T1). Dimensions : aucune, déduit (D1). Entrée brute facts/us-gaap/RevenueFromContractWithCustomerExcludingAssessedTax/units/USD/84 (sha256 163976ed612b3333…). À confirmer sur l'instance XBRL.","edgar_normalize.py (règles edgar_v1, automatique)",2026-09-28T12:37:37+00:00,doc:0000320193-0000320193-23-000077,R1
1975,facts,0000320193-0000320193-24-000081-us-gaap:RevenueFromContractWithCustomerExcludingAssessedTax-USD-2023-04-02-2023-07-01,source_context,,companyfacts;entite=CIK0000320193;periode=2023-04-02/2023-07-01;segment=aucun(deduit D1),"edgar_normalize.py (règles edgar_v1, automatique)",2026-09-28T12:37:37+00:00,doc:0000320193-0000320193-24-000081,X1
1976,facts,0000320193-0000320193-24-000081-us-gaap:RevenueFromContractWithCustomerExcludingAssessedTax-USD-2023-04-02-2023-07-01,source_dimensions,INCONNU,,"edgar_normalize.py (règles edgar_v1, automatique)",2026-09-28T12:37:37+00:00,doc:0000320193-0000320193-24-000081,D1 : une seule valeur brute pour cette clé
1977,facts,0000320193-0000320193-24-000081-us-gaap:RevenueFromContractWithCustomerExcludingAssessedTax-USD-2023-04-02-2023-07-01,normalized_concept,,total_revenue,"edgar_normalize.py (règles edgar_v1, automatique)",2026-09-28T12:37:37+00:00,doc:0000320193-0000320193-24-000081,R1
1978,facts,0000320193-0000320193-24-000081-us-gaap:RevenueFromContractWithCustomerExcludingAssessedTax-USD-2023-04-02-2023-07-01,transformation,,aucune,"edgar_normalize.py (règles edgar_v1, automatique)",2026-09-28T12:37:37+00:00,doc:0000320193-0000320193-24-000081,T1
1979,facts,0000320193-0000320193-24-000081-us-gaap:RevenueFromContractWithCustomerExcludingAssessedTax-USD-2023-04-02-2023-07-01,value,,81797000000,"edgar_normalize.py (règles edgar_v1, automatique)",2026-09-28T12:37:37+00:00,doc:0000320193-0000320193-24-000081,T1
1980,facts,0000320193-0000320193-24-000081-us-gaap:RevenueFromContractWithCustomerExcludingAssessedTax-USD-2023-04-02-2023-07-01,normalization_justification,,"Règle R1 (edgar_v1) : us-gaap:RevenueFromContractWithCustomerExcludingAssessedTax [USD, duration] -> total_revenue. Valeur reprise telle quelle (T1). Dimensions : aucune, déduit (D1). Entrée brute facts/us-gaap/RevenueFromContractWithCustomerExcludingAssessedTax/units/USD/85 (sha256 cf22262eae87992d…). À confirmer sur l'instance XBRL.","edgar_normalize.py (règles edgar_v1, automatique)",2026-09-28T12:37:37+00:00,doc:0000320193-0000320193-24-000081,R1
1981,facts,0000320193-0000320193-23-000106-us-gaap:RevenueFromContractWithCustomerExcludingAssessedTax-USD-2022-09-25-2023-09-30,source_context,,companyfacts;entite=CIK0000320193;periode=2022-09-25/2023-09-30;segment=aucun(deduit D1),"edgar_normalize.py (règles edgar_v1, automatique)",2026-09-28T12:37:37+00:00,doc:0000320193-0000320193-23-000106,X1
1982,facts,0000320193-0000320193-23-000106-us-gaap:RevenueFromContractWithCustomerExcludingAssessedTax-USD-2022-09-25-2023-09-30,source_dimensions,INCONNU,,"edgar_normalize.py (règles edgar_v1, automatique)",2026-09-28T12:37:37+00:00,doc:0000320193-0000320193-23-000106,D1 : une seule valeur brute pour cette clé
1983,facts,0000320193-0000320193-23-000106-us-gaap:RevenueFromContractWithCustomerExcludingAssessedTax-USD-2022-09-25-2023-09-30,normalized_concept,,total_revenue,"edgar_normalize.py (règles edgar_v1, automatique)",2026-09-28T12:37:37+00:00,doc:0000320193-0000320193-23-000106,R1
1984,facts,0000320193-0000320193-23-000106-us-gaap:RevenueFromContractWithCustomerExcludingAssessedTax-USD-2022-09-25-2023-09-30,transformation,,aucune,"edgar_normalize.py (règles edgar_v1, automatique)",2026-09-28T12:37:37+00:00,doc:0000320193-0000320193-23-000106,T1
1985,facts,0000320193-0000320193-23-000106-us-gaap:RevenueFromContractWithCustomerExcludingAssessedTax-USD-2022-09-25-2023-09-30,value,,383285000000,"edgar_normalize.py (règles edgar_v1, automatique)",2026-09-28T12:37:37+00:00,doc:0000320193-0000320193-23-000106,T1
1986,facts,0000320193-0000320193-23-000106-us-gaap:RevenueFromContractWithCustomerExcludingAssessedTax-USD-2022-09-25-2023-09-30,normalization_justification,,"Règle R1 (edgar_v1) : us-gaap:RevenueFromContractWithCustomerExcludingAssessedTax [USD, duration] -> total_revenue. Valeur reprise telle quelle (T1). Dimensions : aucune, déduit (D1). Entrée brute facts/us-gaap/RevenueFromContractWithCustomerExcludingAssessedTax/units/USD/86 (sha256 142aa8e4e9bc4900…). À confirmer sur l'instance XBRL.","edgar_normalize.py (règles edgar_v1, automatique)",2026-09-28T12:37:37+00:00,doc:0000320193-0000320193-23-000106,R1
1987,facts,0000320193-0000320193-24-000123-us-gaap:RevenueFromContractWithCustomerExcludingAssessedTax-USD-2022-09-25-2023-09-30,source_context,,companyfacts;entite=CIK0000320193;periode=2022-09-25/2023-09-30;segment=aucun(deduit D1),"edgar_normalize.py (règles edgar_v1, automatique)",2026-09-28T12:37:37+00:00,doc:0000320193-0000320193-24-000123,X1
1988,facts,0000320193-0000320193-24-000123-us-gaap:RevenueFromContractWithCustomerExcludingAssessedTax-USD-2022-09-25-2023-09-30,source_dimensions,INCONNU,,"edgar_normalize.py (règles edgar_v1, automatique)",2026-09-28T12:37:37+00:00,doc:0000320193-0000320193-24-000123,D1 : une seule valeur brute pour cette clé
1989,facts,0000320193-0000320193-24-000123-us-gaap:RevenueFromContractWithCustomerExcludingAssessedTax-USD-2022-09-25-2023-09-30,normalized_concept,,total_revenue,"edgar_normalize.py (règles edgar_v1, automatique)",2026-09-28T12:37:37+00:00,doc:0000320193-0000320193-24-000123,R1
1990,facts,0000320193-0000320193-24-000123-us-gaap:RevenueFromContractWithCustomerExcludingAssessedTax-USD-2022-09-25-2023-09-30,transformation,,aucune,"edgar_normalize.py (règles edgar_v1, automatique)",2026-09-28T12:37:37+00:00,doc:0000320193-0000320193-24-000123,T1
1991,facts,0000320193-0000320193-24-000123-us-gaap:RevenueFromContractWithCustomerExcludingAssessedTax-USD-2022-09-25-2023-09-30,value,,383285000000,"edgar_normalize.py (règles edgar_v1, automatique)",2026-09-28T12:37:37+00:00,doc:0000320193-0000320193-24-000123,T1
1992,facts,0000320193-0000320193-24-000123-us-gaap:RevenueFromContractWithCustomerExcludingAssessedTax-USD-2022-09-25-2023-09-30,normalization_justification,,"Règle R1 (edgar_v1) : us-gaap:RevenueFromContractWithCustomerExcludingAssessedTax [USD, duration] -> total_revenue. Valeur reprise telle quelle (T1). Dimensions : aucune, déduit (D1). Entrée brute facts/us-gaap/RevenueFromContractWithCustomerExcludingAssessedTax/units/USD/87 (sha256 8c602c28a8838005…). À confirmer sur l'instance XBRL.","edgar_normalize.py (règles edgar_v1, automatique)",2026-09-28T12:37:37+00:00,doc:0000320193-0000320193-24-000123,R1
1993,facts,0000320193-0000320193-25-000079-us-gaap:RevenueFromContractWithCustomerExcludingAssessedTax-USD-2022-09-25-2023-09-30,source_context,,companyfacts;entite=CIK0000320193;periode=2022-09-25/2023-09-30;segment=aucun(deduit D1),"edgar_normalize.py (règles edgar_v1, automatique)",2026-09-28T12:37:37+00:00,doc:0000320193-0000320193-25-000079,X1
1994,facts,0000320193-0000320193-25-000079-us-gaap:RevenueFromContractWithCustomerExcludingAssessedTax-USD-2022-09-25-2023-09-30,source_dimensions,INCONNU,,"edgar_normalize.py (règles edgar_v1, automatique)",2026-09-28T12:37:37+00:00,doc:0000320193-0000320193-25-000079,D1 : une seule valeur brute pour cette clé
1995,facts,0000320193-0000320193-25-000079-us-gaap:RevenueFromContractWithCustomerExcludingAssessedTax-USD-2022-09-25-2023-09-30,normalized_concept,,total_revenue,"edgar_normalize.py (règles edgar_v1, automatique)",2026-09-28T12:37:37+00:00,doc:0000320193-0000320193-25-000079,R1
1996,facts,0000320193-0000320193-25-000079-us-gaap:RevenueFromContractWithCustomerExcludingAssessedTax-USD-2022-09-25-2023-09-30,transformation,,aucune,"edgar_normalize.py (règles edgar_v1, automatique)",2026-09-28T12:37:37+00:00,doc:0000320193-0000320193-25-000079,T1
1997,facts,0000320193-0000320193-25-000079-us-gaap:RevenueFromContractWithCustomerExcludingAssessedTax-USD-2022-09-25-2023-09-30,value,,383285000000,"edgar_normalize.py (règles edgar_v1, automatique)",2026-09-28T12:37:37+00:00,doc:0000320193-0000320193-25-000079,T1
1998,facts,0000320193-0000320193-25-000079-us-gaap:RevenueFromContractWithCustomerExcludingAssessedTax-USD-2022-09-25-2023-09-30,normalization_justification,,"Règle R1 (edgar_v1) : us-gaap:RevenueFromContractWithCustomerExcludingAssessedTax [USD, duration] -> total_revenue. Valeur reprise telle quelle (T1). Dimensions : aucune, déduit (D1). Entrée brute facts/us-gaap/RevenueFromContractWithCustomerExcludingAssessedTax/units/USD/88 (sha256 bd56fc1bb4fcbf9f…). À confirmer sur l'instance XBRL.","edgar_normalize.py (règles edgar_v1, automatique)",2026-09-28T12:37:37+00:00,doc:0000320193-0000320193-25-000079,R1
1999,facts,0000320193-0000320193-24-000006-us-gaap:RevenueFromContractWithCustomerExcludingAssessedTax-USD-2023-10-01-2023-12-30,source_context,,companyfacts;entite=CIK0000320193;periode=2023-10-01/2023-12-30;segment=aucun(deduit D1),"edgar_normalize.py (règles edgar_v1, automatique)",2026-09-28T12:37:37+00:00,doc:0000320193-0000320193-24-000006,X1
2000,facts,0000320193-0000320193-24-000006-us-gaap:RevenueFromContractWithCustomerExcludingAssessedTax-USD-2023-10-01-2023-12-30,source_dimensions,INCONNU,,"edgar_normalize.py (règles edgar_v1, automatique)",2026-09-28T12:37:37+00:00,doc:0000320193-0000320193-24-000006,D1 : une seule valeur brute pour cette clé
2001,facts,0000320193-0000320193-24-000006-us-gaap:RevenueFromContractWithCustomerExcludingAssessedTax-USD-2023-10-01-2023-12-30,normalized_concept,,total_revenue,"edgar_normalize.py (règles edgar_v1, automatique)",2026-09-28T12:37:37+00:00,doc:0000320193-0000320193-24-000006,R1
2002,facts,0000320193-0000320193-24-000006-us-gaap:RevenueFromContractWithCustomerExcludingAssessedTax-USD-2023-10-01-2023-12-30,transformation,,aucune,"edgar_normalize.py (règles edgar_v1, automatique)",2026-09-28T12:37:37+00:00,doc:0000320193-0000320193-24-000006,T1
2003,facts,0000320193-0000320193-24-000006-us-gaap:RevenueFromContractWithCustomerExcludingAssessedTax-USD-2023-10-01-2023-12-30,value,,119575000000,"edgar_normalize.py (règles edgar_v1, automatique)",2026-09-28T12:37:37+00:00,doc:0000320193-0000320193-24-000006,T1
2004,facts,0000320193-0000320193-24-000006-us-gaap:RevenueFromContractWithCustomerExcludingAssessedTax-USD-2023-10-01-2023-12-30,normalization_justification,,"Règle R1 (edgar_v1) : us-gaap:RevenueFromContractWithCustomerExcludingAssessedTax [USD, duration] -> total_revenue. Valeur reprise telle quelle (T1). Dimensions : aucune, déduit (D1). Entrée brute facts/us-gaap/RevenueFromContractWithCustomerExcludingAssessedTax/units/USD/89 (sha256 010c6eb1cf90d20c…). À confirmer sur l'instance XBRL.","edgar_normalize.py (règles edgar_v1, automatique)",2026-09-28T12:37:37+00:00,doc:0000320193-0000320193-24-000006,R1
2005,facts,0000320193-0000320193-25-000008-us-gaap:RevenueFromContractWithCustomerExcludingAssessedTax-USD-2023-10-01-2023-12-30,source_context,,companyfacts;entite=CIK0000320193;periode=2023-10-01/2023-12-30;segment=aucun(deduit D1),"edgar_normalize.py (règles edgar_v1, automatique)",2026-09-28T12:37:37+00:00,doc:0000320193-0000320193-25-000008,X1
2006,facts,0000320193-0000320193-25-000008-us-gaap:RevenueFromContractWithCustomerExcludingAssessedTax-USD-2023-10-01-2023-12-30,source_dimensions,INCONNU,,"edgar_normalize.py (règles edgar_v1, automatique)",2026-09-28T12:37:37+00:00,doc:0000320193-0000320193-25-000008,D1 : une seule valeur brute pour cette clé
2007,facts,0000320193-0000320193-25-000008-us-gaap:RevenueFromContractWithCustomerExcludingAssessedTax-USD-2023-10-01-2023-12-30,normalized_concept,,total_revenue,"edgar_normalize.py (règles edgar_v1, automatique)",2026-09-28T12:37:37+00:00,doc:0000320193-0000320193-25-000008,R1
2008,facts,0000320193-0000320193-25-000008-us-gaap:RevenueFromContractWithCustomerExcludingAssessedTax-USD-2023-10-01-2023-12-30,transformation,,aucune,"edgar_normalize.py (règles edgar_v1, automatique)",2026-09-28T12:37:37+00:00,doc:0000320193-0000320193-25-000008,T1
2009,facts,0000320193-0000320193-25-000008-us-gaap:RevenueFromContractWithCustomerExcludingAssessedTax-USD-2023-10-01-2023-12-30,value,,119575000000,"edgar_normalize.py (règles edgar_v1, automatique)",2026-09-28T12:37:37+00:00,doc:0000320193-0000320193-25-000008,T1
2010,facts,0000320193-0000320193-25-000008-us-gaap:RevenueFromContractWithCustomerExcludingAssessedTax-USD-2023-10-01-2023-12-30,normalization_justification,,"Règle R1 (edgar_v1) : us-gaap:RevenueFromContractWithCustomerExcludingAssessedTax [USD, duration] -> total_revenue. Valeur reprise telle quelle (T1). Dimensions : aucune, déduit (D1). Entrée brute facts/us-gaap/RevenueFromContractWithCustomerExcludingAssessedTax/units/USD/90 (sha256 2e02157c5a5d506d…). À confirmer sur l'instance XBRL.","edgar_normalize.py (règles edgar_v1, automatique)",2026-09-28T12:37:37+00:00,doc:0000320193-0000320193-25-000008,R1
2011,facts,0000320193-0000320193-24-000069-us-gaap:RevenueFromContractWithCustomerExcludingAssessedTax-USD-2023-10-01-2024-03-30,source_context,,companyfacts;entite=CIK0000320193;periode=2023-10-01/2024-03-30;segment=aucun(deduit D1),"edgar_normalize.py (règles edgar_v1, automatique)",2026-09-28T12:37:37+00:00,doc:0000320193-0000320193-24-000069,X1
2012,facts,0000320193-0000320193-24-000069-us-gaap:RevenueFromContractWithCustomerExcludingAssessedTax-USD-2023-10-01-2024-03-30,source_dimensions,INCONNU,,"edgar_normalize.py (règles edgar_v1, automatique)",2026-09-28T12:37:37+00:00,doc:0000320193-0000320193-24-000069,D1 : une seule valeur brute pour cette clé
2013,facts,0000320193-0000320193-24-000069-us-gaap:RevenueFromContractWithCustomerExcludingAssessedTax-USD-2023-10-01-2024-03-30,normalized_concept,,total_revenue,"edgar_normalize.py (règles edgar_v1, automatique)",2026-09-28T12:37:37+00:00,doc:0000320193-0000320193-24-000069,R1
2014,facts,0000320193-0000320193-24-000069-us-gaap:RevenueFromContractWithCustomerExcludingAssessedTax-USD-2023-10-01-2024-03-30,transformation,,aucune,"edgar_normalize.py (règles edgar_v1, automatique)",2026-09-28T12:37:37+00:00,doc:0000320193-0000320193-24-000069,T1
2015,facts,0000320193-0000320193-24-000069-us-gaap:RevenueFromContractWithCustomerExcludingAssessedTax-USD-2023-10-01-2024-03-30,value,,210328000000,"edgar_normalize.py (règles edgar_v1, automatique)",2026-09-28T12:37:37+00:00,doc:0000320193-0000320193-24-000069,T1
2016,facts,0000320193-0000320193-24-000069-us-gaap:RevenueFromContractWithCustomerExcludingAssessedTax-USD-2023-10-01-2024-03-30,normalization_justification,,"Règle R1 (edgar_v1) : us-gaap:RevenueFromContractWithCustomerExcludingAssessedTax [USD, duration] -> total_revenue. Valeur reprise telle quelle (T1). Dimensions : aucune, déduit (D1). Entrée brute facts/us-gaap/RevenueFromContractWithCustomerExcludingAssessedTax/units/USD/91 (sha256 4eef780c445565ee…). À confirmer sur l'instance XBRL.","edgar_normalize.py (règles edgar_v1, automatique)",2026-09-28T12:37:37+00:00,doc:0000320193-0000320193-24-000069,R1
2017,facts,0000320193-0000320193-25-000057-us-gaap:RevenueFromContractWithCustomerExcludingAssessedTax-USD-2023-10-01-2024-03-30,source_context,,companyfacts;entite=CIK0000320193;periode=2023-10-01/2024-03-30;segment=aucun(deduit D1),"edgar_normalize.py (règles edgar_v1, automatique)",2026-09-28T12:37:37+00:00,doc:0000320193-0000320193-25-000057,X1
2018,facts,0000320193-0000320193-25-000057-us-gaap:RevenueFromContractWithCustomerExcludingAssessedTax-USD-2023-10-01-2024-03-30,source_dimensions,INCONNU,,"edgar_normalize.py (règles edgar_v1, automatique)",2026-09-28T12:37:37+00:00,doc:0000320193-0000320193-25-000057,D1 : une seule valeur brute pour cette clé
2019,facts,0000320193-0000320193-25-000057-us-gaap:RevenueFromContractWithCustomerExcludingAssessedTax-USD-2023-10-01-2024-03-30,normalized_concept,,total_revenue,"edgar_normalize.py (règles edgar_v1, automatique)",2026-09-28T12:37:37+00:00,doc:0000320193-0000320193-25-000057,R1
2020,facts,0000320193-0000320193-25-000057-us-gaap:RevenueFromContractWithCustomerExcludingAssessedTax-USD-2023-10-01-2024-03-30,transformation,,aucune,"edgar_normalize.py (règles edgar_v1, automatique)",2026-09-28T12:37:37+00:00,doc:0000320193-0000320193-25-000057,T1
2021,facts,0000320193-0000320193-25-000057-us-gaap:RevenueFromContractWithCustomerExcludingAssessedTax-USD-2023-10-01-2024-03-30,value,,210328000000,"edgar_normalize.py (règles edgar_v1, automatique)",2026-09-28T12:37:37+00:00,doc:0000320193-0000320193-25-000057,T1
2022,facts,0000320193-0000320193-25-000057-us-gaap:RevenueFromContractWithCustomerExcludingAssessedTax-USD-2023-10-01-2024-03-30,normalization_justification,,"Règle R1 (edgar_v1) : us-gaap:RevenueFromContractWithCustomerExcludingAssessedTax [USD, duration] -> total_revenue. Valeur reprise telle quelle (T1). Dimensions : aucune, déduit (D1). Entrée brute facts/us-gaap/RevenueFromContractWithCustomerExcludingAssessedTax/units/USD/92 (sha256 428175606d626218…). À confirmer sur l'instance XBRL.","edgar_normalize.py (règles edgar_v1, automatique)",2026-09-28T12:37:37+00:00,doc:0000320193-0000320193-25-000057,R1
2023,facts,0000320193-0000320193-24-000069-us-gaap:RevenueFromContractWithCustomerExcludingAssessedTax-USD-2023-12-31-2024-03-30,source_context,,companyfacts;entite=CIK0000320193;periode=2023-12-31/2024-03-30;segment=aucun(deduit D1),"edgar_normalize.py (règles edgar_v1, automatique)",2026-09-28T12:37:37+00:00,doc:0000320193-0000320193-24-000069,X1
2024,facts,0000320193-0000320193-24-000069-us-gaap:RevenueFromContractWithCustomerExcludingAssessedTax-USD-2023-12-31-2024-03-30,source_dimensions,INCONNU,,"edgar_normalize.py (règles edgar_v1, automatique)",2026-09-28T12:37:37+00:00,doc:0000320193-0000320193-24-000069,D1 : une seule valeur brute pour cette clé
2025,facts,0000320193-0000320193-24-000069-us-gaap:RevenueFromContractWithCustomerExcludingAssessedTax-USD-2023-12-31-2024-03-30,normalized_concept,,total_revenue,"edgar_normalize.py (règles edgar_v1, automatique)",2026-09-28T12:37:37+00:00,doc:0000320193-0000320193-24-000069,R1
2026,facts,0000320193-0000320193-24-000069-us-gaap:RevenueFromContractWithCustomerExcludingAssessedTax-USD-2023-12-31-2024-03-30,transformation,,aucune,"edgar_normalize.py (règles edgar_v1, automatique)",2026-09-28T12:37:37+00:00,doc:0000320193-0000320193-24-000069,T1
2027,facts,0000320193-0000320193-24-000069-us-gaap:RevenueFromContractWithCustomerExcludingAssessedTax-USD-2023-12-31-2024-03-30,value,,90753000000,"edgar_normalize.py (règles edgar_v1, automatique)",2026-09-28T12:37:37+00:00,doc:0000320193-0000320193-24-000069,T1
2028,facts,0000320193-0000320193-24-000069-us-gaap:RevenueFromContractWithCustomerExcludingAssessedTax-USD-2023-12-31-2024-03-30,normalization_justification,,"Règle R1 (edgar_v1) : us-gaap:RevenueFromContractWithCustomerExcludingAssessedTax [USD, duration] -> total_revenue. Valeur reprise telle quelle (T1). Dimensions : aucune, déduit (D1). Entrée brute facts/us-gaap/RevenueFromContractWithCustomerExcludingAssessedTax/units/USD/93 (sha256 92647de22118b7d0…). À confirmer sur l'instance XBRL.","edgar_normalize.py (règles edgar_v1, automatique)",2026-09-28T12:37:37+00:00,doc:0000320193-0000320193-24-000069,R1
2029,facts,0000320193-0000320193-25-000057-us-gaap:RevenueFromContractWithCustomerExcludingAssessedTax-USD-2023-12-31-2024-03-30,source_context,,companyfacts;entite=CIK0000320193;periode=2023-12-31/2024-03-30;segment=aucun(deduit D1),"edgar_normalize.py (règles edgar_v1, automatique)",2026-09-28T12:37:37+00:00,doc:0000320193-0000320193-25-000057,X1
2030,facts,0000320193-0000320193-25-000057-us-gaap:RevenueFromContractWithCustomerExcludingAssessedTax-USD-2023-12-31-2024-03-30,source_dimensions,INCONNU,,"edgar_normalize.py (règles edgar_v1, automatique)",2026-09-28T12:37:37+00:00,doc:0000320193-0000320193-25-000057,D1 : une seule valeur brute pour cette clé
2031,facts,0000320193-0000320193-25-000057-us-gaap:RevenueFromContractWithCustomerExcludingAssessedTax-USD-2023-12-31-2024-03-30,normalized_concept,,total_revenue,"edgar_normalize.py (règles edgar_v1, automatique)",2026-09-28T12:37:37+00:00,doc:0000320193-0000320193-25-000057,R1
2032,facts,0000320193-0000320193-25-000057-us-gaap:RevenueFromContractWithCustomerExcludingAssessedTax-USD-2023-12-31-2024-03-30,transformation,,aucune,"edgar_normalize.py (règles edgar_v1, automatique)",2026-09-28T12:37:37+00:00,doc:0000320193-0000320193-25-000057,T1
2033,facts,0000320193-0000320193-25-000057-us-gaap:RevenueFromContractWithCustomerExcludingAssessedTax-USD-2023-12-31-2024-03-30,value,,90753000000,"edgar_normalize.py (règles edgar_v1, automatique)",2026-09-28T12:37:37+00:00,doc:0000320193-0000320193-25-000057,T1
2034,facts,0000320193-0000320193-25-000057-us-gaap:RevenueFromContractWithCustomerExcludingAssessedTax-USD-2023-12-31-2024-03-30,normalization_justification,,"Règle R1 (edgar_v1) : us-gaap:RevenueFromContractWithCustomerExcludingAssessedTax [USD, duration] -> total_revenue. Valeur reprise telle quelle (T1). Dimensions : aucune, déduit (D1). Entrée brute facts/us-gaap/RevenueFromContractWithCustomerExcludingAssessedTax/units/USD/94 (sha256 b84f14ea15abe68d…). À confirmer sur l'instance XBRL.","edgar_normalize.py (règles edgar_v1, automatique)",2026-09-28T12:37:37+00:00,doc:0000320193-0000320193-25-000057,R1
2035,facts,0000320193-0000320193-24-000081-us-gaap:RevenueFromContractWithCustomerExcludingAssessedTax-USD-2023-10-01-2024-06-29,source_context,,companyfacts;entite=CIK0000320193;periode=2023-10-01/2024-06-29;segment=aucun(deduit D1),"edgar_normalize.py (règles edgar_v1, automatique)",2026-09-28T12:37:37+00:00,doc:0000320193-0000320193-24-000081,X1
2036,facts,0000320193-0000320193-24-000081-us-gaap:RevenueFromContractWithCustomerExcludingAssessedTax-USD-2023-10-01-2024-06-29,source_dimensions,INCONNU,,"edgar_normalize.py (règles edgar_v1, automatique)",2026-09-28T12:37:37+00:00,doc:0000320193-0000320193-24-000081,D1 : une seule valeur brute pour cette clé
2037,facts,0000320193-0000320193-24-000081-us-gaap:RevenueFromContractWithCustomerExcludingAssessedTax-USD-2023-10-01-2024-06-29,normalized_concept,,total_revenue,"edgar_normalize.py (règles edgar_v1, automatique)",2026-09-28T12:37:37+00:00,doc:0000320193-0000320193-24-000081,R1
2038,facts,0000320193-0000320193-24-000081-us-gaap:RevenueFromContractWithCustomerExcludingAssessedTax-USD-2023-10-01-2024-06-29,transformation,,aucune,"edgar_normalize.py (règles edgar_v1, automatique)",2026-09-28T12:37:37+00:00,doc:0000320193-0000320193-24-000081,T1
2039,facts,0000320193-0000320193-24-000081-us-gaap:RevenueFromContractWithCustomerExcludingAssessedTax-USD-2023-10-01-2024-06-29,value,,296105000000,"edgar_normalize.py (règles edgar_v1, automatique)",2026-09-28T12:37:37+00:00,doc:0000320193-0000320193-24-000081,T1
2040,facts,0000320193-0000320193-24-000081-us-gaap:RevenueFromContractWithCustomerExcludingAssessedTax-USD-2023-10-01-2024-06-29,normalization_justification,,"Règle R1 (edgar_v1) : us-gaap:RevenueFromContractWithCustomerExcludingAssessedTax [USD, duration] -> total_revenue. Valeur reprise telle quelle (T1). Dimensions : aucune, déduit (D1). Entrée brute facts/us-gaap/RevenueFromContractWithCustomerExcludingAssessedTax/units/USD/95 (sha256 c0982fe2d543248e…). À confirmer sur l'instance XBRL.","edgar_normalize.py (règles edgar_v1, automatique)",2026-09-28T12:37:37+00:00,doc:0000320193-0000320193-24-000081,R1
2041,facts,0000320193-0000320193-25-000073-us-gaap:RevenueFromContractWithCustomerExcludingAssessedTax-USD-2023-10-01-2024-06-29,source_context,,companyfacts;entite=CIK0000320193;periode=2023-10-01/2024-06-29;segment=aucun(deduit D1),"edgar_normalize.py (règles edgar_v1, automatique)",2026-09-28T12:37:37+00:00,doc:0000320193-0000320193-25-000073,X1
2042,facts,0000320193-0000320193-25-000073-us-gaap:RevenueFromContractWithCustomerExcludingAssessedTax-USD-2023-10-01-2024-06-29,source_dimensions,INCONNU,,"edgar_normalize.py (règles edgar_v1, automatique)",2026-09-28T12:37:37+00:00,doc:0000320193-0000320193-25-000073,D1 : une seule valeur brute pour cette clé
2043,facts,0000320193-0000320193-25-000073-us-gaap:RevenueFromContractWithCustomerExcludingAssessedTax-USD-2023-10-01-2024-06-29,normalized_concept,,total_revenue,"edgar_normalize.py (règles edgar_v1, automatique)",2026-09-28T12:37:37+00:00,doc:0000320193-0000320193-25-000073,R1
2044,facts,0000320193-0000320193-25-000073-us-gaap:RevenueFromContractWithCustomerExcludingAssessedTax-USD-2023-10-01-2024-06-29,transformation,,aucune,"edgar_normalize.py (règles edgar_v1, automatique)",2026-09-28T12:37:37+00:00,doc:0000320193-0000320193-25-000073,T1
2045,facts,0000320193-0000320193-25-000073-us-gaap:RevenueFromContractWithCustomerExcludingAssessedTax-USD-2023-10-01-2024-06-29,value,,296105000000,"edgar_normalize.py (règles edgar_v1, automatique)",2026-09-28T12:37:37+00:00,doc:0000320193-0000320193-25-000073,T1
2046,facts,0000320193-0000320193-25-000073-us-gaap:RevenueFromContractWithCustomerExcludingAssessedTax-USD-2023-10-01-2024-06-29,normalization_justification,,"Règle R1 (edgar_v1) : us-gaap:RevenueFromContractWithCustomerExcludingAssessedTax [USD, duration] -> total_revenue. Valeur reprise telle quelle (T1). Dimensions : aucune, déduit (D1). Entrée brute facts/us-gaap/RevenueFromContractWithCustomerExcludingAssessedTax/units/USD/96 (sha256 0cf10944f68f8fc0…). À confirmer sur l'instance XBRL.","edgar_normalize.py (règles edgar_v1, automatique)",2026-09-28T12:37:37+00:00,doc:0000320193-0000320193-25-000073,R1
2047,facts,0000320193-0000320193-24-000081-us-gaap:RevenueFromContractWithCustomerExcludingAssessedTax-USD-2024-03-31-2024-06-29,source_context,,companyfacts;entite=CIK0000320193;periode=2024-03-31/2024-06-29;segment=aucun(deduit D1),"edgar_normalize.py (règles edgar_v1, automatique)",2026-09-28T12:37:37+00:00,doc:0000320193-0000320193-24-000081,X1
2048,facts,0000320193-0000320193-24-000081-us-gaap:RevenueFromContractWithCustomerExcludingAssessedTax-USD-2024-03-31-2024-06-29,source_dimensions,INCONNU,,"edgar_normalize.py (règles edgar_v1, automatique)",2026-09-28T12:37:37+00:00,doc:0000320193-0000320193-24-000081,D1 : une seule valeur brute pour cette clé
2049,facts,0000320193-0000320193-24-000081-us-gaap:RevenueFromContractWithCustomerExcludingAssessedTax-USD-2024-03-31-2024-06-29,normalized_concept,,total_revenue,"edgar_normalize.py (règles edgar_v1, automatique)",2026-09-28T12:37:37+00:00,doc:0000320193-0000320193-24-000081,R1
2050,facts,0000320193-0000320193-24-000081-us-gaap:RevenueFromContractWithCustomerExcludingAssessedTax-USD-2024-03-31-2024-06-29,transformation,,aucune,"edgar_normalize.py (règles edgar_v1, automatique)",2026-09-28T12:37:37+00:00,doc:0000320193-0000320193-24-000081,T1
2051,facts,0000320193-0000320193-24-000081-us-gaap:RevenueFromContractWithCustomerExcludingAssessedTax-USD-2024-03-31-2024-06-29,value,,85777000000,"edgar_normalize.py (règles edgar_v1, automatique)",2026-09-28T12:37:37+00:00,doc:0000320193-0000320193-24-000081,T1
2052,facts,0000320193-0000320193-24-000081-us-gaap:RevenueFromContractWithCustomerExcludingAssessedTax-USD-2024-03-31-2024-06-29,normalization_justification,,"Règle R1 (edgar_v1) : us-gaap:RevenueFromContractWithCustomerExcludingAssessedTax [USD, duration] -> total_revenue. Valeur reprise telle quelle (T1). Dimensions : aucune, déduit (D1). Entrée brute facts/us-gaap/RevenueFromContractWithCustomerExcludingAssessedTax/units/USD/97 (sha256 31ae8fc48b076800…). À confirmer sur l'instance XBRL.","edgar_normalize.py (règles edgar_v1, automatique)",2026-09-28T12:37:37+00:00,doc:0000320193-0000320193-24-000081,R1
2053,facts,0000320193-0000320193-25-000073-us-gaap:RevenueFromContractWithCustomerExcludingAssessedTax-USD-2024-03-31-2024-06-29,source_context,,companyfacts;entite=CIK0000320193;periode=2024-03-31/2024-06-29;segment=aucun(deduit D1),"edgar_normalize.py (règles edgar_v1, automatique)",2026-09-28T12:37:37+00:00,doc:0000320193-0000320193-25-000073,X1
2054,facts,0000320193-0000320193-25-000073-us-gaap:RevenueFromContractWithCustomerExcludingAssessedTax-USD-2024-03-31-2024-06-29,source_dimensions,INCONNU,,"edgar_normalize.py (règles edgar_v1, automatique)",2026-09-28T12:37:37+00:00,doc:0000320193-0000320193-25-000073,D1 : une seule valeur brute pour cette clé
2055,facts,0000320193-0000320193-25-000073-us-gaap:RevenueFromContractWithCustomerExcludingAssessedTax-USD-2024-03-31-2024-06-29,normalized_concept,,total_revenue,"edgar_normalize.py (règles edgar_v1, automatique)",2026-09-28T12:37:37+00:00,doc:0000320193-0000320193-25-000073,R1
2056,facts,0000320193-0000320193-25-000073-us-gaap:RevenueFromContractWithCustomerExcludingAssessedTax-USD-2024-03-31-2024-06-29,transformation,,aucune,"edgar_normalize.py (règles edgar_v1, automatique)",2026-09-28T12:37:37+00:00,doc:0000320193-0000320193-25-000073,T1
2057,facts,0000320193-0000320193-25-000073-us-gaap:RevenueFromContractWithCustomerExcludingAssessedTax-USD-2024-03-31-2024-06-29,value,,85777000000,"edgar_normalize.py (règles edgar_v1, automatique)",2026-09-28T12:37:37+00:00,doc:0000320193-0000320193-25-000073,T1
2058,facts,0000320193-0000320193-25-000073-us-gaap:RevenueFromContractWithCustomerExcludingAssessedTax-USD-2024-03-31-2024-06-29,normalization_justification,,"Règle R1 (edgar_v1) : us-gaap:RevenueFromContractWithCustomerExcludingAssessedTax [USD, duration] -> total_revenue. Valeur reprise telle quelle (T1). Dimensions : aucune, déduit (D1). Entrée brute facts/us-gaap/RevenueFromContractWithCustomerExcludingAssessedTax/units/USD/98 (sha256 8d880b3fca09f30b…). À confirmer sur l'instance XBRL.","edgar_normalize.py (règles edgar_v1, automatique)",2026-09-28T12:37:37+00:00,doc:0000320193-0000320193-25-000073,R1
2059,facts,0000320193-0000320193-24-000123-us-gaap:RevenueFromContractWithCustomerExcludingAssessedTax-USD-2023-10-01-2024-09-28,source_context,,companyfacts;entite=CIK0000320193;periode=2023-10-01/2024-09-28;segment=aucun(deduit D1),"edgar_normalize.py (règles edgar_v1, automatique)",2026-09-28T12:37:37+00:00,doc:0000320193-0000320193-24-000123,X1
2060,facts,0000320193-0000320193-24-000123-us-gaap:RevenueFromContractWithCustomerExcludingAssessedTax-USD-2023-10-01-2024-09-28,source_dimensions,INCONNU,,"edgar_normalize.py (règles edgar_v1, automatique)",2026-09-28T12:37:37+00:00,doc:0000320193-0000320193-24-000123,D1 : une seule valeur brute pour cette clé
2061,facts,0000320193-0000320193-24-000123-us-gaap:RevenueFromContractWithCustomerExcludingAssessedTax-USD-2023-10-01-2024-09-28,normalized_concept,,total_revenue,"edgar_normalize.py (règles edgar_v1, automatique)",2026-09-28T12:37:37+00:00,doc:0000320193-0000320193-24-000123,R1
2062,facts,0000320193-0000320193-24-000123-us-gaap:RevenueFromContractWithCustomerExcludingAssessedTax-USD-2023-10-01-2024-09-28,transformation,,aucune,"edgar_normalize.py (règles edgar_v1, automatique)",2026-09-28T12:37:37+00:00,doc:0000320193-0000320193-24-000123,T1
2063,facts,0000320193-0000320193-24-000123-us-gaap:RevenueFromContractWithCustomerExcludingAssessedTax-USD-2023-10-01-2024-09-28,value,,391035000000,"edgar_normalize.py (règles edgar_v1, automatique)",2026-09-28T12:37:37+00:00,doc:0000320193-0000320193-24-000123,T1
2064,facts,0000320193-0000320193-24-000123-us-gaap:RevenueFromContractWithCustomerExcludingAssessedTax-USD-2023-10-01-2024-09-28,normalization_justification,,"Règle R1 (edgar_v1) : us-gaap:RevenueFromContractWithCustomerExcludingAssessedTax [USD, duration] -> total_revenue. Valeur reprise telle quelle (T1). Dimensions : aucune, déduit (D1). Entrée brute facts/us-gaap/RevenueFromContractWithCustomerExcludingAssessedTax/units/USD/99 (sha256 508bffd635ecf67d…). À confirmer sur l'instance XBRL.","edgar_normalize.py (règles edgar_v1, automatique)",2026-09-28T12:37:37+00:00,doc:0000320193-0000320193-24-000123,R1
2065,facts,0000320193-0000320193-25-000079-us-gaap:RevenueFromContractWithCustomerExcludingAssessedTax-USD-2023-10-01-2024-09-28,source_context,,companyfacts;entite=CIK0000320193;periode=2023-10-01/2024-09-28;segment=aucun(deduit D1),"edgar_normalize.py (règles edgar_v1, automatique)",2026-09-28T12:37:37+00:00,doc:0000320193-0000320193-25-000079,X1
2066,facts,0000320193-0000320193-25-000079-us-gaap:RevenueFromContractWithCustomerExcludingAssessedTax-USD-2023-10-01-2024-09-28,source_dimensions,INCONNU,,"edgar_normalize.py (règles edgar_v1, automatique)",2026-09-28T12:37:37+00:00,doc:0000320193-0000320193-25-000079,D1 : une seule valeur brute pour cette clé
2067,facts,0000320193-0000320193-25-000079-us-gaap:RevenueFromContractWithCustomerExcludingAssessedTax-USD-2023-10-01-2024-09-28,normalized_concept,,total_revenue,"edgar_normalize.py (règles edgar_v1, automatique)",2026-09-28T12:37:37+00:00,doc:0000320193-0000320193-25-000079,R1
2068,facts,0000320193-0000320193-25-000079-us-gaap:RevenueFromContractWithCustomerExcludingAssessedTax-USD-2023-10-01-2024-09-28,transformation,,aucune,"edgar_normalize.py (règles edgar_v1, automatique)",2026-09-28T12:37:37+00:00,doc:0000320193-0000320193-25-000079,T1
2069,facts,0000320193-0000320193-25-000079-us-gaap:RevenueFromContractWithCustomerExcludingAssessedTax-USD-2023-10-01-2024-09-28,value,,391035000000,"edgar_normalize.py (règles edgar_v1, automatique)",2026-09-28T12:37:37+00:00,doc:0000320193-0000320193-25-000079,T1
2070,facts,0000320193-0000320193-25-000079-us-gaap:RevenueFromContractWithCustomerExcludingAssessedTax-USD-2023-10-01-2024-09-28,normalization_justification,,"Règle R1 (edgar_v1) : us-gaap:RevenueFromContractWithCustomerExcludingAssessedTax [USD, duration] -> total_revenue. Valeur reprise telle quelle (T1). Dimensions : aucune, déduit (D1). Entrée brute facts/us-gaap/RevenueFromContractWithCustomerExcludingAssessedTax/units/USD/100 (sha256 d26956b09b521c81…). À confirmer sur l'instance XBRL.","edgar_normalize.py (règles edgar_v1, automatique)",2026-09-28T12:37:37+00:00,doc:0000320193-0000320193-25-000079,R1
2071,facts,0000320193-0000320193-25-000008-us-gaap:RevenueFromContractWithCustomerExcludingAssessedTax-USD-2024-09-29-2024-12-28,source_context,,companyfacts;entite=CIK0000320193;periode=2024-09-29/2024-12-28;segment=aucun(deduit D1),"edgar_normalize.py (règles edgar_v1, automatique)",2026-09-28T12:37:37+00:00,doc:0000320193-0000320193-25-000008,X1
2072,facts,0000320193-0000320193-25-000008-us-gaap:RevenueFromContractWithCustomerExcludingAssessedTax-USD-2024-09-29-2024-12-28,source_dimensions,INCONNU,,"edgar_normalize.py (règles edgar_v1, automatique)",2026-09-28T12:37:37+00:00,doc:0000320193-0000320193-25-000008,D1 : une seule valeur brute pour cette clé
2073,facts,0000320193-0000320193-25-000008-us-gaap:RevenueFromContractWithCustomerExcludingAssessedTax-USD-2024-09-29-2024-12-28,normalized_concept,,total_revenue,"edgar_normalize.py (règles edgar_v1, automatique)",2026-09-28T12:37:37+00:00,doc:0000320193-0000320193-25-000008,R1
2074,facts,0000320193-0000320193-25-000008-us-gaap:RevenueFromContractWithCustomerExcludingAssessedTax-USD-2024-09-29-2024-12-28,transformation,,aucune,"edgar_normalize.py (règles edgar_v1, automatique)",2026-09-28T12:37:37+00:00,doc:0000320193-0000320193-25-000008,T1
2075,facts,0000320193-0000320193-25-000008-us-gaap:RevenueFromContractWithCustomerExcludingAssessedTax-USD-2024-09-29-2024-12-28,value,,124300000000,"edgar_normalize.py (règles edgar_v1, automatique)",2026-09-28T12:37:37+00:00,doc:0000320193-0000320193-25-000008,T1
2076,facts,0000320193-0000320193-25-000008-us-gaap:RevenueFromContractWithCustomerExcludingAssessedTax-USD-2024-09-29-2024-12-28,normalization_justification,,"Règle R1 (edgar_v1) : us-gaap:RevenueFromContractWithCustomerExcludingAssessedTax [USD, duration] -> total_revenue. Valeur reprise telle quelle (T1). Dimensions : aucune, déduit (D1). Entrée brute facts/us-gaap/RevenueFromContractWithCustomerExcludingAssessedTax/units/USD/101 (sha256 db1f12eef999993c…). À confirmer sur l'instance XBRL.","edgar_normalize.py (règles edgar_v1, automatique)",2026-09-28T12:37:37+00:00,doc:0000320193-0000320193-25-000008,R1
2077,facts,0000320193-0000320193-26-000006-us-gaap:RevenueFromContractWithCustomerExcludingAssessedTax-USD-2024-09-29-2024-12-28,source_context,,companyfacts;entite=CIK0000320193;periode=2024-09-29/2024-12-28;segment=aucun(deduit D1),"edgar_normalize.py (règles edgar_v1, automatique)",2026-09-28T12:37:37+00:00,doc:0000320193-0000320193-26-000006,X1
2078,facts,0000320193-0000320193-26-000006-us-gaap:RevenueFromContractWithCustomerExcludingAssessedTax-USD-2024-09-29-2024-12-28,source_dimensions,INCONNU,,"edgar_normalize.py (règles edgar_v1, automatique)",2026-09-28T12:37:37+00:00,doc:0000320193-0000320193-26-000006,D1 : une seule valeur brute pour cette clé
2079,facts,0000320193-0000320193-26-000006-us-gaap:RevenueFromContractWithCustomerExcludingAssessedTax-USD-2024-09-29-2024-12-28,normalized_concept,,total_revenue,"edgar_normalize.py (règles edgar_v1, automatique)",2026-09-28T12:37:37+00:00,doc:0000320193-0000320193-26-000006,R1
2080,facts,0000320193-0000320193-26-000006-us-gaap:RevenueFromContractWithCustomerExcludingAssessedTax-USD-2024-09-29-2024-12-28,transformation,,aucune,"edgar_normalize.py (règles edgar_v1, automatique)",2026-09-28T12:37:37+00:00,doc:0000320193-0000320193-26-000006,T1
2081,facts,0000320193-0000320193-26-000006-us-gaap:RevenueFromContractWithCustomerExcludingAssessedTax-USD-2024-09-29-2024-12-28,value,,124300000000,"edgar_normalize.py (règles edgar_v1, automatique)",2026-09-28T12:37:37+00:00,doc:0000320193-0000320193-26-000006,T1
2082,facts,0000320193-0000320193-26-000006-us-gaap:RevenueFromContractWithCustomerExcludingAssessedTax-USD-2024-09-29-2024-12-28,normalization_justification,,"Règle R1 (edgar_v1) : us-gaap:RevenueFromContractWithCustomerExcludingAssessedTax [USD, duration] -> total_revenue. Valeur reprise telle quelle (T1). Dimensions : aucune, déduit (D1). Entrée brute facts/us-gaap/RevenueFromContractWithCustomerExcludingAssessedTax/units/USD/102 (sha256 a6ab196aee55f7e8…). À confirmer sur l'instance XBRL.","edgar_normalize.py (règles edgar_v1, automatique)",2026-09-28T12:37:37+00:00,doc:0000320193-0000320193-26-000006,R1
2083,facts,0000320193-0000320193-25-000057-us-gaap:RevenueFromContractWithCustomerExcludingAssessedTax-USD-2024-09-29-2025-03-29,source_context,,companyfacts;entite=CIK0000320193;periode=2024-09-29/2025-03-29;segment=aucun(deduit D1),"edgar_normalize.py (règles edgar_v1, automatique)",2026-09-28T12:37:37+00:00,doc:0000320193-0000320193-25-000057,X1
2084,facts,0000320193-0000320193-25-000057-us-gaap:RevenueFromContractWithCustomerExcludingAssessedTax-USD-2024-09-29-2025-03-29,source_dimensions,INCONNU,,"edgar_normalize.py (règles edgar_v1, automatique)",2026-09-28T12:37:37+00:00,doc:0000320193-0000320193-25-000057,D1 : une seule valeur brute pour cette clé
2085,facts,0000320193-0000320193-25-000057-us-gaap:RevenueFromContractWithCustomerExcludingAssessedTax-USD-2024-09-29-2025-03-29,normalized_concept,,total_revenue,"edgar_normalize.py (règles edgar_v1, automatique)",2026-09-28T12:37:37+00:00,doc:0000320193-0000320193-25-000057,R1
2086,facts,0000320193-0000320193-25-000057-us-gaap:RevenueFromContractWithCustomerExcludingAssessedTax-USD-2024-09-29-2025-03-29,transformation,,aucune,"edgar_normalize.py (règles edgar_v1, automatique)",2026-09-28T12:37:37+00:00,doc:0000320193-0000320193-25-000057,T1
2087,facts,0000320193-0000320193-25-000057-us-gaap:RevenueFromContractWithCustomerExcludingAssessedTax-USD-2024-09-29-2025-03-29,value,,219659000000,"edgar_normalize.py (règles edgar_v1, automatique)",2026-09-28T12:37:37+00:00,doc:0000320193-0000320193-25-000057,T1
2088,facts,0000320193-0000320193-25-000057-us-gaap:RevenueFromContractWithCustomerExcludingAssessedTax-USD-2024-09-29-2025-03-29,normalization_justification,,"Règle R1 (edgar_v1) : us-gaap:RevenueFromContractWithCustomerExcludingAssessedTax [USD, duration] -> total_revenue. Valeur reprise telle quelle (T1). Dimensions : aucune, déduit (D1). Entrée brute facts/us-gaap/RevenueFromContractWithCustomerExcludingAssessedTax/units/USD/103 (sha256 b986e9ad245bdcc8…). À confirmer sur l'instance XBRL.","edgar_normalize.py (règles edgar_v1, automatique)",2026-09-28T12:37:37+00:00,doc:0000320193-0000320193-25-000057,R1
2089,facts,0000320193-0000320193-26-000013-us-gaap:RevenueFromContractWithCustomerExcludingAssessedTax-USD-2024-09-29-2025-03-29,source_context,,companyfacts;entite=CIK0000320193;periode=2024-09-29/2025-03-29;segment=aucun(deduit D1),"edgar_normalize.py (règles edgar_v1, automatique)",2026-09-28T12:37:37+00:00,doc:0000320193-0000320193-26-000013,X1
2090,facts,0000320193-0000320193-26-000013-us-gaap:RevenueFromContractWithCustomerExcludingAssessedTax-USD-2024-09-29-2025-03-29,source_dimensions,INCONNU,,"edgar_normalize.py (règles edgar_v1, automatique)",2026-09-28T12:37:37+00:00,doc:0000320193-0000320193-26-000013,D1 : une seule valeur brute pour cette clé
2091,facts,0000320193-0000320193-26-000013-us-gaap:RevenueFromContractWithCustomerExcludingAssessedTax-USD-2024-09-29-2025-03-29,normalized_concept,,total_revenue,"edgar_normalize.py (règles edgar_v1, automatique)",2026-09-28T12:37:37+00:00,doc:0000320193-0000320193-26-000013,R1
2092,facts,0000320193-0000320193-26-000013-us-gaap:RevenueFromContractWithCustomerExcludingAssessedTax-USD-2024-09-29-2025-03-29,transformation,,aucune,"edgar_normalize.py (règles edgar_v1, automatique)",2026-09-28T12:37:37+00:00,doc:0000320193-0000320193-26-000013,T1
2093,facts,0000320193-0000320193-26-000013-us-gaap:RevenueFromContractWithCustomerExcludingAssessedTax-USD-2024-09-29-2025-03-29,value,,219659000000,"edgar_normalize.py (règles edgar_v1, automatique)",2026-09-28T12:37:37+00:00,doc:0000320193-0000320193-26-000013,T1
2094,facts,0000320193-0000320193-26-000013-us-gaap:RevenueFromContractWithCustomerExcludingAssessedTax-USD-2024-09-29-2025-03-29,normalization_justification,,"Règle R1 (edgar_v1) : us-gaap:RevenueFromContractWithCustomerExcludingAssessedTax [USD, duration] -> total_revenue. Valeur reprise telle quelle (T1). Dimensions : aucune, déduit (D1). Entrée brute facts/us-gaap/RevenueFromContractWithCustomerExcludingAssessedTax/units/USD/104 (sha256 169a732a3ffd7028…). À confirmer sur l'instance XBRL.","edgar_normalize.py (règles edgar_v1, automatique)",2026-09-28T12:37:37+00:00,doc:0000320193-0000320193-26-000013,R1
2095,facts,0000320193-0000320193-25-000057-us-gaap:RevenueFromContractWithCustomerExcludingAssessedTax-USD-2024-12-29-2025-03-29,source_context,,companyfacts;entite=CIK0000320193;periode=2024-12-29/2025-03-29;segment=aucun(deduit D1),"edgar_normalize.py (règles edgar_v1, automatique)",2026-09-28T12:37:37+00:00,doc:0000320193-0000320193-25-000057,X1
2096,facts,0000320193-0000320193-25-000057-us-gaap:RevenueFromContractWithCustomerExcludingAssessedTax-USD-2024-12-29-2025-03-29,source_dimensions,INCONNU,,"edgar_normalize.py (règles edgar_v1, automatique)",2026-09-28T12:37:37+00:00,doc:0000320193-0000320193-25-000057,D1 : une seule valeur brute pour cette clé
2097,facts,0000320193-0000320193-25-000057-us-gaap:RevenueFromContractWithCustomerExcludingAssessedTax-USD-2024-12-29-2025-03-29,normalized_concept,,total_revenue,"edgar_normalize.py (règles edgar_v1, automatique)",2026-09-28T12:37:37+00:00,doc:0000320193-0000320193-25-000057,R1
2098,facts,0000320193-0000320193-25-000057-us-gaap:RevenueFromContractWithCustomerExcludingAssessedTax-USD-2024-12-29-2025-03-29,transformation,,aucune,"edgar_normalize.py (règles edgar_v1, automatique)",2026-09-28T12:37:37+00:00,doc:0000320193-0000320193-25-000057,T1
2099,facts,0000320193-0000320193-25-000057-us-gaap:RevenueFromContractWithCustomerExcludingAssessedTax-USD-2024-12-29-2025-03-29,value,,95359000000,"edgar_normalize.py (règles edgar_v1, automatique)",2026-09-28T12:37:37+00:00,doc:0000320193-0000320193-25-000057,T1
2100,facts,0000320193-0000320193-25-000057-us-gaap:RevenueFromContractWithCustomerExcludingAssessedTax-USD-2024-12-29-2025-03-29,normalization_justification,,"Règle R1 (edgar_v1) : us-gaap:RevenueFromContractWithCustomerExcludingAssessedTax [USD, duration] -> total_revenue. Valeur reprise telle quelle (T1). Dimensions : aucune, déduit (D1). Entrée brute facts/us-gaap/RevenueFromContractWithCustomerExcludingAssessedTax/units/USD/105 (sha256 38bc9319100ff81a…). À confirmer sur l'instance XBRL.","edgar_normalize.py (règles edgar_v1, automatique)",2026-09-28T12:37:37+00:00,doc:0000320193-0000320193-25-000057,R1
2101,facts,0000320193-0000320193-26-000013-us-gaap:RevenueFromContractWithCustomerExcludingAssessedTax-USD-2024-12-29-2025-03-29,source_context,,companyfacts;entite=CIK0000320193;periode=2024-12-29/2025-03-29;segment=aucun(deduit D1),"edgar_normalize.py (règles edgar_v1, automatique)",2026-09-28T12:37:37+00:00,doc:0000320193-0000320193-26-000013,X1
2102,facts,0000320193-0000320193-26-000013-us-gaap:RevenueFromContractWithCustomerExcludingAssessedTax-USD-2024-12-29-2025-03-29,source_dimensions,INCONNU,,"edgar_normalize.py (règles edgar_v1, automatique)",2026-09-28T12:37:37+00:00,doc:0000320193-0000320193-26-000013,D1 : une seule valeur brute pour cette clé
2103,facts,0000320193-0000320193-26-000013-us-gaap:RevenueFromContractWithCustomerExcludingAssessedTax-USD-2024-12-29-2025-03-29,normalized_concept,,total_revenue,"edgar_normalize.py (règles edgar_v1, automatique)",2026-09-28T12:37:37+00:00,doc:0000320193-0000320193-26-000013,R1
2104,facts,0000320193-0000320193-26-000013-us-gaap:RevenueFromContractWithCustomerExcludingAssessedTax-USD-2024-12-29-2025-03-29,transformation,,aucune,"edgar_normalize.py (règles edgar_v1, automatique)",2026-09-28T12:37:37+00:00,doc:0000320193-0000320193-26-000013,T1
2105,facts,0000320193-0000320193-26-000013-us-gaap:RevenueFromContractWithCustomerExcludingAssessedTax-USD-2024-12-29-2025-03-29,value,,95359000000,"edgar_normalize.py (règles edgar_v1, automatique)",2026-09-28T12:37:37+00:00,doc:0000320193-0000320193-26-000013,T1
2106,facts,0000320193-0000320193-26-000013-us-gaap:RevenueFromContractWithCustomerExcludingAssessedTax-USD-2024-12-29-2025-03-29,normalization_justification,,"Règle R1 (edgar_v1) : us-gaap:RevenueFromContractWithCustomerExcludingAssessedTax [USD, duration] -> total_revenue. Valeur reprise telle quelle (T1). Dimensions : aucune, déduit (D1). Entrée brute facts/us-gaap/RevenueFromContractWithCustomerExcludingAssessedTax/units/USD/106 (sha256 a4d100540dd6e95e…). À confirmer sur l'instance XBRL.","edgar_normalize.py (règles edgar_v1, automatique)",2026-09-28T12:37:37+00:00,doc:0000320193-0000320193-26-000013,R1
2107,facts,0000320193-0000320193-25-000073-us-gaap:RevenueFromContractWithCustomerExcludingAssessedTax-USD-2024-09-29-2025-06-28,source_context,,companyfacts;entite=CIK0000320193;periode=2024-09-29/2025-06-28;segment=aucun(deduit D1),"edgar_normalize.py (règles edgar_v1, automatique)",2026-09-28T12:37:37+00:00,doc:0000320193-0000320193-25-000073,X1
2108,facts,0000320193-0000320193-25-000073-us-gaap:RevenueFromContractWithCustomerExcludingAssessedTax-USD-2024-09-29-2025-06-28,source_dimensions,INCONNU,,"edgar_normalize.py (règles edgar_v1, automatique)",2026-09-28T12:37:37+00:00,doc:0000320193-0000320193-25-000073,D1 : une seule valeur brute pour cette clé
2109,facts,0000320193-0000320193-25-000073-us-gaap:RevenueFromContractWithCustomerExcludingAssessedTax-USD-2024-09-29-2025-06-28,normalized_concept,,total_revenue,"edgar_normalize.py (règles edgar_v1, automatique)",2026-09-28T12:37:37+00:00,doc:0000320193-0000320193-25-000073,R1
2110,facts,0000320193-0000320193-25-000073-us-gaap:RevenueFromContractWithCustomerExcludingAssessedTax-USD-2024-09-29-2025-06-28,transformation,,aucune,"edgar_normalize.py (règles edgar_v1, automatique)",2026-09-28T12:37:37+00:00,doc:0000320193-0000320193-25-000073,T1
2111,facts,0000320193-0000320193-25-000073-us-gaap:RevenueFromContractWithCustomerExcludingAssessedTax-USD-2024-09-29-2025-06-28,value,,313695000000,"edgar_normalize.py (règles edgar_v1, automatique)",2026-09-28T12:37:37+00:00,doc:0000320193-0000320193-25-000073,T1
2112,facts,0000320193-0000320193-25-000073-us-gaap:RevenueFromContractWithCustomerExcludingAssessedTax-USD-2024-09-29-2025-06-28,normalization_justification,,"Règle R1 (edgar_v1) : us-gaap:RevenueFromContractWithCustomerExcludingAssessedTax [USD, duration] -> total_revenue. Valeur reprise telle quelle (T1). Dimensions : aucune, déduit (D1). Entrée brute facts/us-gaap/RevenueFromContractWithCustomerExcludingAssessedTax/units/USD/107 (sha256 b768f4943e827cd3…). À confirmer sur l'instance XBRL.","edgar_normalize.py (règles edgar_v1, automatique)",2026-09-28T12:37:37+00:00,doc:0000320193-0000320193-25-000073,R1
2113,facts,0000320193-0000320193-26-000020-us-gaap:RevenueFromContractWithCustomerExcludingAssessedTax-USD-2024-09-29-2025-06-28,source_context,,companyfacts;entite=CIK0000320193;periode=2024-09-29/2025-06-28;segment=aucun(deduit D1),"edgar_normalize.py (règles edgar_v1, automatique)",2026-09-28T12:37:37+00:00,doc:0000320193-0000320193-26-000020,X1
2114,facts,0000320193-0000320193-26-000020-us-gaap:RevenueFromContractWithCustomerExcludingAssessedTax-USD-2024-09-29-2025-06-28,source_dimensions,INCONNU,,"edgar_normalize.py (règles edgar_v1, automatique)",2026-09-28T12:37:37+00:00,doc:0000320193-0000320193-26-000020,D1 : une seule valeur brute pour cette clé
2115,facts,0000320193-0000320193-26-000020-us-gaap:RevenueFromContractWithCustomerExcludingAssessedTax-USD-2024-09-29-2025-06-28,normalized_concept,,total_revenue,"edgar_normalize.py (règles edgar_v1, automatique)",2026-09-28T12:37:37+00:00,doc:0000320193-0000320193-26-000020,R1
2116,facts,0000320193-0000320193-26-000020-us-gaap:RevenueFromContractWithCustomerExcludingAssessedTax-USD-2024-09-29-2025-06-28,transformation,,aucune,"edgar_normalize.py (règles edgar_v1, automatique)",2026-09-28T12:37:37+00:00,doc:0000320193-0000320193-26-000020,T1
2117,facts,0000320193-0000320193-26-000020-us-gaap:RevenueFromContractWithCustomerExcludingAssessedTax-USD-2024-09-29-2025-06-28,value,,313695000000,"edgar_normalize.py (règles edgar_v1, automatique)",2026-09-28T12:37:37+00:00,doc:0000320193-0000320193-26-000020,T1
2118,facts,0000320193-0000320193-26-000020-us-gaap:RevenueFromContractWithCustomerExcludingAssessedTax-USD-2024-09-29-2025-06-28,normalization_justification,,"Règle R1 (edgar_v1) : us-gaap:RevenueFromContractWithCustomerExcludingAssessedTax [USD, duration] -> total_revenue. Valeur reprise telle quelle (T1). Dimensions : aucune, déduit (D1). Entrée brute facts/us-gaap/RevenueFromContractWithCustomerExcludingAssessedTax/units/USD/108 (sha256 7b2b5d977ddd60e3…). À confirmer sur l'instance XBRL.","edgar_normalize.py (règles edgar_v1, automatique)",2026-09-28T12:37:37+00:00,doc:0000320193-0000320193-26-000020,R1
2119,facts,0000320193-0000320193-25-000073-us-gaap:RevenueFromContractWithCustomerExcludingAssessedTax-USD-2025-03-30-2025-06-28,source_context,,companyfacts;entite=CIK0000320193;periode=2025-03-30/2025-06-28;segment=aucun(deduit D1),"edgar_normalize.py (règles edgar_v1, automatique)",2026-09-28T12:37:37+00:00,doc:0000320193-0000320193-25-000073,X1
2120,facts,0000320193-0000320193-25-000073-us-gaap:RevenueFromContractWithCustomerExcludingAssessedTax-USD-2025-03-30-2025-06-28,source_dimensions,INCONNU,,"edgar_normalize.py (règles edgar_v1, automatique)",2026-09-28T12:37:37+00:00,doc:0000320193-0000320193-25-000073,D1 : une seule valeur brute pour cette clé
2121,facts,0000320193-0000320193-25-000073-us-gaap:RevenueFromContractWithCustomerExcludingAssessedTax-USD-2025-03-30-2025-06-28,normalized_concept,,total_revenue,"edgar_normalize.py (règles edgar_v1, automatique)",2026-09-28T12:37:37+00:00,doc:0000320193-0000320193-25-000073,R1
2122,facts,0000320193-0000320193-25-000073-us-gaap:RevenueFromContractWithCustomerExcludingAssessedTax-USD-2025-03-30-2025-06-28,transformation,,aucune,"edgar_normalize.py (règles edgar_v1, automatique)",2026-09-28T12:37:37+00:00,doc:0000320193-0000320193-25-000073,T1
2123,facts,0000320193-0000320193-25-000073-us-gaap:RevenueFromContractWithCustomerExcludingAssessedTax-USD-2025-03-30-2025-06-28,value,,94036000000,"edgar_normalize.py (règles edgar_v1, automatique)",2026-09-28T12:37:37+00:00,doc:0000320193-0000320193-25-000073,T1
2124,facts,0000320193-0000320193-25-000073-us-gaap:RevenueFromContractWithCustomerExcludingAssessedTax-USD-2025-03-30-2025-06-28,normalization_justification,,"Règle R1 (edgar_v1) : us-gaap:RevenueFromContractWithCustomerExcludingAssessedTax [USD, duration] -> total_revenue. Valeur reprise telle quelle (T1). Dimensions : aucune, déduit (D1). Entrée brute facts/us-gaap/RevenueFromContractWithCustomerExcludingAssessedTax/units/USD/109 (sha256 a71faaa6d26e579e…). À confirmer sur l'instance XBRL.","edgar_normalize.py (règles edgar_v1, automatique)",2026-09-28T12:37:37+00:00,doc:0000320193-0000320193-25-000073,R1
2125,facts,0000320193-0000320193-26-000020-us-gaap:RevenueFromContractWithCustomerExcludingAssessedTax-USD-2025-03-30-2025-06-28,source_context,,companyfacts;entite=CIK0000320193;periode=2025-03-30/2025-06-28;segment=aucun(deduit D1),"edgar_normalize.py (règles edgar_v1, automatique)",2026-09-28T12:37:37+00:00,doc:0000320193-0000320193-26-000020,X1
2126,facts,0000320193-0000320193-26-000020-us-gaap:RevenueFromContractWithCustomerExcludingAssessedTax-USD-2025-03-30-2025-06-28,source_dimensions,INCONNU,,"edgar_normalize.py (règles edgar_v1, automatique)",2026-09-28T12:37:37+00:00,doc:0000320193-0000320193-26-000020,D1 : une seule valeur brute pour cette clé
2127,facts,0000320193-0000320193-26-000020-us-gaap:RevenueFromContractWithCustomerExcludingAssessedTax-USD-2025-03-30-2025-06-28,normalized_concept,,total_revenue,"edgar_normalize.py (règles edgar_v1, automatique)",2026-09-28T12:37:37+00:00,doc:0000320193-0000320193-26-000020,R1
2128,facts,0000320193-0000320193-26-000020-us-gaap:RevenueFromContractWithCustomerExcludingAssessedTax-USD-2025-03-30-2025-06-28,transformation,,aucune,"edgar_normalize.py (règles edgar_v1, automatique)",2026-09-28T12:37:37+00:00,doc:0000320193-0000320193-26-000020,T1
2129,facts,0000320193-0000320193-26-000020-us-gaap:RevenueFromContractWithCustomerExcludingAssessedTax-USD-2025-03-30-2025-06-28,value,,94036000000,"edgar_normalize.py (règles edgar_v1, automatique)",2026-09-28T12:37:37+00:00,doc:0000320193-0000320193-26-000020,T1
2130,facts,0000320193-0000320193-26-000020-us-gaap:RevenueFromContractWithCustomerExcludingAssessedTax-USD-2025-03-30-2025-06-28,normalization_justification,,"Règle R1 (edgar_v1) : us-gaap:RevenueFromContractWithCustomerExcludingAssessedTax [USD, duration] -> total_revenue. Valeur reprise telle quelle (T1). Dimensions : aucune, déduit (D1). Entrée brute facts/us-gaap/RevenueFromContractWithCustomerExcludingAssessedTax/units/USD/110 (sha256 92ffb948e14b3875…). À confirmer sur l'instance XBRL.","edgar_normalize.py (règles edgar_v1, automatique)",2026-09-28T12:37:37+00:00,doc:0000320193-0000320193-26-000020,R1
2131,facts,0000320193-0000320193-25-000079-us-gaap:RevenueFromContractWithCustomerExcludingAssessedTax-USD-2024-09-29-2025-09-27,source_context,,companyfacts;entite=CIK0000320193;periode=2024-09-29/2025-09-27;segment=aucun(deduit D1),"edgar_normalize.py (règles edgar_v1, automatique)",2026-09-28T12:37:37+00:00,doc:0000320193-0000320193-25-000079,X1
2132,facts,0000320193-0000320193-25-000079-us-gaap:RevenueFromContractWithCustomerExcludingAssessedTax-USD-2024-09-29-2025-09-27,source_dimensions,INCONNU,,"edgar_normalize.py (règles edgar_v1, automatique)",2026-09-28T12:37:37+00:00,doc:0000320193-0000320193-25-000079,D1 : une seule valeur brute pour cette clé
2133,facts,0000320193-0000320193-25-000079-us-gaap:RevenueFromContractWithCustomerExcludingAssessedTax-USD-2024-09-29-2025-09-27,normalized_concept,,total_revenue,"edgar_normalize.py (règles edgar_v1, automatique)",2026-09-28T12:37:37+00:00,doc:0000320193-0000320193-25-000079,R1
2134,facts,0000320193-0000320193-25-000079-us-gaap:RevenueFromContractWithCustomerExcludingAssessedTax-USD-2024-09-29-2025-09-27,transformation,,aucune,"edgar_normalize.py (règles edgar_v1, automatique)",2026-09-28T12:37:37+00:00,doc:0000320193-0000320193-25-000079,T1
2135,facts,0000320193-0000320193-25-000079-us-gaap:RevenueFromContractWithCustomerExcludingAssessedTax-USD-2024-09-29-2025-09-27,value,,416161000000,"edgar_normalize.py (règles edgar_v1, automatique)",2026-09-28T12:37:37+00:00,doc:0000320193-0000320193-25-000079,T1
2136,facts,0000320193-0000320193-25-000079-us-gaap:RevenueFromContractWithCustomerExcludingAssessedTax-USD-2024-09-29-2025-09-27,normalization_justification,,"Règle R1 (edgar_v1) : us-gaap:RevenueFromContractWithCustomerExcludingAssessedTax [USD, duration] -> total_revenue. Valeur reprise telle quelle (T1). Dimensions : aucune, déduit (D1). Entrée brute facts/us-gaap/RevenueFromContractWithCustomerExcludingAssessedTax/units/USD/111 (sha256 42254730c0423ec0…). À confirmer sur l'instance XBRL.","edgar_normalize.py (règles edgar_v1, automatique)",2026-09-28T12:37:37+00:00,doc:0000320193-0000320193-25-000079,R1
2137,facts,0000320193-0000320193-26-000006-us-gaap:RevenueFromContractWithCustomerExcludingAssessedTax-USD-2025-09-28-2025-12-27,source_context,,companyfacts;entite=CIK0000320193;periode=2025-09-28/2025-12-27;segment=aucun(deduit D1),"edgar_normalize.py (règles edgar_v1, automatique)",2026-09-28T12:37:37+00:00,doc:0000320193-0000320193-26-000006,X1
2138,facts,0000320193-0000320193-26-000006-us-gaap:RevenueFromContractWithCustomerExcludingAssessedTax-USD-2025-09-28-2025-12-27,source_dimensions,INCONNU,,"edgar_normalize.py (règles edgar_v1, automatique)",2026-09-28T12:37:37+00:00,doc:0000320193-0000320193-26-000006,D1 : une seule valeur brute pour cette clé
2139,facts,0000320193-0000320193-26-000006-us-gaap:RevenueFromContractWithCustomerExcludingAssessedTax-USD-2025-09-28-2025-12-27,normalized_concept,,total_revenue,"edgar_normalize.py (règles edgar_v1, automatique)",2026-09-28T12:37:37+00:00,doc:0000320193-0000320193-26-000006,R1
2140,facts,0000320193-0000320193-26-000006-us-gaap:RevenueFromContractWithCustomerExcludingAssessedTax-USD-2025-09-28-2025-12-27,transformation,,aucune,"edgar_normalize.py (règles edgar_v1, automatique)",2026-09-28T12:37:37+00:00,doc:0000320193-0000320193-26-000006,T1
2141,facts,0000320193-0000320193-26-000006-us-gaap:RevenueFromContractWithCustomerExcludingAssessedTax-USD-2025-09-28-2025-12-27,value,,143756000000,"edgar_normalize.py (règles edgar_v1, automatique)",2026-09-28T12:37:37+00:00,doc:0000320193-0000320193-26-000006,T1
2142,facts,0000320193-0000320193-26-000006-us-gaap:RevenueFromContractWithCustomerExcludingAssessedTax-USD-2025-09-28-2025-12-27,normalization_justification,,"Règle R1 (edgar_v1) : us-gaap:RevenueFromContractWithCustomerExcludingAssessedTax [USD, duration] -> total_revenue. Valeur reprise telle quelle (T1). Dimensions : aucune, déduit (D1). Entrée brute facts/us-gaap/RevenueFromContractWithCustomerExcludingAssessedTax/units/USD/112 (sha256 e3e88263651d3c20…). À confirmer sur l'instance XBRL.","edgar_normalize.py (règles edgar_v1, automatique)",2026-09-28T12:37:37+00:00,doc:0000320193-0000320193-26-000006,R1
2143,facts,0000320193-0000320193-26-000013-us-gaap:RevenueFromContractWithCustomerExcludingAssessedTax-USD-2025-09-28-2026-03-28,source_context,,companyfacts;entite=CIK0000320193;periode=2025-09-28/2026-03-28;segment=aucun(deduit D1),"edgar_normalize.py (règles edgar_v1, automatique)",2026-09-28T12:37:37+00:00,doc:0000320193-0000320193-26-000013,X1
2144,facts,0000320193-0000320193-26-000013-us-gaap:RevenueFromContractWithCustomerExcludingAssessedTax-USD-2025-09-28-2026-03-28,source_dimensions,INCONNU,,"edgar_normalize.py (règles edgar_v1, automatique)",2026-09-28T12:37:37+00:00,doc:0000320193-0000320193-26-000013,D1 : une seule valeur brute pour cette clé
2145,facts,0000320193-0000320193-26-000013-us-gaap:RevenueFromContractWithCustomerExcludingAssessedTax-USD-2025-09-28-2026-03-28,normalized_concept,,total_revenue,"edgar_normalize.py (règles edgar_v1, automatique)",2026-09-28T12:37:37+00:00,doc:0000320193-0000320193-26-000013,R1
2146,facts,0000320193-0000320193-26-000013-us-gaap:RevenueFromContractWithCustomerExcludingAssessedTax-USD-2025-09-28-2026-03-28,transformation,,aucune,"edgar_normalize.py (règles edgar_v1, automatique)",2026-09-28T12:37:37+00:00,doc:0000320193-0000320193-26-000013,T1
2147,facts,0000320193-0000320193-26-000013-us-gaap:RevenueFromContractWithCustomerExcludingAssessedTax-USD-2025-09-28-2026-03-28,value,,254940000000,"edgar_normalize.py (règles edgar_v1, automatique)",2026-09-28T12:37:37+00:00,doc:0000320193-0000320193-26-000013,T1
2148,facts,0000320193-0000320193-26-000013-us-gaap:RevenueFromContractWithCustomerExcludingAssessedTax-USD-2025-09-28-2026-03-28,normalization_justification,,"Règle R1 (edgar_v1) : us-gaap:RevenueFromContractWithCustomerExcludingAssessedTax [USD, duration] -> total_revenue. Valeur reprise telle quelle (T1). Dimensions : aucune, déduit (D1). Entrée brute facts/us-gaap/RevenueFromContractWithCustomerExcludingAssessedTax/units/USD/113 (sha256 0a255f5b4b35aa52…). À confirmer sur l'instance XBRL.","edgar_normalize.py (règles edgar_v1, automatique)",2026-09-28T12:37:37+00:00,doc:0000320193-0000320193-26-000013,R1
2149,facts,0000320193-0000320193-26-000013-us-gaap:RevenueFromContractWithCustomerExcludingAssessedTax-USD-2025-12-28-2026-03-28,source_context,,companyfacts;entite=CIK0000320193;periode=2025-12-28/2026-03-28;segment=aucun(deduit D1),"edgar_normalize.py (règles edgar_v1, automatique)",2026-09-28T12:37:37+00:00,doc:0000320193-0000320193-26-000013,X1
2150,facts,0000320193-0000320193-26-000013-us-gaap:RevenueFromContractWithCustomerExcludingAssessedTax-USD-2025-12-28-2026-03-28,source_dimensions,INCONNU,,"edgar_normalize.py (règles edgar_v1, automatique)",2026-09-28T12:37:37+00:00,doc:0000320193-0000320193-26-000013,D1 : une seule valeur brute pour cette clé
2151,facts,0000320193-0000320193-26-000013-us-gaap:RevenueFromContractWithCustomerExcludingAssessedTax-USD-2025-12-28-2026-03-28,normalized_concept,,total_revenue,"edgar_normalize.py (règles edgar_v1, automatique)",2026-09-28T12:37:37+00:00,doc:0000320193-0000320193-26-000013,R1
2152,facts,0000320193-0000320193-26-000013-us-gaap:RevenueFromContractWithCustomerExcludingAssessedTax-USD-2025-12-28-2026-03-28,transformation,,aucune,"edgar_normalize.py (règles edgar_v1, automatique)",2026-09-28T12:37:37+00:00,doc:0000320193-0000320193-26-000013,T1
2153,facts,0000320193-0000320193-26-000013-us-gaap:RevenueFromContractWithCustomerExcludingAssessedTax-USD-2025-12-28-2026-03-28,value,,111184000000,"edgar_normalize.py (règles edgar_v1, automatique)",2026-09-28T12:37:37+00:00,doc:0000320193-0000320193-26-000013,T1
2154,facts,0000320193-0000320193-26-000013-us-gaap:RevenueFromContractWithCustomerExcludingAssessedTax-USD-2025-12-28-2026-03-28,normalization_justification,,"Règle R1 (edgar_v1) : us-gaap:RevenueFromContractWithCustomerExcludingAssessedTax [USD, duration] -> total_revenue. Valeur reprise telle quelle (T1). Dimensions : aucune, déduit (D1). Entrée brute facts/us-gaap/RevenueFromContractWithCustomerExcludingAssessedTax/units/USD/114 (sha256 f06a92b32796cd02…). À confirmer sur l'instance XBRL.","edgar_normalize.py (règles edgar_v1, automatique)",2026-09-28T12:37:37+00:00,doc:0000320193-0000320193-26-000013,R1
2155,facts,0000320193-0000320193-26-000020-us-gaap:RevenueFromContractWithCustomerExcludingAssessedTax-USD-2025-09-28-2026-06-27,source_context,,companyfacts;entite=CIK0000320193;periode=2025-09-28/2026-06-27;segment=aucun(deduit D1),"edgar_normalize.py (règles edgar_v1, automatique)",2026-09-28T12:37:37+00:00,doc:0000320193-0000320193-26-000020,X1
2156,facts,0000320193-0000320193-26-000020-us-gaap:RevenueFromContractWithCustomerExcludingAssessedTax-USD-2025-09-28-2026-06-27,source_dimensions,INCONNU,,"edgar_normalize.py (règles edgar_v1, automatique)",2026-09-28T12:37:37+00:00,doc:0000320193-0000320193-26-000020,D1 : une seule valeur brute pour cette clé
2157,facts,0000320193-0000320193-26-000020-us-gaap:RevenueFromContractWithCustomerExcludingAssessedTax-USD-2025-09-28-2026-06-27,normalized_concept,,total_revenue,"edgar_normalize.py (règles edgar_v1, automatique)",2026-09-28T12:37:37+00:00,doc:0000320193-0000320193-26-000020,R1
2158,facts,0000320193-0000320193-26-000020-us-gaap:RevenueFromContractWithCustomerExcludingAssessedTax-USD-2025-09-28-2026-06-27,transformation,,aucune,"edgar_normalize.py (règles edgar_v1, automatique)",2026-09-28T12:37:37+00:00,doc:0000320193-0000320193-26-000020,T1
2159,facts,0000320193-0000320193-26-000020-us-gaap:RevenueFromContractWithCustomerExcludingAssessedTax-USD-2025-09-28-2026-06-27,value,,364357000000,"edgar_normalize.py (règles edgar_v1, automatique)",2026-09-28T12:37:37+00:00,doc:0000320193-0000320193-26-000020,T1
2160,facts,0000320193-0000320193-26-000020-us-gaap:RevenueFromContractWithCustomerExcludingAssessedTax-USD-2025-09-28-2026-06-27,normalization_justification,,"Règle R1 (edgar_v1) : us-gaap:RevenueFromContractWithCustomerExcludingAssessedTax [USD, duration] -> total_revenue. Valeur reprise telle quelle (T1). Dimensions : aucune, déduit (D1). Entrée brute facts/us-gaap/RevenueFromContractWithCustomerExcludingAssessedTax/units/USD/115 (sha256 a47d2191ab5b182d…). À confirmer sur l'instance XBRL.","edgar_normalize.py (règles edgar_v1, automatique)",2026-09-28T12:37:37+00:00,doc:0000320193-0000320193-26-000020,R1
2161,facts,0000320193-0000320193-26-000020-us-gaap:RevenueFromContractWithCustomerExcludingAssessedTax-USD-2026-03-29-2026-06-27,source_context,,companyfacts;entite=CIK0000320193;periode=2026-03-29/2026-06-27;segment=aucun(deduit D1),"edgar_normalize.py (règles edgar_v1, automatique)",2026-09-28T12:37:37+00:00,doc:0000320193-0000320193-26-000020,X1
2162,facts,0000320193-0000320193-26-000020-us-gaap:RevenueFromContractWithCustomerExcludingAssessedTax-USD-2026-03-29-2026-06-27,source_dimensions,INCONNU,,"edgar_normalize.py (règles edgar_v1, automatique)",2026-09-28T12:37:37+00:00,doc:0000320193-0000320193-26-000020,D1 : une seule valeur brute pour cette clé
2163,facts,0000320193-0000320193-26-000020-us-gaap:RevenueFromContractWithCustomerExcludingAssessedTax-USD-2026-03-29-2026-06-27,normalized_concept,,total_revenue,"edgar_normalize.py (règles edgar_v1, automatique)",2026-09-28T12:37:37+00:00,doc:0000320193-0000320193-26-000020,R1
2164,facts,0000320193-0000320193-26-000020-us-gaap:RevenueFromContractWithCustomerExcludingAssessedTax-USD-2026-03-29-2026-06-27,transformation,,aucune,"edgar_normalize.py (règles edgar_v1, automatique)",2026-09-28T12:37:37+00:00,doc:0000320193-0000320193-26-000020,T1
2165,facts,0000320193-0000320193-26-000020-us-gaap:RevenueFromContractWithCustomerExcludingAssessedTax-USD-2026-03-29-2026-06-27,value,,109417000000,"edgar_normalize.py (règles edgar_v1, automatique)",2026-09-28T12:37:37+00:00,doc:0000320193-0000320193-26-000020,T1
2166,facts,0000320193-0000320193-26-000020-us-gaap:RevenueFromContractWithCustomerExcludingAssessedTax-USD-2026-03-29-2026-06-27,normalization_justification,,"Règle R1 (edgar_v1) : us-gaap:RevenueFromContractWithCustomerExcludingAssessedTax [USD, duration] -> total_revenue. Valeur reprise telle quelle (T1). Dimensions : aucune, déduit (D1). Entrée brute facts/us-gaap/RevenueFromContractWithCustomerExcludingAssessedTax/units/USD/116 (sha256 1a65590099dfd783…). À confirmer sur l'instance XBRL.","edgar_normalize.py (règles edgar_v1, automatique)",2026-09-28T12:37:37+00:00,doc:0000320193-0000320193-26-000020,R1
